SERIES,SYMBOL,SECURITY,RECORD_DT,BC_STRT_DT,BC_END_DT,EX_DT,ND_STRT_DT,ND_END_DT,PURPOSE
BE,JASH,Jash Engineering Limited,10/03/2025, , ,10/03/2025, , ,INTDIV - RE 0.80 PER SH  
BE,KESORAMIND,KESORAM INDUSTRIES LTD,10/03/2025, , ,10/03/2025, , ,DEMERGER                 
BE,SBILIFE,SBI Life Insurance Co Ltd,07/03/2025, , ,07/03/2025, , ,INTDIV - RS 2.70 PER SH  
BE,METROBRAND,Metro Brands Limited,07/03/2025, , ,07/03/2025, , ,INT/SPDV RS 3 & RS 14.50 
BE,IOLCP,IOL Chem and Pharma Ltd,11/03/2025, , ,11/03/2025, , ,FVSPLT FRM RS 10 TO RS 2 
BE,ANANDRATHI,Anand Rathi Wealth Ltd,05/03/2025, , ,05/03/2025, , ,BONUS 1:1                
BE,SBC,SBC Exports Limited,10/03/2025, , ,10/03/2025, , ,BONUS 1:2                
BZ,KESORAMIND,Kesoram Industries Ltd.,10/03/2025, , ,10/03/2025, , ,DEMERGER                 
EQ,KESORAMIND,Kesoram Industries Ltd.,10/03/2025, , ,10/03/2025, , ,DEMERGER                 
EQ,ANANDRATHI,Anand Rathi Wealth Ltd,05/03/2025, , ,05/03/2025, , ,BONUS 1:1                
EQ,IOLCP,IOL Chem and Pharma Ltd,11/03/2025, , ,11/03/2025, , ,FVSPLT FRM RS 10 TO RS 2 
EQ,JASH,Jash Engineering Limited,10/03/2025, , ,10/03/2025, , ,INTDIV - RE 0.80 PER SH  
EQ,SBC,SBC Exports Limited,10/03/2025, , ,10/03/2025, , ,BONUS 1:2                
EQ,SBILIFE,SBI Life Insurance Co Ltd,07/03/2025, , ,07/03/2025, , ,INTDIV - RS 2.70 PER SH  
EQ,METROBRAND,Metro Brands Limited,07/03/2025, , ,07/03/2025, , ,INT/SPDV RS 3 & RS 14.50 
GB,SGBMAR25,2.50%GOLDBONDS 2025Tr-VII,13/03/2025, , , , , ,REDEMPTION               
GS,GS090325C,GOI STRIPS C 090325,05/03/2025, , , , , ,REDEMPTION               
GS,74GS2035,GOI LOAN 7.40% 2035,07/03/2025, , ,07/03/2025, , ,INTEREST PAYMENT         
GS,697GS2026,GOI LOAN 6.97% 2026,05/03/2025, , ,05/03/2025, , ,INTEREST PAYMENT         
GS,GS150325C,GOI STRIPS C 150325,12/03/2025, , , , , ,REDEMPTION               
GS,GS200325C,GOI STRIPS C 200325,18/03/2025, , , , , ,REDEMPTION               
GS,1018GS2026,GOI LOAN 10.18% 2026,10/03/2025, , ,10/03/2025, , ,INTEREST PAYMENT         
MF,UIAIPRPIII,UTI-FIIF AIP - III - RDP,10/03/2025, , , , , ,DIV/STP                  
MF,UIAIPRGIII,UTI-FIIF AIP - III - RG,10/03/2025, , , , , ,STP                      
MF,UDAIPIPIII,UTIAMC - UDAIPIPIII,10/03/2025, , , , , ,DIV/STP                  
MF,UDAIPIGIII,UTIAMC - UDAIPIGIII,10/03/2025, , , , , ,STP                      
MF,UFIQIPRGVI,UTI-FIIF II-QIP- VI-RG,10/03/2025, , ,10/03/2025, , ,DIVIDEND                 
MF,UFIQIPRRVI,UTI-FIIF II-QIP- VI-RDR,10/03/2025, , , , , ,DIV/STP                  
MF,UFIQIPRPVI,UTI-FIIF II-QIP- VI-RDP,10/03/2025, , , , , ,DIV/STP                  
MF,UFDQIPIPVI,UTIAMC - UFDQIPIPVI,10/03/2025, , , , , ,DIV/STP                  
MF,UFDQIPIGVI,UTIAMC - UFDQIPIGVI,10/03/2025, , , , , ,STP                      
MF,UFDQIPIRVI,UTIAMC - UFDQIPIRVI,10/03/2025, , , , , ,DIV/STP                  
N1,902SCL27C,Sec Re NCD 9.02% Sr V,10/03/2025, , ,10/03/2025, , ,INTEREST PAYMENT         
N1,980SCL34B,Sec Re NCD 9.80% Sr XII,10/03/2025, , ,10/03/2025, , ,INTEREST PAYMENT         
N1,925SCL29C,Sec Re NCD 9.25% Sr VIII,10/03/2025, , ,10/03/2025, , ,INTEREST PAYMENT         
N1,948SCL27D,Sec Re NCD 9.48% Sr V,10/03/2025, , ,10/03/2025, , ,INTEREST PAYMENT         
N1,1025SCL34B,Sec Re NCD 10.25% Sr XII,10/03/2025, , ,10/03/2025, , ,INTEREST PAYMENT         
N1,1003SCL31A,Sec Re NCD 10.03% Sr X,10/03/2025, , ,10/03/2025, , ,INTEREST PAYMENT         
N2,LICHSGFIN,LHFL 7.73% 2034 Tr 439,07/03/2025, , ,07/03/2025, , ,INTEREST PAYMENT         
N3,NHBTF2023,NHB 8.68 NCD Tr II Sr 2 A,09/03/2025, , ,07/03/2025, , ,INTEREST PAYMENT         
N4,NHBTF2023,NHB 8.65 NCD Tr II Sr 3 A,09/03/2025, , ,07/03/2025, , ,INTEREST PAYMENT         
N6,ERFLNCDI,Sec Red NCD 9.25% Sr. VI,10/03/2025, , ,10/03/2025, , ,INTEREST PAYMENT         
N6,ABHFL,ABHFL 8.20% 2027 Sr L1,05/03/2025, , ,05/03/2025, , ,INTEREST PAYMENT         
N6,NHBTF2023,NHB 8.93 NCD Tr II Sr 2 B,09/03/2025, , ,07/03/2025, , ,INTEREST PAYMENT         
N7,HUDCO,BOND 7.19% PA Tax Free S2,06/03/2025, , ,06/03/2025, , ,INTEREST PAYMENT         
N7,NTPC,8.49% Sec Non-Cum Red NCD,10/03/2025, , ,10/03/2025, , ,INT PAYMENT/REDEMPTION   
N7,NHBTF2023,NHB 8.90 NCD Tr II Sr 3 B,09/03/2025, , ,07/03/2025, , ,INTEREST PAYMENT         
NC,TATACAPHSG,TCHFL 8.0409% 2027 Sr.C,06/03/2025, , ,06/03/2025, , ,INTEREST PAYMENT         
NE,IIFL,IIFL Finance Limited,10/03/2025, , ,10/03/2025, , ,INTEREST PAYMENT         
NF,TATACAPHSG,TCHFL 7.92% 2034 Sr E,07/03/2025, , ,07/03/2025, , ,INTEREST PAYMENT         
NT,SAMMAANCAP,Sec Re NCD 8.89% Sr.VIII,10/03/2025, , ,10/03/2025, , ,INTEREST PAYMENT         
NV,SAMMAANCAP,UnSe Re NCD 8.89% Sr.X,10/03/2025, , ,10/03/2025, , ,INTEREST PAYMENT         
NW,SAMMAANCAP,UnSe Re NCD 9.35% Sr.X,10/03/2025, , ,10/03/2025, , ,INTEREST PAYMENT         
SG,603RJ25,SDL RJ 6.03% 2025,07/03/2025, , , , , ,REDEMPTION               
SG,669MP25,SDL MP 6.69% 2025,13/03/2025, , , , , ,REDEMPTION               
SG,664BR25,SDL BR 6.64% 2025,13/03/2025, , , , , ,REDEMPTION               
SG,738MP25,SDL MP 7.38% 2025,12/03/2025, , , , , ,REDEMPTION               
SG,688TS25,SDL TS 6.88% 2025,27/03/2025, , , , , ,REDEMPTION               
SG,695PN25,SDL PN 6.95% 2025,27/03/2025, , , , , ,REDEMPTION               
SG,588GJ25,SDL GJ 5.88% 2025,27/03/2025, , , , , ,REDEMPTION               
SG,752GJ25,SDL GJ 7.52% 2025,05/03/2025, , , , , ,REDEMPTION               
SG,593RJ25,SDL RJ 5.93% 2025,06/03/2025, , , , , ,REDEMPTION               
U1,1025SCL34B,Sec Re NCD 10.25% Sr XII,10/03/2025, , ,10/03/2025, , ,INTEREST PAYMENT         
U1,1003SCL31A,Sec Re NCD 10.03% Sr X,10/03/2025, , ,10/03/2025, , ,INTEREST PAYMENT         
U1,925SCL29C,Sec Re NCD 9.25% Sr VIII,10/03/2025, , ,10/03/2025, , ,INTEREST PAYMENT         
U1,980SCL34B,Sec Re NCD 9.80% Sr XII,10/03/2025, , ,10/03/2025, , ,INTEREST PAYMENT         
U1,948SCL27D,Sec Re NCD 9.48% Sr V,10/03/2025, , ,10/03/2025, , ,INTEREST PAYMENT         
U1,902SCL27C,Sec Re NCD 9.02% Sr V,10/03/2025, , ,10/03/2025, , ,INTEREST PAYMENT         
U2,LICHSGFIN,LHFL 7.73% 2034 Tr 439,07/03/2025, , ,07/03/2025, , ,INTEREST PAYMENT         
U3,NHBTF2023,NHB 8.68 NCD Tr II Sr 2 A,09/03/2025, , ,07/03/2025, , ,INTEREST PAYMENT         
U4,NHBTF2023,NHB 8.65 NCD Tr II Sr 3 A,09/03/2025, , ,07/03/2025, , ,INTEREST PAYMENT         
U6,ABHFL,ABHFL 8.20% 2027 Sr L1,05/03/2025, , ,05/03/2025, , ,INTEREST PAYMENT         
U6,ERFLNCDI,Sec Red NCD 9.25% Sr. VI,10/03/2025, , ,10/03/2025, , ,INTEREST PAYMENT         
U6,NHBTF2023,NHB 8.93 NCD Tr II Sr 2 B,09/03/2025, , ,07/03/2025, , ,INTEREST PAYMENT         
U7,NHBTF2023,NHB 8.90 NCD Tr II Sr 3 B,09/03/2025, , ,07/03/2025, , ,INTEREST PAYMENT         
U7,NTPC,8.49% Sec Non-Cum Red NCD,10/03/2025, , ,10/03/2025, , ,INT PAYMENT/REDEMPTION   
U7,HUDCO,BOND 7.19% PA Tax Free S2,06/03/2025, , ,06/03/2025, , ,INTEREST PAYMENT         
UC,TATACAPHSG,TCHFL 8.0409% 2027 Sr.C,06/03/2025, , ,06/03/2025, , ,INTEREST PAYMENT         
UE,IIFL,IIFL Finance Limited,10/03/2025, , ,10/03/2025, , ,INTEREST PAYMENT         
UF,TATACAPHSG,TCHFL 7.92% 2034 Sr E,07/03/2025, , ,07/03/2025, , ,INTEREST PAYMENT         
UT,SAMMAANCAP,Sec Re NCD 8.89% Sr.VIII,10/03/2025, , ,10/03/2025, , ,INTEREST PAYMENT         
UV,SAMMAANCAP,UnSe Re NCD 8.89% Sr.X,10/03/2025, , ,10/03/2025, , ,INTEREST PAYMENT         
UW,SAMMAANCAP,UnSe Re NCD 9.35% Sr.X,10/03/2025, , ,10/03/2025, , ,INTEREST PAYMENT         

