SYMBOL,SERIES,SECURITY,HIGH/LOW,INDEX FLAG
3PLAND,BE,3P LAND HOLDINGS LIMITED,H
63MOONS,EQ,63 MOONS TECHNOLOGIES LTD,H
A2ZINFRA,BE,A2Z INFRA ENGINEERING LTD,H
AARTECH,BE,AARTECH SOLONICS LIMITED,H
AARTISURF,EQ,AARTI SURFACTANTS LIMITED,H
ABSMARINE,ST,ABS MARINE SERVICES LTD,H
ACMESOLAR,EQ,ACME SOLAR HOLDINGS LTD,H
AGNI,ST,AGNI GREEN POWER LTD,H
AILIMITED,SM,ABHISHEK INTEGRATIONS LTD,H
AKANKSHA,SM,AKANKSHA POWER N INFRA L,H
AKSHAR,BE,AKSHAR SPINTEX LIMITED,H
AKSHOPTFBR,BE,AKSH OPTIFIBRE  LTD,H
AKUMS,EQ,AKUMS DRUGS AND PHARMA L,H
ALMONDZ,EQ,ALMONDZ GLOBAL SEC LTD,H
ALPEXSOLAR,SM,ALPEX SOLAR LIMITED,H
ALPHAGEO,BE,ALPHAGEO (INDIA) LIMITED,H
ALPSINDUS,BE,ALPS INDUSTRIES LTD.,H
ANKITMETAL,BZ,ANKIT MET & POW LTD,H
ANTGRAPHIC,EQ,ANTARCTICA LTD,H
ARENTERP,BE,RAJDARSHAN INDUSTRIES LTD,H
ARIES,BE,ARIES AGRO LTD.,H
ARIHANTCAP,EQ,ARIHANT CAPITAL MKTS LTD,H
ARROWGREEN,BE,ARROW GREENTECH LIMITED,H
ARSSINFRA,BE,ARSS INFRA PROJ. LTD,H
ASKAUTOLTD,EQ,ASK AUTOMOTIVE LIMITED,H
ASMS,EQ,BARTRONICS INDIA LIMITED,H
ASPIRE,ST,ASPIRE & INNOVATIVE ADV L,H
ATALREAL,EQ,ATAL REALTECH LIMITED,H
ATLASCYCLE,BE,ATLAS CYCLE (HARYANA) LTD,H
ATMASTCO,SM,ATMASTCO LIMITED,H
AURDIS,ST,AURANGABAD DISTILLERY LTD,H
AUSOMENT,EQ,AUSOM ENTERPRISE LIMITED,H
AVONMORE,BE,AVONMORE CAP&MGT SERV LTD,H
AVPINFRA,ST,AVP INFRACON LIMITED,H
AVROIND,EQ,AVRO INDIA LIMITED,H
AXISCADES,BE,AXISCADES TECH LTD,H
BAFNAPH,BE,BAFNA PHARMACEUTICALS LTD,H
BAJAJINDEF,BE,INDEF MANUFACTURING LTD,H
BANG,BE,BANG OVERSEAS LTD.,H
BBOX,EQ,BLACK BOX LIMITED,H
BESTAGRO,BE,BEST AGROLIFE LIMITED,H
BGRENERGY,BE,BGR ENERGY SYSTEMS LTD,H
BIL,BE,BHARTIYA INETRNATIONAL LT,H
BIRLAMONEY,BE,ADITYA BIRLA MONEY LTD,H
BLUECHIP,BE,BLUE CHIP INDIA LIMITED,H
BLUEPEBBLE,ST,BLUE PEBBLE LIMITED,H
BOHRAIND,BE,BOHRA INDUSTRIES LIMITED,H
BTML,BE,BODHI TREE MULTIMEDIA LTD,H
BYKE,BE,THE BYKE HOSPITALITY LTD,H
CADSYS,ST,CADSYS (INDIA) LIMITED,H
CBAZAAR,ST,NET AVENUE TECHNOLOGIES L,H
CEREBRAINT,BZ,CEREBRA INT TECH LTD,H
COMSYN,BE,COMMERCIAL SYN BAGS LTD,H
CPS,ST,C P S SHAPERS LIMITED,H
CRAYONS,ST,CRAYONS ADVERTISING LTD,H
CREATIVEYE,EQ,CREATIVE EYE LIMITED,H
CTE,EQ,CAMBRIDGE TECH ENTER LTD,H
DCG,SM,DCG CABLES & WIRES LTD,H
DCI,EQ,DC INFOTECH AND COMUN LTD,H
DCMFINSERV,EQ,DCM FINANCIAL SERVICES LT,H
DEEDEV,EQ,DEE DEVELOPMENT ENG LTD,H
DELTAMAGNT,BE,DELTA MANUFACTURING LTD,H
DHRUV,BE,DHRUV CONSULTANCY SER LTD,H
DIACABS,BE,DIAMOND POWER INFRA LTD,H
DIFFNKG,BE,DIFFUSION ENGINEERS LTD,H
DOLPHIN,BE,DOLPHIN OFF ENT (IND) L,H
DRCSYSTEMS,EQ,DRC SYSTEMS INDIA LIMITED,H
E2E,EQ,E2E NETWORKS LIMITED,H
EFFWA,SM,EFFWA INFRA & RESEARCH L,H
EMAMIREAL,BE,EMAMI REALTY LIMITED,H
ENFUSE,ST,ENFUSE SOLUTIONS LIMITED,H
ENSER,ST,ENSER COMMUNICATIONS LTD,H
ESCONET,ST,ESCONET TECHNOLOGIES LTD,H
ESPRIT,ST,ESPRIT STONES LIMITED,H
ESSARSHPNG,BE,ESSAR SHIPPING LTD,H
EVERESTIND,BE,EVEREST INDUSTRIES LTD,H
EXCEL,BE,EXCEL REALTY N INFRA LTD,H
EXICOM,EQ,EXICOM TELE SYSTEMS LTD,H
FEL,BZ,FUTURE ENTERPRISES LTD,H
FELIX,SM,FELIX INDUSTRIES LTD.,H
FICRF3GP,MF,FRANTEMAMC - FICRF3GP,H
FIDEL,ST,FIDEL SOFTECH LIMITED,H
FLEXITUFF,BE,FLEXITUFF VENTURES INT L,H
FSC,BZ,FUTURE SUPP CHAIN SOL LTD,H
GAJANAND,ST,GAJANAND INTERNATIONAL L,H
GANESHIN,SM,GANESH INFRAWORLD LIMITED,H
GANGAFORGE,EQ,GANGA FORGING LIMITED,H
GATECH,BE,GACM TECHNOLOGIES LIMITED,H
GAYAHWS,BE,GAYATRI HIGHWAYS LIMITED,H
GAYAPROJ,BZ,GAYATRI PROJECTS LTD,H
GLOBALVECT,BE,GLOBAL VEC HELICORP LTD,H
GODHA,BE,GODHA CABCON INSULAT LTD,H
GOENKA,BZ,GOENKA DIAMOND&JEWELS LTD,H
GRAPHISAD,SM,GRAPHISADS LIMITED,H
GUJRAFFIA,BE,GUJARAT RAFFIA INDUST LTD,H
GVKPIL,BE,GVK POW. & INFRA LTD.,H
HARDWYN,BE,HARDWYN INDIA LIMITED,H
HDIL,BZ,HOUSING DEV & INFRA LTD,H
HEADSUP,EQ,HEADS UP VENTURES LIMITED,H
HEXATRADEX,EQ,HEXA TRADEX LIMITED,H
HINDCON,BE,HINDCON CHEMICALS LIMITED,H
HMT,BZ,HMT LTD -,H
HNGSNGBEES,EQ,NIP IND ETF HANGSENG BEES,H
HOLMARC,ST,HOLMARC OPTO MECHATRO L,H
HOMESFY,SM,HOMESFY REALTY LIMITED,H
HOVS,EQ,HOV SERVICES LTD,H
HUBTOWN,EQ,HUBTOWN LIMITED,H
HVAX,ST,HVAX TECHNOLOGIES LIMITED,H
HYBRIDFIN,EQ,HYBRID FINANCIAL SERVICE,H
INDIANCARD,BE,INDIAN CARD,H
INDOTECH,EQ,INDO TECH TRANSFORM LTD.,H
INDSWFTLTD,BE,IND-SWIFT LIMITED,H
INFOMEDIA,BE,INFOMEDIA PRESS LIMITED,H
INSPIRISYS,EQ,INSPIRISYS SOLUTIONS LTD,H
IPHL,ST,INDIAN PHOSPHATE LIMITED,H
ISHAN,SM,ISHAN INTERNATIONAL LTD,H
ITTL,ST,INNOVATIVE TYRE & TUBE LT,H
IZMO,BE,IZMO LIMITED,H
JAICORPLTD,EQ,JAI CORP LIMITED,H
JAYBEE,ST,JAY BEE LAMINATIONS LTD,H
JPASSOCIAT,BE,JAIPRAKASH ASSOCIATES LTD,H
JSWHL,EQ,JSW HOLDINGS LIMITED,H
JUNIPER,EQ,JUNIPER HOTELS LIMITED,H
KALYANIFRG,BE,KALYANI FORGE LIMITED,H
KAMOPAINTS,BE,KAMDHENU VENTURES LIMITED,H
KARMAENG,EQ,KARMA ENERGY LIMITED,H
KCEIL,ST,KAY CEE ENERGY & INFRA L,H
KITEX,BE,KITEX GARMENTS LTD,H
KKJEWELS,ST,KABRA JEWELS LIMITED,H
KOTYARK,ST,KOTYARK INDUSTRIES LTD,H
KPEL,EQ,K.P. ENERGY LIMITED,H
KPIGREEN,EQ,KPI GREEN ENERGY LIMITED,H
KRIDHANINF,BE,KRIDHAN INFRA LIMITED,H
KRISHCA,ST,KRISHCA STRAPPING SLTN L,H
KRISHIVAL,SM,KRISHIVAL FOODS LIMITED,H
KRITI,EQ,KRITI INDUSTRIES IND LTD,H
KSHITIJPOL,BE,KSHITIJ POLYLINE LIMITED,H
LAKSHYA,ST,LAKSHYA POWERTECH LIMITED,H
LAL,BE,LORENZINI APPARELS LTD,H
LAMBODHARA,BE,LAMBODHARA TEXTILES LTD.,H
LATTEYS,BE,LATTEYS INDUSTRIES LTD,H
LCCINFOTEC,BE,LCC INFOTECH LTD,H
LORDSCHLO,BE,LORDS CHLORO ALKALI LTD,H
LYPSAGEMS,EQ,LYPSA GEMS & JEWEL LTD,H
MAANALU,BE,MAAN ALUMINIUM LIMITED,H
MADHUCON,EQ,MADHUCON PROJECTS LTD.,H
MAFANG,EQ,MIRAEAMC - MAFANG,H
MAGSON,ST,MAGSON RETAIL AND DIST L,H
MAHKTECH,EQ,MIRAEAMC - MAHKTECH,H
MAKS,SM,MAKS ENERGY SOL INDIA LTD,H
MANAKCOAT,BE,MAN COAT METAL & IND LTD,H
MANDEEP,SM,MANDEEP AUTO INDUSTRIES L,H
MANINDS,EQ,MAN INDUSTRIES (I) LTD.,H
MANORG,EQ,MANGALAM ORGANICS LIMITED,H
MARINE,BE,MARINE ELECTRICAL (I) LTD,H
MASPTOP50,EQ,MIRAEAMC - MASPTOP50,H
MEGAFLEX,ST,MEGA FLEX PLASTICS LTD,H
MEGASOFT,BE,MEGASOFT LTD,H
MFML,BE,MAHALAXMI FABRIC MILLS LT,H
MICEL,EQ,MIC ELECTRONICS LTD,H
MIEL,ST,MANGLAM INFRA & ENG LTD,H
MONQ50,EQ,MOTILALAMC - MONQ50,H
MSPL,EQ,MSP STEEL & POWER LTD.,H
MTEDUCARE,BE,MT EDUCARE LTD,H
MVKAGRO,SM,M.V.K. AGRO FOOD PROD LTD,H
NAGAFERT,EQ,NAGARJUN FERT AND CHE LTD,H
NAGREEKCAP,EQ,NAGREEKA CAP & INFR.LTD,H
NAMAN,ST,NAMAN IN-STORE (INDIA) L,H
NARMADA,BE,NARMADA AGROBASE LIMITED,H
NBIFIN,BE,N.B.I. IND. FIN. CO. LTD,H
NDGL,EQ,NAGA DHUNSERI GROUP LTD,H
NECLIFE,EQ,NECTAR LIFESCIENCES LTD.,H
NEPHROCARE,SM,NEPHRO CARE INDIA LIMITED,H
NGLFINE,BE,NGL FINE CHEM LIMITED,H
NIBE,EQ,NIBE LIMITED,H
NILASPACES,BE,NILA SPACES LIMITED,H
NITCO,BE,NITCO LIMITED,H
ODIGMA,BE,ODIGMA CONSULTANCY SOL L,H
OPTIEMUS,EQ,OPTIEMUS INFRACOM LTD,H
ORBTEXP,BE,ORBIT EXPORTS LIMITED,H
ORTEL,BZ,ORTEL COMMUNICATIONS LTD,H
OSELDEVICE,ST,OSEL DEVICES LIMITED,H
OSIAHYPER,EQ,OSIA HYPER RETAIL LIMITED,H
PANACEABIO,EQ,PANACEA BIOTEC LTD,H
PANSARI,BE,PANSARI DEVELOPERS LTD,H
PARASPETRO,EQ,PARAS PETROFILS LTD.,H
PELATRO,ST,PELATRO LIMITED,H
PENINLAND,BE,PENINSULA LAND LIMITED,H
PERFECT,ST,PERFECT INFRAENGINEER LTD,H
PHOGLOBAL,ST,PHOENIX OVERSEAS LIMITED,H
PIGL,BE,POWER INSTRUMENT (G) LTD,H
PIONEEREMB,BE,PIONEER EMBROIDERIES LTD,H
PRECISION,ST,PRECISION METALIKS LTD,H
PRECOT,BE,PRECOT LIMITED,H
PRESSTONIC,ST,PRESSTONIC ENGINEERING L,H
PRIZOR,SM,PRIZOR VIZTECH LIMITED,H
PROZONER,BE,PROZONE REALTY LIMITED,H
PTCIL,EQ,PTC INDUSTRIES LIMITED,H
QUADFUTURE,EQ,QUADRANT FUTURE TEK LTD,H
QUADPRO,SM,QUADPRO ITES LIMITED,H
QUICKTOUCH,ST,QUICKTOUCH TECHNOLOGIES L,H
QVCEL,ST,QVC EXPORTS LIMITED,H
RADHIKAJWE,EQ,RADHIKA JEWELTECH LIMITED,H
RBS,ST,RAMDEVBABA SOLVENT LTD,H
REFEX,EQ,REFEX INDUSTRIES LIMITED,H
REPL,BE,RUDRABHISHEK ENTERP LTD,H
RETAIL,EQ,JHS SVENDGAARD RETAIL V L,H
RKEC,EQ,RKEC PROJECTS LIMITED,H
ROLLT,BE,ROLLATAINERS LIMITED,H
ROXHITECH,ST,ROX HI TECH LIMITED,H
ROYALARC,ST,ROYAL ARC ELECTRODES LTD,H
RPPINFRA,BE,R.P.P INFRA PROJECTS LTD.,H
RSSOFTWARE,BE,R. S. SOFTWARE (INDIA) LI,H
S&SPOWER,EQ,S&S POWER SWITCHGEARS LTD,H
SADBHAV,BE,SADBHAV ENGINEERING LTD,H
SADHNANIQ,BE,SADHANA NITROCHEM LIMITED,H
SAHASRA,ST,SAHASRA ELECTRONIC SOLU L,H
SAIFL,ST,SAMEERA AGRO AND INFRA L,H
SAJHOTELS,ST,SAJ HOTELS LIMITED,H
SAKUMA,BE,SAKUMA EXPORTS LIMITED,H
SAMPANN,BE,SAMPANN UTPADAN INDIA LTD,H
SANWARIA,BZ,SANWARIA CONSUMER LIMITED,H
SATECH,ST,S A TECH SOFTWARE INDIA L,H
SDREAMS,ST,S D RETAIL LIMITED,H
SEJALLTD,EQ,SEJAL GLASS LIMITED,H
SEL,ST,SUNGARNER ENERGIES LTD,H
SETCO,BE,SETCO AUTOMOTIVE LTD,H
SETUINFRA,BZ,SETUBANDHAN INFRA LTD,H
SGIL,BE,SYNERGY GREEN IND. LTD,H
SHAILY,BE,SHAILY ENG PLASTICS LTD,H
SHAKTIPUMP,EQ,SHAKTI PUMPS (I) LTD,H
SHANTHALA,ST,SHANTHALA FMCG PRODUCTS L,H
SHANTI,EQ,SHANTI OVERSEAS INDIA LTD,H
SHEKHAWATI,BE,SHEKHAWATI INDUSTRIES LTD,H
SHIGAN,SM,SHIGAN QUANTUM TECH LTD,H
SHREEKARNI,ST,SHREE KARNI FABCOM LTD,H
SICALLOG,BE,SICAL LOGISTICS LIMITED,H
SIDDHIKA,ST,SIDDHIKA COATINGS LIMITED,H
SILKFLEX,SM,SILKFLEX POLYMERS INDIA L,H
SILLYMONKS,EQ,SILLY MONKS ENTERTAIN LTD,H
SIMBHALS,BE,SIMBHAOLI SUGARS LTD.,H
SIMPLEXINF,EQ,SIMPLEX INFRASTRUCTURES L,H
SITINET,BZ,SITI NETWORKS LIMITED,H
SIYSIL,EQ,SIYARAM SILK MILLS LTD,H
SKYGOLD,BE,SKY GOLD LIMITED,H
SMARTLINK,EQ,SMARTLINK HOLDINGS LTD,H
SOLARA,EQ,SOLARA ACTIVE PHA SCI LTD,H
SOLARAPP,E1,SOLAR ACT RS.3.50 PPD UP,H
SOLEX,ST,SOLEX ENERGY LIMITED,H
SOUTHWEST,EQ,SOUTH WEST PINNACLE LTD,H
SPECTSTM,SM,SPECTRUM TALENT MGMT LTD,H
SPMLINFRA,BE,SPML INFRA LIMITED,H
SRPL,BZ,SHREE RAM PROTEINS LTD.,H
SSFL,SM,SRIVARI SPICES N FOODS L,H
SUMIT,EQ,SUMIT WOODS LIMITED,H
SUNDRMBRAK,BE,SUNDARAMBRAKE LININGS LTD,H
SUNFLAG,BE,SUNFLAG IRON AND STEEL CO,H
SUPERSPIN,EQ,SUPER SPINNING MILLS LTD,H
SURAJLTD,EQ,SURAJ LIMITED,H
SURANASOL,EQ,SURANA SOLAR LIMITED,H
SVLL,EQ,SHREE VASU LOGISTICS LTD,H
SWANDEF,BE,SWAN DEFENCE N HEVY IND L,H
SWELECTES,BE,SWELECT ENERGY SYS LTD,H
TAC,ST,TAC INFOSEC LIMITED,H
TAKE,BZ,TAKE SOLUTIONS LTD,H
TARACHAND,BE,TARA CHAND INFRA SOLN LTD,H
TBZ,EQ,TRIB BHIMJI ZAVERI LTD,H
TCIFINANCE,BE,TCIFINANCELTD-ROLL SETT,H
TECHLABS,ST,TRIDENT TECHLABS LIMITED,H
TERASOFT,BE,TERA SOFTWARE LIMITED,H
TGL,ST,TEERTH GOPICON LIMITED,H
TICL,EQ,TWAMEV CONS AND INFRA LTD,H
TIL,EQ,TIL LTD,H
TIMESGTY,BE,TIMES GUARANTY LIMITED,H
TIRUPATIFL,BE,TIRUPATI FORGE LIMITED,H
TOLINS,BE,TOLINS TYRES LIMITED,H
TPHQ,BE,TEAMO PRODUCTIONS HQ LTD,H
TRU,BE,TRUCAP FINANCE LIMITED,H
UMANGDAIRY,BE,UMANG DAIRIES LIMITED,H
UMESLTD,EQ,USHA MARTIN EDU & SOL LTD,H
UNITECH,BZ,UNITECH LIMITED,H
URJA,BE,URJA GLOBAL LIMITED,H
V2RETAIL,BE,V2 RETAIL LIMITED,H
VAKRANGEE,EQ,VAKRANGEE LIMITED,H
VENTIVE,EQ,VENTIVE HOSPITALITY LTD,H
VERITAAS,ST,VERITAAS ADVERTISING LTD,H
VERTEXPLUS,SM,VERTEXPLUS TECHNOLOGIES L,H
VHLTD,BE,VICEROY HOTELS LIMITED,H
VIJIFIN,BE,VIJI FINANCE LIMITED,H
VILAS,SM,VILAS TRANSCORE LIMITED,H
VINNY,BE,VINNY OVERSEAS LIMITED,H
VINYAS,SM,VINYAS INNOVATIVE TECH L,H
VIPULLTD,BE,VIPUL LIMITED,H
VIVIANA,ST,VIVIANA POWER TECH LTD,H
VIVO,SM,VIVO COLLAB SOLUTIONS LTD,H
VMARCIND,ST,V MARC INDIA LIMITED,H
VOLERCAR,ST,VOLER CAR LIMITED,H
WALCHANNAG,EQ,WALCHANDNAGAR INDUSTRIES,H
WEALTH,BE,WEALTH FRST PORT. MG. LTD,H
WEWIN,BE,WE WIN LIMITED,H
WINDMACHIN,EQ,WINDSOR MACHINES LIMITED,H
WOCKPHARMA,EQ,WOCKHARDT LIMITED,H
YAARI,BE,YAARI DIGI INT SER LTD,H
ZEEMEDIA,EQ,ZEE MEDIA CORPORATION LTD,H
ZTECH,ST,Z-TECH (INDIA) LIMITED,H
21STCENMGM,BE,21ST CENTURY MGMT SERVICE,L
ABMINTLLTD,EQ,ABM INTERNATIONAL LTD,L
AGNI,ST,AGNI GREEN POWER LTD,L
AGSTRA,BE,AGS TRANSACT TECH LTD,L
AISL,SM,ANI INTEGRATED SERV LTD.,L
ANSALAPI,BZ,ANSAL PROP & INFRA LTD,L
ATLASCYCLE,BE,ATLAS CYCLE (HARYANA) LTD,L
AYMSYNTEX,EQ,AYM SYNTEX LIMITED,L
C2C,ST,C2C ADVANCED SYSTEMS LTD,L
CMMIPL,SZ,CMM INFRAPROJECTS LIMITED,L
DELPHIFX,BE,DELPHI WORLD MONEY LTD,L
DHTL,SM,DOCMODE HEALTH TECH LTD,L
DIVYADHAN,ST,DIVYADHAN RECYCLING IND L,L
DYNAMIC,ST,DYNAMIC SRVCS & SEC LTD,L
ENERGYDEV,BE,ENERGY DEVE. CO.LTD,L
FIDEL,ST,FIDEL SOFTECH LIMITED,L
FLFL,BZ,FUT LIFESTYLE FASH LTD,L
FOCE,SM,FOCE INDIA LIMITED,L
GAYAHWS,BE,GAYATRI HIGHWAYS LIMITED,L
GENSOL,EQ,GENSOL ENGINEERING LTD,L
GSTL,ST,GLOBESECURE TECHNO LTD,L
GTECJAINX,BE,G-TEC JAINX EDUCATION LTD,L
IEML,ST,INDIAN EMULSIFIERS LTD,L
IITL,BE,INDUSTRIAL INV TRUST LTD,L
IL&FSTRANS,BZ,IL&FS TRANS NET LTD,L
INFOMEDIA,BE,INFOMEDIA PRESS LIMITED,L
IPHL,ST,INDIAN PHOSPHATE LIMITED,L
IRIS,BE,IRIS BUSINESS SERV LTD,L
ISHAN,SM,ISHAN INTERNATIONAL LTD,L
JETFREIGHT,BE,JET FREIGHT LOGISTICS LTD,L
K2INFRA,ST,K2 INFRAGEN LIMITED,L
KCK,ST,KCK INDUSTRIES LTD,L
KEEPLEARN,BE,DSJ KEEP LEARNING LTD,L
KORE,ST,JAY JALARAM TECHNO LTD,L
KTL,ST,KALAHRIDHAAN TRENDZ LTD,L
LAWSIKHO,ST,ADDICTIVE LEARNING TECH L,L
LPDC,BE,LANDMARK PR.DEV.CO.LTD,L
MAITREYA,SM,MAITREYA MEDICARE LIMITED,L
MAKS,SM,MAKS ENERGY SOL INDIA LTD,L
MANAV,SM,MANAV INFRA PROJECTS LTD,L
MCON,ST,MCON RASAYAN INDIA LTD,L
MEGAFLEX,ST,MEGA FLEX PLASTICS LTD,L
MEP,BZ,MEP INFRA. DEVELOPERS LTD,L
MORARJEE,BZ,MORARJEE TEXTILES LIMITED,L
NAVKARURB,BE,NAVKAR URBANSTRUCTURE LTD,L
NIRMAN,SM,NIRMAN AGRI GENTICS LTD,L
NMSTEEL,ST,NEWMALAYALAM STEEL LTD,L
ONDOOR,ST,ON DOOR CONCEPTS LIMITED,L
PALREDTEC,BE,PALRED TECHNOLOGIES LTD,L
PAR,BE,PAR DRUGS AND CHEM LTD,L
PATTECH,SM,PATTECH FITWELL TUB COM L,L
PIGL,BE,POWER INSTRUMENT (G) LTD,L
PREMIER,BE,PREMIER LIMITED,L
PULZ,SM,PULZ ELECTRONICS LIMITED,L
QUESTLAB,ST,QUEST LABORATORIES LTD,L
RAJRILTD,BE,RAJ RAYON INDUSTRIES LTD,L
RAMANEWS,BE,SHREE RAMA NEWSPRINT LTD,L
REXPIPES,SM,REX PIPES AND CABLES LTD,L
RNFI,ST,RNFI SERVICES LIMITED,L
ROLTA,BZ,ROLTA INDIA LTD,L
SABAR,ST,SABAR FLEX INDIA LIMITED,L
SANCO,BZ,SANCO INDUSTRIES LIMITED,L
SBGLP,BE,SURATWWALA BUS GROUP LTD,L
SEL,ST,SUNGARNER ENERGIES LTD,L
SHRADHA,BE,SHRADHA INFRAPROJECTS LTD,L
SHYAMCENT,BE,SHYAM CENTURY FERROUS LTD,L
SHYAMTEL,BE,SHYAM TELECOM LIMITED,L
SICALLOG,BE,SICAL LOGISTICS LIMITED,L
SONUINFRA,ST,SONU INFRATECH LIMITED,L
TFL,BE,TRANSWARRANTY FIN. LTD.,L
TRANSTEEL,ST,TRANSTEEL SEATING TECH L,L
URBAN,SM,URBAN ENVIRO WASTE MGMT L,L
VARDMNPOLY,BE,VARDHMAN POLYTEX LTD.,L
VELS,ST,VELS FILM INTERNATIONAL L,L
VIVIANA,ST,VIVIANA POWER TECH LTD,L
VIVO,SM,VIVO COLLAB SOLUTIONS LTD,L
VLEGOV,BE,VL E GOV AND IT SOL LTD,L
VMARCIND,ST,V MARC INDIA LIMITED,L
VSCL,ST,VADIVARHE SPCLTY CHEM LTD,L
WEBELSOLAR,BE,WEBSOL ENERGY SYSTEM LTD,L
WINSOME,BZ,WINSOME YARNS LIMITED,L
WOMANCART,ST,WOMANCART LIMITED,L
ZENITHEXPO,BE,ZENITH EXPORTS LTD,L
