GAIN_LOSS,SECURITY,CLOSE_PRIC,PREV_CL_PR,PERCENT_CG
 ,Nifty 50 Sec., , , 
 , , , , 
G,ADANI PORT & SEZ LTD,      1112.70,      1057.95,5.18
G,TATA STEEL LIMITED,       146.10,       139.34,4.85
G,ADANI ENTERPRISES LIMITED,      2245.85,      2144.80,4.71
G,MAHINDRA & MAHINDRA LTD,      2726.60,      2613.35,4.33
G,POWER GRID CORP. LTD.,       264.40,       254.00,4.09
G,NTPC LTD,       326.20,       313.75,3.97
G,BHARAT ELECTRONICS LTD,       274.92,       264.71,3.86
G,EICHER MOTORS LTD,      4988.30,      4815.10,3.6
G,TATA MOTORS LIMITED,       640.80,       619.20,3.49
G,TECH MAHINDRA LIMITED,      1538.10,      1488.25,3.35
G,BRITANNIA INDUSTRIES LTD,      4722.15,      4575.20,3.21
G,JSW STEEL LIMITED,      1002.70,       974.10,2.94
G,BHARTI AIRTEL LIMITED,      1618.25,      1575.35,2.72
G,ITC LTD,       405.05,       394.85,2.58
G,HINDALCO  INDUSTRIES  LTD,       657.35,       641.65,2.45
G,HCL TECHNOLOGIES LTD,      1572.95,      1535.50,2.44
G,BHARAT PETROLEUM CORP  LT,       255.84,       249.92,2.37
G,NESTLE INDIA LIMITED,      2197.00,      2146.50,2.35
G,TRENT LTD,      5106.10,      4999.80,2.13
G,HERO MOTOCORP LIMITED,      3588.75,      3514.85,2.1
G,STATE BANK OF INDIA,       730.35,       716.05,2
G,SBI LIFE INSURANCE CO LTD,      1420.70,      1393.10,1.98
G,WIPRO LTD,       285.10,       280.00,1.82
G,ASIAN PAINTS LIMITED,      2164.15,      2132.10,1.5
G,INFOSYS LIMITED,      1711.50,      1688.30,1.37
G,KOTAK MAHINDRA BANK LTD,      1933.10,      1907.80,1.33
G,CIPLA LTD,      1419.75,      1401.80,1.28
G,AXIS BANK LIMITED,      1014.45,      1001.80,1.26
G,TITAN COMPANY LIMITED,      3086.55,      3048.50,1.25
G,COAL INDIA LTD,       368.25,       363.85,1.21
 , , , , 
L,BAJAJ FINANCE LIMITED,      8298.70,      8585.95,-3.35
L,INDUSIND BANK LIMITED,       971.85,       987.60,-1.59
L,HDFC BANK LTD,      1690.00,      1710.00,-1.17
L,SHRIRAM FINANCE LIMITED,       631.30,       632.90,-0.25
L,GRASIM INDUSTRIES LTD,      2391.65,      2394.65,-0.13
 , , , , 
 ,Nifty Next 50 Sec., , , 
 , , , , 
G,ADANI GREEN ENERGY LTD,       848.70,       768.55,10.43
G,ADANI ENERGY SOLUTION LTD,       709.45,       646.65,9.71
G,ADANI TOTAL GAS LIMITED,       589.90,       547.15,7.81
G,JSW ENERGY LIMITED,       509.10,       481.25,5.79
G,VEDANTA LIMITED,       428.95,       406.75,5.46
G,JIO FIN SERVICES LTD,       217.10,       206.38,5.19
G,SAMVRDHNA MTHRSN INTL LTD,       123.94,       118.27,4.79
G,BANK OF BARODA,       205.22,       195.92,4.75
G,ADANI POWER LTD,       505.55,       483.25,4.61
G,REC LIMITED,       402.20,       386.90,3.95
G,LIFE INSURA CORP OF INDIA,       761.80,       733.20,3.9
G,NHPC LTD,        76.35,        73.57,3.78
G,GAIL (INDIA) LTD,       158.95,       153.17,3.77
G,CANARA BANK,        85.02,        81.94,3.76
G,INDIAN OIL CORP LTD,       122.25,       118.04,3.57
G,HINDUSTAN AERONAUTICS LTD,      3424.50,      3311.15,3.42
G,AMBUJA CEMENTS LTD,       491.10,       475.00,3.39
G,POWER FIN CORP LTD.,       395.75,       383.30,3.25
G,INDIAN RAIL TOUR CORP LTD,       695.15,       673.85,3.16
G,BAJAJ HOLDINGS & INVS LTD,     11560.00,     11209.15,3.13
G,SIEMENS LTD,      5085.75,      4931.90,3.12
G,BOSCH LIMITED,     27073.45,     26259.70,3.1
G,MACROTECH DEVELOPERS LTD,      1152.50,      1117.95,3.09
G,PUNJAB NATIONAL BANK,        89.74,        87.09,3.04
G,UNION BANK OF INDIA,       115.97,       112.67,2.93
G,SHREE CEMENT LIMITED,     28155.45,     27363.35,2.89
G,JINDAL STEEL & POWER LTD,       891.65,       867.30,2.81
G,DLF LIMITED,       661.35,       643.30,2.81
G,INDIAN RAILWAY FIN CORP L,       117.73,       114.59,2.74
G,HAVELLS INDIA LIMITED,      1443.20,      1407.10,2.57
 , , , , 
L,VARUN BEVERAGES LIMITED,       476.00,       477.30,-0.27
L,ZOMATO LIMITED,       227.02,       227.61,-0.26
L,PIDILITE INDUSTRIES LTD,      2692.95,      2698.65,-0.21
L,CHOLAMANDALAM IN & FIN CO,      1446.90,      1449.60,-0.19
L,DIVI S LABORATORIES LTD,      5516.55,      5517.70,-0.02
 , , , , 
 ,OTHER SECURITIES, , , 
 , , , , 
G,SHIGAN QUANTUM TECH LTD,        75.60,        63.00,20
G,MAN INDUSTRIES (I) LTD.,       258.79,       215.66,20
G,GANESH INFRAWORLD LIMITED,       131.40,       109.55,19.95
G,SEC RE NCD 8.70% SR.VIII,       990.00,       830.00,19.28
G,7.40% TAX FREETRI SRIII,      1309.90,      1100.00,19.08
G,ARIHANT CAPITAL MKTS LTD,        70.65,        59.50,18.74
G,QUADRANT FUTURE TEK LTD,       515.40,       435.80,18.27
G,NAGARJUN FERT AND CHE LTD,         7.21,         6.11,18
G,DRC SYSTEMS INDIA LIMITED,        21.44,        18.31,17.09
G,MANAK ALUMINIUM CO. LTD.,        22.88,        19.61,16.68
G,MUKTA ARTS LIMITED,        77.27,        66.73,15.79
G,READYMIX CONSTRU MACHI L,        79.55,        68.85,15.54
G,APTECH LIMITED,       127.48,       110.50,15.37
G,BHARAT WIRE ROPES LTD.,       151.90,       132.50,14.64
G,BOND 8.37% TAX FREE S3A,     48500.00,     42400.00,14.39
G,IND SWIFT LABORATORIES LT,        97.75,        86.31,13.25
G,INDIA TOUR. DEV. CO. LTD.,       576.55,       509.25,13.22
G,INVENTURE GRO & SEC LTD,         1.65,         1.46,13.01
G,MANUGRAPH INDIA LIMITED,        16.53,        14.63,12.99
G,USHANTI COLOUR CHEM LTD,        60.00,        53.15,12.89
G,CRAFTSMAN AUTOMATION LTD,      5103.45,      4531.10,12.63
G,LAXMI COTSPIN LIMITED,        24.73,        21.96,12.61
G,HUHTAMAKI INDIA LIMITED,       204.84,       182.01,12.54
G,GENERIC ENG CONS PROJ LTD,        28.20,        25.19,11.95
G,GABRIEL INDIA LTD,       495.70,       443.00,11.9
G,LYPSA GEMS & JEWEL LTD,         6.11,         5.47,11.7
G,PUNJAB CHEM & CROP PROT L,       809.05,       725.15,11.57
G,INTEGRA ESSENTIA LIMITED,         2.62,         2.35,11.49
G,FAIRCHEM ORGANICS LIMITED,       945.40,       851.30,11.05
G,S.A.L. STEEL LTD.,        18.67,        16.83,10.93
 , , , , 
L,GENSOL ENGINEERING LTD,       372.00,       413.30,-9.99
L,JINDAL WORLDWIDE LTD,        64.35,        69.11,-6.89
L,PRAMARA PROMOTIONS LTD,       133.90,       142.35,-5.94
L,BOND 7.19% PA TAX FREE S2,      1033.60,      1097.11,-5.79
L,UNILEX COLOURS AND CHEM L,        59.35,        62.75,-5.42
L,CAPITAL INFRA TRUST,        90.69,        95.60,-5.14
L,MANAV INFRA PROJECTS LTD,        11.30,        11.90,-5.04
L,KALAHRIDHAAN TRENDZ LTD,        10.40,        10.95,-5.02
L,ON DOOR CONCEPTS LIMITED,       160.40,       168.85,-5
L,ADDICTIVE LEARNING TECH L,       159.50,       167.90,-5
L,K2 INFRAGEN LIMITED,        92.10,        96.95,-5
L,VELS FILM INTERNATIONAL L,        78.85,        83.00,-5
L,CMM INFRAPROJECTS LIMITED,         1.90,         2.00,-5
L,FOCE INDIA LIMITED,      1489.15,      1567.50,-5
L,URBAN ENVIRO WASTE MGMT L,       167.30,       176.10,-5
L,C2C ADVANCED SYSTEMS LTD,       323.20,       340.20,-5
L,DYNAMIC SRVCS & SEC LTD,       174.00,       183.15,-5
L,MAITREYA MEDICARE LIMITED,       239.70,       252.30,-4.99
L,REX PIPES AND CABLES LTD,        68.50,        72.10,-4.99
L,DOCMODE HEALTH TECH LTD,        42.90,        45.15,-4.98
L,RBZ JEWELLERS LIMITED,       147.23,       154.95,-4.98
L,PATTECH FITWELL TUB COM L,        74.85,        78.75,-4.95
L,PULZ ELECTRONICS LIMITED,        43.20,        45.45,-4.95
L,DIVYADHAN RECYCLING IND L,        42.25,        44.45,-4.95
L,MCON RASAYAN INDIA LTD,       140.70,       148.00,-4.93
L,MEGA FLEX PLASTICS LTD,        52.05,        54.75,-4.93
L,INDOCO REMEDIES LTD.,       224.34,       235.80,-4.86
L,AGNI GREEN POWER LTD,        20.60,        21.65,-4.85
L,SURANI STEEL TUBES LTD.,       140.50,       147.60,-4.81
L,JAY JALARAM TECHNO LTD,       207.25,       217.40,-4.67
