SECURITY,NEW,PREVIOUS,NEW_STATUS
SEC RE NCD 8.70% SR.VIII,990,830,H
TSI 9.35% 31 SR I-E,105029,103815.34,H
ABBOTT INDIA LIMITED,31898.95,31750,H
2.50%GOLDBONDS2027SR-V,8900,8775,H
SEC RE NCD 9.65% SR.I,1088.8,1080.5,H
SHREE VASU LOGISTICS LTD,413.1,400,H
SEC RE NCD 9.57% SR.II,1001.45,995,H
GOI TBILL 91D-28/03/25,99.45,99.44,H
INNOVATIVE TYRE & TUBE LT,30.45,29.9,H
ABANS HOLDINGS LIMITED,215.55,206.35,H
PUDUMJEE PAPER PRO. LTD,102.5,101,H
SDL HR 7.64% 2031,99.86,99.51,H
R M DRIP & SPRINK SYS LTD,403.9,385,H
BOND 8.37% TAX FREE S3A,48500,42400,H
BLUE COAST HOTELS LIMITED,46.64,45.73,H
VEDIKA CREDIT 11.9% 2026,98500,98000,H
JALAN TRANSOLU. INDIA LTD,14.6,14.4,H
ZERODHAAMC - LIQUIDCASE,110.55,110.25,H
SEC RE NCD SR.V,1268.8,1268.6,H
ONECLICK LOGISTICS IND L,172,153.7,H
ROYAL ARC ELECTRODES LTD,125.1,122.5,H
SEC RE NCD 10.25% SR II,1050,1025,H
FRANTEMAMC - FICRF3GP,3.1,2.84,H
SWAN DEFENCE N HEVY IND L,67.57,64.36,H
COMMERCIAL SYN BAGS LTD,86.31,86,H
GOI TBILL 182D-10/07/25,97.69,97.67,H
GOI TBILL 364D-07/08/25,97.07,96.95,H
NORBEN TEA &EXPORTS LTD,49.04,48.08,H
GUJARAT THEMIS BIOSYN LTD,274.9,269.85,H
KANDARP DG SMART BPO LTD,72,69.8,H
GOI TBILL 364D-20/03/25,99.75,99.74,H
MAGSON RETAIL AND DIST L,105,104.45,H
SEC RE NCD 9.25% SR II,979,975,H
GOI TBILL 364D-13/11/25,95.76,95.37,H
READYMIX CONSTRU MACHI L,81,74.9,H
CHANDAN HEALTHCARE LTD,174.9,162.7,H
VAIDYA SANE AYUR LAB LTD,95.5,96,L
GLOBESECURE TECHNO LTD,19.8,20.65,L
CMM INFRAPROJECTS LIMITED,1.9,2,L
FORGE AUTO INTERNATION L,65.2,69.25,L
BRAINBEES SOLUTIONS LTD,356,359.1,L
RAPPID VALVES (INDIA) LTD,239,247,L
SOLVE PLASTIC PRODUCTS L,34.7,35.45,L
CAPITAL INFRA TRUST,90,92.05,L
LAMOSAIC INDIA LIMITED,51.9,52.95,L
GP ECO SOLUTIONS INDIA L,263,266.75,L
AKI INDIA LIMITED,8.4,8.58,L
GACM TECHNOLOGIES LIMITED,0.61,0.62,L
JAY BEE LAMINATIONS LTD,207.05,214.4,L
DOCMODE HEALTH TECH LTD,42.9,45.15,L
PRECISION METALIKS LTD,27.55,28,L
QVC EXPORTS LIMITED,27.9,28,L
AGNI GREEN POWER LTD,20.6,21.55,L
AGS TRANSACT TECH LTD,17.11,18.02,L
ON DOOR CONCEPTS LIMITED,160.4,165.85,L
SEMAC CONSULTANTS LIMITED,360,367.25,L
TECHERA ENGINEER (IND) L,144.8,147.75,L
V.L.INFRAPROJECTS LIMITED,45.1,45.9,L
JFL LIFE SCIENCES LIMITED,19.85,20.25,L
SAHAJ FASHIONS LIMITED,8.7,9.15,L
THEJO ENGINEERING LIMITED,1539.05,1540,L
MEDICAMEN ORGANICS LTD,28.35,28.65,L
DECCAN TRANSCON LEASING L,49.95,50,L
DEEM ROLL TECH LIMITED,58.9,60,L
NAMAN IN-STORE (INDIA) L,74,74.75,L
SICAL LOGISTICS LIMITED,79.07,83.01,L
ARVIND PORT AND INFRA LTD,50.25,51.25,L
MARSHALL MACHINES LTD,17.41,17.77,L
MARINETRANS INDIA LIMITED,18.6,19.5,L
KATARIA INDUSTRIES LTD,103,104.85,L
INTERNATIO GEMM INS (I) L,318,329.65,L
ADDICTIVE LEARNING TECH L,159.5,161.6,L
DIVYADHAN RECYCLING IND L,42.25,44.45,L
ISHAN INTERNATIONAL LTD,1.2,1.25,L
RITE ZONE CHEMCON IND LTD,25.5,26.05,L
ATLANTAA LIMITED,32.26,32.92,L
ZENITH DRUGS LIMITED,63,63.05,L
NEWJAISA TECHNOLOGIES LTD,47.5,50.35,L
HAPPY FORGINGS LIMITED,793.95,797.15,L
KONSTELEC ENGINEERS LTD,69,70.4,L
REVATHI EQUIPMENT INDIA L,915,936.75,L
GANESH INFRAWORLD LIMITED,106.25,108.5,L
SIGNORIA CREATION LIMITED,73.5,75,L
IDENTICAL BRAINS STUDIO L,48.65,49.65,L
DRONE DESTINATION LIMITED,123.6,126.1,L
MEP INFRA. DEVELOPERS LTD,2.19,2.31,L
COOL CAPS INDUSTRIES LTD,798.25,814.5,L
SADHANA NITROCHEM LIMITED,22.22,22.72,L
PARAGON FINE S.C. LTD.,68.85,70.05,L
SOFTTECH ENGINEERS LTD,346.05,353.1,L
KEN ENTERPRISES LIMITED,43,44,L
OSIA HYPER RETAIL LIMITED,22.48,23.2,L
QUADPRO ITES LIMITED,2.95,3.05,L
FUT LIFESTYLE FASH LTD,1.59,1.64,L
SABAR FLEX INDIA LIMITED,6.65,6.9,L
PURV FLEXIPACK LIMITED,101.7,102,L
REFRACTORY SHAPES LIMITED,80.6,82.25,L
VADIVARHE SPCLTY CHEM LTD,21.65,22.75,L
APEX ECOTECH LIMITED,98,102,L
SHUBHSHREE BIOFUELS ENE L,326.2,332.85,L
SURATWWALA BUS GROUP LTD,33.97,35.76,L
DELTA AUTOCORP LIMITED,83.25,84.95,L
STERLITE TECHNOLOGIES LTD,78.75,81.19,L
GENSOL ENGINEERING LTD,372,413.3,L
VIVO COLLAB SOLUTIONS LTD,65.35,65.5,L
DHAMPUR BIO ORGANICS LTD,59,150.3,L
FEDBANK FINANCIAL SER L,86.8,87.88,L
K2 INFRAGEN LIMITED,92.1,96.95,L
KALAHRIDHAAN TRENDZ LTD,10.4,10.95,L
INDIAN EMULSIFIERS LTD,129.8,136.25,L
MORARJEE TEXTILES LIMITED,5.69,5.77,L
JIWANRAM SHEODUTTRA IND L,8.2,8.35,L
INDUS INFRA TRUST,109.75,109.88,L
BRACE PORT LOGISTICS LTD,84.3,86,L
AURO IMPEX & CHEMICALS L,46.25,46.85,L
PAR DRUGS AND CHEM LTD,89.7,94.43,L
KAMDHENU VENTURES LIMITED,9.81,9.82,L
TBI CORN LIMITED,98,101.5,L
ESCONET TECHNOLOGIES LTD,164.1,170.95,L
KORE DIGITAL LIMITED,368,375.5,L
DMCC SPECIALITY CHEMICALS,279,282.5,L
NEWMALAYALAM STEEL LTD,30.95,32.1,L
MY MUDRA FINCORP LIMITED,59.9,61.05,L
KOTAKMAMC - NIFTY100EW,27.91,28.02,L
NESTLE INDIA LIMITED,2110,2118,L
NURECA LIMITED,222,225,L
ASTRON PAPER BORD MIL LTD,11.9,12.22,L
GLOBALE TESSILE LIMITED,20.51,21,L
DELPHI WORLD MONEY LTD,134.09,141.15,L
ANSAL PROP & INFRA LTD,5.53,5.83,L
NOIDA TOLL BRIDGE CO LTD,3.81,3.89,L
ROX HI TECH LIMITED,55.3,55.55,L
TOLINS TYRES LIMITED,110,191.1,L
C2C ADVANCED SYSTEMS LTD,323.2,340.2,L
TRUST FINTECH LIMITED,89.65,91.45,L
PRATHAM EPC PROJECTS LTD,174.85,178.4,L

