SYMBOL,SYMBOL P/E,ADJUSTED P/E
PENINLAND,44.05,43.22
THERMAX,62.64,62.64
WHEELS,13.09,13.09
ZODIACLOTH,,
RIIL,114.63,114.63
PREMIERPOL,25.80,25.80
RAYMOND,18.78,18.43
RSWM,,
SHREDIGCEM,26.78,26.78
SESHAPAPER,13.52,13.52
SMLISUZU,13.73,13.73
SUPERSPIN,,
SUNDRMFAST,34.94,34.94
FACT,,506.25
EXIDEIND,36.82,36.82
ELECON,24.17,24.17
CRISIL,47.43,47.43
LMW,129.55,129.55
ORIENTPPR,,
PEL,41.30,
NELCO,91.44,91.44
MASTEK,17.74,18.25
MAHSCOOTER,65.20,67.95
LUMAXIND,41.31,41.31
TRENT,98.45,138.23
KECL,60.29,256.32
CUMMINSIND,45.41,45.41
KCP,8.87,8.05
JAYBARMARU,29.50,29.50
JBCHEPHARM,39.08,39.08
INFY,25.32,25.32
INDIAGLYCO,19.97,19.97
IONEXCHANG,32.87,32.87
IFBIND,34.19,34.19
IGPL,12.70,12.70
HIMATSEIDE,17.50,17.50
GNFC,14.22,14.22
GFLLIMITED,,
BPCL,8.36,8.19
BHARATFORG,56.95,51.36
BASF,31.22,31.75
FORCEMOT,18.37,18.37
ATUL,39.25,39.25
ARVIND,27.74,27.74
ACC,13.23,14.56
TATAMOTORS,7.16,7.15
SCI,7.34,7.34
MRPL,22.58,22.39
LINDEINDIA,116.78,116.78
HINDPETRO,10.56,10.56
ESCORTS,29.10,29.10
RELINFRA,32.24,
BAJAJHLDNG,82.41,82.41
ASHOKLEY,19.96,20.23
ZUARIIND,,481.71
VOLTAS,55.42,55.42
TITAN,83.62,83.62
TATASTEEL,73.20,60.66
SUNDARMFIN,30.93,29.75
SPIC,19.01,12.83
VEDL,8.91,9.91
SBIN,7.91,7.91
RELIANCE,19.78,19.78
PFIZER,29.63,29.63
NOCIL,23.52,23.52
BOSCHLTD,38.27,38.29
DRREDDY,17.22,17.22
BATAINDIA,44.71,62.15
DEEPAKFERT,13.90,13.90
CHAMBLFERT,14.28,14.28
CARBORUNIV,46.45,54.93
MAHSEAMLES,10.97,10.97
HINDOILEXP,14.62,18.01
DICIND,30.08,31.00
COROMANDEL,28.15,28.15
BALMLAWRIE,13.95,13.95
WILLAMAGOR,,
VINDHYATEL,15.73,15.73
MOTOGENFIN,43.54,43.54
MARALOVER,,
ASIANPAINT,49.38,47.89
RAMCOCEM,53.57,110.67
INDIACEM,,
PGHL,35.79,34.49
ABREL,126.41,126.41
BEML,39.64,39.64
ADORWELD,26.72,24.18
CENTENKA,13.83,13.83
TATACHEM,,38.16
TORNTPHARM,53.26,53.26
VTL,13.94,13.94
ATFL,353.64,316.51
FEDERALBNK,10.67,10.67
EPL,23.41,22.40
VLSFINANCE,4.07,4.07
VIPIND,,
SUPREMEIND,48.00,48.00
SRF,73.74,73.74
BIRLACABLE,81.72,81.72
BALRAMCHIN,23.49,23.49
ANSALAPI,,
AEGISLOG,38.01,38.01
WEIZMANIND,20.14,20.14
UNITECH,,
UNICHEMLAB,,45.97
BBOX,31.72,24.50
HONAUT,55.88,55.88
JTEKTINDIA,33.86,34.08
SAURASHCEM,171.76,171.76
RANEHOLDIN,7.94,74.99
PRECOT,12.14,15.09
TATAELXSI,41.47,41.47
SUNPHARMA,32.72,31.72
KOHINOOR,,
OILCOUNTUB,,
SHREYANIND,5.18,5.18
SHALPAINTS,,
SANDESH,5.81,5.83
HCC,15.90,
BAJAJHIND,,
ASHIMASYN,3.77,3.77
APOLLOHOSP,67.51,67.51
ARE&M,17.47,18.89
ADANIENT,63.70,60.55
IVP,12.24,12.24
BALKRISIND,27.55,27.55
TIRUMALCHM,,
INDBANK,14.86,14.86
GINNIFILA,,129.19
EICHERMOT,34.21,34.21
RAJSREESUG,11.23,11.23
GVT&D,71.39,71.39
NEULANDLAB,48.76,61.13
ONGC,7.06,6.83
ITI,,
ZENSARTECH,24.99,24.99
TIL,7.16,150.38
TAINWALCHM,52.22,52.22
BERGEPAINT,51.76,51.76
BANARISUG,44.90,44.90
JINDALPOLY,10.51,17.80
ANIKINDS,,
KPIL,27.82,27.82
JYOTISTRUC,54.39,54.39
IGARASHI,62.41,62.41
BSL,17.07,17.07
BLUEDART,50.73,50.73
NKIND,814.21,814.21
JAYNECOIND,215.82,90.06
MUNJALSHOW,15.68,15.68
APCOTEXIND,30.41,30.41
SOTL,22.21,22.21
HSCL,39.37,39.37
RCF,24.35,25.88
RANASUG,9.75,9.75
KARURVYSYA,8.32,8.32
DECCANCE,438.63,76.90
ARENTERP,17.98,17.98
TECILCHEM,,
WSI,879.49,191.38
UFLEX,,6.86
TATAPOWER,31.69,30.57
ADVANIHOTR,19.52,19.52
THOMASCOOK,23.08,22.78
SUNFLAG,24.37,24.37
SUBROS,26.39,26.39
SPMLINFRA,32.79,34.48
SIMPLEXINF,9.74,9.74
SIEMENS,67.96,67.96
BHARATRAS,26.38,26.39
WIPRO,23.43,23.43
VSTIND,12.89,17.26
JUBLPHARMA,23.63,19.33
UNIVCABLES,37.90,37.90
UCAL,,
TATACOMM,33.69,35.15
TOKYOPLAST,139.50,139.50
SOMANYCERA,24.52,24.96
MURUDCERA,26.54,26.54
IFCI,44.12,44.57
HLVLTD,33.69,37.02
SANOFI,31.06,29.11
M&M,26.72,26.72
LIBERTSHOE,38.26,28.19
KREBSBIO,,
KAKATCEM,,
KAJARIACER,37.46,37.46
KABRAEXTRU,29.96,29.96
HEIDELBERG,43.42,43.42
MODTHREAD,25.94,25.94
MODIRUBBER,,
MIRCELECTR,,
MANGLMCEM,41.78,41.78
PRSMJOHNSN,,
PREMIER,,
POLYPLEX,8.61,8.61
PIDILITIND,69.42,67.70
PCBL,30.89,30.86
3PLAND,33.96,33.96
OSWALAGRO,17.63,17.62
EIHAHOTELS,22.98,22.09
HONDAPOWER,32.72,34.93
JINDALSAW,8.18,8.18
SAIL,26.04,16.79
RUBYMILLS,16.42,16.42
STYRENIX,18.12,18.12
ABB,58.68,58.68
ABAN,,
IDBI,10.19,10.19
GRAPHITE,17.41,17.41
CANFINHOME,9.48,9.48
BRITANNIA,50.90,50.47
BBL,21.71,21.71
ELECTCAST,7.71,7.71
DHAMPURSUG,14.01,14.01
DCMSHRIRAM,29.10,29.10
DABUR,48.47,48.47
COSMOFIRST,13.21,13.21
CIPLA,22.64,22.64
HEROMOTOCO,15.77,15.77
HDFCBANK,18.43,18.17
HARRMALAYA,2360.93,43.78
GMBREW,9.12,9.12
GIPCL,11.40,11.40
ITC,24.45,24.44
INDIANHUME,16.03,16.03
HINDCOMPOS,17.32,17.32
IOC,18.13,22.58
WALCHANNAG,,
OSWALGREEN,68.74,68.74
HUHTAMAKI,15.63,23.26
RICOAUTO,27.23,26.76
KAMATHOTEL,21.03,22.28
IFBAGRO,23.63,23.63
BANCOINDIA,14.66,14.66
DELTAMAGNT,,
MANINDS,12.79,12.79
APOLLOTYRE,18.64,17.64
SIYSIL,14.38,14.38
SHANTIGEAR,32.09,32.09
PRECWIRE,28.89,28.89
ONWARDTEC,27.00,27.00
NILKAMAL,22.73,22.73
NCC,13.47,13.15
ICIL,15.97,15.97
SEAMECLTD,23.87,26.02
ELGIEQUIP,42.73,42.73
AUROPHARMA,17.45,17.13
BBTC,5.94,5.79
EIHOTEL,29.37,29.64
KANORICHEM,,
LICHSGFIN,5.38,5.38
GICHSGFIN,4.90,4.90
BEPL,13.90,13.90
RAIN,,
BANARBEADS,23.89,23.89
MOREPENLAB,19.97,19.97
WSTCSTPAPR,6.20,6.20
21STCENMGM,1.81,1.81
TNTELE,,
VENKEYS,16.83,16.83
GHCL,9.91,9.91
S&SPOWER,,
PRUDMOULI,27.11,24.84
PRAJIND,33.75,36.75
HIL,,57.99
EVERESTIND,,
BPL,20.69,20.69
TRANSWORLD,13.78,13.78
KEEPLEARN,123.67,123.67
PGHH,60.97,60.97
VESUVIUS,30.07,30.07
TFCILTD,14.71,14.71
BOMDYEING,4.80,35.69
GTL,1.13,17.86
NAVNETEDUL,3.81,14.29
GUJALKALI,,
AGI,14.63,14.63
GLAXO,52.20,52.52
TATACONSUM,76.11,67.04
ZEEL,17.41,14.56
CHOLAFIN,30.10,30.10
INDHOTEL,56.24,65.58
FMGOETZE,11.93,11.93
KOTAKBANK,17.03,19.54
LYKALABS,97.60,96.85
ORIENTHOT,63.52,63.52
JAYSREETEA,8.75,41.10
GILLETTE,53.50,53.50
HMT,,
GOLDENTOBC,9.65,10.95
KANSAINER,16.13,29.41
FOSECOIND,29.45,29.45
ESABINDIA,41.19,41.19
3MINDIA,50.68,50.68
ANDHRAPAP,11.81,11.81
GABRIEL,27.71,27.71
SCHAEFFLER,53.49,53.49
AARTIIND,37.73,38.06
RALLIS,30.35,30.35
AMJLAND,14.06,14.06
PRAKASH,7.19,7.19
MFSL,109.92,109.92
KSB,45.35,45.35
KOPRAN,16.98,16.98
HEG,35.38,35.38
GREAVESCOT,,
GODFRYPHLP,32.80,31.25
VARDMNPOLY,28.35,28.35
SURYAROSNI,15.89,15.89
TATAINVEST,127.54,127.54
TIMKEN,46.99,46.99
ROLTA,,
SUDARSCHEM,57.21,83.41
SHREECEM,80.62,80.62
SAKHTISUG,2.37,
IPCALAB,47.00,46.46
INGERRAND,40.30,40.30
AKZOINDIA,33.31,33.31
HINDALCO,10.38,9.93
HINDZINC,17.80,17.68
HINDUNILVR,47.09,48.87
GSFC,12.41,12.56
GRASIM,21.13,19.99
AMBUJACEM,21.68,22.05
FINPIPE,14.11,24.62
FINCABLES,18.52,25.62
EIDPARRY,7.46,7.46
DCW,62.36,62.29
DCM,18.93,18.93
CGPOWER,98.91,98.25
HEUBACHIND,28.23,28.23
CESC,12.45,12.45
BIRLACORPN,31.52,32.43
BHEL,147.06,147.06
BHARATGEAR,,
BEL,39.08,39.08
BAJFINANCE,33.17,33.17
ASHAPURMIN,12.64,15.62
PVP,721.92,760.72
NAVA,8.01,8.01
KESORAMIND,,
CORALFINAC,6.42,6.42
GREENPLY,26.57,27.39
TNPL,60.80,60.80
PARASPETRO,,
AUTOAXLES,15.60,15.60
PEARLPOLY,,
REMSONSIND,26.58,26.84
DALMIASUG,8.88,8.88
NATCOPHARM,7.72,7.72
KHAITANLTD,6.45,6.45
SWARAJENG,20.77,20.77
MTNL,,
MRF,24.83,24.83
GARFIBRES,32.41,32.41
ANDHRSUGAR,28.83,26.05
TNPETRO,13.50,15.22
TTKPRESTIG,40.52,40.52
STARPAPER,4.83,4.83
SANGHIIND,,
SKFINDIA,34.46,34.46
AUSOMENT,11.34,11.34
EIMCOELECO,16.87,16.87
PANACEABIO,,
JAYAGROGN,11.99,11.99
ALPSINDUS,,
CUBEXTUB,23.74,23.74
MARICO,46.62,46.62
SILINV,13.13,13.13
REGENCERAM,,
BIOFILCHEM,118.23,118.23
KEYFINSERV,6.03,6.03
ZENITHEXPO,,
SUNDRMBRAK,68.88,68.88
SANGAMIND,41.52,35.92
MOTHERSON,20.79,20.79
SOMATEX,1.46,
VISAKAIND,,
AARTIDRUGS,20.95,20.95
STERTOOLS,18.04,18.04
CREST,10.86,10.86
INDIANCARD,1.78,12.55
HITECHGEAR,24.01,23.99
WENDT,42.12,42.12
DENORA,91.94,91.94
TVSSRICHAK,57.70,47.19
SHRIRAMFIN,12.79,14.49
SAGCEM,,
PUNJABCHEM,25.93,25.93
MIRZAINT,195.08,195.08
DYNAMATECH,50.61,99.85
GUJAPOLLO,29.98,29.98
GANESHHOUC,16.25,16.25
MMFL,13.18,13.24
JAGSNPHARM,26.61,38.12
ALKYLAMINE,47.23,47.23
JCHAC,87.39,84.51
MPHASIS,25.88,25.88
GUJRAFFIA,36.69,36.69
RUCHINFRA,,
ATLASCYCLE,3.98,3.98
RAMCOIND,23.59,23.59
KOTHARIPET,12.60,12.54
HERITGFOOD,18.42,18.04
INDRAMEDCO,20.65,20.65
BANKBARODA,5.02,5.02
BLUECHIP,,
MADRASFERT,5.52,5.69
GAIL,9.33,11.30
INDNIPPON,17.00,17.00
SKMEGGPROD,11.49,11.49
TCIFINANCE,,
BANKINDIA,5.33,5.33
CONCOR,30.07,29.46
DCMFINSERV,,
ICICIBANK,16.42,16.42
KCPSUGIND,7.76,10.34
HUDCO,12.60,12.60
INDSWFTLAB,2.12,122.82
SAREGAMA,45.26,45.26
FDC,22.68,22.68
ENGINERSIN,26.05,26.05
ADROITINFO,11.67,11.67
JAICORPLTD,25.12,25.12
ANTGRAPHIC,,
GMDCLTD,11.54,11.54
MAHAPEXLTD,12.28,14.80
INDUSINDBK,10.61,10.61
ASAHIINDIA,42.09,45.11
TRIGYN,8.30,8.04
J&KBANK,4.76,4.76
KOTHARIPRO,,
CUB,9.99,9.99
SOUTHBANK,4.93,4.93
ARCHIES,,
ASTRAZEN,188.36,83.33
ITDCEM,25.71,25.71
AXISBANK,10.99,10.99
CYIENT,20.40,20.40
SONATSOFTW,24.60,24.60
CYBERTECH,14.21,14.21
KOKUYOCMLN,82.62,82.62
GOACARBON,,
DHANBANK,22.16,22.16
SANGHVIMOV,12.43,12.43
STCINDIA,18.16,10.41
MANUGRAPH,,
RSSOFTWARE,8.73,8.73
VIPCLOTHNG,,
NATIONALUM,7.72,8.34
IVC,45.55,45.55
JINDALSTEL,21.67,21.67
ALEMBICLTD,16.34,16.34
NIPPOBATRY,2.42,2.42
ICDSLTD,64.09,64.09
BSOFT,20.19,20.19
HCLTECH,24.39,24.39
ACCELYA,19.70,19.75
STAR,17.07,16.33
HAVISHA,,
ZYDUSLIFE,19.10,19.10
GLENMARK,,
RAJESHEXPO,123.52,123.52
CINEVISTA,,
WOCKPHARMA,,
LCCINFOTEC,,
NRBBEARING,17.06,17.82
IOB,26.10,26.10
RAMCOSYS,,
GEPIL,53.29,53.29
BIL,41.51,41.51
HCL-INSYS,,
CREATIVEYE,,
KTKBANK,4.79,4.79
MAHLIFE,,
MUKTAARTS,,
BLBLIMITED,17.24,17.24
AJANTPHARM,34.07,34.07
BLUESTARCO,77.47,78.81
CALSOFT,30.54,30.54
TVSMOTOR,50.42,50.42
PNBGILTS,6.32,6.40
PNC,69.53,69.53
TAJGVK,32.80,32.80
NLCINDIA,13.32,13.32
REPRO,,
CHENNPETRO,21.69,21.69
AKSHOPTFBR,,
TTML,,
KRBL,13.25,13.25
HAVELLS,63.01,63.01
GAEL,15.17,15.17
USHAMART,24.16,24.16
AXISCADES,57.00,55.70
BALAJITELE,,
MRO-TEK,37.82,37.82
TIPSMUSIC,48.67,48.67
STLTECH,,
KHANDSE,33.60,33.60
HIKAL,59.24,59.24
TRIDENT,44.08,44.08
MARKSANS,24.51,24.51
ACLGATI,,
NEXTMEDIA,,
GOLDTECH,25.63,
SMARTLINK,11.85,11.85
GODREJCP,,52.43
SUVEN,,
JISLJALEQS,104.62,104.62
LUPIN,30.83,30.83
UNITDSPR,66.54,63.56
FEL,,
TCI,22.68,22.52
MPSLTD,35.25,35.25
BHARTIARTL,39.75,52.05
ASAL,39.58,39.58
OLECTRA,67.11,69.63
PONNIERODE,8.75,8.75
PNB,6.30,6.30
APTECHT,37.97,33.77
SURANAT&P,28.16,28.28
TIMESGTY,75.90,75.90
OFSS,28.88,28.88
UNIONBANK,5.30,5.30
NUCLEUS,15.42,15.42
CANBK,4.32,4.32
GENESYS,51.35,51.35
OMAXAUTO,4.91,
GODREJIND,24.42,24.42
DIVISLAB,70.86,70.86
RADICO,88.16,88.16
INDORAMA,,
MARUTI,25.55,25.55
VARDHACRLC,20.83,20.83
UCOBANK,18.46,18.46
BAGFILMS,42.79,42.79
JSL,20.31,20.30
NSIL,33.65,33.65
WELSPUNLIV,16.92,16.92
JAIBALAJI,15.72,15.72
TVSELECT,,
IGL,18.61,18.61
DREDGECORP,,
TVTODAY,11.43,10.98
UNIENTER,817.48,817.48
UPL,754.82,28.97
SIL,135.43,135.43
MUKANDLTD,14.02,14.02
PETRONET,11.84,11.84
PTC,7.32,7.17
VAIBHAVGBL,26.82,26.26
BIOCON,31.61,32.85
MAHABANK,6.66,6.66
POONAWALLA,125.67,125.67
XPROINDIA,55.08,52.89
RKFORGE,31.76,31.70
DATAMATICS,16.07,18.36
NDTV,,
CCL,28.54,28.54
JPASSOCIAT,,
EXCELINDUS,14.20,14.20
LT,26.69,26.80
APARINDS,28.68,28.68
AMBICAAGAR,6.60,6.60
CENTEXT,16.30,16.53
NIITLTD,32.63,32.63
ULTRACEMCO,47.95,47.74
TCS,26.08,26.08
COFORGE,56.21,56.81
TEXINFRA,,
GULFPETRO,8.11,8.11
GUFICBIO,41.73,41.73
INDSWFTLTD,1.14,1.14
ASTRAMICRO,48.35,48.35
WELENT,16.50,16.50
NTPC,14.66,14.66
SALSTEEL,,
KOTARISUG,16.70,21.73
JBMA,56.00,56.00
DWARKESH,,
INDOCO,,
IMPEXFERRO,,
SUPRAJIT,40.34,40.34
PATELENG,10.21,9.98
XCHANGING,21.01,21.01
JSWSTEEL,68.49,63.50
CONSOFINVT,5.24,5.24
JINDALPHOT,41.59,41.59
JPPOWER,7.16,5.76
EVEREADY,27.08,27.08
GOKEX,35.86,35.86
SAKSOFT,21.11,21.11
ALLDIGI,16.85,20.22
IIFL,15.89,6.40
MANGALAM,11.85,11.85
SHOPERSTOP,175.63,157.61
WELCORP,22.22,21.99
SSWL,4.17,12.94
CYBERMEDIA,,
SHAHALLOYS,,
SURYALAXMI,68.43,26.76
JKPAPER,7.99,7.99
PRIMESECU,18.52,20.01
63MOONS,,
GRANULES,23.87,23.87
JSWHL,110.13,110.13
VHL,,
GEOJITFSL,10.71,10.71
GENUSPOWER,37.04,37.04
YESBANK,23.62,23.62
MSPL,62.21,62.33
NECLIFE,34.59,34.59
SPLIL,10.14,10.14
MCLEODRUSS,,
GOLDIAM,35.58,35.58
RML,,
HTMEDIA,,
SASKEN,42.79,42.79
FCSSOFT,184.14,49.54
IMPAL,14.21,14.21
SUZLON,59.74,58.38
AURIONPRO,43.73,43.73
RENUKA,,
BASML,,
TRIVENI,37.08,37.08
AIAENG,28.41,28.43
NAHARINDUS,18.69,17.45
ORIENTCER,37.11,37.11
EKC,13.32,13.06
VIMTALABS,32.86,32.86
KERNEX,281.81,281.81
PVRINOX,,
CELEBRITY,,
NITINSPIN,10.25,10.25
ROHLTD,20.65,20.65
ENIL,73.32,73.32
GSPL,7.63,7.80
JAGRAN,9.81,9.81
GVKPIL,0.92,11.11
SADBHAV,,
SAKUMA,11.61,11.61
KEC,40.94,40.94
JKCEMENT,46.60,54.44
INDOTECH,33.80,33.80
M&MFIN,13.66,13.66
BLKASHYAP,19.89,21.64
VISASTEEL,,
NITCO,,
CENTURYPLY,74.01,71.88
KEI,47.01,47.00
SANWARIA,,
VAKRANGEE,233.13,221.96
SOLARINDS,69.68,69.68
GALLANTT,20.08,20.08
MALUPAPER,,
UTTAMSUGAR,10.78,10.78
SGL,,
KKCL,18.30,18.30
SUNTV,12.77,12.77
GPIL,12.80,12.80
RSYSTEMS,29.74,29.74
LOKESHMACH,53.90,53.90
BALPHARMA,17.43,17.43
SWELECTES,19.24,130.13
KAMDHENU,14.18,14.18
RATNAMANI,32.64,32.64
PIONEEREMB,22.07,22.07
JKLAKSHMI,28.75,28.75
PFOCUS,,
ALLCARGO,109.69,65.28
MUNJALAU,10.58,13.06
EMAMILTD,28.84,28.84
GMRAIRPORT,,
TECHM,38.62,38.71
GRINDWELL,43.64,43.64
RAMANEWS,,
VOLTAMP,29.70,29.70
SELAN,11.51,11.51
ACE,32.71,32.71
ANANTRAJ,39.34,39.34
HOVS,15.24,15.24
BINANIIND,6.33,
TALBROAUTO,13.03,18.25
ALICON,20.66,20.66
GEECEE,12.32,12.32
MADHUCON,,
JMFINANCIL,,10.65
INFOMEDIA,,
FIEMIND,18.70,18.70
JHS,,
DCBBANK,5.39,5.39
GLOBALVECT,,
INSPIRISYS,13.27,13.27
SHYAMTEL,,
GTLINFRA,,
SHIVAMAUTO,,
NAUKRI,104.04,106.32
AARVEEDEN,17.61,17.61
GESHIP,4.06,4.06
TORNTPOWER,26.49,26.49
MANALIPETC,51.62,45.60
SUTLEJTEX,,
LTFOODS,19.57,19.57
DONEAR,11.39,11.39
RUCHIRA,5.92,5.92
SOBHA,209.36,209.39
VENUSREM,10.94,13.67
JINDRILL,19.21,19.21
HIRECT,45.23,45.23
NFL,24.28,24.28
PLASTIBLEN,14.20,14.20
PRAENG,,
PARACABLES,16.37,16.37
HBLENGINE,43.43,40.88
TANLA,11.21,11.21
AVTNPL,19.29,19.29
ZEEMEDIA,,
SITINET,,
VEEDOL,18.86,18.13
LUMAXTECH,16.44,16.44
SARLAPOLY,10.06,10.06
PTL,14.40,14.40
WANBURY,13.08,31.31
AUTOIND,14.72,13.25
GANDHITUBE,12.51,12.51
PITTIENG,25.76,25.76
NETWORK18,,
UNOMINDA,56.47,58.12
IZMO,6.91,6.64
HUBTOWN,,
CTE,,
TIIL,21.84,21.25
ORIENTBELL,80.70,80.70
PGIL,29.52,29.59
REDINGTON,14.56,14.56
TTL,17.62,33.95
FSL,43.48,44.01
PFC,4.26,4.26
TFL,153.97,153.97
SMSPHARMA,25.49,25.49
INDIANB,6.60,6.60
ORIENTALTL,,
IDEA,,
PAGEIND,66.79,66.79
LAOPALA,24.19,24.19
RAJTV,,
AMDIND,77.33,77.33
JKTYRE,12.13,11.37
ASTRAL,67.22,67.22
EMBDL,,
NAHARSPING,,
NAHARPOLY,22.80,22.80
THEMISMED,40.11,40.11
NCLIND,20.76,18.13
BALAMINES,21.75,21.75
BANSWRAS,18.27,18.27
ICRA,31.84,31.84
DISHTV,,
PHOENIXLTD,41.29,41.71
AROGRANITE,,
NDLVENTURE,376.04,376.04
ZENITHSTL,11.87,11.87
BFUTILITIE,9.30,9.30
FORTIS,59.33,57.53
SRHHYPOLTD,9.79,9.37
ALPHAGEO,81.91,18.68
WEBELSOLAR,74.52,67.73
TGBHOTELS,,
HILTON,74.79,74.79
INSECTICID,12.49,12.50
KMSUGAR,8.02,8.02
NAVINFLUOR,73.24,73.24
TIMETECHNO,21.78,21.78
NAGREEKEXP,14.09,14.09
HGS,,
NELCAST,26.28,29.95
V2RETAIL,75.63,75.63
DLF,64.91,88.84
TARMAT,,82.18
SPARC,,
MEGASOFT,71.30,71.30
HDIL,,
ADSL,20.43,20.43
ALPA,8.12,8.12
OMAXE,,
CENTRALBK,10.43,10.43
ASIANTILES,,
TAKE,,
KPRMILL,33.79,33.79
CIEINDIA,17.92,17.92
PURVA,,
MOTILALOFS,10.44,10.44
INDOWIND,30.42,30.42
NAGREEKCAP,1.07,1.07
MAGNUM,10.15,15.55
KSCL,17.12,17.12
CENTUM,,
POWERGRID,15.18,15.18
MANGCHEFER,12.08,12.08
MAANALU,25.75,25.75
IL&FSENGG,,
DELTACORP,15.49,20.79
BAJAJELEC,65.70,65.70
ENERGYDEV,,117.84
CERA,29.37,29.37
RELIGARE,39.31,271.13
BVCL,29.82,29.82
ADANIPORTS,22.59,21.50
EDELWEISS,14.43,14.43
RGL,18.65,18.65
KOLTEPATIL,124.19,124.19
KAUSHALYA,2.48,2.48
COLPAL,44.48,44.48
JYOTHYLAB,32.96,32.96
MADHAV,400.88,400.88
KALYANIFRG,26.85,26.85
HITECHCORP,19.06,19.87
ECLERX,24.51,24.51
TARIL,71.37,71.37
BRIGADE,36.10,36.10
BGRENERGY,,
MANAKSIA,6.59,5.07
DVL,12.88,12.88
PATINTLOG,13.06,13.06
PPAP,,
ARIES,9.57,9.57
AMBIKCO,11.28,11.28
CEATLTD,21.60,19.83
BIRLAMONEY,9.53,9.53
RPOWER,5.52,
JKIL,13.00,13.00
CORDSCABLE,16.21,16.21
KNRCON,4.61,4.57
HERCULES,21.74,21.74
ONMOBILE,,
SEPC,95.57,58.04
BANG,,
IRB,3.82,26.93
NMDC,8.46,8.43
GSS,17.33,17.33
NAHARCAP,11.99,11.99
RECLTD,6.51,6.51
VGUARD,45.66,45.66
DHANI,,
NESCO,15.75,15.75
DPSCLTD,73.31,73.31
TITAGARH,30.44,30.27
KIRIINDUS,,
BAJAJFINSV,16.94,16.94
BAJAJ-AUTO,25.50,25.50
DIGISPICE,23.22,43.44
GOKUL,46.97,46.97
RPGLIFE,43.82,39.89
ALMONDZ,48.54,48.54
RBL,11.39,11.13
RANEENGINE,49.28,20.59
ARCHIDPLY,,
LOTUSEYE,233.87,244.82
VINYLINDIA,18.12,18.12
UBL,118.67,114.95
LPDC,,
ZFCVINDIA,47.00,47.00
20MICRONS,10.32,10.20
JOCIL,57.34,57.34
ALKALI,,
COUNCODOS,81.66,81.66
TPHQ,21.60,21.60
FELDVR,,
MAWANASUG,3.36,8.21
AJMERA,23.48,23.48
MHRIL,42.83,42.83
GKWLIMITED,,
VINATIORGA,41.46,41.46
EXCEL,39.10,39.10
ADANIPOWER,14.46,14.46
NHPC,23.74,23.74
GLOBUSSPR,150.73,150.73
OIL,7.82,7.83
EXPLEOSOL,14.70,14.70
RTNPOWER,0.44,37.27
AMRUTANJAN,35.24,35.24
SUNTECK,27.19,27.19
ZYDUSWELL,30.03,30.59
DEN,6.89,6.89
ASTEC,,
SHILPAMED,66.17,68.90
SARDAEN,24.15,24.12
REFEX,34.23,34.28
GILLANDERS,7222.54,
AHLUCONT,14.15,25.53
DLINKINDIA,12.88,12.88
JSWENERGY,44.52,44.52
GODREJPROP,39.41,39.41
DBCORP,8.22,8.22
HINDCOPPER,48.59,48.59
BEARDSELL,13.41,13.41
MMTC,74.46,70.68
NESTLEIND,63.10,65.98
TRF,12.07,12.07
WHIRLPOOL,36.85,35.34
UNITEDTEA,10.37,10.37
MBLINFRA,1.96,
JUBLFOOD,103.29,173.11
VASCONEQ,7.01,15.76
THANGAMAYL,45.83,45.83
EMMBI,18.70,18.70
DBREALTY,,
HATHWAY,30.94,30.50
ORIENTLTD,,
ARSSINFRA,42.58,42.58
TEXMOPIPES,28.25,10.25
MANINFRA,18.33,18.33
IL&FSTRANS,,
LGBBROSLTD,13.18,13.70
PERSISTENT,60.85,60.85
ISFT,12.92,12.92
GOENKA,,
KIRLOSBROS,28.93,28.61
KSL,18.61,18.61
SJVN,32.49,35.48
SUNDARAM,,
KIRLOSIND,12.05,11.43
MANAPPURAM,8.49,8.49
UMESLTD,105.04,105.04
TI,23.71,22.72
HMVL,13.69,13.69
IMFA,8.42,8.42
BLISSGVS,18.46,7.91
EMAMIREAL,,
AHLEAST,8.32,8.32
IITL,16.98,17.61
BAJAJCON,16.74,16.74
UGARSUGAR,,
PRAKASHSTL,3.28,89.38
GPPL,18.87,17.32
ADFFOODS,34.12,34.12
WELINV,64.96,64.96
KILITCH,27.94,27.94
ORISSAMINE,653.37,653.37
DEEPAKNTR,33.84,36.82
SASTASUNDR,,7.75
CAREERP,9.63,9.63
GREENPOWER,55.72,54.30
RAMKY,10.60,10.60
CANTABIL,28.61,29.10
WABAG,30.13,29.74
ASHOKA,3.10,3.26
BEDMUTHA,16.95,16.95
JWL,31.85,31.85
OBEROIRLTY,21.43,21.43
PRESTIGE,63.86,63.86
SHAH,6.39,35.49
CGCL,34.68,34.68
RESPONIND,27.15,27.15
COALINDIA,6.60,6.60
IOLCP,19.05,19.05
GRAVITA,41.10,41.10
JINDWORLD,84.47,84.47
PENIND,18.80,18.80
RPPINFRA,6.96,6.96
JAMNAAUTO,15.30,15.30
MOIL,16.91,16.91
ZEELEARN,1.23,5.59
A2ZINFRA,23.88,
KIRLOSENG,17.17,18.04
RKDL,37.51,37.51
PSB,31.60,31.60
SURANASOL,245.51,245.51
SHEKHAWATI,0.50,5.29
BFINVEST,,
KICL,21.46,28.46
SUMMITSEC,17.80,16.02
STEL,45.40,45.40
OMKARCHEM,,
HINDMOTORS,16.41,16.41
TEXRAIL,25.49,25.49
HFCL,31.64,31.64
INDTERRAIN,,
DHUNINV,9.04,9.07
LOVABLE,,
PFS,11.39,11.39
MUTHOOTFIN,16.97,16.97
VADILALIND,21.69,21.69
SYMPHONY,42.35,32.35
PIIND,27.24,27.24
RELAXO,59.19,59.19
OMINFRAL,42.36,42.36
VSTTILLERS,23.70,23.78
ESTER,,
DELPHIFX,118.17,11.94
KARMAENG,,
ASHIANA,198.48,150.49
DHANUKA,19.07,19.07
MAITHANALL,3.08,3.08
RUSHIL,15.72,15.72
INVENTURE,13.00,11.96
ELGIRUBCO,28.82,
LTF,13.53,13.53
WINDMACHIN,,
YAARI,,
BODALCHEM,108.51,89.93
GAYAPROJ,,
WINSOME,,
TREEHOUSE,,
ASAHISONG,31.75,31.29
FILATEX,13.46,13.46
BROOKS,137.69,137.69
TDPOWERSYS,33.39,33.39
APLLTD,25.84,26.27
VASWANI,11.13,11.13
PGEL,110.18,110.18
PANAMAPET,10.61,10.61
SETUINFRA,,
TIJARIA,,
PAISALO,17.66,17.69
ONELIFECAP,,
FLEXITUFF,,
SHAKTIPUMP,24.59,24.59
TRITURBINE,45.57,45.57
INDOTHAI,155.56,155.56
ESSARSHPNG,0.77,50.53
DSSL,18.65,18.65
JISLDVREQS,1.46,1.46
POLYMED,69.80,69.80
RUPA,19.60,18.92
VIKASECO,27.52,27.52
APLAPOLLO,62.37,62.37
KANANIIND,44.22,44.22
MINDACORP,44.67,44.67
DBSTOCKBRO,19.13,19.13
IRFC,22.91,22.91
COMPUSOFT,172.84,172.84
RHIM,,30.38
SCHNEIDER,68.36,72.91
NDL,9.18,9.18
NBCC,39.03,34.53
MTEDUCARE,,
HEXATRADEX,,
TBZ,15.17,15.17
VSSL,15.22,15.22
SWANENERGY,14.09,14.09
SPECIALITY,26.63,26.63
CINELINE,,
SAMPANN,,
RTNINDIA,15.74,15.74
PROZONER,,
MORARJEE,,
THEJO,34.24,34.24
KITEX,26.04,26.04
MAYURUNIQ,14.30,14.30
ROSSELLIND,9.48,9.42
DUCON,13.44,13.44
TVSHLTD,7.18,7.18
ZUARI,4.47,4.47
VETO,11.29,11.29
CARERATING,28.26,28.26
PCJEWELLER,17.28,17.28
INDUSTOWER,8.62,8.62
VMART,,
ANKITMETAL,,
MOHITIND,,
REPCOHOME,4.68,4.68
NIBL,,
VIVIDHA,,
JUSTDIAL,12.91,12.91
CEREBRAINT,,
ATULAUTO,68.99,68.99
ORIENTCEM,57.22,57.22
ABFRL,,
SAMMAANCAP,,
ESSENTIA,25.40,25.40
FLFL,,
PILITA,60.51,60.51
LYPSAGEMS,,
MITCON,11.78,11.78
ORBTEXP,11.62,11.62
JPOLYINVST,18.11,18.11
SREEL,23.82,23.82
NATHBIOGEN,7.16,7.30
AGRITECH,139.89,139.89
SECURKLOUD,,
SANCO,,
CASTROLIND,23.69,23.69
SDBL,22.22,22.22
IREDA,25.34,25.34
BUTTERFLY,270.22,187.37
WONDERLA,32.84,32.84
AGARIND,10.64,10.64
HATSUN,67.64,67.64
CAPLIPOINT,26.60,26.61
GOCLCORP,9.73,8.94
GULFOILLUB,15.64,15.64
SNOWMAN,190.43,190.43
SHARDACROP,19.49,19.49
SUPERHOUSE,15.56,32.51
SHEMAROO,,
CIGNITITEC,23.31,22.89
PDSL,26.17,26.64
INTELLECT,33.58,33.60
MONTECARLO,15.39,15.39
GOODLUCK,13.01,13.01
FCL,21.00,21.00
DTIL,,
CAMLINFINE,,
GULPOLY,39.13,39.13
APOLSINHOT,45.68,45.68
CCHHL,168.57,168.57
LAMBODHARA,13.55,13.55
GRPLTD,53.69,49.39
GENUSPAPER,122.72,122.72
MOLDTKPAC,23.79,23.79
GREENLAM,53.01,53.01
VISHNU,22.90,22.90
GANECOS,32.85,32.85
LINC,16.43,16.43
MENONBE,21.99,21.99
HESTERBIO,39.92,39.92
JMA,7.33,7.33
ORTEL,,
MANAKALUCO,22.87,22.87
MANAKSTEEL,31.75,27.12
MANAKCOAT,36.63,38.79
ZENTEC,43.55,43.92
IMAGICAA,47.79,42.85
INOXWIND,65.68,59.94
LFIC,5.97,5.97
BYKE,50.32,50.32
AVANTIFEED,19.69,19.69
VIPULLTD,0.71,0.70
VRLLOG,30.10,30.10
MEP,,
PRIVISCL,36.19,36.19
UFO,19.27,19.80
TPLPLASTEH,25.36,25.36
NILAINFRA,15.56,15.56
ARROWGREEN,12.02,12.02
PNCINFRA,5.72,5.72
SKIPPER,35.70,35.70
ALANKIT,18.20,18.20
ORICONENT,109.45,103.52
SHYAMCENT,,
BALKRISHNA,,
ADANIENSOL,131.81,34.71
SYNGENE,52.51,55.37
AYMSYNTEX,36.73,58.75
EMKAYTOOLS,4.06,4.06
KAYA,,
RAMASTEEL,66.13,66.13
AURUM,,
PKTEA,27.59,27.59
MUTHOOTCAP,8.66,8.66
SATIN,5.51,5.51
ARVSMART,26.27,26.27
POWERMECH,19.17,19.15
SHARDAMOTR,14.30,14.30
NAVKARCORP,,
SHREEPUSHK,17.97,17.97
GUJGASLTD,20.13,20.85
SADBHIN,,
AHIMSA,,
IDFCFIRSTB,21.60,21.60
COFFEEDAY,,16.27
INDIGO,29.20,29.20
SHK,366.95,15.52
PERFECT,21.63,21.63
BALAXI,11.32,11.76
LUXIND,22.39,22.39
TTKHLTCARE,19.34,23.64
UMANGDAIRY,24.20,24.20
SALZERELEC,22.96,22.96
PILANIINVS,22.46,22.46
KRIDHANINF,1.06,129.74
LINCOLN,12.14,12.14
LALPATHLAB,47.22,47.22
ALKEM,25.11,25.00
NH,40.65,40.65
OCCL,8.31,8.31
PRECAM,93.01,108.13
TEAMLEASE,31.43,31.43
QUICKHEAL,69.02,69.02
HITECH,32.78,32.78
VIDHIING,49.12,49.12
BHAGERIA,22.66,22.66
NECCLTD,17.48,17.48
KELLTONTEC,12.94,12.94
SEQUENT,158.57,169.64
GOKULAGRO,14.96,14.96
SIMBHALS,5.96,5.96
KDDL,23.97,23.95
PDMJEPAPER,8.24,8.24
HCG,110.66,115.77
HECPROJECT,26.41,26.41
WEALTH,17.78,17.40
BHARATWIRE,12.32,12.32
INFIBEAM,22.99,22.99
PALREDTEC,,
THYROCARE,33.17,33.12
CROMPTON,40.06,40.06
SAGARDEEP,46.62,46.62
PARAGMILK,17.07,17.07
SHRIPISTON,15.40,15.40
UNITEDPOLY,20.28,20.28
ARMANFIN,14.59,14.59
ALBERTDAVD,11.61,11.61
BLS,29.50,29.50
ASPINWALL,10.59,10.59
NAGAFERT,0.16,0.16
SALONA,16.71,16.71
PREMEXPLN,56.08,56.08
CONTROLPR,20.69,20.69
INCREDIBLE,14.38,14.38
SETCO,,
DAMODARIND,18.11,18.11
MGL,11.47,11.47
MOLDTECH,16.58,16.58
POKARNA,24.63,24.63
COMPINFO,0.53,0.53
VIJIFIN,,
GPTINFRA,16.21,16.21
QUESS,22.53,22.05
GROBTEA,5.87,5.87
SOMICONVEY,23.54,23.54
LLOYDSENGG,59.87,59.87
LTIM,30.35,30.35
GATECH,15.61,15.61
MINDTECK,20.19,19.16
ADVENZYMES,21.71,20.22
DBL,11.66,20.58
SPAL,18.99,18.99
NDGL,31.05,29.95
RBLBANK,9.44,9.44
BIGBLOC,70.99,70.99
MBAPL,58.92,58.92
CUPID,17.91,17.91
LTTS,37.34,37.34
GNA,12.65,12.65
CROWN,10.21,32.48
ICICIPRULI,81.29,81.29
MARATHON,12.09,12.09
HPL,33.39,33.39
JAIPURKURT,11.34,11.34
MASKINVEST,,
SAKAR,38.47,38.34
AURDIS,9.00,9.00
PANSARI,78.49,78.49
DRL,24.38,24.38
ARTNIRMAN,76.62,76.62
ENDURANCE,31.13,31.13
GICL,80.31,80.31
MAZDA,15.65,15.65
PNBHOUSING,11.19,11.19
VBL,61.24,61.24
KINGFA,23.05,23.05
AGROPHOS,808.14,808.14
PODDARMENT,11.26,11.26
ROLLT,,
NBIFIN,72.18,72.18
KIOCL,,
JETFREIGHT,8.98,8.99
SFL,55.16,94.00
HEADSUP,,
TCIEXP,25.88,25.88
LAURUSLABS,150.19,150.19
TERASOFT,29.39,29.29
ITDC,60.08,60.02
HISARMETAL,23.86,23.86
LIBAS,5.59,5.59
CAPTRUST,72.80,72.80
MAHESHWARI,12.67,12.67
BHANDARI,16.88,16.88
BSE,71.42,71.42
MCL,15.50,15.50
PRICOLLTD,28.58,28.58
STEELCITY,7.89,7.89
JITFINFRA,25.10,44.61
KRISHANA,19.48,19.48
GLOBAL,9.81,9.81
NITIRAJ,25.64,25.64
SANGINITA,302.28,302.28
AKASH,27.53,27.53
RADIOCITY,47.40,47.40
DMART,81.55,81.55
TASTYBITE,98.45,98.45
INTENTECH,12.91,12.91
AIRAN,11.16,11.16
AKSHARCHEM,,
ARIHANTSUP,24.84,24.84
URJA,374.39,374.39
LAXMICOT,174.66,208.85
CLEDUCATE,57.57,53.04
EIFFL,156.77,156.77
NRAIL,9.45,9.45
SHANKARA,18.13,18.13
NACLIND,,
APCL,,
CREATIVE,16.30,16.30
WIPL,80.94,80.94
FOCUS,20.45,20.45
DEVIT,14.22,14.22
SIKKO,28.45,28.45
MKPL,21.80,21.80
DOLLAR,22.58,22.72
PANACHE,114.07,49.13
INFOBEAN,19.96,19.96
SCHAND,11.92,11.92
ZOTA,,
BHAGYANGR,19.85,19.85
PSPPROJECT,36.16,36.16
VSCL,57.16,57.16
STARCEMENT,65.06,65.06
GLOBE,11.49,12.51
TEJASNET,19.34,19.34
ERIS,46.19,46.19
CDSL,42.30,42.30
GTPL,21.84,21.84
AUBANK,20.69,20.05
ACEINTEG,38.90,38.90
SHRENIK,,
DYNPRO,22.00,22.00
STEELXIND,24.61,24.61
SALASAR,30.67,30.67
UNIVASTU,0.00,0.00
AVADHSUGAR,10.65,10.65
PALASHSECU,,
MAGADSUGAR,7.90,7.90
GANGESSECU,24.09,24.09
THEINVEST,22.84,22.84
SHANTI,,
TOTAL,49.68,49.68
GTECJAINX,,
OPTIEMUS,64.81,64.81
WEWIN,28.50,28.50
SIS,22.63,22.63
COCHINSHIP,41.55,41.55
SMSLIFE,14.54,14.54
VAISHALI,345.93,345.93
LEXUS,,
GEEKAYWIRE,10.18,10.18
SERVOTECH,88.13,88.13
ABCAPITAL,11.71,11.71
APEX,412.87,412.87
PASHUPATI,178.97,178.97
BRNL,2.68,2.68
DIXON,100.48,127.03
DCAL,,
LASA,,
MATRIMONY,23.41,23.41
CHOLAHLDNG,6.66,6.66
CAPACITE,13.99,13.99
ICICIGI,65.32,65.32
WORTH,12.58,12.58
MPTODAY,5.34,5.36
SBILIFE,57.91,57.91
CADSYS,,
DPWIRES,12.48,12.48
AARVI,14.28,14.28
DIAMONDYD,,176.71
TIRUPATI,94.46,94.46
AIROLAM,84.21,84.21
RKEC,6.82,6.82
GATECHDVR,3.63,3.63
GOLDSTAR,77.06,77.06
JASH,38.13,38.10
CMMIPL,,
BETA,37.62,37.62
TIRUPATIFL,40.34,40.34
OMFURN,24.91,24.91
GODREJAGRO,40.42,40.42
TCPLPACK,29.97,29.97
MILTON,100.77,100.77
MASFIN,13.98,13.98
IEX,34.39,34.39
DPABHUSHAN,29.23,29.23
GICRE,8.92,8.92
TIINDIA,45.16,44.97
NAM-INDIA,24.75,24.75
MAHLOG,,
NIACL,23.58,23.58
IFGLEXPOR,26.02,26.02
KHADIM,94.35,94.35
5PAISA,16.00,16.00
HDFCLIFE,75.97,75.97
AISL,19.93,19.93
VERTOZ,32.63,32.63
PULZ,11.00,11.00
SILVERTUC,41.92,41.92
ZODIAC,38.32,38.32
FELIX,34.53,34.53
ICEMAKE,43.26,43.26
DNAMEDIA,0.46,
SHRADHA,12.35,12.35
SHALBY,66.91,66.91
FSC,,
TOUCHWOOD,18.26,18.26
ONEPOINT,39.51,39.51
SMVD,0.83,
SHIVATEX,22.81,22.81
ASTRON,,
AJOONI,45.20,45.20
MOKSH,12.01,12.01
BCONCEPTS,66.19,66.19
SILLYMONKS,39.53,39.53
APOLLO,61.90,61.90
NEWGEN,43.04,43.04
AMBER,77.52,77.52
PRAXIS,,
SOLEX,36.15,36.15
SRPL,,
GALAXYSURF,25.04,25.04
SINTERCOM,315.54,315.54
MHHL,10.72,10.72
SOUTHWEST,32.57,34.31
SHIVAMILLS,,
ARVEE,68.45,68.45
ASTERDM,64.88,61.49
BANKA,,
GMMPFAUDLR,44.79,44.79
HGINFRA,12.00,12.00
HINDCON,33.56,33.56
SARVESHWAR,26.77,26.77
UNIINFO,,
MACPOWER,26.94,26.94
TARACHAND,18.36,18.36
BDL,68.00,68.00
MDL,40.02,38.91
SUNDARMHLD,24.91,24.91
BANDHANBNK,9.56,9.56
HAL,25.57,25.58
URAVIDEF,267.90,267.90
MITTAL,34.94,42.90
SANDHAR,15.37,16.13
ISEC,12.48,12.48
KAPSTON,30.22,30.22
CENTRUM,,
MIDHANI,45.70,45.70
CONTI,17.79,
LEMONTREE,45.17,45.17
AVG,8.74,13.03
MMP,19.20,19.20
NARMADA,15.37,15.37
PIGL,23.46,23.46
CHEMFAB,140.34,140.34
BSHSL,53.84,53.84
MAHICKRA,44.11,44.11
AAKASH,15.66,15.66
GODHA,14.37,14.37
ORIENTELEC,65.37,65.37
E2E,101.44,101.44
INDOSTAR,34.68,34.68
BORORENEW,,
SIRCA,30.10,30.10
SUULD,,
SVLL,372.90,372.90
LATTEYS,58.85,58.84
DIL,7.30,7.51
SONAMLTD,27.76,27.76
ADANIGREEN,79.57,68.36
OSWALSEEDS,,
PRITI,21.32,21.32
ACCURACY,9.43,9.43
SOLARA,,
GAYAHWS,,1.02
FINEORG,26.71,26.69
RITES,23.66,23.71
VARROC,66.65,32.60
GANGAFORGE,94.98,96.54
REPL,24.38,24.38
HBSL,,
AVROIND,50.20,50.20
HDFCAMC,33.43,33.43
UCL,,
CREDITACC,16.35,16.35
AARON,46.70,46.70
SIGIND,11.07,11.07
DANGEE,,
SUMIT,25.87,25.87
LAGNAM,14.95,14.95
RPPL,12.64,12.64
AKG,50.06,50.06
IRCON,19.01,19.01
AHLADA,9.05,9.05
SPECTRUM,120.97,120.97
RAJMET,,
AAVAS,23.59,23.59
KSHITIJPOL,,15.06
GRSE,36.67,36.67
KRITIKA,17.92,17.92
SILGO,20.48,20.48
VINNY,13.38,13.38
BBTCL,,
MARINE,55.00,55.20
IRISDOREME,30.33,30.33
ATGL,91.91,91.91
TECHNOE,33.96,33.96
UNIPARTS,15.06,15.06
SHRIRAMPPS,17.75,17.75
TREJHARA,18.59,717.61
NILASPACES,34.30,34.30
AWHCL,17.05,17.05
DALBHARAT,54.95,46.78
RPSGVENT,44.55,8.32
SPENCERS,,
SURANI,63.90,63.90
XELPMOC,,
CHALET,161.47,161.47
MSTCLTD,7.48,14.98
OSIAHYPER,13.08,13.08
MINDPOOL,166.64,166.64
ANUP,42.46,42.46
ARVINDFASN,34.68,34.68
PAR,7.53,7.53
KHFM,40.56,40.56
RVNL,55.98,55.98
POLYCAB,39.57,39.57
METROPOLIS,54.16,54.16
KPITTECH,43.10,43.10
SWSOLAR,182.69,182.69
NEOGEN,92.19,92.19
VIKASLIFE,,
EMAMIPAP,11.43,11.43
VCL,,
CONFIPET,22.02,22.26
PPL,9.63,9.63
INDIAMART,22.66,22.66
ATMASTCO,36.61,36.61
OAL,22.20,22.20
SEYAIND,,
DCMNVL,53.59,156.79
SATIA,5.69,5.69
WEL,169.01,169.01
AFFLE,55.09,55.09
CHEMCON,28.56,28.56
SPANDANA,,
WESTLIFE,942.94,942.94
DOLATALGO,5.18,5.18
HNDFDS,59.68,59.68
UJJIVANSFB,6.27,6.27
MAZDOCK,33.37,33.37
IRCTC,43.44,43.71
SECL,134.57,134.57
SAFARI,66.50,66.50
DCI,22.75,22.75
360ONE,37.93,35.70
IIFLCAPS,8.15,8.15
HPIL,95.98,95.98
SAMHI,65.15,70.06
VISHWARAJ,,
FLUOROCHEM,85.24,85.24
GREENPANEL,40.07,40.07
KUANTUM,7.42,7.42
RBA,,
APOLLOPIPE,45.94,45.94
CHEMBOND,17.73,18.25
MGEL,17.54,15.98
ROUTE,16.82,17.12
SBICARD,38.84,38.84
HOMEFIRST,24.86,24.86
SIGMA,14.43,14.43
CSBBANK,8.59,8.59
EQUITASBNK,20.45,20.45
EASEMYTRIP,49.33,26.69
ROSSARI,25.42,25.42
HINDWAREAP,,
PRINCEPIPE,40.82,40.82
ESAFSFB,,
LIKHITHA,14.90,14.90
PARKHOTELS,40.36,40.36
ARTEMISMED,40.85,40.85
PATANJALI,54.59,54.59
SUMICHEM,45.61,45.61
LGHL,92.74,92.81
ATALREAL,29.50,29.50
ASALCBR,27.27,27.27
MAHEPC,127.49,123.95
UNIVPHOTO,6.91,6.91
ALOKINDS,,
BARBEQUE,,
BAFNAPH,41.29,38.12
SUVENPHAR,106.02,106.02
POWERINDIA,164.63,164.63
STOVEKRAFT,59.62,59.62
BHARTIHEXA,51.64,61.33
KSOLVES,23.94,23.94
RAJRATAN,25.15,25.15
HAPPSTMNDS,46.08,48.06
AARTISURF,37.14,72.91
GLAND,35.61,35.61
BOROLTD,55.92,55.92
NDRAUTO,33.88,33.88
MAXHEALTH,95.29,90.62
PAVNAIND,41.32,41.32
AAATECH,38.45,38.45
KALYANKJIL,71.39,71.39
MAXIND,,
BTML,27.36,27.36
SHAREINDIA,9.03,9.03
UNIDT,32.42,32.42
SIGACHI,18.14,18.14
ANGELONE,13.59,13.59
ADL,165.74,165.74
NIRAJ,15.26,14.35
VALIANTORG,,
CAMS,34.08,34.08
SURYODAY,5.51,5.51
ROML,43.73,43.73
UTIAMC,13.56,13.56
RAILTEL,34.20,32.33
HEMIPROP,,
BECTORFOOD,56.96,56.96
KHAICHEM,,
ORCHPHARMA,42.76,42.76
SUBEXLTD,,
NURECA,,
INDIGOPNTS,33.82,33.82
HERANBA,21.53,21.53
LXCHEM,35.39,35.39
TARC,,
RVHL,,
MTARTECH,89.26,89.26
FAIRCHEMOR,33.45,33.45
ANURAS,58.33,58.33
KANPRPLA,22.22,22.22
ISGEC,27.79,27.79
STYLAMIND,20.51,20.38
PAKKA,20.46,20.46
CLSEL,13.10,13.10
PARTYCRUS,14.21,14.21
CARYSIL,22.89,22.89
SHAILY,87.29,87.29
MODISONLTD,19.00,19.27
FIBERWEB,8.66,8.66
BCLIND,11.03,11.03
BHAGCHEM,166.07,166.07
SBCL,30.17,30.17
AADHARHFC,18.89,18.89
SMCGLOBAL,5.63,5.63
QMSMEDI,16.43,16.43
NPST,91.56,91.56
ARIHANTCAP,8.69,9.03
SIDDHIKA,13.77,13.77
NAZARA,107.59,106.42
IPL,22.92,22.92
GENCON,12.22,12.22
LODHA,44.39,44.39
HLEGLAS,34.41,34.41
BESTAGRO,32.22,32.22
VMARCIND,17.26,17.26
SONACOMS,50.48,49.42
UTKARSHBNK,13.52,13.52
DRCSYSTEMS,16.78,16.78
PARAS,69.77,69.77
CRAFTSMAN,53.10,51.23
DODLA,26.76,26.76
EXXARO,,
JUBLINGREA,46.55,46.52
ROLEXRINGS,26.73,22.22
ORTINGLOBE,,
SHYAMMETL,22.24,22.24
KIMS,54.02,54.02
SUVIDHAA,,
MAKS,88.04,37.37
JSFB,6.49,6.49
TATVA,114.78,114.78
CLEAN,48.32,48.32
ALIVUS,28.34,28.34
ABSLAMC,19.18,19.18
DEEPINDS,16.45,16.50
ZOMATO,331.30,331.30
CHEMPLASTS,,
BEWLTD,13.57,13.57
PIXTRANS,17.15,17.15
MEDIASSIST,32.82,32.82
WINDLAS,30.27,30.27
CARTRADE,60.10,60.10
KRSNAA,30.31,30.31
EQUIPPP,,
DEVYANI,,1515.82
APTUS,21.40,21.40
SUPRIYA,27.79,27.79
ANMOL,9.53,9.53
BMETRICS,14.75,14.75
ABCOTS,53.50,53.50
VIJAYA,71.72,71.72
AMIORG,76.12,75.96
IWEL,33.71,32.16
VINEETLAB,,
MOL,,
SANSERA,33.23,33.23
BAJAJHCARE,,46.37
PRITIKAUTO,13.58,13.58
AAREYDRUGS,18.30,18.30
GRINFRA,8.10,10.23
INTLCONV,4.92,4.92
PAYTM,,
STEELCAS,26.36,26.36
HPAL,21.31,21.31
UGROCAP,10.57,10.57
STARHEALTH,26.78,26.78
KPIGREEN,28.54,28.31
YUKEN,39.78,39.78
SGIL,33.49,33.49
ANANDRATHI,118.62,118.62
SJS,23.64,23.64
FINOPB,17.84,17.84
POLICYBZR,267.56,312.30
NYKAA,718.06,718.06
AWL,27.32,27.32
MONARCH,15.36,15.36
SAPPHIRE,614.03,358.81
DKEGL,9.79,9.79
QUADPRO,14.32,14.32
PRUDENT,36.76,36.76
EPIGRAL,21.29,21.29
NUVOCO,,
GOCOLORS,45.20,45.20
NGIL,,
TRACXN,,
CMSINFO,19.84,19.84
FUSION,,
COASTCORP,,
TARSONS,52.78,52.78
MEDPLUS,65.59,65.59
TEGA,46.34,46.34
RATEGAIN,28.25,28.25
MANORG,34.01,34.01
LATENTVIEW,46.18,46.18
METROBRAND,76.25,76.25
PVSL,31.15,31.15
MICEL,22.80,22.80
PASUPTAC,9.68,9.68
FOODSIN,29.59,29.59
PARADEEP,18.79,18.79
JAINAM,27.03,27.03
MAPMYINDIA,64.93,64.93
ABMINTLLTD,267.90,267.90
3IINFOLTD,,
TMB,5.71,5.71
KRITI,166.27,166.27
DYNAMIC,20.92,20.97
MANYAVAR,49.38,49.38
GANESHBE,11.16,11.16
GVPTECH,57.07,57.07
KOTYARK,17.50,17.50
MEDICAMEQ,91.41,91.41
EMIL,28.73,28.73
SHIVALIK,52.33,52.33
PRECISION,11.04,11.04
UMAEXPORTS,16.96,16.67
DATAPATTNS,44.19,44.19
JSLL,48.49,48.49
MEDANTA,64.05,64.05
AHL,10.43,10.43
MALLCOM,18.19,18.19
NIDAN,,9.44
IRIS,49.57,49.57
ASIANENE,37.28,35.37
DIGJAMLMTD,,
SMLT,35.95,35.95
NRL,26.88,26.88
RADIANTCMS,13.38,13.38
GPTHEALTH,20.91,20.91
CHOICEIN,62.94,62.94
EUROBOND,23.37,23.37
SELMC,,
HARIOMPIPE,17.39,17.39
GRWRHITECH,29.70,29.70
CAPITALSFB,9.41,9.41
DELHIVERY,744.88,414.28
DCMSRIND,11.88,11.88
VERANDA,,
RAJRILTD,,
EMUDHRA,80.06,80.06
DYCL,26.19,26.19
FIVESTAR,19.90,19.90
STARTECK,23.81,23.81
VIRINCHI,35.22,35.22
SBC,34.63,34.63
DHRUV,28.45,28.45
ELDEHSG,23.76,23.76
RICHA,15.14,15.14
ELIN,35.69,35.69
SHIGAN,16.93,16.93
TIMESCAN,7.84,7.84
MADHAVBAUG,25.80,25.80
SEJALLTD,43.39,43.39
MHLXMIRU,13.98,13.98
LOYALTEX,,
RELCHEMQ,43.09,43.09
GATEWAY,4.75,12.33
SYRMA,47.86,47.32
ZIMLAB,26.52,26.52
UDAICEMENT,,
JTLIND,27.69,27.69
CAMPUS,66.72,66.72
RAINBOW,54.74,54.74
TBOTEK,62.63,63.60
VENUSPIPES,28.31,28.31
AETHER,114.09,67.18
ROTO,35.65,35.65
SPRL,12.12,12.12
MEGASTAR,71.55,71.55
GSTL,31.86,31.86
INDOBORAX,11.08,11.08
LANDMARK,65.22,
RACE,73.57,73.57
AVONMORE,18.41,18.41
ETHOSLTD,65.48,65.48
DREAMFOLKS,19.29,19.29
AGSTRA,,
SONUINFRA,13.80,13.80
MSUMI,33.95,33.95
KNAGRI,15.83,15.83
LEMERITE,210.97,210.97
DHARMAJ,17.59,17.59
HARSHA,27.80,27.80
KRISHIVAL,39.21,39.21
OBCL,103.73,103.73
GMRP&UI,3.79,
KCK,178.43,178.43
LICI,10.77,10.77
INDOAMIN,15.54,15.54
KRISHNADEF,42.61,42.61
BOHRAIND,,
PROPEQUITY,17.14,17.14
TVSSCS,,
SWARAJ,15.25,15.25
INOXGREEN,127.83,127.83
FEDFINA,14.84,14.84
ACI,38.13,32.45
BIKAJI,62.56,62.56
RITCO,18.50,18.50
SADHNANIQ,188.38,188.38
SURAJEST,14.26,14.26
VEEKAYEM,24.79,24.79
SKP,346.80,346.80
RILINFRA,16.96,16.96
HARDWYN,46.80,46.80
CHEVIOT,9.39,9.39
MUKKA,16.14,16.14
HMAAGRO,20.33,20.33
MWL,13.84,13.84
MEDICO,51.18,51.18
CMRSL,8.82,7.12
KFINTECH,46.84,46.84
YATHARTH,27.08,27.08
DCXINDIA,51.01,51.01
YATRA,41.22,41.22
AKSHAR,,
KAYNES,100.14,100.14
NGLFINE,18.93,18.93
SABAR,3.38,3.38
SWASTIK,32.26,32.26
FIDEL,22.04,22.04
AXITA,45.89,48.95
PLAZACABLE,138.29,138.29
SENCO,36.41,36.41
TRU,13.93,13.93
RADHIKAJWE,16.74,16.74
TIPSFILMS,,
SPLPETRO,24.93,24.93
RAMRAT,28.85,28.85
VIVIANA,46.38,46.38
CSLFINANCE,8.20,8.20
AGNI,99.87,99.87
KORE,37.58,37.47
GOYALALUM,60.25,60.25
RUSTOMJEE,40.33,40.33
GENSOL,20.74,20.72
DBOL,43.08,36.25
KANDARP,63.79,63.79
GSLSU,,
SPORTKING,9.49,9.49
ALLETEC,29.88,29.88
AIIL,6.40,6.40
MANORAMA,63.63,63.63
ISHAN,30.51,28.67
ARABIAN,9.16,9.16
INNOVACAP,30.86,30.86
GRMOVER,21.20,21.20
SYNCOMF,36.62,36.62
BAHETI,37.35,37.35
SULA,30.87,30.87
SIGNATURE,180.44,180.44
ANNAPURNA,31.37,31.37
KRITINUT,10.93,10.93
KALAMANDIR,19.83,19.83
VITAL,,
RAMAPHO,27.03,27.03
PPLPHARMA,,
TAPIFRUIT,,
AVALON,99.39,99.39
RITEZONE,8.30,8.30
CONCORDBIO,55.57,55.57
GODIGIT,80.01,80.01
BAIDFIN,11.27,11.27
LLOYDS,,
PHANTOMFX,13.27,13.27
QUICKTOUCH,7.35,7.35
KAMOPAINTS,35.70,35.70
BLUEJET,58.18,58.18
MVGJL,9.95,9.95
SCPL,15.66,15.66
SUKHJITS,11.85,11.85
ARHAM,27.34,27.34
FROG,28.55,28.55
MANKIND,45.95,45.95
SKYGOLD,46.94,46.94
BLAL,,
ARIHANTACA,26.68,26.68
SATINDLTD,11.91,11.90
DIVGIITTS,51.86,51.86
PRITIKA,71.70,71.70
USK,17.25,17.25
ANLON,33.39,33.39
MOTISONS,39.43,39.81
VELS,,
VERTEXPLUS,,
CMNL,31.00,30.44
SRIVASAVI,12.88,12.88
DIACABS,111.81,118.15
IKIO,36.39,36.39
MANOMAY,14.27,14.27
FAZE3Q,28.77,28.77
UMA,24.97,24.97
NSLNISP,,
RBMINFRA,15.73,15.73
LLOYDSME,33.30,33.30
AARTIPHARM,26.49,26.49
RHL,41.82,41.82
SAHYADRI,12.47,12.47
SAHANA,38.48,38.48
NINSYS,32.96,32.96
DUCOL,30.06,30.06
HOMESFY,16.21,15.85
SBFC,28.64,28.64
SBGLP,61.47,61.47
ASMS,147.14,169.29
HYBRIDFIN,9.10,8.51
SHERA,31.12,31.12
LRRPL,67.81,67.81
INDGN,33.03,33.21
ZAGGLE,63.09,63.09
GANDHAR,15.62,15.62
MCON,44.96,44.96
HONASA,90.06,90.06
RISHABH,46.37,46.37
IRMENERGY,18.52,18.52
SAH,285.06,285.06
DENEERS,19.69,19.69
JGCHEM,18.49,18.49
CYIENTDLM,53.19,53.19
AGUL,12.67,12.67
NIRMAN,16.62,16.62
YCCL,89.24,89.24
RPTECH,8.36,8.73
LORDSCHLO,90.83,90.83
SYSTANGO,16.63,16.63
RATNAVEER,16.66,16.66
MOS,53.11,53.11
SECMARK,42.88,42.88
AUROIMPEX,11.96,11.96
SOTAC,26.04,25.51
SPECTSTM,20.66,20.66
ATAM,14.79,14.79
IDEAFORGE,,
CRAYONS,8.01,8.01
SHRITECH,11.04,11.04
INFOLLION,33.78,33.78
LAL,14.72,14.72
URBAN,14.27,14.27
INFINIUM,33.79,33.79
AARTECH,37.30,37.30
POCL,29.43,29.43
KRISHCA,23.61,23.61
ESFL,113.34,113.34
AATMAJ,,
DOLPHIN,26.87,27.28
TATATECH,40.70,40.70
REMUS,28.67,28.67
NOVAAGRI,14.44,14.44
REDTAPE,43.71,43.71
ASHOKAMET,4.09,4.09
SICALLOG,,
YUDIZ,,
PENTAGON,15.64,15.64
CELLPOINT,162.70,162.70
SEL,47.57,47.57
TRIDHYA,7.73,7.73
ACL,,
GREENCHEF,24.95,24.95
PROV,43.14,43.14
PTCIL,316.36,314.19
NETWEB,80.66,80.66
PYRAMID,19.81,19.81
AEROFLEX,40.89,40.89
EMSLIMITED,18.47,18.47
EFACTOR,13.81,13.81
GHCLTEXTIL,14.04,14.04
MONOPHARMA,14.26,14.26
VPRPL,18.08,18.08
UDS,17.70,17.70
DENTALKART,56.34,56.34
SYNOPTICS,13.51,13.51
CLSL,28.75,28.75
SSFL,24.32,24.32
KIRLPNU,35.89,34.78
DHTL,,
ATL,18.86,17.86
BALUFORGE,29.35,29.35
RRKABEL,38.70,38.71
JSWINFRA,38.47,38.47
SANGANI,23.78,23.78
JLHL,49.23,49.66
SCILAL,47.69,47.69
SAHAJ,13.95,13.95
NUVAMA,20.45,20.45
GLOBALPET,69.98,69.98
YASHO,103.42,103.42
SERVICE,37.24,37.24
KEL,37.24,37.24
PRAMARA,28.80,28.80
NIITMTS,24.24,23.44
VINSYS,19.03,19.03
VALIANTLAB,,
ZEAL,10.13,10.13
ARVINDPORT,13.95,13.95
MARINETRAN,58.24,58.24
SAROJA,23.55,23.55
SINDHUTRAD,27.07,27.07
UNIHEALTH,19.02,19.02
ORIANA,24.80,24.80
ASKAUTOLTD,30.21,30.21
CHAVDA,15.98,15.98
ONDOOR,11.28,11.21
BAWEJA,15.51,15.51
TRANSTEEL,17.23,17.16
SANDUMA,13.80,13.80
VLEGOV,,439.27
PLADAINFO,7.52,7.52
OLIL,34.60,34.60
RBZJEWEL,18.83,18.83
KODYTECH,74.78,74.78
KARNIKA,44.50,44.50
AKANKSHA,202.68,202.68
SCML,14.23,14.23
SAAKSHI,28.64,28.64
MUFIN,60.08,58.58
MAL,12.52,12.52
HIGREEN,52.23,52.23
PLATIND,25.15,25.15
MUFTI,12.53,12.53
FLAIR,18.12,18.12
CELLECOR,49.93,49.93
MUTHOOTMF,7.46,7.46
SRGHFL,17.16,17.16
INDIFRA,39.53,39.53
JIOFIN,110.85,110.85
CPS,,
MADHUSUDAN,17.61,17.61
NEWJAISA,28.14,28.14
GOYALSALT,16.45,16.45
TICL,,
WOMANCART,39.40,39.40
RCDL,29.27,29.27
BLSE,25.51,25.51
HOLMARC,41.36,41.36
SHANTHALA,27.14,27.14
TREL,3.81,24.78
MARCO,23.59,23.59
DIAMINESQ,92.05,92.05
VISHNUINFR,17.86,17.86
KONTOR,36.27,36.27
RKSWAMY,30.99,30.99
MICROPRO,9.78,9.78
INSPIRE,,
EPACK,74.57,74.57
HAPPYFORGE,28.45,28.45
IBLFL,53.48,53.48
INDIASHLTR,23.30,23.30
CELLO,34.11,34.11
CANARYS,14.42,14.42
DIGIDRIVE,16.11,16.11
DOMS,74.32,74.32
MAITREYA,39.61,39.61
GLOSTERLTD,,
LANCORHOL,19.65,19.65
AMNPLST,26.69,26.69
POLYSIL,7.38,7.38
SARTELE,35.17,35.17
VINYAS,118.05,118.05
SAIFL,7.92,7.92
JNKINDIA,45.96,45.96
INOXINDIA,42.83,44.00
GRAPHISAD,13.53,13.11
SHEETAL,33.86,33.86
ROXHITECH,6.15,6.15
JYOTICNC,63.83,62.41
BAJEL,105.16,85.87
EFORCE,,
DEEM,8.50,8.50
APS,49.98,49.98
ENTERO,56.94,56.94
TECHLABS,83.37,83.37
SIGNPOST,23.08,23.08
ROCKINGDCE,36.23,36.23
BABAFP,14.63,14.63
SUNCLAY,,
SHREEOSFM,13.60,13.60
PRESSTONIC,,
HRHNEXT,32.71,32.86
EXICOM,,
MEGATHERM,23.58,23.58
OWAIS,32.74,32.74
VR,60.18,59.72
KLL,12.19,12.19
ZENITHDRUG,11.41,11.54
SJLOGISTIC,19.69,19.69
CBAZAAR,,
PURVFLEXI,20.12,20.12
KTL,4.49,4.49
SRM,18.03,18.03
AZAD,106.09,106.09
KONSTELEC,10.98,10.98
JUNIPER,86.65,86.65
KRYSTAL,10.16,10.16
VSTL,22.51,22.51
FONEBOX,28.23,28.23
INM,22.29,22.12
ITALIANE,14.14,14.14
SUPREMEPWR,19.86,19.86
KCEIL,26.02,26.02
MAXESTATES,836.60,836.67
CGRAPHICS,29.78,29.78
ACCENTMIC,13.47,13.47
COMSYN,26.77,26.77
LAWSIKHO,27.28,27.28
SADHAV,15.10,15.10
MANDEEP,,
GOPAL,39.61,39.61
DAVANGERE,32.09,32.09
MAXPOSURE,30.30,30.30
ALPEXSOLAR,33.06,36.25
VHLTD,16.78,16.95
SONAMAC,11.93,11.93
BIRDYS,,
SIGNORIA,11.75,11.75
TCL,15.96,15.96
ENSER,21.10,21.10
DELAPLEX,12.04,12.04
RULKA,14.98,14.98
NAMAN,11.94,11.92
SINCLAIR,25.80,25.80
SHREEKARNI,24.95,24.95
BLUEPEBBLE,18.56,18.56
DCG,27.24,27.24
AWFIS,80.00,140.21
K2INFRA,11.46,11.46
RADIOWALLA,1.57,1.41
RBS,15.20,15.20
ASPIRE,5.27,5.27
ESCONET,44.21,44.21
MVKAGRO,8.90,8.90
ENFUSE,92.53,92.53
AVPINFRA,17.57,17.57
VISHWAS,21.52,21.52
TGL,20.82,20.82
TAC,110.52,110.52
EMMIL,18.57,18.78
YASHOPTICS,21.12,21.12
ALUWIND,21.94,21.97
PRLIND,15.98,16.22
IEML,23.91,23.91
ABSMARINE,35.14,35.14
VERITAAS,11.90,11.90
WINSOL,43.80,43.80
HOACFOODS,82.90,82.90
SLONE,18.80,18.80
QUESTLAB,17.23,17.23
