SYMBOL,SERIES,SECURITY,HIGH/LOW,INDEX FLAG
63MOONS,EQ,63 MOONS TECHNOLOGIES LTD,H
645GS2029,GS,GOI LOAN 6.45% 2029,H
A2ZINFRA,BE,A2Z INFRA ENGINEERING LTD,H
AARTISURF,EQ,AARTI SURFACTANTS LIMITED,H
AARTISURF,P1,AARTI SURFACTANTS LIMITED,H
AARVEEDEN,BE,AARVEE DEN. & EXP. LTD,H
ABCOTS,ST,A B COTSPIN INDIA LIMITED,H
ABSMARINE,ST,ABS MARINE SERVICES LTD,H
ACMESOLAR,EQ,ACME SOLAR HOLDINGS LTD,H
AGNI,ST,AGNI GREEN POWER LTD,H
AILIMITED,SM,ABHISHEK INTEGRATIONS LTD,H
AKANKSHA,SM,AKANKSHA POWER N INFRA L,H
AKSHAR,BE,AKSHAR SPINTEX LIMITED,H
ALMONDZ,EQ,ALMONDZ GLOBAL SEC LTD,H
ALPHAGEO,BE,ALPHAGEO (INDIA) LIMITED,H
AMEYA,SM,AMEYA PRECISION ENG LTD,H
ANKITMETAL,BZ,ANKIT MET & POW LTD,H
ANTGRAPHIC,EQ,ANTARCTICA LTD,H
APRAMEYA,ST,APRAMEYA ENGINEERING LTD,H
ARIES,BE,ARIES AGRO LTD.,H
ARROWGREEN,BE,ARROW GREENTECH LIMITED,H
ARSSINFRA,BE,ARSS INFRA PROJ. LTD,H
ARVINDPORT,ST,ARVIND PORT AND INFRA LTD,H
ASKAUTOLTD,EQ,ASK AUTOMOTIVE LIMITED,H
ASPIRE,ST,ASPIRE & INNOVATIVE ADV L,H
ASTRON,EQ,ASTRON PAPER BORD MIL LTD,H
ATLASCYCLE,BE,ATLAS CYCLE (HARYANA) LTD,H
AURDIS,ST,AURANGABAD DISTILLERY LTD,H
AVONMORE,BE,AVONMORE CAP&MGT SERV LTD,H
AVPINFRA,ST,AVP INFRACON LIMITED,H
AXISCADES,BE,AXISCADES TECH LTD,H
BAJAJINDEF,BE,INDEF MANUFACTURING LTD,H
BANG,BE,BANG OVERSEAS LTD.,H
BGRENERGY,BE,BGR ENERGY SYSTEMS LTD,H
BIRLAMONEY,BE,ADITYA BIRLA MONEY LTD,H
BLUECHIP,BE,BLUE CHIP INDIA LIMITED,H
BLUEPEBBLE,ST,BLUE PEBBLE LIMITED,H
BOHRAIND,BE,BOHRA INDUSTRIES LIMITED,H
BTML,BE,BODHI TREE MULTIMEDIA LTD,H
BYKE,BE,THE BYKE HOSPITALITY LTD,H
CADSYS,ST,CADSYS (INDIA) LIMITED,H
CAPTRUST,EQ,CAPITAL TRUST LIMITED,H
CBAZAAR,ST,NET AVENUE TECHNOLOGIES L,H
CEREBRAINT,BZ,CEREBRA INT TECH LTD,H
CEWATER,EQ,CONCORD ENVIRO SYSTEMS L,H
CMMIPL,SZ,CMM INFRAPROJECTS LIMITED,H
CMNL,SM,CHAMAN METALLICS LIMITED,H
CMRSL,SM,CYBER MEDIA RES & SER LTD,H
COMPINFO,BZ,COMPUAGE INFOCOM LTD,H
CPS,ST,C P S SHAPERS LIMITED,H
CRAYONS,ST,CRAYONS ADVERTISING LTD,H
CREATIVEYE,EQ,CREATIVE EYE LIMITED,H
DBOL,BE,DHAMPUR BIO ORGANICS LTD,H
DECCANTRAN,SM,DECCAN TRANSCON LEASING L,H
DELTAMAGNT,BE,DELTA MANUFACTURING LTD,H
DHRUV,BE,DHRUV CONSULTANCY SER LTD,H
DHTL,SM,DOCMODE HEALTH TECH LTD,H
DIFFNKG,BE,DIFFUSION ENGINEERS LTD,H
DIGJAMLMTD,BE,DIGJAM LTD,H
E2E,EQ,E2E NETWORKS LIMITED,H
EFFWA,SM,EFFWA INFRA & RESEARCH L,H
ENERGYDEV,BE,ENERGY DEVE. CO.LTD,H
ENSER,ST,ENSER COMMUNICATIONS LTD,H
ESCONET,ST,ESCONET TECHNOLOGIES LTD,H
ESPRIT,ST,ESPRIT STONES LIMITED,H
ESSARSHPNG,BE,ESSAR SHIPPING LTD,H
EXCEL,BE,EXCEL REALTY N INFRA LTD,H
FEL,BZ,FUTURE ENTERPRISES LTD,H
FELIX,SM,FELIX INDUSTRIES LTD.,H
FICRF3GP,MF,FRANTEMAMC - FICRF3GP,H
FIDEL,ST,FIDEL SOFTECH LIMITED,H
FLEXITUFF,BE,FLEXITUFF VENTURES INT L,H
FOCUS,EQ,FOCUS LIGHTG & FIXTRS LTD,H
FSC,BZ,FUTURE SUPP CHAIN SOL LTD,H
GATECH,BE,GACM TECHNOLOGIES LIMITED,H
GATECHDVR,BE,GACM TECHNOLOGIES LIMITED,H
GAYAHWS,BE,GAYATRI HIGHWAYS LIMITED,H
GAYAPROJ,BZ,GAYATRI PROJECTS LTD,H
GKWLIMITED,BE,GKW LIMITED,H
GLOBALE,BE,GLOBALE TESSILE LIMITED,H
GODAVARIB,BE,GODAVARI BIOREFINERIES L,H
GODFRYPHLP,EQ,GODFREY PHILLIPS INDIA LT,H
GODHA,BE,GODHA CABCON INSULAT LTD,H
GOENKA,BZ,GOENKA DIAMOND&JEWELS LTD,H
GOLDENTOBC,BZ,GOLDEN TOBACCO LIMITED,H
GSMFOILS,ST,GSM FOILS LIMITED,H
GVKPIL,BE,GVK POW. & INFRA LTD.,H
HDIL,BZ,HOUSING DEV & INFRA LTD,H
HINDCON,BE,HINDCON CHEMICALS LIMITED,H
HNGSNGBEES,EQ,NIP IND ETF HANGSENG BEES,H
HRHNEXT,ST,HRH NEXT SERVICES LIMITED,H
HVAX,ST,HVAX TECHNOLOGIES LIMITED,H
HYBRIDFIN,EQ,HYBRID FINANCIAL SERVICE,H
IGIL,EQ,INTERNATIO GEMM INS (I) L,H
IITL,BE,INDUSTRIAL INV TRUST LTD,H
INDIFRA,ST,INDIFRA LIMITED,H
INDOTECH,EQ,INDO TECH TRANSFORM LTD.,H
INDSWFTLTD,BE,IND-SWIFT LIMITED,H
IRIS,BE,IRIS BUSINESS SERV LTD,H
ITTL,ST,INNOVATIVE TYRE & TUBE LT,H
IZMO,BE,IZMO LIMITED,H
JAINAM,ST,JAINAM FER ALLOYS (I) LTD,H
JAYBEE,ST,JAY BEE LAMINATIONS LTD,H
JETFREIGHT,BE,JET FREIGHT LOGISTICS LTD,H
JITFINFRA,BE,JITF INFRALOGISTICS LTD,H
JPASSOCIAT,BE,JAIPRAKASH ASSOCIATES LTD,H
JSWHL,EQ,JSW HOLDINGS LIMITED,H
KALYANIFRG,BE,KALYANI FORGE LIMITED,H
KAMOPAINTS,BE,KAMDHENU VENTURES LIMITED,H
KCEIL,ST,KAY CEE ENERGY & INFRA L,H
KITEX,BE,KITEX GARMENTS LTD,H
KKJEWELS,ST,KABRA JEWELS LIMITED,H
KOHINOOR,EQ,KOHINOOR FOODS LIMITED,H
KOTHARIPRO,BE,KOTHARI PRODUCTS,H
KRIDHANINF,BE,KRIDHAN INFRA LIMITED,H
KRITIKA,BE,KRITIKA WIRES LIMITED,H
LAKSHYA,ST,LAKSHYA POWERTECH LIMITED,H
LAL,BE,LORENZINI APPARELS LTD,H
LAMBODHARA,BE,LAMBODHARA TEXTILES LTD.,H
LATTEYS,BE,LATTEYS INDUSTRIES LTD,H
LAWSIKHO,ST,ADDICTIVE LEARNING TECH L,H
LCCINFOTEC,BE,LCC INFOTECH LTD,H
LORDSCHLO,BE,LORDS CHLORO ALKALI LTD,H
LPDC,BE,LANDMARK PR.DEV.CO.LTD,H
MAANALU,BE,MAAN ALUMINIUM LIMITED,H
MAGSON,ST,MAGSON RETAIL AND DIST L,H
MAHKTECH,EQ,MIRAEAMC - MAHKTECH,H
MAKS,SM,MAKS ENERGY SOL INDIA LTD,H
MANAKCOAT,BE,MAN COAT METAL & IND LTD,H
MARINE,BE,MARINE ELECTRICAL (I) LTD,H
MASKINVEST,BE,MASK INVESTMENTS LIMITED,H
MASTER,SM,MASTER COMPONENTS LIMITED,H
MAZDA,BE,MAZDA LIMITED,H
MCLEODRUSS,BE,MCLEOD RUSSEL INDIA LTD.,H
MCON,ST,MCON RASAYAN INDIA LTD,H
MEGASOFT,BE,MEGASOFT LTD,H
MICEL,EQ,MIC ELECTRONICS LTD,H
MOHITIND,BE,MOHIT INDUSTRIES LTD,H
MONOPHARMA,SM,MONO PHARMACARE LIMITED,H
MONQ50,EQ,MOTILALAMC - MONQ50,H
MSPL,EQ,MSP STEEL & POWER LTD.,H
MTEDUCARE,BE,MT EDUCARE LTD,H
NAGAFERT,EQ,NAGARJUN FERT AND CHE LTD,H
NAMAN,ST,NAMAN IN-STORE (INDIA) L,H
NECLIFE,EQ,NECTAR LIFESCIENCES LTD.,H
NEXTMEDIA,EQ,NEXT MEDIAWORKS LIMITED,H
NGLFINE,BE,NGL FINE CHEM LIMITED,H
NIBE,EQ,NIBE LIMITED,H
NILASPACES,BE,NILA SPACES LIMITED,H
NITCO,BE,NITCO LIMITED,H
NURECA,BE,NURECA LIMITED,H
ODIGMA,BE,ODIGMA CONSULTANCY SOL L,H
ONDOOR,ST,ON DOOR CONCEPTS LIMITED,H
ORBTEXP,BE,ORBIT EXPORTS LIMITED,H
ORIANA,SM,ORIANA POWER LIMITED,H
ORTEL,BZ,ORTEL COMMUNICATIONS LTD,H
OSELDEVICE,ST,OSEL DEVICES LIMITED,H
OSIAHYPER,EQ,OSIA HYPER RETAIL LIMITED,H
PALREDTEC,BE,PALRED TECHNOLOGIES LTD,H
PANACEABIO,EQ,PANACEA BIOTEC LTD,H
PARASPETRO,EQ,PARAS PETROFILS LTD.,H
PELATRO,ST,PELATRO LIMITED,H
PENINLAND,BE,PENINSULA LAND LIMITED,H
PERFECT,ST,PERFECT INFRAENGINEER LTD,H
PIONEEREMB,BE,PIONEER EMBROIDERIES LTD,H
PKTEA,BE,THE P K TEA PROD CO LTD,H
POLYSIL,ST,POLYSIL IRRIGATION SYST L,H
PRECISION,ST,PRECISION METALIKS LTD,H
PRESSTONIC,ST,PRESSTONIC ENGINEERING L,H
PRIZOR,SM,PRIZOR VIZTECH LIMITED,H
PROZONER,BE,PROZONE REALTY LIMITED,H
PTCIL,EQ,PTC INDUSTRIES LIMITED,H
QUADPRO,SM,QUADPRO ITES LIMITED,H
QUICKTOUCH,ST,QUICKTOUCH TECHNOLOGIES L,H
READYMIX,ST,READYMIX CONSTRU MACHI L,H
RICHA,SM,RICHA INFO SYSTEMS LTD,H
RILINFRA,SM,RACHANA INFRA LTD,H
RKEC,EQ,RKEC PROJECTS LIMITED,H
ROLLT,BE,ROLLATAINERS LIMITED,H
ROLTA,BZ,ROLTA INDIA LTD,H
ROSSELLIND,BE,ROSSELL INDIA LIMITED,H
RPPINFRA,BE,R.P.P INFRA PROJECTS LTD.,H
RSSOFTWARE,BE,R. S. SOFTWARE (INDIA) LI,H
RVHL,BE,RAVINDER HEIGHTS LIMITED,H
RVTH,EQ,REVATHI EQUIPMENT INDIA L,H
SADBHAV,BE,SADBHAV ENGINEERING LTD,H
SADBHIN,EQ,SADBHAV INFRA PROJ LTD.,H
SADHNANIQ,BE,SADHANA NITROCHEM LIMITED,H
SAHANA,ST,SAHANA SYSTEM LIMITED,H
SAHASRA,ST,SAHASRA ELECTRONIC SOLU L,H
SAJHOTELS,ST,SAJ HOTELS LIMITED,H
SAKUMA,BE,SAKUMA EXPORTS LIMITED,H
SAMPANN,BE,SAMPANN UTPADAN INDIA LTD,H
SANWARIA,BZ,SANWARIA CONSUMER LIMITED,H
SDREAMS,ST,S D RETAIL LIMITED,H
SECURKLOUD,EQ,SECUREKLOUD TECH LIMITED,H
SEJALLTD,EQ,SEJAL GLASS LIMITED,H
SELMC,EQ,SEL MANUFACTURING CO LTD,H
SETCO,BE,SETCO AUTOMOTIVE LTD,H
SETUINFRA,BZ,SETUBANDHAN INFRA LTD,H
SHAKTIPUMP,EQ,SHAKTI PUMPS (I) LTD,H
SHANTI,EQ,SHANTI OVERSEAS INDIA LTD,H
SHEKHAWATI,BE,SHEKHAWATI INDUSTRIES LTD,H
SHIGAN,ST,SHIGAN QUANTUM TECH LTD,H
SHREEKARNI,ST,SHREE KARNI FABCOM LTD,H
SICALLOG,BE,SICAL LOGISTICS LIMITED,H
SILKFLEX,SM,SILKFLEX POLYMERS INDIA L,H
SIMPLEXINF,EQ,SIMPLEX INFRASTRUCTURES L,H
SITINET,BZ,SITI NETWORKS LIMITED,H
SIYSIL,EQ,SIYARAM SILK MILLS LTD,H
SKYGOLD,BE,SKY GOLD LIMITED,H
SOLARA,EQ,SOLARA ACTIVE PHA SCI LTD,H
SOLARAPP,E1,SOLAR ACT RS.3.50 PPD UP,H
SOLEX,ST,SOLEX ENERGY LIMITED,H
SOMICONVEY,EQ,SOMI CONVEYOR BELT. LTD.,H
SONUINFRA,ST,SONU INFRATECH LIMITED,H
SPECTSTM,SM,SPECTRUM TALENT MGMT LTD,H
SPMLINFRA,BE,SPML INFRA LIMITED,H
SPRL,SM,SP REFRACTORIES LIMITED,H
SRM,BE,SRM CONTRACTORS LIMITED,H
SRPL,BZ,SHREE RAM PROTEINS LTD.,H
SSFL,SM,SRIVARI SPICES N FOODS L,H
SUMIT,EQ,SUMIT WOODS LIMITED,H
SUNFLAG,BE,SUNFLAG IRON AND STEEL CO,H
SUPERSPIN,EQ,SUPER SPINNING MILLS LTD,H
SUULD,BZ,SUUMAYA INDUSTRIES LTD,H
SVLL,EQ,SHREE VASU LOGISTICS LTD,H
SWANDEF,BE,SWAN DEFENCE N HEVY IND L,H
TAC,ST,TAC INFOSEC LIMITED,H
TAKE,BZ,TAKE SOLUTIONS LTD,H
TARACHAND,BE,TARA CHAND INFRA SOLN LTD,H
TARC,EQ,TARC LIMITED,H
TECHLABS,ST,TRIDENT TECHLABS LIMITED,H
TERASOFT,BE,TERA SOFTWARE LIMITED,H
TGL,ST,TEERTH GOPICON LIMITED,H
TICL,EQ,TWAMEV CONS AND INFRA LTD,H
TIL,EQ,TIL LTD,H
TIRUPATIFL,BE,TIRUPATI FORGE LIMITED,H
TNTELE,BE,TAMILNADU TELECOMMUNICATI,H
TOLINS,BE,TOLINS TYRES LIMITED,H
TOUCHWOOD,BE,TOUCHWOOD ENTERTAIN LTD.,H
TPHQ,BE,TEAMO PRODUCTIONS HQ LTD,H
UMANGDAIRY,BE,UMANG DAIRIES LIMITED,H
UMESLTD,EQ,USHA MARTIN EDU & SOL LTD,H
UNITECH,BZ,UNITECH LIMITED,H
URBAN,SM,URBAN ENVIRO WASTE MGMT L,H
URJA,BE,URJA GLOBAL LIMITED,H
V2RETAIL,BE,V2 RETAIL LIMITED,H
VENTIVE,EQ,VENTIVE HOSPITALITY LTD,H
VERITAAS,ST,VERITAAS ADVERTISING LTD,H
VERTEXPLUS,SM,VERTEXPLUS TECHNOLOGIES L,H
VERTOZ,BE,VERTOZ LIMITED,H
VHLTD,BE,VICEROY HOTELS LIMITED,H
VINNY,BE,VINNY OVERSEAS LIMITED,H
VIPULLTD,BE,VIPUL LIMITED,H
VIVIANA,ST,VIVIANA POWER TECH LTD,H
VLEGOV,BE,VL E GOV AND IT SOL LTD,H
VMARCIND,ST,V MARC INDIA LIMITED,H
VSCL,ST,VADIVARHE SPCLTY CHEM LTD,H
WALCHANNAG,EQ,WALCHANDNAGAR INDUSTRIES,H
WEALTH,BE,WEALTH FRST PORT. MG. LTD,H
WEBELSOLAR,BE,WEBSOL ENERGY SYSTEM LTD,H
WOCKPHARMA,EQ,WOCKHARDT LIMITED,H
WSI,BE,W.S.INDUSTRIES (I) LTD.,H
YAARI,BE,YAARI DIGI INT SER LTD,H
ZAGGLE,EQ,ZAGGLE PREPA OCEAN SER L,H
ZTECH,ST,Z-TECH (INDIA) LIMITED,H
21STCENMGM,BE,21ST CENTURY MGMT SERVICE,L
ACCORD,SM,ACCORD SYNERGY LIMITED,L
AGSTRA,BE,AGS TRANSACT TECH LTD,L
AHIMSA,ST,AHIMSA INDUSTRIES LTD.,L
ANSALAPI,BZ,ANSAL PROP & INFRA LTD,L
AYMSYNTEX,EQ,AYM SYNTEX LIMITED,L
BEWLTD,ST,BEW ENGINEERING LIMITED,L
C2C,ST,C2C ADVANCED SYSTEMS LTD,L
CALSOFTPP,X1,CALSOFT RS.2.50 PPD UP,L
CMMIPL,SZ,CMM INFRAPROJECTS LIMITED,L
COFFEEDAY,BE,COFFEE DAY ENTERPRISE LTD,L
DRL,ST,DHANUKA REALTY LIMITED,L
DYNAMIC,ST,DYNAMIC SRVCS & SEC LTD,L
EQUIPPP,BE,EQUIPPP SOC IMP TECH LTD,L
FRESHARA,ST,FRESHARA AGRO EXPORTS LTD,L
GAYAHWS,BE,GAYATRI HIGHWAYS LIMITED,L
GENSOL,EQ,GENSOL ENGINEERING LTD,L
GICL,ST,GLOBE INTL CARRIERS LTD,L
GLOBALE,BE,GLOBALE TESSILE LIMITED,L
GOENKA,BZ,GOENKA DIAMOND&JEWELS LTD,L
GSTL,ST,GLOBESECURE TECHNO LTD,L
HOMESFY,SM,HOMESFY REALTY LIMITED,L
IEML,ST,INDIAN EMULSIFIERS LTD,L
IITL,BE,INDUSTRIAL INV TRUST LTD,L
INFOMEDIA,BE,INFOMEDIA PRESS LIMITED,L
ISHAN,SM,ISHAN INTERNATIONAL LTD,L
K2INFRA,ST,K2 INFRAGEN LIMITED,L
KCK,ST,KCK INDUSTRIES LTD,L
KONTOR,SM,KONTOR SPACE LIMITED,L
KORE,ST,JAY JALARAM TECHNO LTD,L
KRITI,EQ,KRITI INDUSTRIES IND LTD,L
KTL,ST,KALAHRIDHAAN TRENDZ LTD,L
LGHL,BE,LAXMI GOLDORNA HOUSE LTD,L
MAKS,SM,MAKS ENERGY SOL INDIA LTD,L
MANAV,SM,MANAV INFRA PROJECTS LTD,L
MEP,BZ,MEP INFRA. DEVELOPERS LTD,L
MIEL,ST,MANGLAM INFRA & ENG LTD,L
NEELAM,ST,NEELAM LINENS & GAR (I) L,L
NIRMAN,SM,NIRMAN AGRI GENTICS LTD,L
OMFURN,ST,OMFURN INDIA LIMITED,L
ONDOOR,ST,ON DOOR CONCEPTS LIMITED,L
PIGL,BE,POWER INSTRUMENT (G) LTD,L
QUESTLAB,ST,QUEST LABORATORIES LTD,L
RAJRILTD,BE,RAJ RAYON INDUSTRIES LTD,L
RAMANEWS,BE,SHREE RAMA NEWSPRINT LTD,L
RAPPID,ST,RAPPID VALVES (INDIA) LTD,L
RBMINFRA,ST,RBM INFRACON LIMITED,L
REPL,BE,RUDRABHISHEK ENTERP LTD,L
RULKA,ST,RULKA ELECTRICALS LIMITED,L
SANCO,BZ,SANCO INDUSTRIES LIMITED,L
SATECH,ST,S A TECH SOFTWARE INDIA L,L
SATKARTAR,SM,SAT KARTAR SHOPPING LTD,L
SBGLP,BE,SURATWWALA BUS GROUP LTD,L
SEYAIND,BE,SEYA INDUSTRIES LIMITED,L
SHANTHALA,ST,SHANTHALA FMCG PRODUCTS L,L
SLONE,ST,SLONE INFOSYSTEMS LIMITED,L
SURANI,ST,SURANI STEEL TUBES LTD.,L
TOUCHWOOD,BE,TOUCHWOOD ENTERTAIN LTD.,L
VELS,ST,VELS FILM INTERNATIONAL L,L
VIAZ,SM,VIAZ TYRES LIMITED,L
VIVO,SM,VIVO COLLAB SOLUTIONS LTD,L
VLEGOV,BE,VL E GOV AND IT SOL LTD,L
WINSOME,BZ,WINSOME YARNS LIMITED,L
ZENITHEXPO,BE,ZENITH EXPORTS LTD,L
