GAIN_LOSS,SECURITY,CLOSE_PRIC,PREV_CL_PR,PERCENT_CG
 ,Nifty 50 Sec., , , 
 , , , , 
G,ASIAN PAINTS LIMITED,      2267.70,      2164.15,4.78
G,COAL INDIA LTD,       382.60,       368.25,3.9
G,HINDALCO  INDUSTRIES  LTD,       681.95,       657.35,3.74
G,BHARAT PETROLEUM CORP  LT,       265.04,       255.84,3.6
G,NTPC LTD,       337.90,       326.20,3.59
G,TATA STEEL LIMITED,       150.44,       146.10,2.97
G,CIPLA LTD,      1461.75,      1419.75,2.96
G,RELIANCE INDUSTRIES LTD,      1209.60,      1175.60,2.89
G,BAJAJ FINSERV LTD.,      1845.45,      1801.80,2.42
G,HINDUSTAN UNILEVER LTD.,      2218.95,      2170.45,2.23
G,EICHER MOTORS LTD,      5094.40,      4988.30,2.13
G,ADANI PORT & SEZ LTD,      1136.20,      1112.70,2.11
G,SHRIRAM FINANCE LIMITED,       644.35,       631.30,2.07
G,SUN PHARMACEUTICAL IND L,      1614.00,      1582.45,1.99
G,AXIS BANK LIMITED,      1034.10,      1014.45,1.94
G,HERO MOTOCORP LIMITED,      3648.75,      3588.75,1.67
G,OIL AND NATURAL GAS CORP.,       232.60,       228.94,1.6
G,TATA CONSULTANCY SERV LT,      3601.60,      3547.05,1.54
G,BAJAJ FINANCE LIMITED,      8410.85,      8298.70,1.35
G,DR. REDDY S LABORATORIES,      1140.10,      1126.40,1.22
G,TITAN COMPANY LIMITED,      3121.10,      3086.55,1.12
G,APOLLO HOSPITALS ENTER. L,      6274.10,      6214.40,.96
G,POWER GRID CORP. LTD.,       266.65,       264.40,.85
G,JSW STEEL LIMITED,      1011.10,      1002.70,.84
G,HCL TECHNOLOGIES LTD,      1585.45,      1572.95,.79
G,LARSEN & TOUBRO LTD.,      3259.90,      3239.65,.63
G,MAHINDRA & MAHINDRA LTD,      2742.40,      2726.60,.58
G,BAJAJ AUTO LIMITED,      7462.25,      7420.30,.57
G,BHARTI AIRTEL LIMITED,      1626.90,      1618.25,.53
G,MARUTI SUZUKI INDIA LTD.,     11666.40,     11617.35,.42
 , , , , 
L,TECH MAHINDRA LIMITED,      1503.45,      1538.10,-2.25
L,TRENT LTD,      5069.50,      5106.10,-0.72
L,BHARAT ELECTRONICS LTD,       272.95,       274.92,-0.72
L,KOTAK MAHINDRA BANK LTD,      1921.70,      1933.10,-0.59
L,HDFC LIFE INS CO LTD,       618.25,       621.20,-0.47
L,BRITANNIA INDUSTRIES LTD,      4702.55,      4722.15,-0.42
L,TATA MOTORS LIMITED,       639.65,       640.80,-0.18
L,INDUSIND BANK LIMITED,       971.70,       971.85,-0.02
 , , , , 
 ,Nifty Next 50 Sec., , , 
 , , , , 
G,GODREJ CONSUMER PRODUCTS,      1030.30,       991.35,3.93
G,ADANI ENERGY SOLUTION LTD,       733.25,       709.45,3.35
G,VEDANTA LIMITED,       442.95,       428.95,3.26
G,VARUN BEVERAGES LIMITED,       491.35,       476.00,3.22
G,SAMVRDHNA MTHRSN INTL LTD,       127.87,       123.94,3.17
G,INDIAN OIL CORP LTD,       125.84,       122.25,2.94
G,REC LIMITED,       413.15,       402.20,2.72
G,TORRENT PHARMACEUTICALS L,      3059.00,      2978.75,2.69
G,JINDAL STEEL & POWER LTD,       914.60,       891.65,2.57
G,POWER FIN CORP LTD.,       405.75,       395.75,2.53
G,INDIAN RAILWAY FIN CORP L,       120.59,       117.73,2.43
G,ZYDUS LIFESCIENCES LTD,       907.40,       887.45,2.25
G,AVENUE SUPERMARTS LIMITED,      3540.50,      3474.50,1.9
G,INFO EDGE (I) LTD,      6906.35,      6789.90,1.72
G,PIDILITE INDUSTRIES LTD,      2738.05,      2692.95,1.67
G,GAIL (INDIA) LTD,       161.46,       158.95,1.58
G,NHPC LTD,        77.51,        76.35,1.52
G,ICICI LOMBARD GIC LIMITED,      1702.30,      1676.90,1.51
G,AMBUJA CEMENTS LTD,       498.50,       491.10,1.51
G,DABUR INDIA LTD,       495.00,       487.70,1.5
G,SIEMENS LTD,      5160.30,      5085.75,1.47
G,PUNJAB NATIONAL BANK,        90.99,        89.74,1.39
G,INTERGLOBE AVIATION LTD,      4762.40,      4698.10,1.37
G,JIO FIN SERVICES LTD,       219.94,       217.10,1.31
G,BHEL,       198.40,       196.06,1.19
G,ABB INDIA LIMITED,      5370.00,      5312.30,1.09
G,LTIMINDTREE LIMITED,      4823.10,      4773.50,1.04
G,INDIAN RAIL TOUR CORP LTD,       702.35,       695.15,1.04
G,ADANI TOTAL GAS LIMITED,       595.90,       589.90,1.02
G,UNITED SPIRITS LIMITED,      1332.85,      1320.20,0.96
 , , , , 
L,JSW ENERGY LIMITED,       499.60,       509.10,-1.87
L,BAJAJ HOLDINGS & INVS LTD,     11361.95,     11560.00,-1.71
L,MACROTECH DEVELOPERS LTD,      1138.15,      1152.50,-1.25
L,ZOMATO LIMITED,       225.43,       227.02,-0.7
L,TVS MOTOR COMPANY  LTD,      2319.50,      2330.70,-0.48
L,ADANI POWER LTD,       503.15,       505.55,-0.47
L,SHREE CEMENT LIMITED,     28061.75,     28155.45,-0.33
L,ADANI GREEN ENERGY LTD,       845.95,       848.70,-0.32
L,HINDUSTAN AERONAUTICS LTD,      3417.70,      3424.50,-0.2
L,BOSCH LIMITED,     27070.05,     27073.45,-0.01
 , , , , 
 ,OTHER SECURITIES, , , 
 , , , , 
G,CAPITAL TRUST LIMITED,        90.93,        75.78,19.99
G,AARTI SURFACTANTS LIMITED,       137.85,       114.90,19.97
G,KOHINOOR FOODS LIMITED,        37.67,        31.91,18.05
G,SEC RE NCD 9.10% SR III,      1067.00,       911.00,17.12
G,SOMI CONVEYOR BELT. LTD.,       154.25,       132.07,16.79
G,KIRLOSKAR ELECTRIC CO LTD,       142.08,       122.01,16.45
G,LANCOR HOLDINGS LIMITED,        25.97,        22.41,15.89
G,BHARAT WIRE ROPES LTD.,       175.11,       151.90,15.28
G,KHANDWALA SECURITIES LTD,        23.24,        20.33,14.31
G,WENDT (INDIA) LIMITED,      9746.25,      8528.55,14.28
G,CREST VENTURES LIMITED,       404.55,       354.15,14.23
G,NAGARJUN FERT AND CHE LTD,         8.20,         7.21,13.73
G,PREMIUM PLAST LIMITED,        39.65,        35.00,13.29
G,SPORTKING INDIA LIMITED,        87.60,        77.42,13.15
G,BRAINBEES SOLUTIONS LTD,       413.50,       365.45,13.15
G,CHAMUNDA ELECTRICAL LTD,        50.45,        44.65,12.99
G,KAUSHALYA LOGISTICS LTD,        90.00,        79.70,12.92
G,20 MICRONS LTD,       207.62,       184.64,12.45
G,AGARWAL INDS CORP LTD.,      1031.40,       917.25,12.44
G,MANOJ VAIBHAV GEM N JEW L,       215.06,       191.53,12.29
G,RITE ZONE CHEMCON IND LTD,        29.30,        26.20,11.83
G,CHENNAI PETROLEUM CORP LT,       527.05,       471.30,11.83
G,DE NORA INDIA LIMITED,       806.00,       723.40,11.42
G,NEOGEN CHEMICALS LIMITED,      1877.05,      1686.65,11.29
G,GODAWARI POW & ISP LTD,       182.21,       163.73,11.29
G,JINDAL PHOTO LIMITED,       618.85,       556.20,11.26
G,ANMOL INDIA LIMITED,        18.01,        16.19,11.24
G,ITALIAN EDIBLES LIMITED,        35.65,        32.10,11.06
G,COMPUCOM SOFTWARE LTD,        19.46,        17.59,10.63
G,CASTROL INDIA LIMITED,       245.88,       222.33,10.59
 , , , , 
L,SCL 10.25% 2034 SR XII,       765.00,       950.00,-19.47
L,SEC RE NCD 8.70% SR.VIII,       830.00,       990.00,-16.16
L,GENSOL ENGINEERING LTD,       334.80,       372.00,-10
L,DUDIGITAL GLOBAL LIMITED,        53.10,        58.00,-8.45
L,SEC RE NCD 11.19% SR.V,      1015.00,      1098.00,-7.56
L,LLOYDS LUXURIES LIMITED,        84.00,        90.00,-6.67
L,NGIL RS. 6 PPD UP,        17.04,        18.24,-6.58
L,B&B TRIPLEWALL CONT LTD,       147.13,       157.13,-6.36
L,FOODS & INNS LIMITED,        93.85,        99.60,-5.77
L,CALSOFT RS.2.50 PPD UP,         4.20,         4.43,-5.19
L,NEELAM LINENS & GAR (I) L,        35.05,        36.90,-5.01
L,SHANTHALA FMCG PRODUCTS L,        23.70,        24.95,-5.01
L,VELS FILM INTERNATIONAL L,        74.90,        78.85,-5.01
L,DYNAMIC SRVCS & SEC LTD,       165.30,       174.00,-5
L,VIAZ TYRES LIMITED,        61.75,        65.00,-5
L,C2C ADVANCED SYSTEMS LTD,       307.05,       323.20,-5
L,K2 INFRAGEN LIMITED,        87.50,        92.10,-4.99
L,ON DOOR CONCEPTS LIMITED,       152.40,       160.40,-4.99
L,NIRMAN AGRI GENTICS LTD,       215.45,       226.75,-4.98
L,INDIAN EMULSIFIERS LTD,       124.15,       130.65,-4.98
L,FRESHARA AGRO EXPORTS LTD,       144.45,       152.00,-4.97
L,KONTOR SPACE LIMITED,        83.35,        87.70,-4.96
L,OMFURN INDIA LIMITED,        85.30,        89.75,-4.96
L,S A TECH SOFTWARE INDIA L,        61.35,        64.55,-4.96
L,BEW ENGINEERING LIMITED,       151.65,       159.55,-4.95
L,SAT KARTAR SHOPPING LTD,       140.80,       148.10,-4.93
L,RBM INFRACON LIMITED,       288.85,       303.80,-4.92
L,KCK INDUSTRIES LTD,        45.45,        47.80,-4.92
L,ACCORD SYNERGY LIMITED,        21.40,        22.50,-4.89
L,AHIMSA INDUSTRIES LTD.,        24.40,        25.65,-4.87
