SECURITY,NEW,PREVIOUS,NEW_STATUS
2.50%GOLDBONDS 2025TR-VII,8847.22,8818.75,H
GOI TBILL 364D-24/04/25,99.14,98.65,H
SEC RE NCD SR III,1031.2,1029.31,H
GOI TBILL 91D-20/03/25,99.82,99.78,H
GOI TBILL 91D-17/04/25,99.21,99.2,H
SDL GJ 7.4% 2026,104.4,99.8,H
SDL TN 7.64% 2029,104.9,100.13,H
SWELECT ENERGY SYS LTD,519,501.5,H
ONECLICK LOGISTICS IND L,168,140,H
SHREE VASU LOGISTICS LTD,430,413.1,H
GOI TBILL 91D-28/03/25,99.67,99.45,H
INNOVATIVE TYRE & TUBE LT,31.05,30.45,H
REXPRO ENTERPRISES LTD,96,95,H
TSI 9.35% 32 SR I-F,105351.4,103430.5,H
GOI TBILL 91D-24/04/25,99.09,98.98,H
ZERODHAAMC - GOLDCASE,14.28,14.2,H
PUDUMJEE PAPER PRO. LTD,103.3,102.5,H
SEC RE NCD 10.03% SR.VIII,925,920.2,H
GOI TBILL 364D-12/06/25,98.26,98.15,H
SEC RE NCD SR.VI,1166.17,1163,H
ABANS HOLDINGS LIMITED,215.7,215.55,H
DHANUKA REALTY LIMITED,23.05,22.65,H
GOI TBILL 182D-08/05/25,98.89,98.61,H
PARAGON FINE S.C. LTD.,72.85,71.45,H
CHAMBAL FERTILIZERS LTD,588.8,579,H
SEC RE NCD 9.10% SR III,1068,1065,H
BLUE COAST HOTELS LIMITED,47.57,46.64,H
GOI LOAN  6.79% 2034,102.25,102.2,H
ANZEN IND ENE YLD PLU TRU,105.18,102.55,H
ZERODHAAMC - LIQUIDCASE,110.6,110.55,H
GOI TBILL 364D-15/05/25,98.77,98.14,H
SEC RE NCD SR.V,1271.8,1268.8,H
DIGIKORE STUDIOS LIMITED,222.65,219.8,H
SDL GJ 7.62% 2029,100,96.76,H
NORBEN TEA &EXPORTS LTD,50.02,49.04,H
FRANTEMAMC - FICRF3GP,3.41,3.1,H
GOI TBILL 364D-24/07/25,97.4,97,H
GOI TBILL 364D-31/07/25,97.2,97.15,H
SWAN DEFENCE N HEVY IND L,70.94,67.57,H
GUJARAT THEMIS BIOSYN LTD,281.69,274.9,H
SEC RE NCD 0% SR.VIII,1190,1173.85,H
KANDARP DG SMART BPO LTD,75,72,H
GOI TBILL 364D-20/03/25,99.77,99.75,H
SHAILY ENG PLASTICS LTD,1750,1747.95,H
LAXMI GOLDORNA HOUSE LTD,647.95,644.95,H
CHANDAN HEALTHCARE LTD,182.3,174.9,H
SEC RE NCD SR IV,1080.17,1065,H
SCL 9.25% 2026 SR II,952.76,939,H
ELEGANZ INTERIORS LIMITED,116.25,115.05,H
GOI TBILL 182D-27/06/25,98.02,97.76,H
VAIDYA SANE AYUR LAB LTD,90.2,95.5,L
IBL FINANCE LIMITED,47.7,48.55,L
LAMOSAIC INDIA LIMITED,50.9,51.9,L
GLOBESECURE TECHNO LTD,18.95,19.8,L
QUALITY POWER ELEC EQUP L,336,337.3,L
CMM INFRAPROJECTS LIMITED,1.8,1.9,L
ROSSELL TECHSYS LIMITED,270.15,475,L
GP ECO SOLUTIONS INDIA L,262.75,263,L
CYBER MEDIA RES & SER LTD,75,75.2,L
SEMAC CONSULTANTS LIMITED,352.8,360,L
AGS TRANSACT TECH LTD,16.25,17.11,L
IREDA 8.80NCDTR I SR II B,1100,1101,L
TECHERA ENGINEER (IND) L,141.9,144.8,L
ON DOOR CONCEPTS LIMITED,152.4,160.4,L
UNIINFO TELECOM SERVI LTD,19.4,20.45,L
MARSHALL MACHINES LTD,17.06,17.41,L
RUDRABHISHEK ENTERP LTD,188.4,188.66,L
DIVYADHAN RECYCLING IND L,41,42.25,L
HAPPY FORGINGS LIMITED,792.05,793.95,L
MEP INFRA. DEVELOPERS LTD,2.08,2.19,L
SIGNORIA CREATION LIMITED,70,73.5,L
ZENITH DRUGS LIMITED,62.55,63,L
REVATHI EQUIPMENT INDIA L,901.05,915,L
AVG LOGISTICS LIMITED,223.4,228.25,L
DRONE DESTINATION LIMITED,121.25,123.6,L
COOL CAPS INDUSTRIES LTD,782.3,798.25,L
SEC RE NCD 10.03% SR.VIII,901,901.2,L
SOFTTECH ENGINEERS LTD,339.5,346.05,L
TIMESCAN LOGISTICS IND L,47.1,47.5,L
DREAMFOLKS SERVICES LTD,238.1,241,L
SHUBHSHREE BIOFUELS ENE L,324.5,326.2,L
VADIVARHE SPCLTY CHEM LTD,21.05,21.65,L
REFRACTORY SHAPES LIMITED,79.05,80.6,L
SVP GLOBAL TEXTILES LTD,3.09,3.11,L
SURATWWALA BUS GROUP LTD,32.28,33.97,L
DELTA AUTOCORP LIMITED,81.6,83.25,L
B&B TRIPLEWALL CONT LTD,143.01,143.58,L
GENSOL ENGINEERING LTD,334.8,372,L
INDUS INFRA TRUST,109.25,109.75,L
JIWANRAM SHEODUTTRA IND L,8.1,8.2,L
K2 INFRAGEN LIMITED,87.5,92.1,L
KALAHRIDHAAN TRENDZ LTD,9.9,10.4,L
POLYSIL IRRIGATION SYST L,15.2,40,L
INDIAN EMULSIFIERS LTD,124.15,129.8,L
SPP POLYMER LIMITED,21.5,22,L
SHANTHALA FMCG PRODUCTS L,23.7,23.8,L
BRACE PORT LOGISTICS LTD,82.7,84.3,L
NATURAL CAPSULES LIMITED,194.96,195.1,L
KORE DIGITAL LIMITED,360.65,368,L
OMFURN INDIA LIMITED,85.3,87.35,L
SALASAR EXTERIOR CONT LTD,11.75,11.9,L
MY MUDRA FINCORP LIMITED,59.4,59.9,L
POWERGRID INFRA. INVITS,75,75.87,L
QUALITY FOILS (INDIA) LTD,72.4,72.75,L
NOIDA TOLL BRIDGE CO LTD,3.73,3.81,L
ANSAL PROP & INFRA LTD,5.25,5.53,L
PRATHAM EPC PROJECTS LTD,171.35,174.85,L
C2C ADVANCED SYSTEMS LTD,307.05,323.2,L
DELPHI WORLD MONEY LTD,129.55,134.09,L
ADITYA ULTRA STEEL LTD,29.5,56.8,L

