SYMBOL,SYMBOL P/E,ADJUSTED P/E
PENINLAND,46.25,45.37
THERMAX,63.28,63.28
WHEELS,13.52,13.52
ZODIACLOTH,,
RIIL,119.25,119.25
PREMIERPOL,27.09,27.09
RAYMOND,19.25,18.88
RSWM,,
SHREDIGCEM,27.22,27.22
SESHAPAPER,14.10,14.10
SMLISUZU,14.23,14.23
SUPERSPIN,,
SUNDRMFAST,35.10,35.10
FACT,,509.15
EXIDEIND,37.95,37.95
EUROTEXIND,,
ELECON,25.85,25.85
CRISIL,47.46,47.46
LMW,134.21,134.21
ORIENTPPR,,
PEL,42.35,
NELCO,96.52,96.52
MASTEK,18.40,18.93
MAHSCOOTER,65.38,68.13
LUMAXIND,41.32,41.32
TRENT,100.54,141.16
KECL,62.28,264.81
CUMMINSIND,46.09,46.09
KCP,9.33,8.46
JAYBARMARU,30.54,30.54
JBCHEPHARM,39.98,39.98
INFY,25.67,25.67
INDIAGLYCO,20.69,20.69
IONEXCHANG,33.95,33.95
IFBIND,35.21,35.21
IGPL,12.84,12.84
HIMATSEIDE,17.95,17.95
GNFC,14.49,14.49
GFLLIMITED,,
BPCL,8.56,8.38
BHARATFORG,58.86,53.08
BASF,32.19,32.72
FORCEMOT,19.09,19.09
ATUL,40.30,40.30
ARVIND,27.93,27.93
ACC,13.43,14.78
TATAMOTORS,7.41,7.40
SCI,7.58,7.58
MRPL,23.23,23.04
LINDEINDIA,120.71,120.71
HINDPETRO,10.93,10.93
ESCORTS,29.82,29.82
RELINFRA,34.38,
BAJAJHLDNG,84.98,84.98
ASHOKLEY,20.18,20.46
ZUARIIND,,498.48
VOLTAS,54.56,54.56
TITAN,84.67,84.67
TATASTEEL,76.75,63.61
SUNDARMFIN,30.58,29.42
SPIC,19.45,13.13
VEDL,9.40,10.45
SBIN,8.07,8.07
RELIANCE,20.01,20.01
PFIZER,30.27,30.27
NOCIL,24.35,24.35
BOSCHLTD,39.46,39.48
DRREDDY,17.31,17.31
BATAINDIA,45.64,63.44
DEEPAKFERT,14.92,14.92
CHAMBLFERT,15.21,15.21
CARBORUNIV,47.45,56.11
MAHSEAMLES,11.13,11.13
HINDOILEXP,14.55,17.92
DICIND,30.53,31.45
COROMANDEL,29.74,29.74
BALMLAWRIE,14.26,14.26
WILLAMAGOR,,
VINDHYATEL,16.02,16.02
MOTOGENFIN,45.45,45.45
MARALOVER,,
ASIANPAINT,50.13,48.61
RAMCOCEM,54.48,112.53
INDIACEM,,
PGHL,35.94,34.64
ABREL,125.95,125.95
BEML,40.36,40.36
ADORWELD,27.72,25.09
CENTENKA,14.04,14.04
TATACHEM,,39.13
TORNTPHARM,54.14,54.14
VTL,14.34,14.34
ATFL,555.09,496.83
FEDERALBNK,10.97,10.97
EPL,23.42,22.41
VLSFINANCE,4.28,4.28
VIPIND,,
SUPREMEIND,48.41,48.41
SRF,73.53,73.53
BIRLACABLE,85.99,85.99
BALRAMCHIN,23.94,23.94
ANSALAPI,,
AEGISLOG,38.66,38.66
WEIZMANIND,20.84,20.84
UNITECH,,
UNICHEMLAB,,46.78
BBOX,32.03,24.74
HONAUT,57.05,57.05
JTEKTINDIA,36.01,36.24
SAURASHCEM,175.56,175.56
RANEHOLDIN,8.58,80.95
PRECOT,12.66,15.73
TATAELXSI,42.73,42.73
SUNPHARMA,33.06,32.05
KOHINOOR,,
OILCOUNTUB,,
SHREYANIND,5.24,5.24
SHALPAINTS,,
SANDESH,6.04,6.06
HCC,16.32,
BAJAJHIND,,
ASHIMASYN,4.02,4.02
APOLLOHOSP,67.80,67.80
ARE&M,18.09,19.57
ADANIENT,66.70,63.41
IVP,12.87,12.87
BALKRISIND,27.23,27.23
TIRUMALCHM,,
INDBANK,16.21,16.21
GINNIFILA,,135.63
EICHERMOT,35.44,35.44
RAJSREESUG,11.50,11.50
GVT&D,72.66,72.66
NEULANDLAB,50.66,63.50
ONGC,7.13,6.89
ITI,,
ZENSARTECH,25.24,25.24
TIL,7.52,157.90
TAINWALCHM,54.14,54.14
BERGEPAINT,52.02,52.02
BANARISUG,45.22,45.22
JINDALPOLY,10.87,18.40
ANIKINDS,,
KPIL,29.61,29.61
JYOTISTRUC,55.93,55.93
IGARASHI,63.84,63.84
BSL,17.03,17.03
BLUEDART,51.76,51.76
NKIND,779.27,779.27
JAYNECOIND,237.07,98.93
MUNJALSHOW,16.36,16.36
APCOTEXIND,30.57,30.57
SOTL,22.84,22.84
HSCL,41.66,41.66
RCF,25.39,26.99
RANASUG,9.84,9.84
KARURVYSYA,8.53,8.53
DECCANCE,432.92,75.90
ARENTERP,18.63,18.63
TECILCHEM,,
WSI,876.14,190.65
UFLEX,,7.07
TATAPOWER,32.19,31.05
ADVANIHOTR,20.82,20.82
THOMASCOOK,25.31,24.98
SUNFLAG,25.59,25.59
SUBROS,27.33,27.33
SPMLINFRA,34.36,36.13
SIMPLEXINF,10.08,10.08
SIEMENS,70.09,70.09
BHARATRAS,28.16,28.16
WIPRO,23.86,23.86
VSTIND,13.40,17.94
JUBLPHARMA,23.01,18.82
UNIVCABLES,38.01,38.01
UCAL,,
TATACOMM,35.58,37.11
TOKYOPLAST,138.80,138.80
SOMANYCERA,24.63,25.06
MURUDCERA,27.27,27.27
IFCI,45.85,46.32
HLVLTD,35.03,38.48
SANOFI,32.38,30.34
M&M,27.88,27.88
LIBERTSHOE,40.36,29.74
KREBSBIO,,
KAKATCEM,,
KAJARIACER,37.83,37.83
KABRAEXTRU,32.35,32.35
HEIDELBERG,43.80,43.80
MODTHREAD,27.13,27.13
MODIRUBBER,,
MIRCELECTR,,
MANGLMCEM,43.18,43.18
PRSMJOHNSN,,
PREMIER,,
POLYPLEX,8.84,8.84
PIDILITIND,69.27,67.56
PCBL,32.27,32.23
3PLAND,35.62,35.62
OSWALAGRO,17.73,17.72
EIHAHOTELS,24.17,23.23
HONDAPOWER,35.01,37.38
JINDALSAW,8.74,8.74
SAIL,27.22,17.55
RUBYMILLS,16.29,16.29
STYRENIX,19.06,19.06
ABB,60.05,60.05
ABAN,,
IDBI,10.61,10.61
GRAPHITE,17.98,17.98
CANFINHOME,9.65,9.65
BRITANNIA,52.53,52.09
BBL,22.51,22.51
ELECTCAST,8.20,8.20
DHAMPURSUG,14.69,14.69
DCMSHRIRAM,29.46,29.46
DABUR,48.87,48.87
COSMOFIRST,13.36,13.36
CIPLA,22.93,22.93
HEROMOTOCO,16.10,16.10
HDFCBANK,18.22,17.96
HARRMALAYA,2472.92,45.86
GMBREW,9.32,9.32
GIPCL,12.24,12.24
ITC,25.08,25.08
INDIANHUME,16.49,16.49
HINDCOMPOS,17.88,17.88
IOC,18.78,23.38
WALCHANNAG,,
OSWALGREEN,71.84,71.84
HUHTAMAKI,17.59,26.18
RICOAUTO,28.82,28.32
KAMATHOTEL,22.83,24.19
IFBAGRO,23.72,23.72
BANCOINDIA,15.37,15.37
DELTAMAGNT,,
MANINDS,15.35,15.35
APOLLOTYRE,19.17,18.14
SIYSIL,14.84,14.84
SHANTIGEAR,33.09,33.09
PRECWIRE,31.38,31.38
ONWARDTEC,26.70,26.70
NILKAMAL,23.07,23.07
NCC,14.10,13.75
ICIL,16.60,16.60
SEAMECLTD,24.24,26.43
ELGIEQUIP,43.57,43.57
AUROPHARMA,18.14,17.80
BBTC,6.12,5.96
EIHOTEL,30.01,30.29
KANORICHEM,,
LICHSGFIN,5.56,5.56
GICHSGFIN,5.04,5.04
BEPL,14.47,14.47
RAIN,,
BANARBEADS,24.43,24.43
MOREPENLAB,20.96,20.96
WSTCSTPAPR,6.43,6.43
21STCENMGM,1.83,1.83
TNTELE,,
VENKEYS,17.04,17.04
GHCL,10.18,10.18
S&SPOWER,,
PRUDMOULI,27.90,25.55
PRAJIND,34.99,38.10
HIL,,58.16
EVERESTIND,,
BPL,21.54,21.54
TRANSWORLD,14.42,14.42
KEEPLEARN,119.17,119.17
PGHH,61.47,61.47
VESUVIUS,30.85,30.85
TFCILTD,14.89,14.89
BOMDYEING,5.01,37.28
GTL,1.20,18.93
NAVNETEDUL,3.83,14.36
GUJALKALI,,
AGI,15.38,15.38
GLAXO,53.10,53.43
TATACONSUM,76.29,67.20
ZEEL,18.51,15.49
CHOLAFIN,30.04,30.04
INDHOTEL,59.41,69.27
FMGOETZE,11.99,11.99
KOTAKBANK,17.25,19.80
LYKALABS,103.12,102.33
ORIENTHOT,65.03,65.03
JAYSREETEA,8.88,41.70
GILLETTE,55.04,55.04
HMT,,
GOLDENTOBC,9.44,10.71
KANSAINER,16.52,30.11
FOSECOIND,29.96,29.96
ESABINDIA,40.94,40.94
3MINDIA,54.19,54.19
ANDHRAPAP,12.30,12.30
GABRIEL,31.00,31.00
SCHAEFFLER,53.94,53.94
AARTIIND,39.71,40.05
RALLIS,31.02,31.02
AMJLAND,14.25,14.25
PRAKASH,7.50,7.50
MFSL,111.15,111.15
KSB,47.85,47.85
KOPRAN,17.18,17.18
HEG,36.76,36.76
GREAVESCOT,,
GODFRYPHLP,33.02,31.46
VARDMNPOLY,27.50,27.50
SURYAROSNI,16.54,16.54
TATAINVEST,127.95,127.95
TIMKEN,48.73,48.73
ROLTA,,
SUDARSCHEM,60.98,88.90
SHREECEM,82.96,82.96
SAKHTISUG,2.52,
IPCALAB,47.78,47.23
INGERRAND,40.90,40.90
AKZOINDIA,33.64,33.64
HINDALCO,10.64,10.17
HINDZINC,18.51,18.39
HINDUNILVR,47.38,49.17
GSFC,12.80,12.95
GRASIM,21.10,19.97
AMBUJACEM,22.42,22.79
FINPIPE,14.56,25.42
FINCABLES,18.83,26.04
EIDPARRY,7.70,7.70
DCW,64.04,63.97
DCM,18.95,18.95
CGPOWER,100.48,99.81
HEUBACHIND,28.32,28.32
CESC,12.85,12.85
BIRLACORPN,32.24,33.17
BHEL,149.59,149.59
BHARATGEAR,,
BEL,40.58,40.58
BAJFINANCE,32.06,32.06
ASHAPURMIN,12.67,15.66
PVP,768.76,810.08
NAVA,8.68,8.68
KESORAMIND,,
CORALFINAC,6.71,6.71
GREENPLY,28.57,29.46
TNPL,62.05,62.05
PARASPETRO,,
AUTOAXLES,15.87,15.87
PEARLPOLY,,
REMSONSIND,28.57,28.85
DALMIASUG,9.61,9.61
NATCOPHARM,7.88,7.88
KHAITANLTD,6.49,6.49
SWARAJENG,21.96,21.96
MTNL,,
MRF,25.59,25.59
GARFIBRES,33.75,33.75
ANDHRSUGAR,29.64,26.79
TNPETRO,13.91,15.68
TTKPRESTIG,40.52,40.52
STARPAPER,4.99,4.98
SANGHIIND,,
SKFINDIA,34.82,34.82
AUSOMENT,11.90,11.90
EIMCOELECO,18.23,18.23
PANACEABIO,,
JAYAGROGN,12.53,12.53
ALPSINDUS,,
CUBEXTUB,24.27,24.27
MARICO,46.74,46.74
SILINV,13.57,13.57
REGENCERAM,,
BIOFILCHEM,122.81,122.81
KEYFINSERV,6.39,6.39
ZENITHEXPO,,
SUNDRMBRAK,72.32,72.32
SANGAMIND,44.87,38.82
MOTHERSON,21.79,21.79
SOMATEX,1.50,
VISAKAIND,,
AARTIDRUGS,21.76,21.76
STERTOOLS,18.95,18.95
CREST,10.98,10.98
INDIANCARD,1.86,13.16
HITECHGEAR,23.86,23.84
WENDT,42.67,42.67
DENORA,95.76,95.76
TVSSRICHAK,58.53,47.87
SHRIRAMFIN,12.76,14.46
SAGCEM,,
PUNJABCHEM,28.93,28.93
MIRZAINT,204.63,204.63
DYNAMATECH,51.93,102.46
GUJAPOLLO,31.93,31.93
GANESHHOUC,16.00,16.00
MMFL,13.88,13.94
JAGSNPHARM,27.34,39.16
ALKYLAMINE,47.96,47.96
JCHAC,87.08,84.22
MPHASIS,26.59,26.59
GUJRAFFIA,38.35,38.35
RUCHINFRA,,
ATLASCYCLE,4.18,4.18
RAMCOIND,24.24,24.24
KOTHARIPET,13.26,13.20
HERITGFOOD,18.70,18.32
INDRAMEDCO,20.63,20.63
BANKBARODA,5.26,5.26
BLUECHIP,,
MADRASFERT,5.75,5.92
GAIL,9.68,11.73
INDNIPPON,17.06,17.06
SKMEGGPROD,11.87,11.87
TCIFINANCE,,
BANKINDIA,5.44,5.44
CONCOR,31.71,31.07
DCMFINSERV,,
ICICIBANK,16.49,16.49
KCPSUGIND,8.14,10.85
HUDCO,13.25,13.25
INDSWFTLAB,2.40,139.10
SAREGAMA,46.41,46.41
FDC,23.79,23.79
ENGINERSIN,27.92,27.92
ADROITINFO,12.23,12.23
JAICORPLTD,26.37,26.37
ANTGRAPHIC,,
GMDCLTD,11.89,11.89
MAHAPEXLTD,12.93,15.58
INDUSINDBK,10.44,10.44
ASAHIINDIA,43.01,46.10
TRIGYN,8.64,8.38
J&KBANK,4.99,4.99
KOTHARIPRO,,
CUB,10.39,10.39
SOUTHBANK,5.13,5.13
ARCHIES,,
ASTRAZEN,189.22,83.70
ITDCEM,25.92,25.92
AXISBANK,11.12,11.12
CYIENT,21.37,21.37
SONATSOFTW,25.39,25.39
CYBERTECH,15.35,15.35
KOKUYOCMLN,84.66,84.66
GOACARBON,,
DHANBANK,22.37,22.37
SANGHVIMOV,13.34,13.34
STCINDIA,18.81,10.79
MANUGRAPH,,
RSSOFTWARE,9.17,9.17
VIPCLOTHNG,,
NATIONALUM,8.16,8.82
IVC,46.87,46.87
JINDALSTEL,22.28,22.28
ALEMBICLTD,17.03,17.03
NIPPOBATRY,2.47,2.47
ICDSLTD,67.09,67.09
BSOFT,20.91,20.91
HCLTECH,24.98,24.98
ACCELYA,20.39,20.44
STAR,17.03,16.29
HAVISHA,,
ZYDUSLIFE,19.45,19.45
GLENMARK,,
RAJESHEXPO,125.95,125.95
CINEVISTA,,
WOCKPHARMA,,
LCCINFOTEC,,
NRBBEARING,17.43,18.21
IOB,26.70,26.70
RAMCOSYS,,
GEPIL,54.88,54.88
BIL,43.58,43.58
HCL-INSYS,,
CREATIVEYE,,
KTKBANK,5.02,5.02
MAHLIFE,,
MUKTAARTS,,
BLBLIMITED,17.31,17.31
AJANTPHARM,35.64,35.64
BLUESTARCO,78.59,79.96
CALSOFT,30.43,30.43
TVSMOTOR,51.23,51.23
PNBGILTS,6.54,6.62
PNC,71.01,71.01
TAJGVK,33.08,33.08
NLCINDIA,13.07,13.07
REPRO,,
CHENNPETRO,22.10,22.10
AKSHOPTFBR,,
TTML,,
KRBL,13.89,13.89
HAVELLS,64.63,64.63
GAEL,15.60,15.60
USHAMART,24.86,24.86
AXISCADES,59.80,58.43
BALAJITELE,,
MRO-TEK,41.45,41.45
TIPSMUSIC,48.94,48.94
STLTECH,,
KHANDSE,34.02,34.02
HIKAL,59.78,59.78
TRIDENT,44.01,44.01
MARKSANS,24.38,24.38
ACLGATI,,
NEXTMEDIA,,
GOLDTECH,25.58,
SMARTLINK,12.20,12.20
GODREJCP,,52.49
SUVEN,,
JISLJALEQS,109.39,109.39
LUPIN,31.73,31.73
UNITDSPR,68.20,65.15
FEL,,
TCI,23.65,23.50
MPSLTD,36.03,36.03
BHARTIARTL,40.83,53.47
ASAL,41.73,41.73
OLECTRA,68.78,71.36
PONNIERODE,8.95,8.95
PNB,6.49,6.49
APTECHT,43.81,38.96
SURANAT&P,28.53,28.66
TIMESGTY,79.22,79.22
OFSS,29.96,29.96
UNIONBANK,5.45,5.45
NUCLEUS,15.65,15.65
CANBK,4.48,4.48
GENESYS,55.60,55.60
OMAXAUTO,5.20,
GODREJIND,24.58,24.58
DIVISLAB,70.85,70.85
RADICO,90.48,90.48
INDORAMA,,
MARUTI,25.56,25.56
VARDHACRLC,22.14,22.14
UCOBANK,18.96,18.96
BAGFILMS,42.79,42.79
JSL,20.96,20.95
NSIL,35.43,35.43
WELSPUNLIV,17.73,17.73
JAIBALAJI,16.10,16.10
TVSELECT,,
IGL,18.79,18.79
DREDGECORP,,
TVTODAY,12.22,11.74
UNIENTER,825.28,825.28
UPL,772.61,29.65
SIL,137.58,137.58
MUKANDLTD,15.00,15.00
PETRONET,12.11,12.11
PTC,7.54,7.39
VAIBHAVGBL,27.28,26.71
BIOCON,32.62,33.90
MAHABANK,6.92,6.92
POONAWALLA,129.76,129.76
XPROINDIA,58.37,56.04
RKFORGE,32.47,32.41
DATAMATICS,16.86,19.27
NDTV,,
CCL,28.46,28.46
JPASSOCIAT,,
EXCELINDUS,15.12,15.12
LT,26.91,27.02
APARINDS,28.84,28.84
AMBICAAGAR,6.68,6.68
CENTEXT,17.52,17.77
NIITLTD,34.98,34.98
ULTRACEMCO,48.39,48.18
TCS,26.19,26.19
COFORGE,60.90,61.55
TEXINFRA,,
GULFPETRO,8.41,8.41
GUFICBIO,41.78,41.78
INDSWFTLTD,1.19,1.19
ASTRAMICRO,48.63,48.63
WELENT,17.22,17.22
NTPC,15.24,15.24
SALSTEEL,,
KOTARISUG,17.13,22.29
JBMA,57.74,57.74
DWARKESH,,
INDOCO,,
IMPEXFERRO,,
SUPRAJIT,41.55,41.55
PATELENG,10.44,10.21
XCHANGING,22.38,22.38
JSWSTEEL,70.50,65.37
CONSOFINVT,5.45,5.45
JINDALPHOT,42.80,42.80
JPPOWER,7.43,5.98
EVEREADY,28.02,28.02
GOKEX,38.35,38.35
SAKSOFT,21.30,21.30
ALLDIGI,17.01,20.42
IIFL,17.58,7.08
MANGALAM,12.31,12.31
SHOPERSTOP,178.13,159.85
WELCORP,23.76,23.51
SSWL,4.25,13.18
CYBERMEDIA,,
SHAHALLOYS,,
SURYALAXMI,72.60,28.39
JKPAPER,8.28,8.28
PRIMESECU,19.01,20.54
63MOONS,,
GRANULES,24.48,24.48
JSWHL,115.63,115.63
VHL,,
GEOJITFSL,11.15,11.15
GENUSPOWER,38.30,38.30
YESBANK,24.45,24.45
MSPL,65.32,65.45
NECLIFE,35.92,35.92
SPLIL,10.34,10.33
MCLEODRUSS,,
GOLDIAM,37.42,37.42
RML,,
HTMEDIA,,
SASKEN,43.80,43.80
FCSSOFT,192.05,51.67
IMPAL,14.71,14.71
SUZLON,61.39,59.98
AURIONPRO,44.76,44.76
RENUKA,,
BASML,,
TRIVENI,37.17,37.17
AIAENG,28.46,28.47
NAHARINDUS,19.69,18.39
ORIENTCER,37.67,37.67
EKC,14.09,13.82
VIMTALABS,33.41,33.41
KERNEX,275.34,275.34
PVRINOX,,
CELEBRITY,,
NITINSPIN,11.36,11.36
ROHLTD,22.20,22.20
ENIL,74.55,74.55
GSPL,8.19,8.37
JAGRAN,10.27,10.27
GVKPIL,0.94,11.31
SADBHAV,,
SAKUMA,12.05,12.05
KEC,42.20,42.20
JKCEMENT,47.22,55.17
INDOTECH,35.49,35.49
M&MFIN,14.15,14.15
BLKASHYAP,20.63,22.44
VISASTEEL,,
NITCO,,
CENTURYPLY,74.10,71.97
KEI,49.20,49.19
SANWARIA,,
VAKRANGEE,244.03,232.33
SOLARINDS,71.22,71.22
GALLANTT,21.19,21.19
MALUPAPER,,
UTTAMSUGAR,11.27,11.27
SGL,,
KKCL,18.87,18.87
SUNTV,12.93,12.93
GPIL,13.62,13.63
RSYSTEMS,31.29,31.29
LOKESHMACH,56.19,56.19
BALPHARMA,18.35,18.35
SWELECTES,20.20,136.62
KAMDHENU,15.59,15.59
RATNAMANI,33.58,33.58
PIONEEREMB,22.94,22.94
JKLAKSHMI,29.65,29.65
PFOCUS,,
ALLCARGO,112.89,67.18
MUNJALAU,11.01,13.58
EMAMILTD,28.67,28.67
GMRAIRPORT,,
TECHM,39.91,40.01
GRINDWELL,44.64,44.64
RAMANEWS,,
VOLTAMP,30.41,30.41
SELAN,11.63,11.63
ACE,33.31,33.31
ANANTRAJ,40.49,40.49
HOVS,15.67,15.67
BINANIIND,6.26,
TALBROAUTO,13.50,18.92
ALICON,20.13,20.13
GEECEE,12.89,12.89
MADHUCON,,
JMFINANCIL,,11.02
INFOMEDIA,,
FIEMIND,19.09,19.09
JHS,,
DCBBANK,5.51,5.51
GLOBALVECT,,
INSPIRISYS,14.31,14.31
SHYAMTEL,,
GTLINFRA,,
SHIVAMAUTO,,
NAUKRI,104.47,106.76
AARVEEDEN,18.22,18.22
GESHIP,4.19,4.19
TORNTPOWER,27.21,27.21
MANALIPETC,53.58,47.34
SUTLEJTEX,,
LTFOODS,20.66,20.66
DONEAR,12.13,12.13
RUCHIRA,5.98,5.98
SOBHA,210.63,210.66
VENUSREM,11.28,14.11
JINDRILL,21.01,21.01
HIRECT,47.50,47.50
NFL,24.98,24.98
PLASTIBLEN,14.49,14.49
PRAENG,,
PARACABLES,17.39,17.39
HBLENGINE,45.40,42.73
TANLA,11.72,11.72
AVTNPL,19.87,19.87
ZEEMEDIA,,
SITINET,,
VEEDOL,19.47,18.72
LUMAXTECH,17.34,17.34
SARLAPOLY,10.13,10.13
PTL,15.00,15.00
WANBURY,14.05,33.63
AUTOIND,15.54,13.99
GANDHITUBE,12.83,12.83
PITTIENG,27.09,27.09
NETWORK18,,
UNOMINDA,57.71,59.41
IZMO,7.26,6.98
HUBTOWN,,
CTE,,
TIIL,22.11,21.52
ORIENTBELL,82.77,82.77
PGIL,29.90,29.98
REDINGTON,15.74,15.74
TTL,18.06,34.79
FSL,44.37,44.92
PFC,4.40,4.40
TFL,155.80,155.80
SMSPHARMA,25.63,25.63
INDIANB,6.82,6.82
ORIENTALTL,,
IDEA,,
PAGEIND,67.99,67.99
LAOPALA,24.81,24.81
RAJTV,,
AMDIND,80.02,80.02
JKTYRE,12.55,11.76
ASTRAL,67.78,67.78
EMBDL,,
NAHARSPING,,
NAHARPOLY,23.88,23.88
THEMISMED,40.80,40.80
NCLIND,21.00,18.34
BALAMINES,22.25,22.25
BANSWRAS,20.24,20.24
ICRA,31.13,31.13
DISHTV,,
PHOENIXLTD,42.00,42.43
AROGRANITE,,
NDLVENTURE,377.82,377.82
ZENITHSTL,12.44,12.44
BFUTILITIE,9.83,9.83
FORTIS,61.40,59.54
SRHHYPOLTD,10.34,9.90
ALPHAGEO,86.00,19.61
WEBELSOLAR,73.98,67.24
TGBHOTELS,,
HILTON,75.30,75.30
INSECTICID,12.68,12.70
KMSUGAR,8.40,8.40
NAVINFLUOR,76.16,76.16
TIMETECHNO,22.67,22.67
NAGREEKEXP,15.60,15.60
HGS,,
NELCAST,27.77,31.65
V2RETAIL,79.41,79.41
DLF,66.73,91.33
TARMAT,,83.45
SPARC,,
MEGASOFT,74.86,74.86
HDIL,,
ADSL,21.31,21.31
ALPA,8.90,8.91
OMAXE,,
CENTRALBK,10.68,10.68
ASIANTILES,,
TAKE,,
KPRMILL,35.38,35.38
CIEINDIA,18.55,18.55
PURVA,,
MOTILALOFS,10.94,10.94
INDOWIND,31.85,31.85
NAGREEKCAP,1.10,1.10
MAGNUM,10.54,16.16
KSCL,18.02,18.02
CENTUM,,
POWERGRID,15.80,15.80
MANGCHEFER,12.50,12.50
MAANALU,27.03,27.03
IL&FSENGG,,
DELTACORP,15.66,21.02
BAJAJELEC,67.87,67.87
ENERGYDEV,,121.47
CERA,29.84,29.84
RELIGARE,38.87,268.12
BVCL,31.81,31.81
ADANIPORTS,23.76,22.61
EDELWEISS,14.74,14.74
RGL,19.31,19.31
KOLTEPATIL,129.77,129.77
KAUSHALYA,2.50,2.50
COLPAL,44.84,44.84
JYOTHYLAB,32.41,32.41
MADHAV,412.25,412.25
KALYANIFRG,28.14,28.14
HITECHCORP,19.68,20.51
ECLERX,24.74,24.74
TARIL,73.08,73.08
BRIGADE,36.74,36.74
BGRENERGY,,
MANAKSIA,6.76,5.20
DVL,13.44,13.44
PATINTLOG,13.89,13.89
PPAP,,
ARIES,10.05,10.05
AMBIKCO,11.72,11.72
CEATLTD,23.26,21.35
BIRLAMONEY,9.97,9.97
RPOWER,5.79,
JKIL,12.80,12.80
CORDSCABLE,16.77,16.77
KNRCON,4.61,4.57
HERCULES,22.44,22.44
ONMOBILE,,
SEPC,100.45,61.00
BANG,,
IRB,4.01,28.23
NMDC,8.89,8.86
GSS,17.42,17.42
NAHARCAP,12.53,12.53
RECLTD,6.77,6.77
VGUARD,47.02,47.02
DHANI,,
NESCO,16.20,16.20
DPSCLTD,74.52,74.52
TITAGARH,31.42,31.25
KIRIINDUS,,
BAJAJFINSV,17.05,17.05
BAJAJ-AUTO,25.80,25.80
DIGISPICE,24.93,46.63
GOKUL,47.99,47.99
RPGLIFE,44.49,40.50
ALMONDZ,50.88,50.88
RBL,11.55,11.29
RANEENGINE,51.66,21.59
ARCHIDPLY,,
LOTUSEYE,241.84,253.16
VINYLINDIA,18.64,18.64
UBL,117.31,113.64
LPDC,,
ZFCVINDIA,47.75,47.75
20MICRONS,10.73,10.61
JOCIL,58.05,58.05
ALKALI,,
COUNCODOS,81.52,81.52
TPHQ,22.39,22.39
FELDVR,,
MAWANASUG,3.47,8.49
AJMERA,23.39,23.39
MHRIL,44.44,44.44
GKWLIMITED,,
VINATIORGA,42.04,42.04
EXCEL,40.63,40.63
ADANIPOWER,15.13,15.13
NHPC,24.64,24.64
GLOBUSSPR,153.89,153.89
OIL,8.20,8.21
EXPLEOSOL,15.20,15.20
RTNPOWER,0.47,39.56
AMRUTANJAN,36.97,36.97
SUNTECK,28.11,28.11
ZYDUSWELL,30.81,31.37
DEN,7.06,7.06
ASTEC,,
SHILPAMED,68.15,70.97
SARDAEN,24.75,24.73
REFEX,35.94,36.00
GILLANDERS,7361.64,
AHLUCONT,14.47,26.11
DLINKINDIA,13.48,13.48
JSWENERGY,47.09,47.09
GODREJPROP,40.72,40.72
DBCORP,8.76,8.76
HINDCOPPER,52.21,52.21
BEARDSELL,14.16,14.16
MMTC,76.94,73.03
NESTLEIND,64.58,67.53
TRF,12.74,12.74
WHIRLPOOL,37.66,36.12
UNITEDTEA,10.22,10.22
MBLINFRA,2.08,
JUBLFOOD,105.16,176.25
VASCONEQ,7.29,16.41
THANGAMAYL,45.25,45.25
EMMBI,19.74,19.74
DBREALTY,,
HATHWAY,31.93,31.48
ORIENTLTD,,
ARSSINFRA,43.27,43.27
TEXMOPIPES,29.09,10.56
MANINFRA,19.14,19.14
IL&FSTRANS,,
LGBBROSLTD,13.30,13.82
PERSISTENT,63.67,63.67
ISFT,13.01,13.01
GOENKA,,
KIRLOSBROS,29.91,29.57
KSL,18.69,18.69
SJVN,33.93,37.05
SUNDARAM,,
KIRLOSIND,12.92,12.25
MANAPPURAM,8.75,8.75
UMESLTD,103.09,103.09
TI,25.77,24.69
HMVL,14.04,14.04
IMFA,8.64,8.64
BLISSGVS,19.06,8.17
EMAMIREAL,,
AHLEAST,8.45,8.45
IITL,16.77,17.40
BAJAJCON,16.74,16.74
UGARSUGAR,,
PRAKASHSTL,3.36,91.49
GPPL,19.38,17.78
ADFFOODS,33.64,33.64
WELINV,68.28,68.28
KILITCH,27.73,27.73
ORISSAMINE,687.45,687.45
DEEPAKNTR,35.29,38.40
SASTASUNDR,,7.89
CAREERP,10.00,10.00
GREENPOWER,59.27,57.76
RAMKY,11.23,11.23
CANTABIL,28.86,29.36
WABAG,31.46,31.05
ASHOKA,3.31,3.48
BEDMUTHA,16.97,16.97
JWL,32.82,32.82
OBEROIRLTY,22.20,22.20
PRESTIGE,63.33,63.33
SHAH,6.53,36.25
CGCL,35.26,35.26
RESPONIND,28.24,28.24
COALINDIA,6.68,6.68
IOLCP,19.76,19.76
GRAVITA,41.96,41.96
JINDWORLD,78.66,78.66
PENIND,20.19,20.19
RPPINFRA,7.30,7.30
JAMNAAUTO,16.04,16.04
MOIL,18.39,18.39
ZEELEARN,1.29,5.85
A2ZINFRA,25.07,
KIRLOSENG,17.65,18.54
RKDL,40.02,40.02
PSB,32.57,32.57
SURANASOL,268.16,268.16
SHEKHAWATI,0.53,5.55
BFINVEST,,
KICL,22.15,29.36
SUMMITSEC,18.70,16.83
STEL,44.73,44.73
OMKARCHEM,,
HINDMOTORS,16.09,16.09
TEXRAIL,26.55,26.55
HFCL,33.02,33.02
INDTERRAIN,,
DHUNINV,9.25,9.28
LOVABLE,,
PFS,11.81,11.81
MUTHOOTFIN,16.77,16.77
VADILALIND,22.44,22.44
SYMPHONY,43.32,33.10
PIIND,28.17,28.17
RELAXO,61.17,61.17
OMINFRAL,42.64,42.64
VSTTILLERS,25.13,25.21
ESTER,,
DELPHIFX,113.95,11.51
KARMAENG,,
ASHIANA,202.00,153.16
DHANUKA,19.17,19.17
MAITHANALL,3.13,3.13
RUSHIL,15.31,15.31
INVENTURE,14.69,13.52
ELGIRUBCO,30.12,
LTF,13.61,13.61
WINDMACHIN,,
YAARI,,
BODALCHEM,116.12,96.24
GAYAPROJ,,
WINSOME,,
TREEHOUSE,,
ASAHISONG,31.50,31.05
FILATEX,13.93,13.93
BROOKS,150.54,150.54
TDPOWERSYS,34.64,34.64
APLLTD,26.23,26.67
VASWANI,12.33,12.33
PGEL,110.99,110.99
PANAMAPET,10.78,10.78
SETUINFRA,,
TIJARIA,,
PAISALO,17.80,17.84
ONELIFECAP,,
FLEXITUFF,,
SHAKTIPUMP,25.82,25.82
TRITURBINE,46.88,46.88
INDOTHAI,155.38,155.38
ESSARSHPNG,0.80,52.39
DSSL,19.64,19.64
JISLDVREQS,1.52,1.52
POLYMED,71.96,71.96
RUPA,19.93,19.25
VIKASECO,28.34,28.34
APLAPOLLO,64.51,64.51
KANANIIND,44.79,44.79
MINDACORP,46.29,46.29
DBSTOCKBRO,19.17,19.17
IRFC,23.53,23.53
COMPUSOFT,171.28,171.28
RHIM,,31.07
SCHNEIDER,70.21,74.88
NDL,9.81,9.81
NBCC,41.35,36.58
MTEDUCARE,,
HEXATRADEX,,
TBZ,15.71,15.71
VSSL,15.41,15.41
SWANENERGY,14.49,14.49
SPECIALITY,27.23,27.23
CINELINE,,
SAMPANN,,
RTNINDIA,16.30,16.30
PROZONER,,
MORARJEE,,
THEJO,35.64,35.64
KITEX,27.34,27.34
MAYURUNIQ,14.71,14.71
ROSSELLIND,9.72,9.65
DUCON,14.34,14.34
TVSHLTD,7.46,7.46
ZUARI,4.59,4.59
VETO,11.48,11.48
CARERATING,28.37,28.37
PCJEWELLER,17.81,17.81
INDUSTOWER,8.88,8.88
VMART,,
ANKITMETAL,,
MOHITIND,,
REPCOHOME,4.74,4.74
NIBL,,
VIVIDHA,,
JUSTDIAL,13.00,13.00
CEREBRAINT,,
ATULAUTO,72.01,72.01
ORIENTCEM,58.12,58.12
ABFRL,,
SAMMAANCAP,,
ESSENTIA,28.32,28.32
FLFL,,
PILITA,62.85,62.85
LYPSAGEMS,,
MITCON,12.21,12.21
ORBTEXP,12.20,12.20
JPOLYINVST,18.90,18.90
SREEL,24.21,24.21
NATHBIOGEN,7.42,7.56
AGRITECH,150.04,150.04
SECURKLOUD,,
SANCO,,
CASTROLIND,23.72,23.72
SDBL,22.92,22.92
IREDA,25.80,25.80
BUTTERFLY,273.31,189.51
WONDERLA,33.78,33.78
AGARIND,11.14,11.14
HATSUN,69.30,69.30
CAPLIPOINT,27.13,27.13
GOCLCORP,10.11,9.29
GULFOILLUB,16.65,16.65
SNOWMAN,203.28,203.28
SHARDACROP,19.94,19.94
SUPERHOUSE,15.94,33.29
SHEMAROO,,
CIGNITITEC,25.27,24.82
PDSL,26.28,26.75
INTELLECT,34.22,34.24
MONTECARLO,16.17,16.17
GOODLUCK,13.00,13.00
FCL,21.89,21.89
DTIL,,
CAMLINFINE,,
GULPOLY,41.43,41.43
APOLSINHOT,46.17,46.17
CCHHL,180.31,180.31
LAMBODHARA,14.10,14.10
GRPLTD,54.61,50.23
GENUSPAPER,125.96,125.96
MOLDTKPAC,24.16,24.16
GREENLAM,55.54,55.54
VISHNU,23.95,23.95
GANECOS,34.49,34.49
LINC,16.41,16.41
MENONBE,22.23,22.23
HESTERBIO,40.97,40.97
JMA,7.35,7.35
ORTEL,,
MANAKALUCO,26.68,26.68
MANAKSTEEL,33.48,28.59
MANAKCOAT,38.26,40.52
ZENTEC,45.86,46.25
IMAGICAA,50.85,45.60
INOXWIND,69.85,63.75
LFIC,6.35,6.35
BYKE,52.83,52.83
AVANTIFEED,20.91,20.91
VIPULLTD,0.75,0.74
VRLLOG,31.48,31.48
MEP,,
PRIVISCL,36.82,36.82
UFO,19.61,20.14
TPLPLASTEH,26.03,26.03
NILAINFRA,16.46,16.46
ARROWGREEN,12.61,12.61
PNCINFRA,6.13,6.13
SKIPPER,37.12,37.12
ALANKIT,19.09,19.09
ORICONENT,109.21,103.29
SHYAMCENT,,
BALKRISHNA,,
ADANIENSOL,144.62,38.08
SYNGENE,54.36,57.33
AYMSYNTEX,37.83,60.51
EMKAYTOOLS,4.11,4.11
KAYA,,
RAMASTEEL,67.00,67.00
AURUM,,
PKTEA,27.38,27.38
MUTHOOTCAP,8.74,8.74
SATIN,5.52,5.52
ARVSMART,26.62,26.62
POWERMECH,19.74,19.72
SHARDAMOTR,14.21,14.21
NAVKARCORP,,
SHREEPUSHK,18.70,18.70
GUJGASLTD,20.97,21.73
SADBHIN,,
AHIMSA,,
IDFCFIRSTB,22.02,22.02
COFFEEDAY,,17.61
INDIGO,29.83,29.83
SHK,381.24,16.13
PERFECT,22.70,22.70
BALAXI,11.55,12.00
LUXIND,23.11,23.11
TTKHLTCARE,20.29,24.80
UMANGDAIRY,25.40,25.40
SALZERELEC,23.10,23.10
PILANIINVS,23.82,23.82
KRIDHANINF,1.11,135.94
LINCOLN,12.54,12.54
LALPATHLAB,48.02,48.02
ALKEM,25.55,25.44
NH,41.82,41.82
OCCL,8.55,8.55
PRECAM,96.63,112.35
TEAMLEASE,32.07,32.07
QUICKHEAL,72.37,72.37
HITECH,34.29,34.29
VIDHIING,53.89,53.89
BHAGERIA,22.89,22.89
NECCLTD,19.35,19.35
KELLTONTEC,13.22,13.22
SEQUENT,164.37,175.85
GOKULAGRO,15.06,15.06
SIMBHALS,6.25,6.25
KDDL,24.30,24.28
PDMJEPAPER,8.40,8.40
HCG,109.82,114.89
HECPROJECT,27.55,27.55
WEALTH,18.66,18.26
BHARATWIRE,14.13,14.13
INFIBEAM,23.62,23.62
PALREDTEC,,
THYROCARE,34.12,34.07
CROMPTON,42.19,42.19
SAGARDEEP,47.70,47.70
PARAGMILK,17.35,17.35
SHRIPISTON,16.33,16.33
UNITEDPOLY,20.82,20.82
ARMANFIN,14.42,14.42
ALBERTDAVD,12.42,12.42
BLS,29.17,29.17
ASPINWALL,11.06,11.06
NAGAFERT,0.19,0.19
SALONA,17.16,17.16
PREMEXPLN,58.04,58.04
CONTROLPR,21.61,21.61
INCREDIBLE,15.02,15.02
SETCO,,
DAMODARIND,18.52,18.52
MGL,12.09,12.09
MOLDTECH,16.90,16.90
POKARNA,24.85,24.85
COMPINFO,0.53,0.53
VIJIFIN,,
GPTINFRA,16.45,16.45
QUESS,24.04,23.53
GROBTEA,6.04,6.04
SOMICONVEY,24.04,24.04
LLOYDSENGG,61.58,61.58
LTIM,30.92,30.92
GATECH,16.36,16.36
MINDTECK,21.54,20.44
ADVENZYMES,22.87,21.30
DBL,11.97,21.11
SPAL,19.97,19.97
NDGL,33.58,32.39
RBLBANK,9.67,9.67
BIGBLOC,72.75,72.75
MBAPL,58.24,58.24
CUPID,18.00,18.00
LTTS,38.88,38.88
GNA,12.65,12.65
CROWN,10.21,32.47
ICICIPRULI,81.63,81.63
MARATHON,11.89,11.89
HPL,34.90,34.90
JAIPURKURT,12.42,12.42
MASKINVEST,,
SAKAR,40.14,40.00
AURDIS,9.45,9.45
PANSARI,82.41,82.41
DRL,25.54,25.54
ARTNIRMAN,80.35,80.35
ENDURANCE,31.37,31.37
GICL,80.27,80.27
MAZDA,15.65,15.65
PNBHOUSING,11.46,11.46
VBL,61.07,61.07
KINGFA,24.05,24.05
AGROPHOS,819.16,819.16
PODDARMENT,11.59,11.59
ROLLT,,
NBIFIN,75.79,75.79
KIOCL,,
JETFREIGHT,9.19,9.20
SFL,56.09,95.58
HEADSUP,,
TCIEXP,26.55,26.55
LAURUSLABS,155.97,155.97
TERASOFT,30.86,30.76
ITDC,68.02,67.95
HISARMETAL,24.94,24.94
LIBAS,5.52,5.52
PROLIFE,11.81,11.81
CAPTRUST,79.36,79.36
MAHESHWARI,12.90,12.90
BHANDARI,17.45,17.45
BSE,68.94,68.94
MCL,15.75,15.75
PRICOLLTD,29.39,29.39
STEELCITY,7.97,7.97
JITFINFRA,25.46,45.24
KRISHANA,20.41,20.41
GLOBAL,10.26,10.26
NITIRAJ,25.20,25.20
SANGINITA,310.82,310.82
AKASH,27.12,27.12
RADIOCITY,47.36,47.36
DMART,83.13,83.13
TASTYBITE,99.49,99.49
INTENTECH,13.65,13.65
AIRAN,12.08,12.08
AKSHARCHEM,,
ARIHANTSUP,24.72,24.72
URJA,392.81,392.81
LAXMICOT,196.69,235.20
CLEDUCATE,61.55,56.70
EIFFL,152.52,152.52
NRAIL,9.65,9.65
SHANKARA,18.82,18.82
NACLIND,,
APCL,,
CREATIVE,16.39,16.39
WIPL,80.94,80.94
FOCUS,20.87,20.87
DEVIT,14.90,14.90
SIKKO,30.04,30.04
MKPL,22.66,22.66
DOLLAR,22.56,22.71
PANACHE,115.87,49.90
INFOBEAN,20.91,20.91
SCHAND,12.34,12.34
ZOTA,,
BHAGYANGR,20.13,20.13
PSPPROJECT,36.72,36.72
VSCL,55.27,55.27
STARCEMENT,64.96,64.96
GLOBE,11.45,12.47
TEJASNET,19.48,19.48
ERIS,47.62,47.62
CDSL,43.16,43.16
GTPL,21.86,21.86
AUBANK,20.62,19.98
ACEINTEG,41.93,41.93
SHRENIK,,
DYNPRO,21.99,21.99
STEELXIND,24.17,24.17
SALASAR,30.89,30.89
UNIVASTU,0.00,0.00
AVADHSUGAR,10.89,10.89
PALASHSECU,,
MAGADSUGAR,8.45,8.45
GANGESSECU,25.95,25.95
THEINVEST,23.03,23.03
SHANTI,,
TOTAL,50.03,50.03
GTECJAINX,,
OPTIEMUS,68.05,68.05
WEWIN,29.55,29.55
SIS,23.21,23.21
COCHINSHIP,41.68,41.68
SMSLIFE,14.71,14.71
VAISHALI,352.21,352.21
LEXUS,,
GEEKAYWIRE,10.97,10.97
SERVOTECH,94.17,94.17
ABCAPITAL,11.87,11.87
APEX,443.60,443.60
PASHUPATI,178.64,178.64
BRNL,2.75,2.75
MANAV,12.03,12.03
DIXON,102.65,129.78
DCAL,,
LASA,,
MATRIMONY,23.42,23.42
CHOLAHLDNG,6.72,6.72
CAPACITE,14.36,14.36
ICICIGI,66.80,66.80
WORTH,13.60,13.60
SBILIFE,59.06,59.06
RMDRIP,117.72,117.72
CADSYS,,
DPWIRES,12.85,12.85
AARVI,14.91,14.91
DIAMONDYD,,178.02
TIRUPATI,91.98,91.98
AIROLAM,83.47,83.47
RKEC,7.16,7.16
GATECHDVR,3.63,3.63
GOLDSTAR,77.84,77.84
JASH,39.22,39.19
CMMIPL,,
BETA,41.69,41.69
TIRUPATIFL,42.24,42.24
OMFURN,25.59,25.59
GODREJAGRO,41.66,41.66
TCPLPACK,30.02,30.02
MILTON,96.45,96.45
MASFIN,15.01,15.01
IEX,35.61,35.61
DPABHUSHAN,30.77,30.77
GICRE,9.14,9.14
TIINDIA,44.81,44.62
NAM-INDIA,25.67,25.67
MAHLOG,,
NIACL,24.44,24.44
IFGLEXPOR,26.79,26.79
KHADIM,94.49,94.49
5PAISA,16.56,16.56
HDFCLIFE,76.55,76.55
AISL,19.86,19.86
VERTOZ,33.71,33.71
PULZ,10.46,10.46
SILVERTUC,41.66,41.66
ZODIAC,38.31,38.31
FELIX,36.25,36.25
ICEMAKE,45.09,45.09
DNAMEDIA,0.46,
SHRADHA,11.77,11.77
SHALBY,70.41,70.41
FSC,,
TOUCHWOOD,18.41,18.41
ONEPOINT,40.27,40.27
SMVD,0.83,
SHIVATEX,22.96,22.96
ASTRON,,
AJOONI,45.08,45.08
MOKSH,12.37,12.37
BCONCEPTS,67.30,67.30
SILLYMONKS,40.93,40.93
APOLLO,62.67,62.67
NEWGEN,45.01,45.01
AMBER,78.20,78.20
PRAXIS,,
SOLEX,37.87,37.87
SRPL,,
GALAXYSURF,25.90,25.90
SINTERCOM,322.04,322.04
MHHL,11.24,11.24
SOUTHWEST,35.28,37.16
SHIVAMILLS,,
ARVEE,69.31,69.31
ASTERDM,67.92,64.37
BANKA,,
GMMPFAUDLR,44.56,44.56
HGINFRA,12.78,12.78
HINDCON,35.10,35.10
SARVESHWAR,28.27,28.27
UNIINFO,,
MACPOWER,27.80,27.80
TARACHAND,19.27,19.27
BDL,68.92,68.92
MDL,40.93,39.80
SUNDARMHLD,27.05,27.05
BANDHANBNK,9.57,9.57
HAL,26.44,26.46
URAVIDEF,273.50,273.50
MITTAL,35.12,43.11
SANDHAR,16.42,17.25
ISEC,12.48,12.48
KAPSTON,30.68,30.68
CENTRUM,,
MIDHANI,48.01,48.01
LEMONTREE,46.49,46.49
AVG,8.82,13.14
MMP,19.47,19.47
NARMADA,16.06,16.06
PIGL,24.23,24.23
CHEMFAB,143.80,143.80
BSHSL,56.17,56.17
MAHICKRA,44.74,44.74
AAKASH,16.20,16.20
GODHA,14.91,14.91
ORIENTELEC,67.32,67.32
E2E,106.51,106.51
INDOSTAR,36.08,36.08
BORORENEW,,
SIRCA,29.96,29.96
SUULD,,
SVLL,388.16,388.16
LATTEYS,61.52,61.51
DIL,7.43,7.64
SONAMLTD,28.55,28.55
ADANIGREEN,87.87,75.49
OSWALSEEDS,,
PRITI,21.94,21.94
ACCURACY,9.57,9.57
SOLARA,,
GAYAHWS,,1.02
FINEORG,26.89,26.86
RITES,24.45,24.50
VARROC,67.34,32.94
GANGAFORGE,99.46,101.10
REPL,24.88,24.88
HBSL,,
AVROIND,52.67,52.67
HDFCAMC,34.96,34.96
UCL,,
CREDITACC,16.67,16.67
AARON,46.27,46.27
SIGIND,10.93,10.93
DANGEE,,
SUMIT,27.16,27.16
LAGNAM,15.55,15.55
RPPL,12.85,12.85
AKG,52.83,52.83
IRCON,19.60,19.60
AHLADA,9.14,9.14
SPECTRUM,121.56,121.56
RAJMET,,
AAVAS,23.92,23.92
KSHITIJPOL,,14.93
GRSE,37.56,37.56
KRITIKA,18.50,18.50
SILGO,20.45,20.45
VINNY,13.90,13.90
BBTCL,,
MARINE,57.75,57.96
IRISDOREME,32.30,32.30
ATGL,99.09,99.09
TECHNOE,34.74,34.74
UNIPARTS,15.48,15.48
SHRIRAMPPS,18.41,18.41
TREJHARA,18.98,732.89
NILASPACES,36.00,36.00
AWHCL,17.72,17.72
DALBHARAT,55.21,46.99
RPSGVENT,47.15,8.80
SPENCERS,,
SURANI,60.83,60.83
XELPMOC,,
CHALET,166.88,166.88
MSTCLTD,7.67,15.37
OSIAHYPER,13.73,13.73
ANUP,43.84,43.84
ARVINDFASN,35.62,35.62
PAR,7.63,7.63
KHFM,40.32,40.32
RVNL,57.72,57.72
POLYCAB,40.91,40.91
METROPOLIS,54.64,54.64
KPITTECH,45.48,45.48
SWSOLAR,184.77,184.77
NEOGEN,90.44,90.44
VIKASLIFE,,
EMAMIPAP,11.56,11.56
VCL,,
CONFIPET,22.94,23.18
PPL,9.92,9.92
INDIAMART,22.92,22.92
ATMASTCO,37.12,37.12
OAL,24.07,24.07
SEYAIND,,
DCMNVL,56.86,166.36
SATIA,5.85,5.85
WEL,175.70,175.70
AFFLE,55.00,55.00
CHEMCON,29.50,29.50
SPANDANA,,
WESTLIFE,963.79,963.79
DOLATALGO,5.49,5.49
HNDFDS,60.74,60.74
UJJIVANSFB,6.38,6.38
MAZDOCK,34.67,34.67
IRCTC,44.82,45.09
SAFARI,68.90,68.90
DCI,23.24,23.24
360ONE,37.95,35.72
IIFLCAPS,8.37,8.37
HPIL,96.83,96.83
SAMHI,65.13,70.04
VISHWARAJ,,
FLUOROCHEM,89.29,89.29
GREENPANEL,41.54,41.54
KUANTUM,7.70,7.70
RBA,,
APOLLOPIPE,48.05,48.05
CHEMBOND,17.85,18.37
MGEL,17.79,16.21
ROUTE,17.10,17.40
SBICARD,39.27,39.27
HOMEFIRST,25.14,25.14
SIGMA,14.84,14.84
CSBBANK,8.74,8.74
EQUITASBNK,20.36,20.36
EASEMYTRIP,52.40,28.35
ROSSARI,26.50,26.50
HINDWAREAP,,
PRINCEPIPE,40.80,40.80
ESAFSFB,,
LIKHITHA,15.17,15.17
PARKHOTELS,43.36,43.36
ARTEMISMED,43.49,43.49
PATANJALI,55.48,55.48
SUMICHEM,46.41,46.41
LGHL,91.86,91.93
ATALREAL,30.41,30.41
ASALCBR,29.80,29.80
MAHEPC,129.64,126.04
UNIVPHOTO,6.97,6.97
ALOKINDS,,
BARBEQUE,,
BAFNAPH,42.94,39.65
SUVENPHAR,107.05,107.05
POWERINDIA,178.19,178.19
STOVEKRAFT,63.47,63.47
BHARTIHEXA,55.35,65.74
KSOLVES,23.85,23.85
RAJRATAN,25.85,25.85
HAPPSTMNDS,48.03,50.09
AARTISURF,39.00,76.56
GLAND,36.87,36.87
BOROLTD,59.33,59.33
NDRAUTO,35.09,35.09
MAXHEALTH,98.51,93.69
PAVNAIND,43.41,43.41
AAATECH,39.45,39.45
KALYANKJIL,72.61,72.61
MAXIND,,
BTML,28.70,28.69
SHAREINDIA,9.46,9.46
UNIDT,32.86,32.86
SIGACHI,18.80,18.80
ANGELONE,14.20,14.20
ADL,180.64,180.64
NIRAJ,15.65,14.72
VALIANTORG,,
CAMS,34.71,34.71
SURYODAY,5.59,5.59
ROML,43.75,43.75
UTIAMC,13.34,13.34
RAILTEL,35.20,33.27
HEMIPROP,,
BECTORFOOD,60.32,60.32
KHAICHEM,,
ORCHPHARMA,42.32,42.32
SUBEXLTD,,
NURECA,,
INDIGOPNTS,34.92,34.92
HERANBA,21.82,21.82
LXCHEM,36.25,36.25
TARC,,
RVHL,,
MTARTECH,91.71,91.71
FAIRCHEMOR,37.14,37.14
ANURAS,60.13,60.13
KANPRPLA,23.45,23.45
ISGEC,28.72,28.72
STYLAMIND,21.77,21.63
PAKKA,21.24,21.24
CLSEL,13.54,13.54
PARTYCRUS,14.86,14.86
CARYSIL,24.21,24.21
SHAILY,91.49,91.49
MODISONLTD,20.61,20.90
FIBERWEB,8.98,8.98
BCLIND,11.56,11.56
BHAGCHEM,167.77,167.77
SBCL,31.17,31.17
AADHARHFC,19.28,19.28
SMCGLOBAL,5.82,5.82
QMSMEDI,17.58,17.58
NPST,91.11,91.11
ARIHANTCAP,10.32,10.72
SIDDHIKA,14.46,14.46
NAZARA,108.58,107.41
IPL,24.92,24.92
GENCON,13.68,13.68
LODHA,45.76,45.76
HLEGLAS,35.99,35.99
BESTAGRO,33.78,33.78
VMARCIND,18.05,18.05
SONACOMS,54.19,53.05
UTKARSHBNK,13.69,13.69
DRCSYSTEMS,19.65,19.65
PARAS,70.93,70.93
CRAFTSMAN,59.81,57.70
DODLA,27.07,27.07
EXXARO,,
JUBLINGREA,48.61,48.59
ROLEXRINGS,26.99,22.43
ORTINGLOBE,,
SHYAMMETL,22.86,22.87
KIMS,53.54,53.54
SUVIDHAA,,
MAKS,92.30,39.18
JSFB,6.60,6.60
TATVA,114.85,114.85
CLEAN,50.70,50.70
AILIMITED,42.87,42.87
ALIVUS,28.41,28.41
ABSLAMC,19.39,19.39
DEEPINDS,17.43,17.48
ZOMATO,330.44,330.44
CHEMPLASTS,,
BEWLTD,13.54,13.54
PIXTRANS,18.18,18.18
MEDIASSIST,33.49,33.49
WINDLAS,30.04,30.04
CARTRADE,60.34,60.34
KRSNAA,30.63,30.63
EQUIPPP,,
DEVYANI,,1555.88
APTUS,21.52,21.52
SUPRIYA,28.59,28.59
ANMOL,9.91,9.91
BMETRICS,15.63,15.63
ABCOTS,52.89,52.89
VIJAYA,73.57,73.57
AMIORG,79.79,79.63
IWEL,35.45,33.83
VINEETLAB,,
MOL,,
SANSERA,34.26,34.26
BAJAJHCARE,,46.19
PRITIKAUTO,14.25,14.25
AAREYDRUGS,19.15,19.15
GRINFRA,8.37,10.57
INTLCONV,5.21,5.21
DUGLOBAL,83.27,83.27
PAYTM,,
REXPIPES,16.47,16.42
STEELCAS,26.81,26.81
HPAL,22.96,22.96
UGROCAP,11.10,11.10
STARHEALTH,27.40,27.40
KPIGREEN,29.48,29.25
YUKEN,42.62,42.62
SGIL,35.17,35.17
ANANDRATHI,55.43,55.43
SJS,23.74,23.74
FINOPB,18.18,18.18
POLICYBZR,266.77,311.37
NYKAA,734.18,734.18
AWL,29.43,29.43
MONARCH,15.79,15.79
SAPPHIRE,595.22,347.82
QUADPRO,14.08,14.08
PRUDENT,38.72,38.72
EPIGRAL,21.52,21.52
NUVOCO,,
GOCOLORS,45.47,45.47
NGIL,,
TRACXN,,
CMSINFO,20.17,20.17
FUSION,,
COASTCORP,,
TARSONS,54.83,54.83
MEDPLUS,65.32,65.32
TEGA,48.05,48.05
RATEGAIN,28.70,28.70
MANORG,35.71,35.71
LATENTVIEW,47.55,47.55
METROBRAND,75.57,75.57
PVSL,32.46,32.46
MICEL,23.94,23.94
VIVO,,
PASUPTAC,9.91,9.91
FOODSIN,30.01,30.01
PARADEEP,18.94,18.94
JAINAM,27.03,27.03
MAPMYINDIA,65.96,65.96
ABMINTLLTD,278.15,278.15
3IINFOLTD,,
TMB,5.79,5.79
KRITI,172.87,172.87
DYNAMIC,19.88,19.92
MANYAVAR,50.28,50.28
GANESHBE,11.53,11.53
GVPTECH,59.40,59.40
KOTYARK,18.24,18.24
MEDICAMEQ,92.66,92.66
FOCE,41.44,41.44
EMIL,28.72,28.72
SHIVALIK,55.15,55.15
PRECISION,11.02,11.02
UMAEXPORTS,17.41,17.11
DATAPATTNS,44.30,44.30
JSLL,50.02,50.02
MEDANTA,63.30,63.30
AHL,10.68,10.68
MALLCOM,18.26,18.26
NIDAN,,10.08
IRIS,48.07,48.07
ASIANENE,38.61,36.64
DIGJAMLMTD,,
SMLT,37.26,37.26
NRL,26.15,26.15
RADIANTCMS,13.61,13.61
GPTHEALTH,21.24,21.24
CHOICEIN,64.91,64.91
EUROBOND,23.50,23.50
SELMC,,
HARIOMPIPE,18.19,18.19
GRWRHITECH,30.89,30.89
CAPITALSFB,9.53,9.53
DELHIVERY,770.59,428.58
DCMSRIND,12.07,12.07
VERANDA,,
RAJRILTD,,
EMUDHRA,81.09,81.09
DYCL,27.34,27.34
FIVESTAR,20.24,20.24
STARTECK,23.83,23.83
VIRINCHI,36.75,36.75
SBC,36.99,36.99
DHRUV,29.87,29.87
ELDEHSG,23.67,23.67
RICHA,14.73,14.73
ELIN,37.97,37.97
SHIGAN,20.32,20.32
MADHAVBAUG,25.80,25.80
SEJALLTD,44.26,44.26
MHLXMIRU,14.32,14.32
LOYALTEX,,
RELCHEMQ,45.04,45.04
GATEWAY,4.88,12.68
SYRMA,48.40,47.85
ZIMLAB,27.58,27.58
UDAICEMENT,,
JTLIND,28.67,28.67
CAMPUS,67.03,67.03
RAINBOW,56.68,56.68
TBOTEK,65.38,66.40
VENUSPIPES,29.77,29.77
AETHER,113.11,66.61
ROTO,39.48,39.48
SPRL,12.12,12.12
MEGASTAR,73.08,73.08
GSTL,30.56,30.56
INDOBORAX,11.37,11.37
LANDMARK,69.42,
RACE,74.09,74.09
AVONMORE,19.20,19.20
ETHOSLTD,66.82,66.82
DREAMFOLKS,19.47,19.47
AGSTRA,,
SONUINFRA,14.42,14.42
MSUMI,35.03,35.03
KNAGRI,16.12,16.12
LEMERITE,211.40,211.40
DHARMAJ,18.99,18.99
HARSHA,29.45,29.45
KRISHIVAL,41.16,41.16
OBCL,103.81,103.81
GMRP&UI,3.96,
KCK,177.32,177.32
LICI,11.19,11.19
INDOAMIN,16.04,16.04
KRISHNADEF,44.09,44.09
BOHRAIND,,
PROPEQUITY,18.22,18.22
TVSSCS,,
SWARAJ,15.25,15.25
AMEYA,19.03,19.03
INOXGREEN,134.87,134.87
FEDFINA,14.65,14.65
ACI,39.52,33.63
BIKAJI,61.56,61.56
RITCO,18.90,18.90
SADHNANIQ,196.49,196.49
SURAJEST,15.15,15.15
VEEKAYEM,24.60,24.60
SKP,348.86,348.86
RILINFRA,18.38,18.38
HARDWYN,49.10,49.10
CHEVIOT,9.46,9.46
MUKKA,16.11,16.11
HMAAGRO,20.93,20.93
MWL,14.52,14.52
MEDICO,52.50,52.50
CMRSL,8.91,7.19
KFINTECH,46.93,46.93
YATHARTH,27.46,27.46
DCXINDIA,52.44,52.44
YATRA,42.46,42.46
AKSHAR,,
ARISTO,13.46,13.46
KAYNES,103.19,103.19
NGLFINE,19.87,19.87
SABAR,3.38,3.38
SWASTIK,31.59,31.59
FIDEL,23.13,23.13
AXITA,45.99,49.05
PLAZACABLE,145.55,145.55
SENCO,37.53,37.53
USASEEDS,16.41,16.41
TRU,14.25,14.25
RADHIKAJWE,17.57,17.57
TIPSFILMS,,
SPLPETRO,25.59,25.59
RAMRAT,30.77,30.77
VIVIANA,48.70,48.70
CSLFINANCE,8.73,8.73
AGNI,95.02,95.02
KORE,35.82,35.72
GOYALALUM,61.41,61.41
RUSTOMJEE,41.03,41.03
GENSOL,18.67,18.65
DBOL,44.87,37.76
KANDARP,65.48,65.48
GSLSU,,
SPORTKING,10.25,10.25
ALLETEC,31.31,31.31
AIIL,6.42,6.42
MANORAMA,66.92,66.92
ISHAN,31.73,29.82
ARABIAN,9.29,9.29
INNOVACAP,32.32,32.32
GRMOVER,22.53,22.53
SYNCOMF,37.77,37.77
BAHETI,37.46,37.46
SULA,31.83,31.83
SIGNATURE,179.14,179.14
ANNAPURNA,31.93,31.93
KRITINUT,11.53,11.53
MEGAFLEX,34.16,34.16
KALAMANDIR,20.99,20.99
VITAL,,
RAMAPHO,28.97,28.97
PPLPHARMA,,
TAPIFRUIT,,
AVALON,101.40,101.40
RITEZONE,8.20,8.20
CONCORDBIO,55.69,55.69
GODIGIT,76.46,76.46
GRCL,116.34,116.34
BAIDFIN,11.36,11.36
LLOYDS,,
PHANTOMFX,13.91,13.91
QUICKTOUCH,7.53,7.53
KAMOPAINTS,37.39,37.39
DOLLEX,20.96,20.96
BLUEJET,59.48,59.48
MVGJL,9.93,9.93
SCPL,16.26,16.26
SUKHJITS,12.34,12.34
ARHAM,29.09,29.09
FROG,30.24,30.24
MANKIND,46.03,46.03
SKYGOLD,48.57,48.57
BLAL,,
SATINDLTD,12.54,12.52
DIVGIITTS,50.64,50.64
PRITIKA,74.26,74.26
USK,17.82,17.82
ANLON,35.13,35.13
MOTISONS,41.31,41.71
VELS,,
VERTEXPLUS,,
CMNL,31.49,30.93
SRIVASAVI,13.96,13.96
DIACABS,117.39,124.05
IKIO,37.39,37.39
MANOMAY,14.35,14.35
FAZE3Q,28.55,28.55
UMA,25.60,25.60
NSLNISP,,
RBMINFRA,16.29,16.29
LLOYDSME,35.27,35.27
AARTIPHARM,27.58,27.58
RHL,42.55,42.55
SAHYADRI,12.92,12.92
SAHANA,38.06,38.06
NINSYS,34.27,34.27
DUCOL,31.66,31.66
HOMESFY,17.02,16.64
SBFC,28.90,28.90
SBGLP,58.41,58.41
ASMS,160.77,184.98
HYBRIDFIN,9.53,8.92
SHERA,33.91,33.91
LRRPL,70.21,70.21
INDGN,32.74,32.93
ZAGGLE,63.73,63.73
GANDHAR,16.01,16.01
AGARWALFT,25.23,25.23
MCON,42.74,42.74
HONASA,89.74,89.74
RISHABH,49.07,49.07
IRMENERGY,19.96,19.96
SAH,293.49,293.49
DENEERS,19.76,19.76
JGCHEM,19.39,19.39
CYIENTDLM,54.04,54.04
AGUL,12.40,12.40
NIRMAN,15.86,15.86
YCCL,96.17,96.17
RPTECH,8.80,9.20
LORDSCHLO,94.13,94.13
SYSTANGO,16.99,16.99
RATNAVEER,17.30,17.30
PATTECH,29.39,29.39
MOS,53.77,53.77
SECMARK,45.04,45.04
AUROIMPEX,12.81,12.81
SOTAC,27.02,26.46
SPECTSTM,21.69,21.69
ATAM,14.83,14.83
IDEAFORGE,,
CRAYONS,8.41,8.41
SHRITECH,10.87,10.87
INFOLLION,34.16,34.16
LAL,15.46,15.46
URBAN,13.56,13.56
INFINIUM,34.88,34.88
AARTECH,39.06,39.06
POCL,29.95,29.95
KRISHCA,24.79,24.79
ESFL,114.24,114.24
AATMAJ,,
DOLPHIN,28.22,28.65
TATATECH,42.43,42.43
REMUS,28.46,28.46
NOVAAGRI,14.95,14.95
REDTAPE,45.17,45.17
ASHOKAMET,4.20,4.20
SICALLOG,,
YUDIZ,,
PENTAGON,16.74,16.74
CELLPOINT,165.14,165.14
SEL,47.60,47.60
TRIDHYA,8.32,8.32
ACL,,
GREENCHEF,26.84,26.84
PROV,43.53,43.53
PTCIL,332.18,329.90
NETWEB,85.52,85.52
PYRAMID,19.88,19.88
MAGSON,36.16,36.16
AEROFLEX,42.67,42.67
EMSLIMITED,18.92,18.92
EFACTOR,14.09,14.09
GHCLTEXTIL,14.62,14.62
VPRPL,18.70,18.70
UDS,17.41,17.41
DENTALKART,57.39,57.39
SYNOPTICS,13.27,13.27
CLSL,29.18,29.18
SSFL,25.53,25.53
KIRLPNU,34.88,33.81
DHTL,,
ATL,19.48,18.44
BALUFORGE,30.85,30.85
RRKABEL,39.88,39.88
JSWINFRA,39.61,39.61
SANGANI,25.36,25.36
JLHL,50.68,51.12
SCILAL,49.32,49.32
SAHAJ,13.95,13.95
NUVAMA,21.19,21.19
GLOBALPET,71.62,71.62
YASHO,106.45,106.45
SERVICE,37.18,37.18
KEL,37.40,37.40
PRAMARA,27.09,27.09
NIITMTS,24.90,24.08
VINSYS,19.60,19.60
VALIANTLAB,,
ZEAL,10.35,10.35
ARVINDPORT,13.88,13.88
MARINETRAN,55.85,55.85
SAROJA,25.84,25.84
SINDHUTRAD,27.78,27.77
UNIHEALTH,18.99,18.99
ORIANA,24.70,24.70
ASKAUTOLTD,31.72,31.72
CHAVDA,16.19,16.19
ONDOOR,10.72,10.65
BAWEJA,15.24,15.24
TRANSTEEL,17.51,17.44
SANDUMA,15.17,15.17
VLEGOV,,417.22
OLIL,37.55,37.55
RBZJEWEL,17.89,17.89
KODYTECH,77.16,77.16
KARNIKA,45.56,45.56
AKANKSHA,212.78,212.78
SCML,14.28,14.28
SAAKSHI,29.60,29.60
MUFIN,65.34,63.71
MAL,13.46,13.46
HIGREEN,53.55,53.55
PLATIND,27.15,27.15
MUFTI,13.09,13.09
FLAIR,18.46,18.46
CELLECOR,53.83,53.83
MUTHOOTMF,7.57,7.57
SRGHFL,17.32,17.32
INDIFRA,39.67,39.67
JIOFIN,116.61,116.61
CPS,,
MADHUSUDAN,19.49,19.49
NEWJAISA,28.86,28.86
GOYALSALT,16.84,16.84
TICL,,
WOMANCART,38.88,38.88
RCDL,29.47,29.47
BLSE,26.61,26.61
HOLMARC,43.42,43.42
SHANTHALA,28.45,28.45
TREL,3.91,25.43
MARCO,24.63,24.63
DIAMINESQ,94.37,94.37
VISHNUINFR,18.49,18.49
KONTOR,37.42,37.42
RKSWAMY,31.47,31.47
MICROPRO,9.99,9.99
INSPIRE,,
EPACK,75.68,75.68
HAPPYFORGE,28.74,28.74
IBLFL,53.48,53.48
INDIASHLTR,23.18,23.18
CELLO,33.97,33.97
CANARYS,15.27,15.27
DIGIDRIVE,17.30,17.30
DOMS,75.79,75.79
MAITREYA,37.63,37.63
GLOSTERLTD,,
LANCORHOL,21.42,21.42
AMNPLST,28.42,28.42
POLYSIL,7.45,7.45
SARTELE,35.38,35.38
VINYAS,123.95,123.95
SAIFL,8.31,8.31
JNKINDIA,48.18,48.18
INOXINDIA,43.63,44.82
GRAPHISAD,14.18,13.74
SHEETAL,33.95,33.95
ROXHITECH,6.46,6.46
JYOTICNC,61.80,60.42
BAJEL,109.64,89.52
EFORCE,,
DEEM,8.58,8.58
APS,51.26,51.26
ENTERO,55.75,55.75
TECHLABS,87.53,87.53
SIGNPOST,23.92,23.92
ROCKINGDCE,37.37,37.37
BABAFP,14.91,14.91
SUNCLAY,,
SHREEOSFM,13.88,13.88
PRESSTONIC,,
HRHNEXT,31.55,31.70
EXICOM,,
MEGATHERM,25.02,25.02
OWAIS,32.60,32.60
VR,60.22,59.76
KLL,13.52,13.52
ZENITHDRUG,11.46,11.59
SJLOGISTIC,21.47,21.47
CBAZAAR,,
PURVFLEXI,20.25,20.25
KTL,4.26,4.26
SRM,18.66,18.66
AZAD,114.17,114.17
KONSTELEC,11.10,11.10
JUNIPER,95.31,95.31
KRYSTAL,10.26,10.26
VSTL,23.24,23.24
FONEBOX,29.08,29.08
INM,22.69,22.51
ITALIANE,14.65,14.65
SUPREMEPWR,19.85,19.85
KCEIL,27.32,27.32
MAXESTATES,849.44,849.51
CGRAPHICS,31.43,31.43
ACCENTMIC,13.82,13.82
COMSYN,27.29,27.29
LAWSIKHO,25.92,25.92
SADHAV,15.47,15.47
MANDEEP,,
GOPAL,40.51,40.51
DAVANGERE,35.28,35.28
MAXPOSURE,32.17,32.17
ALPEXSOLAR,34.70,38.05
VHLTD,17.52,17.69
SONAMAC,12.22,12.22
SIGNORIA,11.52,11.52
TCL,16.17,16.17
ENSER,21.42,21.42
DELAPLEX,12.54,12.54
RULKA,15.50,15.50
NAMAN,12.53,12.52
SINCLAIR,28.01,28.01
SHREEKARNI,26.20,26.20
BLUEPEBBLE,19.48,19.48
DCG,28.59,28.59
AWFIS,80.11,140.40
K2INFRA,10.88,10.88
RADIOWALLA,1.64,1.47
RBS,15.96,15.96
ASPIRE,5.54,5.54
ESCONET,45.95,45.95
MVKAGRO,9.44,9.44
ENFUSE,95.63,95.63
AVPINFRA,18.45,18.45
SILKFLEX,12.27,12.27
VISHWAS,22.04,22.04
TGL,21.86,21.86
TAC,116.05,116.05
EMMIL,18.90,19.11
YASHOPTICS,21.11,21.11
ALUWIND,23.90,23.93
PRLIND,16.53,16.78
IEML,22.87,22.87
ABSMARINE,36.88,36.88
VERITAAS,12.49,12.49
WINSOL,44.26,44.26
SLONE,19.58,19.58
QUESTLAB,17.38,17.38
