SERIES,SYMBOL,SECURITY,RECORD_DT,BC_STRT_DT,BC_END_DT,EX_DT,ND_STRT_DT,ND_END_DT,PURPOSE
BE,AIIL,Authum Invest & Infra Ltd,27/03/2025, , ,27/03/2025, , ,INTDIV - RE 1 PER SH     
BE,MOTHERSON,Motherson Sumi Sys Ltd.,28/03/2025, , ,28/03/2025, , ,INTDIV - RS 0.50 PER SH  
BE,BBTC,Bombay Burmah Trading ,27/03/2025, , ,27/03/2025, , ,INTDIV - RS 4 PER SH     
BE,TVSMOTOR,TVS Motor Com - Roll Sett,26/03/2025, , ,26/03/2025, , ,INTDIV - RS 10 PER SH    
BE,KBCGLOBAL,KBC Global Limited,28/03/2025, , ,28/03/2025, , ,BONUS 1:1                
BE,RECLTD,Rural Electrification Cor,26/03/2025, , ,26/03/2025, , ,INTDIV - RS 3.60 PER SH  
BE,MATRIMONY,Matrimony.Com Limited,28/03/2025, , ,28/03/2025, , ,SPECIALDIV - RS 5 PER SH 
BE,MSUMI,Motherson Sumi Wrng Ind L,28/03/2025, , ,28/03/2025, , ,INTDIV - RS 0.50 PER SH  
BE,TVSHLTD,Sundaram Clayton Limited,28/03/2025, , ,28/03/2025, , ,INT DIV - RS 93 PER SH   
BE,AFIL,Akme Fintrade (India) Ltd,18/04/2025, , ,17/04/2025, , ,FVSPLT FRM RS 10 TO RE 1 
EQ,MOTHERSON,Motherson Sumi Sys Ltd.,28/03/2025, , ,28/03/2025, , ,INTDIV - RS 0.50 PER SH  
EQ,TVSMOTOR,TVS Motor Company Limited,26/03/2025, , ,26/03/2025, , ,INTDIV - RS 10 PER SH    
EQ,RECLTD,Rural Electrification Cor,26/03/2025, , ,26/03/2025, , ,INTDIV - RS 3.60 PER SH  
EQ,MATRIMONY,Matrimony.Com Limited,28/03/2025, , ,28/03/2025, , ,SPECIALDIV - RS 5 PER SH 
EQ,MSUMI,Motherson Sumi Wrng Ind L,28/03/2025, , ,28/03/2025, , ,INTDIV - RS 0.50 PER SH  
EQ,BBTC,Bombay Burmah Trading ,27/03/2025, , ,27/03/2025, , ,INTDIV - RS 4 PER SH     
EQ,AFIL,Akme Fintrade (India) Ltd,18/04/2025, , ,17/04/2025, , ,FVSPLT FRM RS 10 TO RE 1 
EQ,AIIL,Authum Invest & Infra Ltd,27/03/2025, , ,27/03/2025, , ,INTDIV - RE 1 PER SH     
EQ,KBCGLOBAL,KBC Global Limited,28/03/2025, , ,28/03/2025, , ,BONUS 1:1                
EQ,TVSHLTD,Sundaram Clayton Limited,28/03/2025, , ,28/03/2025, , ,INT DIV - RS 93 PER SH   
GS,92GS2030,GOI LOAN 9.20% 2030,28/03/2025, , ,28/03/2025, , ,INTEREST PAYMENT         
GS,GS260425C,GOI STRIPS C 260425,23/04/2025, , ,23/04/2025, , ,REDEMPTION               
GS,GS100425C,GOI STRIPS C 100425,07/04/2025, , ,07/04/2025, , ,REDEMPTION               
N3,CREDITACC,Sec Re NCD 9.60% Sr. III,27/03/2025, , ,27/03/2025, , ,INTEREST PAYMENT         
N5,CREDITACC,Sec Re NCD 10% Sr. V,27/03/2025, , ,27/03/2025, , ,INTEREST PAYMENT         
N7,TATACAPHSG,Sec Red NCD 8.01% Sr.IV,28/03/2025, , ,28/03/2025, , ,INTEREST PAYMENT         
N8,TATACAPHSG,Sec Red NCD 8.10% Sr.IV,28/03/2025, , ,28/03/2025, , ,INTEREST PAYMENT         
N9,NAVIFIN,Sec Re NCD 10.00% Sr. I,29/03/2025, , ,28/03/2025, , ,INTEREST PAYMENT         
NA,NAVIFIN,Sec Re NCD 10.40% Sr.II,29/03/2025, , ,28/03/2025, , ,INTEREST PAYMENT         
NC,NAVIFIN,Sec Re NCD 10.65% Sr.IV,29/03/2025, , ,28/03/2025, , ,INTEREST PAYMENT         
SG,588GJ25,SDL GJ 5.88% 2025,27/03/2025, , , , , ,REDEMPTION               
SG,6AP25,SDL AP 6% 2025,25/04/2025, , ,25/04/2025, , ,REDEMPTION               
SG,594RJ25,SDL RJ 5.94% 2025,07/04/2025, , ,07/04/2025, , ,REDEMPTION               
SG,688TS25,SDL TS 6.88% 2025,27/03/2025, , , , , ,REDEMPTION               
SG,725PN25,SDL PN 7.25% 2025,05/04/2025, , ,04/04/2025, , ,REDEMPTION               
SG,695PN25,SDL PN 6.95% 2025,27/03/2025, , , , , ,REDEMPTION               
SM,BETA,Beta Drugs Limited,26/03/2025, , ,26/03/2025, , ,BONUS 1:20               
SM,PARIN,Parin Furniture Limited,28/03/2025, , ,28/03/2025, , ,INT DIV - RE 0.20 PER SH 
SQ,BETA,Beta Drugs Limited,26/03/2025, , ,26/03/2025, , ,BONUS 1:20               
SQ,PARIN,Parin Furniture Limited,28/03/2025, , ,28/03/2025, , ,INT DIV - RE 0.20 PER SH 
ST,BETA,Beta Drugs Limited,26/03/2025, , ,26/03/2025, , ,BONUS 1:20               
ST,PARIN,Parin Furniture Limited,28/03/2025, , ,28/03/2025, , ,INT DIV - RE 0.20 PER SH 
U3,CREDITACC,Sec Re NCD 9.60% Sr. III,27/03/2025, , ,27/03/2025, , ,INTEREST PAYMENT         
U5,CREDITACC,Sec Re NCD 10% Sr. V,27/03/2025, , ,27/03/2025, , ,INTEREST PAYMENT         
U7,TATACAPHSG,Sec Red NCD 8.01% Sr.IV,28/03/2025, , ,28/03/2025, , ,INTEREST PAYMENT         
U8,TATACAPHSG,Sec Red NCD 8.10% Sr.IV,28/03/2025, , ,28/03/2025, , ,INTEREST PAYMENT         
U9,NAVIFIN,Sec Re NCD 10.00% Sr. I,29/03/2025, , ,28/03/2025, , ,INTEREST PAYMENT         
UA,NAVIFIN,Sec Re NCD 10.40% Sr.II,29/03/2025, , ,28/03/2025, , ,INTEREST PAYMENT         
UC,NAVIFIN,Sec Re NCD 10.65% Sr.IV,29/03/2025, , ,28/03/2025, , ,INTEREST PAYMENT         

