SYMBOL,SERIES,SECURITY,HIGH/LOW,INDEX FLAG
21STCENMGM,BE,21ST CENTURY MGMT SERVICE,H
739UK30,SG,SDL UK 7.39% 2030,H
AGARWALTUF,SM,AGARWAL TOUGH GLASS IND L,H
AKI,BE,AKI INDIA LIMITED,H
AKSHOPTFBR,EQ,AKSH OPTIFIBRE LIMITED,H
ALMONDZ,EQ,ALMONDZ GLOBAL SEC LTD,H
ALPSINDUS,BE,ALPS INDUSTRIES LTD.,H
ANTGRAPHIC,EQ,ANTARCTICA LTD,H
ARENTERP,EQ,RAJDARSHAN INDUSTRIES LTD,H
ARISTO,SM,ARISTO BIO T AND LIFESC L,H
ARVINDPORT,ST,ARVIND PORT AND INFRA LTD,H
ASLIND,SM,ASL INDUSTRIES LIMITED,H
AUSL,ST,ADITYA ULTRA STEEL LTD,H
AVALON,EQ,AVALON TECHNOLOGIES LTD,H
BLUECHIP,BE,BLUE CHIP INDIA LIMITED,H
CALSOFTPP,X1,CALSOFT RS.2.50 PPD UP,H
CGCL,EQ,CAPRI GLOBAL CAPITAL LTD,H
CMMIPL,SZ,CMM INFRAPROJECTS LIMITED,H
CMNL,SM,CHAMAN METALLICS LIMITED,H
CURAA,BE,CURA TECHNOLOGIES LIMITED,H
DHANBANK,EQ,DHANLAXMI BANK LIMITED,H
DHTL,ST,DOCMODE HEALTH TECH LTD,H
DIVYADHAN,ST,DIVYADHAN RECYCLING IND L,H
EFFWA,SM,EFFWA INFRA & RESEARCH L,H
EMAMIREAL,EQ,EMAMI REALTY LIMITED,H
FEL,BZ,FUTURE ENTERPRISES LTD,H
FELDVR,BE,FUTURE ENTERPRISES LTD,H
FMNL,BE,FUTURE MKT NETWORKS LTD,H
FOCUS,EQ,FOCUS LIGHTG & FIXTRS LTD,H
FRESHARA,ST,FRESHARA AGRO EXPORTS LTD,H
FSC,BZ,FUTURE SUPP CHAIN SOL LTD,H
GLFL,BE,GUJARAT LEASE FINANCING L,H
GRAPHISAD,SM,GRAPHISADS LIMITED,H
HEADSUP,BE,HEADS UP VENTURES LIMITED,H
HOACFOODS,SM,HOAC FOODS INDIA LIMITED,H
HUBTOWN,EQ,HUBTOWN LIMITED,H
IL&FSENGG,BZ,IL&FS ENG AND CONS CO LTD,H
ISHAN,SM,ISHAN INTERNATIONAL LTD,H
ITTL,ST,INNOVATIVE TYRE & TUBE LT,H
JIWANRAM,ST,JIWANRAM SHEODUTTRA IND L,H
K2INFRA,ST,K2 INFRAGEN LIMITED,H
KEN,ST,KEN ENTERPRISES LIMITED,H
KODYTECH,ST,KODY TECHNOLAB LIMITED,H
KONTOR,SM,KONTOR SPACE LIMITED,H
KRISHCA,ST,KRISHCA STRAPPING SLTN L,H
KTL,ST,KALAHRIDHAAN TRENDZ LTD,H
LAKPRE,BZ,LAKSHMI PRE SCRE LTD,H
MADHUCON,EQ,MADHUCON PROJECTS LTD.,H
MAFANG,EQ,MIRAEAMC - MAFANG,H
MAGSON,SM,MAGSON RETAIL AND DIST L,H
MHHL,ST,MOHINI HEALTH&HYGIENE LTD,H
MODIRUBBER,EQ,MODI RUBBER LTD,H
MTEDUCARE,BE,MT EDUCARE LTD,H
NEPHROCARE,SM,NEPHRO CARE INDIA LIMITED,H
NIBE,EQ,NIBE LIMITED,H
NIRMAN,ST,NIRMAN AGRI GENTICS LTD,H
ORIANA,SM,ORIANA POWER LIMITED,H
PARASPETRO,EQ,PARAS PETROFILS LTD.,H
PATTECH,SM,PATTECH FITWELL TUB COM L,H
PERFECT,ST,PERFECT INFRAENGINEER LTD,H
PIGL,BE,POWER INSTRUMENT (G) LTD,H
PNC,BE,PRITISH NANDY COMMUNICATI,H
PREMIER,BE,PREMIER LIMITED,H
QUADPRO,SM,QUADPRO ITES LIMITED,H
RADAAN,BE,RADAAN MEDIAWORKS (I) LTD,H
RHL,EQ,ROBUST HOTELS LIMITED,H
RICHA,SM,RICHA INFO SYSTEMS LTD,H
ROLLT,BE,ROLLATAINERS LIMITED,H
ROLTA,BZ,ROLTA INDIA LTD,H
S&SPOWER,EQ,S&S POWER SWITCHGEARS LTD,H
SANGANI,SM,SANGANI HOSPITALS LIMITED,H
SANWARIA,BZ,SANWARIA CONSUMER LIMITED,H
SATECH,ST,S A TECH SOFTWARE INDIA L,H
SHEKHAWATI,BE,SHEKHAWATI INDUSTRIES LTD,H
SHYAMCENT,BE,SHYAM CENTURY FERROUS LTD,H
SITINET,BZ,SITI NETWORKS LIMITED,H
SMVD,SM,SMVD POLY PACK LIMITED,H
SPCENET,BE,SPACENET ENTERS IND LTD,H
SPECTSTM,SM,SPECTRUM TALENT MGMT LTD,H
SRM,BE,SRM CONTRACTORS LIMITED,H
SRPL,BZ,SHREE RAM PROTEINS LTD.,H
SUPREMEINF,BZ,SUPREME INFRA. LTD,H
TAC,SM,TAC INFOSEC LIMITED,H
TARC,EQ,TARC LIMITED,H
TFCILTD,EQ,TOURISM FINANCE CORP. OF,H
THOMASCOTT,BE,THOMAS SCOTT (INDIA) LTD,H
TIL,EQ,TIL LTD,H
TIPSFILMS,EQ,TIPS FILMS LIMITED,H
VERTEXPLUS,ST,VERTEXPLUS TECHNOLOGIES L,H
WEBELSOLAR,EQ,WEBSOL ENERGY SYSTEM LTD,H
WINSOME,BZ,WINSOME YARNS LIMITED,H
YAARI,EQ,YAARI DIGI INT SER LTD,H
3PLAND,EQ,3P LAND HOLDINGS LIMITED,L
AGSTRA,BE,AGS TRANSACT TECH LTD,L
AILIMITED,SM,ABHISHEK INTEGRATIONS LTD,L
AKI,BE,AKI INDIA LIMITED,L
AKSHAR,BE,AKSHAR SPINTEX LIMITED,L
ALMONDZ,EQ,ALMONDZ GLOBAL SEC LTD,L
ALPSINDUS,BE,ALPS INDUSTRIES LTD.,L
ANSALAPI,BZ,ANSAL PROP & INFRA LTD,L
ANTGRAPHIC,EQ,ANTARCTICA LTD,L
APEXECO,ST,APEX ECOTECH LIMITED,L
ARVINDPORT,ST,ARVIND PORT AND INFRA LTD,L
ASIANHOTNR,BE,ASIAN HOTELS (NORTH) LTD,L
ASTRON,EQ,ASTRON PAPER BORD MIL LTD,L
ATMASTCO,SM,ATMASTCO LIMITED,L
AUSOMENT,EQ,AUSOM ENTERPRISE LIMITED,L
AVONMORE,BE,AVONMORE CAP&MGT SERV LTD,L
AVPINFRA,ST,AVP INFRACON LIMITED,L
AVROIND,EQ,AVRO INDIA LIMITED,L
AYMSYNTEX,EQ,AYM SYNTEX LIMITED,L
BAGFILMS,EQ,B.A.G FILMS AND MEDIA LTD,L
BTML,EQ,BODHI TREE MULTIMEDIA LTD,L
BULKCORP,ST,BULKCORP INTERNATIONAL L,L
CALSOFT,BE,CALIFORNIA SOFTWARE CO LT,L
CALSOFTPP,X1,CALSOFT RS.2.50 PPD UP,L
CEREBRAINT,BZ,CEREBRA INT TECH LTD,L
COMPINFO,BZ,COMPUAGE INFOCOM LTD,L
CRAYONS,ST,CRAYONS ADVERTISING LTD,L
CROWN,EQ,CROWN LIFTERS LIMITED,L
CTE,BE,CAMBRIDGE TECH ENTER LTD,L
CYBERMEDIA,BE,CYBER MEDIA (INDIA) LTD.,L
DCG,ST,DCG CABLES & WIRES LTD,L
DCI,EQ,DC INFOTECH AND COMUN LTD,L
DHANLAXMI,ST,DHANLAXMI CROP SCIENCE L,L
DHTL,ST,DOCMODE HEALTH TECH LTD,L
DIACABS,EQ,DIAMOND POWER INFRA LTD,L
DIL,BE,DEBOCK INDUSTRIES LIMITED,L
DIVINEHIRA,ST,DIVINE HIRA JEWELLERS LTD,L
E2E,EQ,E2E NETWORKS LIMITED,L
EFFWA,SM,EFFWA INFRA & RESEARCH L,L
ENERGYDEV,EQ,ENERGY DEVE. CO.LTD,L
EQUIPPP,BE,EQUIPPP SOC IMP TECH LTD,L
ESCONET,ST,ESCONET TECHNOLOGIES LTD,L
EXICOM,EQ,EXICOM TELE SYSTEMS LTD,L
FEL,BZ,FUTURE ENTERPRISES LTD,L
FELDVR,BE,FUTURE ENTERPRISES LTD,L
FELIX,SM,FELIX INDUSTRIES LTD.,L
FILATFASH,BE,FILATEX FASHIONS LIMITED,L
FLFL,BZ,FUT LIFESTYLE FASH LTD,L
FMNL,BE,FUTURE MKT NETWORKS LTD,L
FOCUS,EQ,FOCUS LIGHTG & FIXTRS LTD,L
GATECH,EQ,GACM TECHNOLOGIES LIMITED,L
GAYAPROJ,BZ,GAYATRI PROJECTS LTD,L
GENSOL,BE,GENSOL ENGINEERING LTD,L
GGBL,ST,GANESH GREEN BHARAT LTD,L
GICL,ST,GLOBE INTL CARRIERS LTD,L
GLOBALE,BE,GLOBALE TESSILE LIMITED,L
GLOBE,BE,GLOBE TEXTILES (I) LTD.,L
GOLDSTAR,SM,GOLDSTAR POWER LIMITED,L
GOLDTECH,EQ,AION-TECH SOLUTIONS LTD,L
GSTL,ST,GLOBESECURE TECHNO LTD,L
GTECJAINX,EQ,G-TEC JAINX EDUCATION LTD,L
GVKPIL,BE,GVK POW. & INFRA LTD.,L
HDIL,BZ,HOUSING DEV & INFRA LTD,L
HERCULES,EQ,HERCULES HOI. LTD.,L
HITECHGEAR,BE,THE HI-TECH GEARS LIMITED,L
HOACFOODS,SM,HOAC FOODS INDIA LIMITED,L
HVAX,ST,HVAX TECHNOLOGIES LIMITED,L
HYBRIDFIN,EQ,HYBRID FINANCIAL SERVICE,L
IITL,EQ,INDUSTRIAL INV TRUST LTD,L
IL&FSTRANS,BZ,IL&FS TRANS NET LTD,L
IMPEXFERRO,BZ,IMPEX FERRO TECH LIMITED,L
INDIFRA,ST,INDIFRA LIMITED,L
INDOTECH,EQ,INDO TECH TRANSFORM LTD.,L
INDOUS,BE,INDO US BIOTECH LTD,L
INDSWFTLTD,BE,IND-SWIFT LIMITED,L
ISHAN,SM,ISHAN INTERNATIONAL LTD,L
JALAN,ST,JALAN TRANSOLU. INDIA LTD,L
JETFREIGHT,EQ,JET FREIGHT LOGISTICS LTD,L
JFLLIFE,ST,JFL LIFE SCIENCES LIMITED,L
JNKINDIA,EQ,JNK INDIA LIMITED,L
JPASSOCIAT,BE,JAIPRAKASH ASSOCIATES LTD,L
JSWHL,EQ,JSW HOLDINGS LIMITED,L
KANDARP,ST,KANDARP DG SMART BPO LTD,L
KARNIKA,ST,KARNIKA INDUSTRIES LTD,L
KATARIA,ST,KATARIA INDUSTRIES LTD,L
KAVVERITEL,BE,KAVVERI TEL. LTD.,L
KCEIL,ST,KAY CEE ENERGY & INFRA L,L
KDL,ST,KORE DIGITAL LIMITED,L
KEEPLEARN,EQ,DSJ KEEP LEARNING LTD,L
KERNEX,EQ,KERNEX MICROSYS(I) LTD,L
KESORAMIND,EQ,KESORAM INDUSTRIES LTD,L
KODYTECH,ST,KODY TECHNOLAB LIMITED,L
KONSTELEC,ST,KONSTELEC ENGINEERS LTD,L
KOTYARK,ST,KOTYARK INDUSTRIES LTD,L
KRIDHANINF,EQ,KRIDHAN INFRA LIMITED,L
KRITI,EQ,KRITI INDUSTRIES IND LTD,L
KSHITIJPOL,BE,KSHITIJ POLYLINE LIMITED,L
LAKPRE,BZ,LAKSHMI PRE SCRE LTD,L
LORDSCHLO,BE,LORDS CHLORO ALKALI LTD,L
MAHASTEEL,BE,MAHAMAYA STEEL INDS LTD,L
MAKS,ST,MAKS ENERGY SOL INDIA LTD,L
MANAV,SM,MANAV INFRA PROJECTS LTD,L
MARINE,EQ,MARINE ELECTRICAL (I) LTD,L
MARSHALL,BE,MARSHALL MACHINES LTD,L
MCLEODRUSS,EQ,MCLEOD RUSSEL INDIA LTD.,L
MEDIORG,SM,MEDICAMEN ORGANICS LTD,L
MEGAFLEX,SM,MEGA FLEX PLASTICS LTD,L
MEP,BZ,MEP INFRA. DEVELOPERS LTD,L
MICEL,EQ,MIC ELECTRONICS LTD,L
MIEL,ST,MANGLAM INFRA & ENG LTD,L
MIRCELECTR,BE,MIRCELECTR-DEPO,L
MKPL,EQ,M K PROTEINS LIMITED,L
MODTHREAD,EQ,MODERN THREADS INDIA LTD,L
MORARJEE,BZ,MORARJEE TEXTILES LIMITED,L
MOTISONS,EQ,MOTISONS JEWELLERS LTD,L
NIRMAN,ST,NIRMAN AGRI GENTICS LTD,L
NITCO,EQ,NITCO LIMITED,L
NITIRAJ,BE,NITIRAJ ENGINEERS LTD,L
NMSTEEL,ST,NEWMALAYALAM STEEL LTD,L
NORBTEAEXP,BE,NORBEN TEA &EXPORTS LTD,L
OILCOUNTUB,EQ,OIL COUNTRY TUBULAR LTD,L
OMKARCHEM,BZ,OMKAR SPL CHEM LTD,L
ONYX,ST,ONYX BIOTEC LIMITED,L
OPTIEMUS,EQ,OPTIEMUS INFRACOM LTD,L
ORIENTTECH,EQ,ORIENT TECHNOLOGIES LTD,L
OSIAHYPER,EQ,OSIA HYPER RETAIL LIMITED,L
PARASPETRO,EQ,PARAS PETROFILS LTD.,L
PASUPTAC,BE,PASUPATI ACRYLON LIMITED,L
PDMJEPAPER,BE,PUDUMJEE PAPER PRO. LTD,L
PHOGLOBAL,ST,PHOENIX OVERSEAS LIMITED,L
PIONEEREMB,EQ,PIONEER EMBROIDERIES LTD,L
PNC,BE,PRITISH NANDY COMMUNICATI,L
PRABHA,BE,PRABHA ENERGY LIMITED,L
PRATHAM,ST,PRATHAM EPC PROJECTS LTD,L
PRAXIS,EQ,PRAXIS HOME RETAIL LTD,L
PREMIER,BE,PREMIER LIMITED,L
PRITIKA,ST,PRITIKA ENG COMPO LTD,L
PRIZOR,SM,PRIZOR VIZTECH LIMITED,L
PROZONER,BE,PROZONE REALTY LIMITED,L
QFIL,SM,QUALITY FOILS (INDIA) LTD,L
QUADPRO,SM,QUADPRO ITES LIMITED,L
QUESTLAB,ST,QUEST LABORATORIES LTD,L
QVCEL,ST,QVC EXPORTS LIMITED,L
RADAAN,BE,RADAAN MEDIAWORKS (I) LTD,L
RADHIKAJWE,EQ,RADHIKA JEWELTECH LIMITED,L
RAPPID,SM,RAPPID VALVES (INDIA) LTD,L
REGENCERAM,EQ,REGENCY CERAMICS LTD.,L
REPL,BE,RUDRABHISHEK ENTERP LTD,L
REXPIPES,SM,REX PIPES AND CABLES LTD,L
RHFL,EQ,RELIANCE HOME FINANCE LTD,L
RILINFRA,SM,RACHANA INFRA LTD,L
RNFI,ST,RNFI SERVICES LIMITED,L
ROCKINGDCE,ST,ROCKINGDEALS CIRCU ECO L,L
ROLTA,BZ,ROLTA INDIA LTD,L
ROSSELLIND,BE,ROSSELL INDIA LIMITED,L
ROXHITECH,ST,ROX HI TECH LIMITED,L
RULKA,ST,RULKA ELECTRICALS LIMITED,L
RVHL,EQ,RAVINDER HEIGHTS LIMITED,L
S&SPOWER,EQ,S&S POWER SWITCHGEARS LTD,L
SADHNANIQ,BE,SADHANA NITROCHEM LIMITED,L
SAHAJ,ST,SAHAJ FASHIONS LIMITED,L
SAHANA,SM,SAHANA SYSTEM LIMITED,L
SAIFL,ST,SAMEERA AGRO AND INFRA L,L
SANWARIA,BZ,SANWARIA CONSUMER LIMITED,L
SATIPOLY,ST,SATI POLY PLAST LIMITED,L
SDREAMS,ST,S D RETAIL LIMITED,L
SECL,ST,SALASAR EXTERIOR CONT LTD,L
SECURKLOUD,EQ,SECUREKLOUD TECH LIMITED,L
SELMC,EQ,SEL MANUFACTURING CO LTD,L
SETUINFRA,BZ,SETUBANDHAN INFRA LTD,L
SEYAIND,BE,SEYA INDUSTRIES LIMITED,L
SHANTI,EQ,SHANTI OVERSEAS INDIA LTD,L
SHEKHAWATI,BE,SHEKHAWATI INDUSTRIES LTD,L
SHIGAN,ST,SHIGAN QUANTUM TECH LTD,L
SHUBHLAXMI,SM,SHUBHLAXMI JEWEL ART LTD,L
SILLYMONKS,EQ,SILLY MONKS ENTERTAIN LTD,L
SIMBHALS,BE,SIMBHAOLI SUGARS LTD.,L
SITINET,BZ,SITI NETWORKS LIMITED,L
SLONE,ST,SLONE INFOSYSTEMS LIMITED,L
SOLARAPP,E1,SOLAR ACT RS.3.50 PPD UP,L
SOTAC,SM,SOTAC PHARMACEUTICALS LTD,L
SPCENET,BE,SPACENET ENTERS IND LTD,L
STEL,BE,STEL HOLDINGS LIMITED,L
SUNFLAG,EQ,SUNFLAG IRON AND STEEL CO,L
SURANI,ST,SURANI STEEL TUBES LTD.,L
SUTLEJTEX,BE,SUTLEJ TEXT & INDUS LTD,L
SUULD,BZ,SUUMAYA INDUSTRIES LTD,L
TAKE,BZ,TAKE SOLUTIONS LTD,L
TARIL,EQ,TRANS & RECTI. LTD,L
TCIFINANCE,BE,TCIFINANCELTD-ROLL SETT,L
TECHLABS,SM,TRIDENT TECHLABS LIMITED,L
TEMBO,BE,TEMBO GLOBAL IND LTD,L
TIJARIA,BE,TIJARIA POLYPIPES LTD,L
TREEHOUSE,EQ,TREE HOUSE EDU LTD,L
TRU,BE,TRUCAP FINANCE LIMITED,L
UNITECH,BZ,UNITECH LIMITED,L
VAKRANGEE,EQ,VAKRANGEE LIMITED,L
VARDMNPOLY,EQ,VARDHMAN POLYTEX LTD.,L
VENTIVE,EQ,VENTIVE HOSPITALITY LTD,L
VERTEXPLUS,ST,VERTEXPLUS TECHNOLOGIES L,L
VIJIFIN,EQ,VIJI FINANCE LIMITED,L
VISASTEEL,BE,VISA STEEL LIMITED,L
VIVO,SM,VIVO COLLAB SOLUTIONS LTD,L
VLEGOV,BE,VL E GOV AND IT SOL LTD,L
VMARCIND,ST,V MARC INDIA LIMITED,L
WINDMACHIN,EQ,WINDSOR MACHINES LIMITED,L
WINSOME,BZ,WINSOME YARNS LIMITED,L
WSI,BE,W.S.INDUSTRIES (I) LTD.,L
YUDIZ,SM,YUDIZ SOLUTIONS LIMITED,L
ZAGGLE,EQ,ZAGGLE PREPA OCEAN SER L,L
