GAIN_LOSS,SECURITY,CLOSE_PRIC,PREV_CL_PR,PERCENT_CG
 ,Nifty 50 Sec., , , 
 , , , , 
G,INDUSIND BANK LIMITED,       655.30,       637.05,2.86
G,TRENT LTD,      5321.95,      5185.05,2.64
G,HCL TECHNOLOGIES LTD,      1633.40,      1624.90,.52
G,HERO MOTOCORP LIMITED,      3645.95,      3627.95,.5
G,GRASIM INDUSTRIES LTD,      2581.60,      2569.45,.47
G,BHARTI AIRTEL LIMITED,      1738.55,      1730.50,.47
G,MAHINDRA & MAHINDRA LTD,      2742.25,      2736.00,.23
G,TITAN COMPANY LIMITED,      3057.50,      3053.70,.12
G,BRITANNIA INDUSTRIES LTD,      4849.70,      4845.20,.09
 , , , , 
L,NTPC LTD,       354.65,       366.95,-3.35
L,TECH MAHINDRA LIMITED,      1416.30,      1455.50,-2.69
L,CIPLA LTD,      1476.20,      1511.20,-2.32
L,BAJAJ FINANCE LIMITED,      8866.05,      9067.25,-2.22
L,BHARAT PETROLEUM CORP  LT,       273.01,       279.11,-2.19
L,AXIS BANK LIMITED,      1096.25,      1118.55,-1.99
L,APOLLO HOSPITALS ENTER. L,      6519.80,      6644.70,-1.88
L,INFOSYS LIMITED,      1599.45,      1628.45,-1.78
L,WIPRO LTD,       267.40,       271.00,-1.33
L,KOTAK MAHINDRA BANK LTD,      2144.90,      2170.00,-1.16
L,STATE BANK OF INDIA,       764.00,       772.85,-1.15
L,TATA CONSUMER PRODUCT LTD,       959.65,       970.70,-1.14
L,MARUTI SUZUKI INDIA LTD.,     11734.30,     11868.90,-1.13
L,DR. REDDY S LABORATORIES,      1164.60,      1177.90,-1.13
L,HINDUSTAN UNILEVER LTD.,      2245.95,      2271.30,-1.12
L,OIL AND NATURAL GAS CORP.,       239.72,       242.25,-1.04
L,SBI LIFE INSURANCE CO LTD,      1541.30,      1557.20,-1.02
L,RELIANCE INDUSTRIES LTD,      1273.05,      1285.45,-0.96
L,SHRIRAM FINANCE LIMITED,       672.00,       678.35,-0.94
L,COAL INDIA LTD,       394.80,       398.30,-0.88
L,HDFC BANK LTD,      1806.55,      1821.45,-0.82
L,LARSEN & TOUBRO LTD.,      3444.80,      3469.60,-0.71
L,HDFC LIFE INS CO LTD,       668.40,       673.10,-0.7
L,TATA CONSULTANCY SERV LT,      3635.80,      3657.75,-0.6
L,ITC LTD,       407.35,       409.80,-0.6
L,TATA STEEL LIMITED,       155.81,       156.73,-0.59
L,ICICI BANK LTD.,      1335.90,      1343.70,-0.58
L,EICHER MOTORS LTD,      5403.30,      5431.25,-0.51
L,NESTLE INDIA LIMITED,      2243.45,      2254.85,-0.51
L,JSW STEEL LIMITED,      1056.45,      1061.70,-0.49
 , , , , 
 ,Nifty Next 50 Sec., , , 
 , , , , 
G,SIEMENS LTD,      5418.25,      5119.10,5.84
G,HINDUSTAN AERONAUTICS LTD,      4128.30,      4012.45,2.89
G,SAMVRDHNA MTHRSN INTL LTD,       134.93,       131.46,2.64
G,AMBUJA CEMENTS LTD,       532.45,       520.55,2.29
G,BOSCH LIMITED,     28072.05,     27448.10,2.27
G,VARUN BEVERAGES LIMITED,       527.90,       517.15,2.08
G,ABB INDIA LIMITED,      5523.70,      5414.15,2.02
G,SHREE CEMENT LIMITED,     29931.10,     29544.05,1.31
G,HAVELLS INDIA LIMITED,      1493.00,      1477.25,1.07
G,PIDILITE INDUSTRIES LTD,      2845.40,      2823.05,0.79
G,BAJAJ HOLDINGS & INVS LTD,     12599.05,     12521.50,0.62
G,VEDANTA LIMITED,       464.15,       461.80,0.51
G,INTERGLOBE AVIATION LTD,      5025.15,      5006.70,0.37
G,TVS MOTOR COMPANY  LTD,      2429.20,      2421.50,0.32
G,LTIMINDTREE LIMITED,      4619.75,      4606.40,0.29
G,GODREJ CONSUMER PRODUCTS,      1130.30,      1129.85,0.04
G,ZYDUS LIFESCIENCES LTD,       907.50,       907.35,0.02
 , , , , 
L,REC LIMITED,       425.60,       442.75,-3.87
L,ZOMATO LIMITED,       203.29,       209.81,-3.11
L,UNION BANK OF INDIA,       120.21,       123.36,-2.55
L,JIO FIN SERVICES LTD,       222.67,       227.53,-2.14
L,DLF LIMITED,       680.45,       695.20,-2.12
L,POWER FIN CORP LTD.,       410.50,       419.25,-2.09
L,GAIL (INDIA) LTD,       174.07,       177.70,-2.04
L,ADANI POWER LTD,       497.85,       507.70,-1.94
L,INDIAN RAIL TOUR CORP LTD,       704.45,       717.15,-1.77
L,ADANI ENERGY SOLUTION LTD,       803.00,       816.55,-1.66
L,ADANI TOTAL GAS LIMITED,       598.05,       607.75,-1.6
L,INDIAN OIL CORP LTD,       129.09,       131.03,-1.48
L,BHEL,       210.52,       213.60,-1.44
L,INFO EDGE (I) LTD,      7044.35,      7145.70,-1.42
L,CANARA BANK,        87.24,        88.46,-1.38
L,AVENUE SUPERMARTS LIMITED,      3945.70,      3998.80,-1.33
L,BANK OF BARODA,       220.34,       223.07,-1.22
L,ADANI GREEN ENERGY LTD,       912.10,       923.40,-1.22
L,MACROTECH DEVELOPERS LTD,      1197.35,      1209.80,-1.03
L,PUNJAB NATIONAL BANK,        92.86,        93.81,-1.01
L,JINDAL STEEL & POWER LTD,       899.85,       908.80,-0.98
L,TORRENT PHARMACEUTICALS L,      3219.10,      3245.05,-0.8
L,INDIAN RAILWAY FIN CORP L,       128.39,       129.41,-0.79
L,ICICI PRU LIFE INS CO LTD,       588.75,       592.25,-0.59
L,NHPC LTD,        80.94,        81.31,-0.46
L,CHOLAMANDALAM IN & FIN CO,      1522.25,      1529.05,-0.44
L,JSW ENERGY LIMITED,       553.05,       555.35,-0.41
L,ICICI LOMBARD GIC LIMITED,      1772.45,      1779.50,-0.4
L,LIFE INSURA CORP OF INDIA,       786.85,       789.40,-0.32
L,UNITED SPIRITS LIMITED,      1361.50,      1365.55,-0.3
 , , , , 
 ,OTHER SECURITIES, , , 
 , , , , 
G,ARISTO BIO T AND LIFESC L,       110.40,        92.00,20
G,UNSEC RED NCD 10.5% SR.VI,      1115.00,       931.00,19.76
G,TOURISM FINANCE CORP. OF,       166.42,       139.85,19
G,AGARWAL TOUGH GLASS IND L,       116.80,       100.55,16.16
G,CAPRI GLOBAL CAPITAL LTD,       194.86,       167.98,16
G,ROYAL ARC ELECTRODES LTD,       147.15,       127.95,15.01
G,GENUS P&B LIMITED,        19.94,        17.51,13.88
G,LLOYDS LUXURIES LIMITED,        88.05,        78.20,12.6
G,USHANTI COLOUR CHEM LTD,        58.50,        53.00,10.38
G,SANGANI HOSPITALS LIMITED,        64.90,        59.00,10
G,FRANTEMAMC - FICRF3GP,        11.52,        10.49,9.82
G,CHAMAN METALLICS LIMITED,       163.15,       149.00,9.5
G,PIL ITALICA LIFESTYLE LTD,        13.51,        12.35,9.39
G,SEC RE NCD 9.71% SR VIII,       980.00,       902.20,8.62
G,NETWORK PEOPLE SRV TECH L,      2412.70,      2222.40,8.56
G,PARAMOUNT SPECIALI FORG L,        47.50,        44.05,7.83
G,DEEPAK BUILDERS & ENG I L,       148.75,       138.39,7.49
G,SEC RE NCD 9.39% SR.VIII,       750.00,       700.00,7.14
G,CREATIVE NEWTECH LIMITED,       713.30,       667.40,6.88
G,RELIANCE INFRASTRUCTU LTD,       253.78,       237.80,6.72
G,TOKYO PLAST INTL LTD,       128.48,       120.42,6.69
G,LUMAX INDUSTRIES LTD,      2562.15,      2403.00,6.62
G,THAAI CASTING LIMITED,        87.35,        82.05,6.46
G,GUJ. APOLLO IND. LTD.,       317.00,       298.30,6.27
G,PROVENTUS AGROCOM LIMITED,      1262.65,      1190.00,6.11
G,SERENCD8.84%SRVICIII&IV,       969.99,       914.35,6.09
G,2.50%GOLDBONDS2026SR-IV,      9369.00,      8839.00,6
G,RELIANCE POWER LTD.,        39.47,        37.25,5.96
G,TECIL CHEMICALS,        23.29,        22.01,5.82
G,ZF COM VE CTR SYS IND LTD,     12689.15,     11997.20,5.77
 , , , , 
L,SEC RE NCD 9.65% SR.VII,       566.99,       685.00,-17.23
L,NDL VENTURES LIMITED,        61.18,        71.62,-14.58
L,SPP POLYMER LIMITED,        14.65,        17.00,-13.82
L,SEC RE NCD 9.55% SR.IV,       300.00,       346.00,-13.29
L,D K ENTERPRISES GLOBAL L,        63.45,        72.00,-11.88
L,SOLVE PLASTIC PRODUCTS L,        25.65,        29.00,-11.55
L,VINEET LABORATORIES LTD,        31.57,        35.44,-10.92
L,TRIDHYA TECH LIMITED,        22.75,        25.40,-10.43
L,INTEGRATED PERSO SER LTD,       300.05,       334.95,-10.42
L,UPSURGE SEEDS OF AGRI LTD,       134.50,       150.05,-10.36
L,SALASAR TECHNO ENGG. LTD.,         9.47,        10.56,-10.32
L,KESORAM INDUSTRIES LTD,         4.92,         5.47,-10.05
L,SYLVAN PLYBOARD (INDIA) L,        59.75,        66.40,-10.02
L,AION-TECH SOLUTIONS LTD,        55.95,        62.17,-10
L,MUKTA ARTS LIMITED,        61.95,        68.72,-9.85
L,P S RAJ STEELS LIMITED,       126.00,       139.75,-9.84
L,SCL 0% 2026 SR III,       905.20,      1000.00,-9.48
L,QMS MEDICAL ALLIED S LTD,        78.25,        86.40,-9.43
L,SUNREST LIFESCIENCE LTD,        53.00,        58.40,-9.25
L,ORCHASP LIMITED,         2.30,         2.53,-9.09
L,NIDAN LABS AND HEALTH LTD,        18.65,        20.50,-9.02
L,CARRARO INDIA LIMITED,       313.10,       344.15,-9.02
L,BLB LIMITED,        15.03,        16.52,-9.02
L,LOTUS EYE HOSP & INST L,        64.28,        70.57,-8.91
L,VADILAL INDUSTRIES LTD,      4604.80,      5047.75,-8.78
L,AMD INDUSTRIES LIMITED,        46.73,        51.19,-8.71
L,FORGE AUTO INTERNATION L,        67.40,        73.80,-8.67
L,VITAL CHEMTECH LIMITED,        52.30,        57.20,-8.57
L,MOKSH ORNAMENTS LIMITED,        12.90,        14.08,-8.38
L,GOLDSTAR POWER LIMITED,         8.25,         9.00,-8.33
