SECURITY,NEW,PREVIOUS,NEW_STATUS
PASHUPATI COTSPIN LIMITED,624,621.5,H
BALAJI PHOSPHATES LIMITED,96.5,94,H
GKW LIMITED,1750.5,1169,H
CURA TECHNOLOGIES LIMITED,27.13,25.84,H
TCPL PACKAGING LIMITED,4900,4840,H
JAINAM FER ALLOYS (I) LTD,245,242.4,H
SEC RE NCD SR.V,1210.6,1209.8,H
INNOVATIVE TYRE & TUBE LT,36.85,36.15,H
ROYAL ARC ELECTRODES LTD,151.5,132,H
SDL TN 7.72% 2034,100,98,H
NIP IND ETF LONGTERM GILT,28.75,28.45,H
SHRIRAM - LIQUIDSHRI,1044.92,1044.76,H
CHAMBAL FERTILIZERS LTD,626,622.6,H
A B INFRABUILD LIMITED,103,102.39,H
CHAMAN METALLICS LIMITED,163.9,151.4,H
ICICIPRAMC - CASHIETF,1002.64,1002.48,H
SURATWWALA BUS GROUP LTD,36.23,35.52,H
ANIK INDUSTRIES LTD,123,119.25,H
KOTAKMAMC - MSCIINDIA,28.08,28.03,H
BAHETI RECYCLING IND LTD,557,550,H
C P S SHAPERS LIMITED,560,546,H
GOI TBILL 364D-10/07/25,98.17,97.8,H
POLYSIL IRRIGATION SYST L,22.85,22.45,H
MIRAEAMC - MAGS813ETF,31,29.8,H
KANDARP DG SMART BPO LTD,75.5,56.7,H
FRANTEMAMC - FICRF3GP,11.52,10.49,H
ONESOURCE SPECL PHARMA L,1744.45,1735.4,H
SEC RE NCD 10.75% SR XI,1005.34,1000,H
SEC RE NCD SR VI,1096.7,1096.4,H
KODY TECHNOLAB LIMITED,1050.2,1000.2,H
SEC RE NCD 9.48% SR V,956,900,H
GOI TBILL 364D-09/10/25,96.45,96.41,H
2.50%GOLDBONDS2025SR-XIII,8871.13,8840,H
SETCO AUTOMOTIVE LTD,21.26,20.5,H
GOI TBILL 364D-18/07/25,99,97.74,H
MAHAMAYA STEEL INDS LTD,280.99,269.5,H
OMFURN INDIA LIMITED,107.3,103.3,H
GAYATRI HIGHWAYS LIMITED,1.26,1.24,H
NGL FINE CHEM LIMITED,1196.45,1179,H
GOI TBILL 182D-27/06/25,98.37,98.23,H
SAJ HOTELS LIMITED,77.3,77.25,H
SDL UK 7.39% 2030,99.75,95,H
BARBEQUE NATION HOSP. LTD,263.25,266.6,L
EXXARO TILES LIMITED,5.6,5.7,L
AMBEY LABORATORIES LTD,38.7,40.95,L
SEYA INDUSTRIES LIMITED,14.16,14.91,L
HARDWYN INDIA LIMITED,11.22,11.5,L
BRAINBEES SOLUTIONS LTD,350,356,L
PERFECT INFRAENGINEER LTD,9.25,9.3,L
VITAL CHEMTECH LIMITED,52.15,53.9,L
DIGIDRIVE DISTRIBUTORS L,27.2,27.6,L
SADHAV SHIPPING LIMITED,84,86,L
SARASWATI SAREE DEPOT LTD,85.01,89,L
LAMOSAIC INDIA LIMITED,42.55,42.7,L
SEC RE NCD 9.55% SR.IV,299,346,L
FORGE AUTO INTERNATION L,62.25,65.2,L
SADBHAV ENGINEERING LTD,10.98,11.21,L
QUICKTOUCH TECHNOLOGIES L,41.25,42.1,L
CADSYS (INDIA) LIMITED,72.05,73.5,L
PENINSULA LAND LIMITED,23.71,24.2,L
360ONEAMC - GOLD360,86.3,86.45,L
KESORAM INDUSTRIES LTD,4.92,5.47,L
COASTAL CORPORATION LTD,35.8,36.01,L
NIDAN LABS AND HEALTH LTD,18,19.4,L
ARABIAN PETROLEUM LIMITED,64.1,65,L
SYLVAN PLYBOARD (INDIA) L,59.05,64,L
TAX FREE7.60% SR.IIB,1086,1087,L
JFL LIFE SCIENCES LIMITED,17.4,17.75,L
CELL POINT (INDIA) LTD,15.75,16.7,L
QVC EXPORTS LIMITED,24.3,25.5,L
MANDEEP AUTO INDUSTRIES L,19.2,19.25,L
MAXPOSURE LIMITED,53.25,53.35,L
ON DOOR CONCEPTS LIMITED,156.35,159.5,L
BARFLEX POLYFILMS LIMITED,42.6,43.5,L
INDIAN PHOSPHATE LIMITED,45.5,46.8,L
SHRADHA INFRAPROJECTS LTD,63.15,64.42,L
FORCAS STUDIO LIMITED,70,71,L
GENSOL ENGINEERING LTD,204.4,215.15,L
ORCHASP LIMITED,2.25,2.27,L
AGS TRANSACT TECH LTD,9.16,9.65,L
CRAYONS ADVERTISING LTD,45.5,47.15,L
SHREE KARNI FABCOM LTD,650.4,663.65,L
PRABHA ENERGY LIMITED,163.21,171.8,L
SUYOG TELEMATICS LIMITED,835,862.8,L
SWELECT ENERGY SYS LTD,564.5,576,L
ROCKINGDEALS CIRCU ECO L,227.3,234,L
SEC RE NCD 9.65% SR.VII,566.99,685,L
3I INFOTECH LIMITED,21.54,21.6,L
IRIS CLOTHINGS LIMITED,42.56,43.11,L
FUTURE ENTERPRISES LTD,3.53,3.6,L
FUTURE SUPP CHAIN SOL LTD,1.63,1.65,L
POPULAR VEHICLES N SER L,94.69,96,L
MARCO CABLE & CONDUCTOR L,35.1,36.5,L
UNIINFO TELECOM SERVI LTD,16,16.21,L
DECCAN TRANSCON LEASING L,45.8,48.6,L
NAMAN IN-STORE (INDIA) L,61.25,64.4,L
KATARIA INDUSTRIES LTD,95.05,97.05,L
MEDICAMEN ORGANICS LTD,20.45,21.5,L
WESTERN CARRIERS (IND) L,79,79.1,L
SONU INFRATECH LIMITED,104.8,116.95,L
MARSHALL MACHINES LTD,11.91,12.54,L
RAPPID VALVES (INDIA) LTD,222.95,234.65,L
SAKUMA EXPORTS LIMITED,2.45,2.51,L
SITI NETWORKS LIMITED,0.49,0.51,L
ABS MARINE SERVICES LTD,96,99.85,L
ADDICTIVE LEARNING TECH L,155,158.65,L
CALSOFT RS.2.50 PPD UP,3.5,3.69,L
GIRIRAJ CIVIL DEVP LTD,276.4,282,L
DIVINE HIRA JEWELLERS LTD,77.2,81.25,L
COFFEE DAY ENTERPRISE LTD,29.49,30,L
DANGEE DUMS LIMITED,4.05,4.7,L
RAJNANDINI METAL LIMITED,4.23,4.4,L
NEPHRO CARE INDIA LIMITED,123.65,123.75,L
BIKEWO GREEN TECH LIMITED,15.95,16.65,L
SUNLITE RECYCLING IND LTD,101,103,L
PLAZA WIRES LIMITED,50.4,51.51,L
MEDICO REMEDIES LIMITED,42,43.33,L
KONSTELEC ENGINEERS LTD,62.9,63,L
YUDIZ SOLUTIONS LIMITED,29.35,30.75,L
BULKCORP INTERNATIONAL L,58.05,61.1,L
MEP INFRA. DEVELOPERS LTD,1.38,1.41,L
BOSS PACKAGING SOLU LTD,37.7,38,L
PANSARI DEVELOPERS LTD,166.6,166.65,L
BEST AGROLIFE LIMITED,244.15,249.1,L
SADHANA NITROCHEM LIMITED,18.62,19.3,L
MODERN THREADS INDIA LTD,34.14,35.66,L
IDENTICAL BRAINS STUDIO L,43.95,44.85,L
M.V.K. AGRO FOOD PROD LTD,46.25,46.8,L
AVG LOGISTICS LIMITED,254,259.15,L
VAKRANGEE LIMITED,10.41,10.93,L
VISHWARAJ SUGAR IND LTD,8.02,8.78,L
SECUREKLOUD TECH LIMITED,18.13,18.84,L
PAISALO DIGITAL LIMITED,31.82,34.07,L
STAR HEALTH & AL INS CO L,340.05,345.3,L
FUT LIFESTYLE FASH LTD,1.31,1.34,L
GREENCHEF APPLIANCES LTD,59.1,59.25,L
ACCENT MICROCELL LIMITED,190.1,194.05,L
DIAMINES & CHEMICALS LTD,317.8,339,L
DAVANGERE SUGAR COMPANY L,3.91,3.99,L
PURV FLEXIPACK LIMITED,96,100.4,L
FLEXITUFF VENTURES INT L,30.23,30.85,L
HMA AGRO INDUSTRIES LTD,30.01,30.21,L
CEREBRA INT TECH LTD,4.38,4.41,L
VINNY OVERSEAS LIMITED,1.24,1.27,L
SHREE TIRUPATI BALAJEE L,45.26,47.36,L
SHUBHSHREE BIOFUELS ENE L,296.4,302.45,L
ZENITH DRUGS LIMITED,48.3,52.8,L
USHA FINANCIAL SERVICES L,52.6,53.5,L
RUBFILA INTERNATIONAL LTD,65.02,66,L
FILATEX FASHIONS LIMITED,0.51,0.52,L
GAJANAND INTERNATIONAL L,13.25,13.5,L
SAHAJ FASHIONS LIMITED,7.45,7.55,L
SHANKAR LAL RAMPAL LTD,53.35,56.82,L
REFRACTORY SHAPES LIMITED,67.9,77.5,L
SVP GLOBAL TEXTILES LTD,2.95,3.02,L
SATI POLY PLAST LIMITED,72.95,75.05,L
FIDEL SOFTECH LIMITED,113,115.2,L
ENERGY MISSION MACH IND L,209.05,213.3,L
VELS FILM INTERNATIONAL L,74,75.5,L
GREENLAM INDUSTRIES LTD.,235,246.05,L
NURECA LIMITED,210.26,216.78,L
SPANDANA SPHOORTY FIN LTD,239.65,240.05,L
ESAF SMALL FINANCE BANK L,25.22,26.15,L
VALIANT LABORATORIES LTD,79.1,79.7,L
VIRINCHI LIMITED,20.5,21.86,L
WISE TRAVEL INDIA LIMITED,146.5,150.65,L
B&B TRIPLEWALL CONT LTD,120.6,133.32,L
BAWEJA STUDIOS LIMITED,44,48.5,L
SPP POLYMER LIMITED,14.45,16.8,L
ELECTRO FORCE (INDIA) LTD,35.05,36,L
QMS MEDICAL ALLIED S LTD,77.2,83.25,L
MORARJEE TEXTILES LIMITED,5.06,5.22,L
COMPUAGE INFOCOM LTD,1.4,1.48,L
UCAL LIMITED,129,129.05,L
TRUCAP FINANCE LIMITED,7.79,7.81,L
G-TEC JAINX EDUCATION LTD,30.83,31.89,L
VERTOZ LIMITED,8.16,8.33,L
SOLVE PLASTIC PRODUCTS L,25.65,28.2,L
BASILIC FLY STUDIO LTD,249.7,254.8,L
DIGIKORE STUDIOS LIMITED,180.85,184.5,L
ASPIRE & INNOVATIVE ADV L,28.35,28.9,L
DHAMPUR BIO ORGANICS LTD,68.81,70.19,L
RUSHIL DECOR LIMITED,21.5,22,L
ALLCARGO TERMINALS LTD,23.05,24.5,L
TBI CORN LIMITED,82,83.05,L
KAMDHENU VENTURES LIMITED,9.48,9.68,L
BODHI TREE MULTIMEDIA LTD,8.28,8.57,L
SHREEOSWAL S AND CHE LTD,12.82,13.25,L
LORENZINI APPARELS LTD,12.03,12.28,L
DHANLAXMI CROP SCIENCE L,52.35,53.15,L
DYNAMIC SRVCS & SEC LTD,148.95,306.8,L
DEBOCK INDUSTRIES LIMITED,1.97,1.98,L
TEERTH GOPICON LIMITED,328.45,335.15,L
REVATHI EQUIPMENT INDIA L,965,970.15,L
RITE ZONE CHEMCON IND LTD,21.2,21.9,L
SAMEERA AGRO AND INFRA L,50.2,52.6,L
GANESH GREEN BHARAT LTD,312.25,327,L
INNOVANA THINKLABS LTD,291.6,299,L
AURANGABAD DISTILLERY LTD,153.8,156.9,L
NATURAL CAPSULES LIMITED,164,166.82,L
NEWMALAYALAM STEEL LTD,25.65,27,L
COMMERCIAL SYN BAGS LTD,72.52,73.01,L
ASTRON PAPER BORD MIL LTD,11.55,11.9,L
PRAXIS HOME RETAIL LTD,9.72,10.24,L
ANDHRA CEMENTS LIMITED,54.92,55,L
MUFIN GREEN FINANCE LTD,68.62,69.3,L
NDL VENTURES LIMITED,59.19,70.31,L
DELAPLEX LIMITED,136,138.05,L
MICROPRO SOFTWARE SOL L,22.1,23.1,L
LANDMARK CARS LIMITED,380.3,387.8,L
UPSURGE SEEDS OF AGRI LTD,130.7,133.2,L
HEADS UP VENTURES LIMITED,10.8,10.95,L
PHOENIX OVERSEAS LIMITED,17.6,18.5,L
DELPHI WORLD MONEY LTD,117.41,118,L
TAKE SOLUTIONS LTD,7.42,7.72,L
U. Y. FINCORP LIMITED,16.8,17.89,L
AKSHAR SPINTEX LIMITED,0.52,0.53,L
GACM TECHNOLOGIES LIMITED,0.61,0.63,L
ADITYA ULTRA STEEL LTD,25.1,25.7,L
ROX HI TECH LIMITED,38.85,40.9,L
VIPUL LIMITED,10.64,10.86,L
INDO FARM EQUIPMENT LTD,154.51,155.15,L
KEN ENTERPRISES LIMITED,39.9,56.5,L
TSIIC 9.35% 2033 SR 1- G,103639.13,104410.77,L
C2C ADVANCED SYSTEMS LTD,328.95,335.65,L
SCL 9.25% SR II,920,950,L

