SYMBOL,SERIES,SECURITY,HIGH/LOW,INDEX FLAG
1030SFIL28,NM,SEC RE NCD 10.30% SR.VII,H
21STCENMGM,BE,21ST CENTURY MGMT SERVICE,H
AMBANIORGO,SM,AMBANI ORGOCHEM LIMITED,H
ANIKINDS,EQ,ANIK INDUSTRIES LTD,H
ASLIND,SM,ASL INDUSTRIES LIMITED,H
AURIONPRO,EQ,AURIONPRO SOLN LTD,H
AVROIND,EQ,AVRO INDIA LIMITED,H
AYMSYNTEX,EQ,AYM SYNTEX LIMITED,H
BAHETI,SM,BAHETI RECYCLING IND LTD,H
BAJAJHFL,EQ,BAJAJ HOUSING FINANCE LTD,H
BFUTILITIE,EQ,BF UTILITIES LIMITED,H
BLUECHIP,BE,BLUE CHIP INDIA LIMITED,H
CLEDUCATE,EQ,CL EDUCATE LIMITED,H
CMMIPL,SZ,CMM INFRAPROJECTS LIMITED,H
CURAA,BE,CURA TECHNOLOGIES LIMITED,H
CYIENTDLM,EQ,CYIENT DLM LIMITED,H
DCI,EQ,DC INFOTECH AND COMUN LTD,H
DHANBANK,EQ,DHANLAXMI BANK LIMITED,H
DHTL,ST,DOCMODE HEALTH TECH LTD,H
EPACK,EQ,EPACK DURABLE LIMITED,H
FEL,BZ,FUTURE ENTERPRISES LTD,H
FELIX,SM,FELIX INDUSTRIES LTD.,H
FLFL,BZ,FUT LIFESTYLE FASH LTD,H
FMNL,BE,FUTURE MKT NETWORKS LTD,H
GARFIBRES,EQ,GARWARE TECH FIBRES LTD,H
GAYAPROJ,BZ,GAYATRI PROJECTS LTD,H
GLFL,BE,GUJARAT LEASE FINANCING L,H
GODFRYPHLP,EQ,GODFREY PHILLIPS INDIA LT,H
GVT&D,EQ,GE VERNOVA T&D INDIA LTD,H
HARDWYN,BE,HARDWYN INDIA LIMITED,H
HEXATRADEX,EQ,HEXA TRADEX LIMITED,H
HITECHGEAR,BE,THE HI-TECH GEARS LIMITED,H
HOVS,EQ,HOV SERVICES LTD,H
HUBTOWN,EQ,HUBTOWN LIMITED,H
ITTL,ST,INNOVATIVE TYRE & TUBE LT,H
JINDWORLD,EQ,JINDAL WORLDWIDE LTD,H
JIWANRAM,ST,JIWANRAM SHEODUTTRA IND L,H
KAVVERITEL,BE,KAVVERI TEL. LTD.,H
KEEPLEARN,EQ,DSJ KEEP LEARNING LTD,H
KONTOR,SM,KONTOR SPACE LIMITED,H
KTL,ST,KALAHRIDHAAN TRENDZ LTD,H
LAKPRE,BZ,LAKSHMI PRE SCRE LTD,H
LAWSIKHO,ST,ADDICTIVE LEARNING TECH L,H
MACOBSTECH,SM,MACOBS TECHNOLOGIES LTD,H
MAGSON,SM,MAGSON RETAIL AND DIST L,H
MBLINFRA,EQ,MBL INFRASTRUCTURE LTD,H
MEDIORG,SM,MEDICAMEN ORGANICS LTD,H
MEGAFLEX,SM,MEGA FLEX PLASTICS LTD,H
MKPL,EQ,M K PROTEINS LIMITED,H
MSPL,EQ,MSP STEEL & POWER LTD.,H
NIBE,EQ,NIBE LIMITED,H
NKIND,EQ,NK INDUSTRIES LTD,H
NURECA,EQ,NURECA LIMITED,H
OPTIEMUS,EQ,OPTIEMUS INFRACOM LTD,H
ORIENTTECH,EQ,ORIENT TECHNOLOGIES LTD,H
PARASPETRO,EQ,PARAS PETROFILS LTD.,H
PHOGLOBAL,ST,PHOENIX OVERSEAS LIMITED,H
PIGL,BE,POWER INSTRUMENT (G) LTD,H
PNC,BE,PRITISH NANDY COMMUNICATI,H
PRABHA,BE,PRABHA ENERGY LIMITED,H
PRECOT,EQ,PRECOT LIMITED,H
PREMIER,BE,PREMIER LIMITED,H
QUADPRO,SM,QUADPRO ITES LIMITED,H
RAJRILTD,BE,RAJ RAYON INDUSTRIES LTD,H
RHL,EQ,ROBUST HOTELS LIMITED,H
RICHA,SM,RICHA INFO SYSTEMS LTD,H
ROLTA,BZ,ROLTA INDIA LTD,H
RUCHINFRA,EQ,RUCHI INFRASTRUCTURE LTD,H
S&SPOWER,EQ,S&S POWER SWITCHGEARS LTD,H
SANWARIA,BZ,SANWARIA CONSUMER LIMITED,H
SDREAMS,ST,S D RETAIL LIMITED,H
SFML,ST,SUPREME FACILITY MGMT LTD,H
SHAKTIPUMP,BE,SHAKTI PUMPS (I) LTD,H
SIMPLEXINF,BE,SIMPLEX INFRASTRUCTURES L,H
SITINET,BZ,SITI NETWORKS LIMITED,H
SPCENET,BE,SPACENET ENTERS IND LTD,H
SRPL,BZ,SHREE RAM PROTEINS LTD.,H
SUMIT,EQ,SUMIT WOODS LIMITED,H
SUNFLAG,EQ,SUNFLAG IRON AND STEEL CO,H
TARIL,EQ,TRANS & RECTI. LTD,H
TBZ,EQ,TRIB BHIMJI ZAVERI LTD,H
TECHERA,ST,TECHERA ENGINEER (IND) L,H
TIPSFILMS,EQ,TIPS FILMS LIMITED,H
TREJHARA,EQ,TREJHARA SOLUTIONS LTD,H
VISASTEEL,BE,VISA STEEL LIMITED,H
WALCHANNAG,EQ,WALCHANDNAGAR INDUSTRIES,H
WEBELSOLAR,EQ,WEBSOL ENERGY SYSTEM LTD,H
WINSOME,BZ,WINSOME YARNS LIMITED,H
ZAGGLE,EQ,ZAGGLE PREPA OCEAN SER L,H
ZENITHDRUG,SM,ZENITH DRUGS LIMITED,H
3PLAND,EQ,3P LAND HOLDINGS LIMITED,L
971SCL28,AN,SEC RE NCD 9.71% SR.VIII,L
A2ZINFRA,EQ,A2Z INFRA ENGINEERING LTD,L
AARTECH,BE,AARTECH SOLONICS LIMITED,L
ABHAPOWER,ST,ABHA POWER N STEEL LTD,L
ABSMARINE,ST,ABS MARINE SERVICES LTD,L
AGNI,ST,AGNI GREEN POWER LTD,L
AGSTRA,BE,AGS TRANSACT TECH LTD,L
AKANKSHA,SM,AKANKSHA POWER N INFRA L,L
AKSHOPTFBR,EQ,AKSH OPTIFIBRE LIMITED,L
ANSALAPI,BZ,ANSAL PROP & INFRA LTD,L
ANTGRAPHIC,EQ,ANTARCTICA LTD,L
APEXECO,ST,APEX ECOTECH LIMITED,L
ARCHIES,EQ,ARCHIES LTD,L
ARENTERP,EQ,RAJDARSHAN INDUSTRIES LTD,L
ASTRON,EQ,ASTRON PAPER BORD MIL LTD,L
ATMASTCO,SM,ATMASTCO LIMITED,L
AUSL,ST,ADITYA ULTRA STEEL LTD,L
AVONMORE,BE,AVONMORE CAP&MGT SERV LTD,L
AVPINFRA,ST,AVP INFRACON LIMITED,L
AVROIND,EQ,AVRO INDIA LIMITED,L
BAGFILMS,EQ,B.A.G FILMS AND MEDIA LTD,L
BALAJITELE,EQ,BALAJI TELEFILMS LIMITED.,L
BEWLTD,SM,BEW ENGINEERING LIMITED,L
BIKEWO,ST,BIKEWO GREEN TECH LIMITED,L
BINANIIND,EQ,BINANI INDUSTRIES LTD,L
BLUECHIP,BE,BLUE CHIP INDIA LIMITED,L
BLUEPEBBLE,ST,BLUE PEBBLE LIMITED,L
BTML,EQ,BODHI TREE MULTIMEDIA LTD,L
BULKCORP,ST,BULKCORP INTERNATIONAL L,L
CALSOFTPP,X1,CALSOFT RS.2.50 PPD UP,L
CANARYS,SM,CANARYS AUTOMATIONS LTD,L
CEREBRAINT,BZ,CEREBRA INT TECH LTD,L
CMMIPL,SZ,CMM INFRAPROJECTS LIMITED,L
CMRSL,SM,CYBER MEDIA RES & SER LTD,L
COMPINFO,BZ,COMPUAGE INFOCOM LTD,L
CRAYONS,ST,CRAYONS ADVERTISING LTD,L
CREATIVEYE,EQ,CREATIVE EYE LIMITED,L
CTE,BE,CAMBRIDGE TECH ENTER LTD,L
CYBERMEDIA,BE,CYBER MEDIA (INDIA) LTD.,L
DCMFINSERV,EQ,DCM FINANCIAL SERVICES LT,L
DELPHIFX,BE,DELPHI WORLD MONEY LTD,L
DELTAMAGNT,BE,DELTA MANUFACTURING LTD,L
DESTINY,ST,DESTINY LOGISTICS & I LTD,L
DIL,BE,DEBOCK INDUSTRIES LIMITED,L
DIVINEHIRA,ST,DIVINE HIRA JEWELLERS LTD,L
ENERGYDEV,EQ,ENERGY DEVE. CO.LTD,L
EQUIPPP,BE,EQUIPPP SOC IMP TECH LTD,L
FEL,BZ,FUTURE ENTERPRISES LTD,L
FELDVR,BE,FUTURE ENTERPRISES LTD,L
FILATFASH,BE,FILATEX FASHIONS LIMITED,L
FMNL,BE,FUTURE MKT NETWORKS LTD,L
GANGAFORGE,EQ,GANGA FORGING LIMITED,L
GATECH,EQ,GACM TECHNOLOGIES LIMITED,L
GATECHDVR,EQ,GACM TECHNOLOGIES LIMITED,L
GAYAPROJ,BZ,GAYATRI PROJECTS LTD,L
GCHOTELS,ST,GRAND CONTINENT HOTELS L,L
GENCON,EQ,GENERIC ENG CONS PROJ LTD,L
GENSOL,BE,GENSOL ENGINEERING LTD,L
GGBL,ST,GANESH GREEN BHARAT LTD,L
GLFL,BE,GUJARAT LEASE FINANCING L,L
GLOBALVECT,EQ,GLOBAL VEC HELICORP LTD,L
GLOBE,BE,GLOBE TEXTILES (I) LTD.,L
GOENKA,BZ,GOENKA DIAMOND&JEWELS LTD,L
GOLDENTOBC,BZ,GOLDEN TOBACCO LIMITED,L
GSTL,ST,GLOBESECURE TECHNO LTD,L
GUJRAFFIA,BE,GUJARAT RAFFIA INDUST LTD,L
GVKPIL,BE,GVK POW. & INFRA LTD.,L
HDIL,BZ,HOUSING DEV & INFRA LTD,L
HEADSUP,BE,HEADS UP VENTURES LIMITED,L
HMT,BZ,HMT LTD -,L
HOMESFY,SM,HOMESFY REALTY LIMITED,L
HVAX,ST,HVAX TECHNOLOGIES LIMITED,L
ICDSLTD,EQ,ICDS LTD,L
IITL,EQ,INDUSTRIAL INV TRUST LTD,L
IL&FSENGG,BZ,IL&FS ENG AND CONS CO LTD,L
IMPEXFERRO,BZ,IMPEX FERRO TECH LIMITED,L
INDOUS,BE,INDO US BIOTECH LTD,L
INM,SM,INTERIORS & MORE LIMITED,L
IRIS-RE,BE,IRIS CLOTHINGS LIMITED,L
ISHAN,SM,ISHAN INTERNATIONAL LTD,L
JALAN,ST,JALAN TRANSOLU. INDIA LTD,L
JHS,BE,JHS SVEND. LAB. LTD,L
JIWANRAM,ST,JIWANRAM SHEODUTTRA IND L,L
JNKINDIA,EQ,JNK INDIA LIMITED,L
JPASSOCIAT,BE,JAIPRAKASH ASSOCIATES LTD,L
JSWHL,EQ,JSW HOLDINGS LIMITED,L
KCEIL,ST,KAY CEE ENERGY & INFRA L,L
KDL,ST,KORE DIGITAL LIMITED,L
KEEPLEARN,EQ,DSJ KEEP LEARNING LTD,L
KESORAMIND,EQ,KESORAM INDUSTRIES LTD,L
KODYTECH,ST,KODY TECHNOLAB LIMITED,L
KONSTELEC,ST,KONSTELEC ENGINEERS LTD,L
KORE,ST,JAY JALARAM TECHNO LTD,L
KOTYARK,ST,KOTYARK INDUSTRIES LTD,L
KRIDHANINF,EQ,KRIDHAN INFRA LIMITED,L
KRITI,EQ,KRITI INDUSTRIES IND LTD,L
KSHITIJPOL,BE,KSHITIJ POLYLINE LIMITED,L
LAKPRE,BZ,LAKSHMI PRE SCRE LTD,L
LAKSHYA,ST,LAKSHYA POWERTECH LIMITED,L
MAANALU,BE,MAAN ALUMINIUM LIMITED,L
MADHUCON,EQ,MADHUCON PROJECTS LTD.,L
MAKS,ST,MAKS ENERGY SOL INDIA LTD,L
MANDEEP,SM,MANDEEP AUTO INDUSTRIES L,L
MANORG,EQ,MANGALAM ORGANICS LIMITED,L
MARSHALL,BE,MARSHALL MACHINES LTD,L
MEP,BZ,MEP INFRA. DEVELOPERS LTD,L
MIEL,ST,MANGLAM INFRA & ENG LTD,L
MIRCELECTR,BE,MIRCELECTR-DEPO,L
MODTHREAD,EQ,MODERN THREADS INDIA LTD,L
MONOPHARMA,SM,MONO PHARMACARE LIMITED,L
MORARJEE,BZ,MORARJEE TEXTILES LIMITED,L
MOS,SM,MOS UTILITY LIMITED,L
MOXSH,SM,MOXSH OVERSEAS EDUCON LTD,L
MTEDUCARE,BE,MT EDUCARE LTD,L
NAMAN,ST,NAMAN IN-STORE (INDIA) L,L
NARMADA,BE,NARMADA AGROBASE LIMITED,L
NAVKARURB,BE,NAVKAR URBANSTRUCTURE LTD,L
NDLVENTURE,EQ,NDL VENTURES LIMITED,L
NGILPP1,E1,NGIL RS. 6 PPD UP,L
NIBE,EQ,NIBE LIMITED,L
NIRMAN,ST,NIRMAN AGRI GENTICS LTD,L
NITCO,EQ,NITCO LIMITED,L
NITIRAJ,BE,NITIRAJ ENGINEERS LTD,L
NMSTEEL,ST,NEWMALAYALAM STEEL LTD,L
NOIDATOLL,BE,NOIDA TOLL BRIDGE CO LTD,L
NORBTEAEXP,BE,NORBEN TEA &EXPORTS LTD,L
OILCOUNTUB,EQ,OIL COUNTRY TUBULAR LTD,L
OMKARCHEM,BZ,OMKAR SPL CHEM LTD,L
ORIANA,SM,ORIANA POWER LIMITED,L
OSIAHYPER,EQ,OSIA HYPER RETAIL LIMITED,L
OSWALSEEDS,EQ,SHREEOSWAL S AND CHE LTD,L
PALREDTEC,BE,PALRED TECHNOLOGIES LTD,L
PASUPTAC,BE,PASUPATI ACRYLON LIMITED,L
PERFECT,ST,PERFECT INFRAENGINEER LTD,L
PHOGLOBAL,ST,PHOENIX OVERSEAS LIMITED,L
PIGL,BE,POWER INSTRUMENT (G) LTD,L
PRABHA,BE,PRABHA ENERGY LIMITED,L
PRAMARA,SM,PRAMARA PROMOTIONS LTD,L
PRATHAM,ST,PRATHAM EPC PROJECTS LTD,L
PRAXIS,EQ,PRAXIS HOME RETAIL LTD,L
PREMIER,BE,PREMIER LIMITED,L
PRITIKA,ST,PRITIKA ENG COMPO LTD,L
PRIZOR,SM,PRIZOR VIZTECH LIMITED,L
PROZONER,BE,PROZONE REALTY LIMITED,L
PULZ,SM,PULZ ELECTRONICS LIMITED,L
QVCEL,ST,QVC EXPORTS LIMITED,L
RADAAN,BE,RADAAN MEDIAWORKS (I) LTD,L
READYMIX,ST,READYMIX CONSTRU MACHI L,L
REPL,BE,RUDRABHISHEK ENTERP LTD,L
RITEZONE,ST,RITE ZONE CHEMCON IND LTD,L
RNFI,ST,RNFI SERVICES LIMITED,L
ROCKINGDCE,ST,ROCKINGDEALS CIRCU ECO L,L
ROSSELLIND,BE,ROSSELL INDIA LIMITED,L
ROXHITECH,ST,ROX HI TECH LIMITED,L
RVHL,EQ,RAVINDER HEIGHTS LIMITED,L
SADHNANIQ,BE,SADHANA NITROCHEM LIMITED,L
SAHAJ,ST,SAHAJ FASHIONS LIMITED,L
SAHASRA,ST,SAHASRA ELECTRONIC SOLU L,L
SAIFL,ST,SAMEERA AGRO AND INFRA L,L
SANCO,BZ,SANCO INDUSTRIES LIMITED,L
SANWARIA,BZ,SANWARIA CONSUMER LIMITED,L
SATIPOLY,ST,SATI POLY PLAST LIMITED,L
SATKARTAR,SM,SAT KARTAR SHOPPING LTD,L
SECURKLOUD,EQ,SECUREKLOUD TECH LIMITED,L
SEL,ST,SUNGARNER ENERGIES LTD,L
SELMC,EQ,SEL MANUFACTURING CO LTD,L
SETUINFRA,BZ,SETUBANDHAN INFRA LTD,L
SEYAIND,BE,SEYA INDUSTRIES LIMITED,L
SFML,ST,SUPREME FACILITY MGMT LTD,L
SHANTI,EQ,SHANTI OVERSEAS INDIA LTD,L
SHEMAROO,BE,SHEMAROO ENTER. LTD.,L
SHIGAN,ST,SHIGAN QUANTUM TECH LTD,L
SHUBHLAXMI,SM,SHUBHLAXMI JEWEL ART LTD,L
SHYAMCENT,BE,SHYAM CENTURY FERROUS LTD,L
SHYAMTEL,BE,SHYAM TELECOM LIMITED,L
SIGNORIA,ST,SIGNORIA CREATION LIMITED,L
SIGNPOST,EQ,SIGNPOST INDIA LIMITED,L
SIMBHALS,BE,SIMBHAOLI SUGARS LTD.,L
SINDHUTRAD,EQ,SINDHU TRADE LINKS LTD,L
SITINET,BZ,SITI NETWORKS LIMITED,L
SOLARAPP,E1,SOLAR ACT RS.3.50 PPD UP,L
SOLEX,ST,SOLEX ENERGY LIMITED,L
SPECTSTM,SM,SPECTRUM TALENT MGMT LTD,L
SRPL,BZ,SHREE RAM PROTEINS LTD.,L
SSFL,SM,SRIVARI SPICES N FOODS L,L
STEL,BE,STEL HOLDINGS LIMITED,L
SUPERSPIN,EQ,SUPER SPINNING MILLS LTD,L
SURAJLTD,EQ,SURAJ LIMITED,L
SURANI,ST,SURANI STEEL TUBES LTD.,L
SUULD,BZ,SUUMAYA INDUSTRIES LTD,L
TAC,SM,TAC INFOSEC LIMITED,L
TAKE,BZ,TAKE SOLUTIONS LTD,L
TBI,ST,TBI CORN LIMITED,L
TCIFINANCE,BE,TCIFINANCELTD-ROLL SETT,L
TECHLABS,SM,TRIDENT TECHLABS LIMITED,L
TEMBO,BE,TEMBO GLOBAL IND LTD,L
TICL,EQ,TWAMEV CONS AND INFRA LTD,L
TIJARIA,BE,TIJARIA POLYPIPES LTD,L
TIL,EQ,TIL LTD,L
TIMESGTY,BE,TIMES GUARANTY LIMITED,L
TIPSFILMS,EQ,TIPS FILMS LIMITED,L
TPHQ,BE,TEAMO PRODUCTIONS HQ LTD,L
TRANSTEEL,SM,TRANSTEEL SEATING TECH L,L
TRANSWIND,SM,TRANSWIND INFRA LIMITED,L
TREEHOUSE,EQ,TREE HOUSE EDU LTD,L
TRU,BE,TRUCAP FINANCE LIMITED,L
UNIINFO,BE,UNIINFO TELECOM SERVI LTD,L
VAKRANGEE,EQ,VAKRANGEE LIMITED,L
VARDMNPOLY,EQ,VARDHMAN POLYTEX LTD.,L
VERTEXPLUS,ST,VERTEXPLUS TECHNOLOGIES L,L
VIJIFIN,EQ,VIJI FINANCE LIMITED,L
VIVO,SM,VIVO COLLAB SOLUTIONS LTD,L
VMARCIND,ST,V MARC INDIA LIMITED,L
WINSOME,BZ,WINSOME YARNS LIMITED,L
WSI,BE,W.S.INDUSTRIES (I) LTD.,L
XELPMOC,EQ,XELPMOC DESIGN & TECH LTD,L
YAARI,EQ,YAARI DIGI INT SER LTD,L
YUDIZ,ST,YUDIZ SOLUTIONS LIMITED,L
ZENITHEXPO,EQ,ZENITH EXPORTS LTD,L
