GAIN_LOSS,SECURITY,CLOSE_PRIC,PREV_CL_PR,PERCENT_CG
 ,Nifty 50 Sec., , , 
 , , , , 
G,HERO MOTOCORP LIMITED,      3772.05,      3645.95,3.46
G,BAJAJ FINSERV LTD.,      2005.75,      1943.40,3.21
G,INDUSIND BANK LIMITED,       673.55,       655.30,2.78
G,ADANI ENTERPRISES LIMITED,      2363.35,      2312.60,2.19
G,HDFC LIFE INS CO LTD,       681.90,       668.40,2.02
G,TRENT LTD,      5422.30,      5321.95,1.89
G,WIPRO LTD,       272.20,       267.40,1.8
G,ULTRATECH CEMENT LIMITED,     11599.60,     11402.10,1.73
G,NTPC LTD,       360.65,       354.65,1.69
G,LARSEN & TOUBRO LTD.,      3501.60,      3444.80,1.65
G,POWER GRID CORP. LTD.,       295.50,       290.85,1.6
G,BAJAJ FINANCE LIMITED,      9003.85,      8866.05,1.55
G,TATA CONSUMER PRODUCT LTD,       973.55,       959.65,1.45
G,GRASIM INDUSTRIES LTD,      2618.70,      2581.60,1.44
G,ADANI PORT & SEZ LTD,      1196.75,      1181.60,1.28
G,BHARAT PETROLEUM CORP  LT,       276.06,       273.01,1.12
G,STATE BANK OF INDIA,       772.30,       764.00,1.09
G,HDFC BANK LTD,      1825.35,      1806.55,1.04
G,OIL AND NATURAL GAS CORP.,       242.17,       239.72,1.02
G,TITAN COMPANY LIMITED,      3087.65,      3057.50,.99
G,SHRIRAM FINANCE LIMITED,       678.50,       672.00,.97
G,ASIAN PAINTS LIMITED,      2338.10,      2323.15,.64
G,TECH MAHINDRA LIMITED,      1423.90,      1416.30,.54
G,COAL INDIA LTD,       396.85,       394.80,.52
G,ITC LTD,       409.45,       407.35,.52
G,CIPLA LTD,      1482.90,      1476.20,.45
G,TATA CONSULTANCY SERV LT,      3651.20,      3635.80,.42
G,RELIANCE INDUSTRIES LTD,      1278.20,      1273.05,.4
G,BHARAT ELECTRONICS LTD,       300.65,       299.54,.37
G,JSW STEEL LIMITED,      1059.75,      1056.45,.31
 , , , , 
L,TATA MOTORS LIMITED,       668.55,       708.25,-5.61
L,SUN PHARMACEUTICAL IND L,      1731.45,      1758.95,-1.56
L,EICHER MOTORS LTD,      5345.75,      5403.30,-1.07
L,BHARTI AIRTEL LIMITED,      1724.70,      1738.55,-0.8
L,KOTAK MAHINDRA BANK LTD,      2128.65,      2144.90,-0.76
L,APOLLO HOSPITALS ENTER. L,      6492.05,      6519.80,-0.43
L,MAHINDRA & MAHINDRA LTD,      2733.00,      2742.25,-0.34
L,TATA STEEL LIMITED,       155.42,       155.81,-0.25
L,DR. REDDY S LABORATORIES,      1162.20,      1164.60,-0.21
L,HCL TECHNOLOGIES LTD,      1630.15,      1633.40,-0.2
L,BRITANNIA INDUSTRIES LTD,      4841.20,      4849.70,-0.18
L,MARUTI SUZUKI INDIA LTD.,     11721.95,     11734.30,-0.11
L,NESTLE INDIA LIMITED,      2242.05,      2243.45,-0.06
L,HINDUSTAN UNILEVER LTD.,      2244.65,      2245.95,-0.06
L,BAJAJ AUTO LIMITED,      7974.30,      7977.10,-0.04
 , , , , 
 ,Nifty Next 50 Sec., , , 
 , , , , 
G,ADANI ENERGY SOLUTION LTD,       872.85,       803.00,8.7
G,ADANI GREEN ENERGY LTD,       959.90,       912.10,5.24
G,BANK OF BARODA,       230.98,       220.34,4.83
G,ADANI POWER LTD,       519.90,       497.85,4.43
G,GAIL (INDIA) LTD,       181.56,       174.07,4.3
G,PUNJAB NATIONAL BANK,        96.41,        92.86,3.82
G,MACROTECH DEVELOPERS LTD,      1241.30,      1197.35,3.67
G,UNITED SPIRITS LIMITED,      1408.10,      1361.50,3.42
G,UNION BANK OF INDIA,       124.21,       120.21,3.33
G,AVENUE SUPERMARTS LIMITED,      4065.00,      3945.70,3.02
G,CANARA BANK,        89.65,        87.24,2.76
G,POWER FIN CORP LTD.,       421.00,       410.50,2.56
G,INFO EDGE (I) LTD,      7214.60,      7044.35,2.42
G,ADANI TOTAL GAS LIMITED,       611.90,       598.05,2.32
G,INTERGLOBE AVIATION LTD,      5127.80,      5025.15,2.04
G,TATA POWER CO LTD,       383.40,       376.00,1.97
G,AMBUJA CEMENTS LTD,       542.80,       532.45,1.94
G,INDIAN RAIL TOUR CORP LTD,       718.05,       704.45,1.93
G,REC LIMITED,       433.40,       425.60,1.83
G,LIFE INSURA CORP OF INDIA,       801.15,       786.85,1.82
G,JINDAL STEEL & POWER LTD,       916.05,       899.85,1.8
G,VEDANTA LIMITED,       472.35,       464.15,1.77
G,BHEL,       213.98,       210.52,1.64
G,VARUN BEVERAGES LIMITED,       536.30,       527.90,1.59
G,HAVELLS INDIA LIMITED,      1515.35,      1493.00,1.5
G,ZOMATO LIMITED,       206.28,       203.29,1.47
G,JIO FIN SERVICES LTD,       225.78,       222.67,1.4
G,GODREJ CONSUMER PRODUCTS,      1144.55,      1130.30,1.26
G,ICICI LOMBARD GIC LIMITED,      1794.25,      1772.45,1.23
G,DLF LIMITED,       688.50,       680.45,1.18
 , , , , 
L,INDIAN RAILWAY FIN CORP L,       124.34,       128.39,-3.15
L,SAMVRDHNA MTHRSN INTL LTD,       131.91,       134.93,-2.24
L,SIEMENS LTD,      5314.15,      5418.25,-1.92
L,ZYDUS LIFESCIENCES LTD,       890.75,       907.50,-1.85
L,BAJAJ HOLDINGS & INVS LTD,     12462.55,     12599.05,-1.08
L,JSW ENERGY LIMITED,       548.35,       553.05,-0.85
 , , , , 
 ,OTHER SECURITIES, , , 
 , , , , 
G,MBL INFRASTRUCTURE LTD,        41.40,        34.50,20
G,ZENITH DRUGS LIMITED,        59.75,        49.80,19.98
G,JINDAL WORLDWIDE LTD,        66.30,        55.26,19.98
G,AURIONPRO SOLN LTD,      1649.65,      1377.05,19.8
G,BF UTILITIES LIMITED,       765.35,       645.75,18.52
G,THE STATE TRADING CORPN,       136.45,       117.71,15.92
G,CYIENT DLM LIMITED,       445.95,       387.50,15.08
G,GARWARE TECH FIBRES LTD,       944.65,       821.30,15.02
G,AEGIS LOGISTICS LIMITED,       902.60,       786.75,14.73
G,DRC SYSTEMS INDIA LIMITED,        25.89,        22.63,14.41
G,MAHARASHTRA SCOOTERS LTD,     11724.40,     10288.90,13.95
G,BEML LIMITED,      3140.40,      2760.40,13.77
G,AKZO NOBEL INDIA LIMITED,      3717.45,      3324.70,11.81
G,MACOBS TECHNOLOGIES LTD,       174.90,       156.70,11.61
G,GPT INFRAPROJECTS LTD,       119.64,       107.37,11.43
G,ELEGANZ INTERIORS LIMITED,       122.30,       110.20,10.98
G,CREATIVE NEWTECH LIMITED,       790.30,       713.30,10.79
G,THANGAMAYIL JEWELLERY LTD,      2041.75,      1843.65,10.74
G,RHI MAGNESITA INDIA LTD,       514.70,       465.15,10.65
G,BRAINBEES SOLUTIONS LTD,       388.55,       351.85,10.43
G,PEARL GLOBAL IND LIMITED,      1376.85,      1250.65,10.09
G,SHOPPERS STOP LIMITED,       564.85,       513.40,10.02
G,CL EDUCATE LIMITED,        78.26,        71.15,9.99
G,FRANTEMAMC - FICRF3GP,        12.66,        11.52,9.9
G,FIRSTSOURCE SOLU. LTD.,       356.05,       324.70,9.66
G,ANIK INDUSTRIES LTD,       116.61,       106.40,9.6
G,MAX ESTATES LIMITED,       409.95,       374.15,9.57
G,S. P. APPARELS LIMITED,       692.70,       633.10,9.41
G,TREJHARA SOLUTIONS LTD,       192.54,       176.50,9.09
G,BAWEJA STUDIOS LIMITED,        49.55,        45.45,9.02
 , , , , 
L,SEC RE NCD 9.71% SR.VIII,       610.36,       762.86,-19.99
L,SEC RED NCD 10.75% SR.VII,       970.20,      1175.00,-17.43
L,SANGINITA CHEMICALS LTD,         8.79,        10.46,-15.97
L,CAPRI GLOBAL CAPITAL LTD,       164.90,       194.86,-15.38
L,TFB 7.37% 2035 SR. 3A,      1170.01,      1377.99,-15.09
L,PURV FLEXIPACK LIMITED,        82.15,        96.50,-14.87
L,SCL 10.25% SR XII,       850.00,       990.00,-14.14
L,NDL VENTURES LIMITED,        53.08,        61.18,-13.24
L,UNSEC RED NCD 10.5% SR.VI,       970.00,      1115.00,-13
L,GENERIC ENG CONS PROJ LTD,        23.94,        27.46,-12.82
L,ELECTRO FORCE (INDIA) LTD,        31.05,        35.25,-11.91
L,RELIABLE DATA SERVICE LTD,        68.05,        76.12,-10.6
L,MICROPRO SOFTWARE SOL L,        19.90,        22.20,-10.36
L,SARTHAK METALS LIMITED,        99.10,       110.45,-10.28
L,NIDAN LABS AND HEALTH LTD,        16.75,        18.65,-10.19
L,KESORAM INDUSTRIES LTD,         4.42,         4.92,-10.16
L,BINANI INDUSTRIES LTD,         9.19,        10.22,-10.08
L,SINDHU TRADE LINKS LTD,        16.19,        17.99,-10.01
L,CANARYS AUTOMATIONS LTD,        24.90,        27.65,-9.95
L,XELPMOC DESIGN & TECH LTD,        83.46,        92.61,-9.88
L,SHREE TIRUPATI BALAJEE L,        41.59,        46.14,-9.86
L,PRANIK LOGISTICS LIMITED,        61.30,        68.00,-9.85
L,JTEKT INDIA LIMITED,       121.50,       134.63,-9.75
L,WOL 3D INDIA LIMITED,       111.10,       123.10,-9.75
L,INTEGRATED PERSO SER LTD,       270.90,       300.05,-9.72
L,RAJGOR CASTOR DERIVATI L,        17.05,        18.85,-9.55
L,JUPITER LIFE LINE HOSP L,      1536.85,      1695.50,-9.36
L,NIIT LEARNING SYSTEMS LTD,       395.20,       432.85,-8.7
L,SYNOPTICS TECHNOLOGIES L,        86.10,        94.20,-8.6
L,MANAKSIA STEELS LTD,        43.86,        47.98,-8.59
