SECURITY,NEW,PREVIOUS,NEW_STATUS
ICICIPRAMC - ICICI10GS,250.9,250.45,H
PASHUPATI COTSPIN LIMITED,624.5,624,H
BALAJI PHOSPHATES LIMITED,100,96.5,H
HP TELECOM INDIA LIMITED,126,114.9,H
GOI TBILL 91D-05/06/25,99,97,H
UPL RE. 1 PPD UP,453.65,450.1,H
SEC RE NCD 9.90% SR VII,1063,1059,H
SEC RE NCD SR 4,1115,1099,H
SEC RE NCD 7.60% SR.II,1053.42,1052.46,H
CURA TECHNOLOGIES LIMITED,28.48,27.13,H
JAINAM FER ALLOYS (I) LTD,247,245,H
ROYAL ARC ELECTRODES LTD,154.9,151.5,H
INNOVATIVE TYRE & TUBE LT,37.55,36.85,H
NEWJAISA TECHNOLOGIES LTD,53.35,52.35,H
2.50%GOLDBONDS2027SR-VI,8790,8780,H
SHRIRAM - LIQUIDSHRI,1045.08,1044.92,H
SEC RE NCD SR. VI,1275.32,1275,H
SEC RED NCD SR. VII,1990,1983,H
SCL 9.65% SR I,960,950,H
CP CAPITAL LIMITED,409,407.75,H
CHAMBAL FERTILIZERS LTD,631.7,626,H
CHAMAN METALLICS LIMITED,173,163.9,H
A B INFRABUILD LIMITED,104,103,H
GOI TBILL 364D-05/06/25,98.58,98.42,H
ICICIPRAMC - CASHIETF,1002.8,1002.64,H
SHREE RAMA NEWSPRINT LTD,32.17,31.54,H
BAHETI RECYCLING IND LTD,577.9,557,H
SEC RE NCD SR.VI,1220,1195.49,H
POLYSIL IRRIGATION SYST L,23.3,22.85,H
GUJARAT THEMIS BIOSYN LTD,300.62,298.7,H
FRANTEMAMC - FICRF3GP,12.66,11.52,H
2.50%GOLDBONDS2032SR-IV,9074.98,9000,H
KANDARP DG SMART BPO LTD,77.25,75.5,H
MOTILALAMC - MOCAPITAL,34.9,34.7,H
SCL 0% 2026 SR III,910,905.2,H
OMFURN INDIA LIMITED,110.8,107.3,H
SETCO AUTOMOTIVE LTD,21.68,21.26,H
GAYATRI HIGHWAYS LIMITED,1.28,1.26,H
GOI TBILL 364D-11/12/25,95.36,94.8,H
ELEGANZ INTERIORS LIMITED,128.85,117,H
SEC RE NCD SR 6,1125,1107.12,H
VITAL CHEMTECH LIMITED,50,52.15,L
BOMBAY METRICS S C LTD,38.1,42,L
AHLADA ENGINEERS LIMITED,53.12,58.97,L
MUSIC BROADCAST LIMITED,9.07,9.22,L
RAJSHREE POLYPACK LTD,19.56,20.35,L
EXXARO TILES LIMITED,5.45,5.6,L
NOVA AGRITECH LIMITED,43.1,45,L
SADHAV SHIPPING LIMITED,80,84,L
SEYA INDUSTRIES LIMITED,13.71,14.16,L
SANCO INDUSTRIES LIMITED,2.26,2.38,L
SARASWATI SAREE DEPOT LTD,82.8,85.01,L
ESPRIT STONES LIMITED,106.4,106.45,L
FORGE AUTO INTERNATION L,60,62.25,L
BRAINBEES SOLUTIONS LTD,346.95,350,L
VDEAL SYSTEM LIMITED,100.25,103,L
DIGIDRIVE DISTRIBUTORS L,26.6,27.2,L
QUICKTOUCH TECHNOLOGIES L,41.15,41.25,L
CADSYS (INDIA) LIMITED,70.6,72.05,L
LAMOSAIC INDIA LIMITED,41.7,42.55,L
SADBHAV ENGINEERING LTD,10.76,10.98,L
AMBEY LABORATORIES LTD,37.2,38.7,L
HARDWYN INDIA LIMITED,11.2,11.22,L
PENINSULA LAND LIMITED,23.23,23.71,L
KESORAM INDUSTRIES LTD,4.42,4.92,L
CELL POINT (INDIA) LTD,15.6,15.75,L
YUDIZ SOLUTIONS LIMITED,27.9,52.55,L
NIDAN LABS AND HEALTH LTD,16.35,18,L
INDIGO PAINTS LIMITED,941.5,946.95,L
COASTAL CORPORATION LTD,34.74,35.8,L
CRAYONS ADVERTISING LTD,43.45,45.5,L
CYBER MEDIA RES & SER LTD,66.35,68.4,L
RAMA PHOSPHATES LIMITED,80.85,83.05,L
AKI INDIA LIMITED,8.12,8.4,L
VAISHALI PHARMA LIMITED,10.3,10.36,L
AGNI GREEN POWER LTD,18.8,19.1,L
MAXPOSURE LIMITED,52.5,53.25,L
MANDEEP AUTO INDUSTRIES L,18.5,19.2,L
DSJ KEEP LEARNING LTD,2.7,2.83,L
SETUBANDHAN INFRA LTD,0.49,0.52,L
SYLVAN PLYBOARD (INDIA) L,55,59.05,L
JFL LIFE SCIENCES LIMITED,16.75,17.4,L
AGS TRANSACT TECH LTD,8.7,9.16,L
SEMAC CONSULTANTS LIMITED,293.95,299.9,L
FALCON TECHNOPROJ IND LTD,28.5,29,L
BARFLEX POLYFILMS LIMITED,41.15,42.6,L
SUUMAYA INDUSTRIES LTD,2.28,2.31,L
SUYOG TELEMATICS LIMITED,820,835,L
SWELECT ENERGY SYS LTD,553.25,564.5,L
QVC EXPORTS LIMITED,23.15,24.3,L
READYMIX CONSTRU MACHI L,70.9,71,L
ORCHASP LIMITED,2.2,2.25,L
ORTIN GLOBAL LIMITED,9.64,10.44,L
INDIAN PHOSPHATE LIMITED,44.1,45.5,L
APEX ECOTECH LIMITED,79.7,81,L
SHRADHA INFRAPROJECTS LTD,62,63.15,L
ASHAPURA LOGISTICS LTD,62.4,63.6,L
ON DOOR CONCEPTS LIMITED,153.25,156.35,L
GENSOL ENGINEERING LTD,194.2,204.4,L
ROCKINGDEALS CIRCU ECO L,216.45,227.3,L
SHREE KARNI FABCOM LTD,637.4,650.4,L
PRABHA ENERGY LIMITED,155.04,163.21,L
SUPREME POWER EQUIPMENT L,113,115.3,L
RBM INFRACON LIMITED,335.4,342.25,L
ALLCARGO LOGISTICS LTD,28.74,29,L
BINANI INDUSTRIES LTD,9.19,9.9,L
MARSHALL MACHINES LTD,11.31,11.91,L
IRIS CLOTHINGS LIMITED,41.46,42.56,L
3I INFOTECH LIMITED,21.1,21.54,L
LEXUS GRANITO (INDIA) LTD,30,31.55,L
EQUIPPP SOC IMP TECH LTD,19.62,19.9,L
MARCO CABLE & CONDUCTOR L,33.1,35.1,L
SONA MACHINERY LIMITED,79,81,L
MEDICAMEN ORGANICS LTD,19.6,20.45,L
POPULAR VEHICLES N SER L,93.95,94.69,L
FUTURE SUPP CHAIN SOL LTD,1.59,1.63,L
ABS MARINE SERVICES LTD,92.1,96,L
SEC RE NCD 9.71% SR.VIII,610.28,627.42,L
MAZDA LIMITED,248.34,253.41,L
NAMAN IN-STORE (INDIA) L,58.6,61.25,L
WESTERN CARRIERS (IND) L,78.02,79,L
KATARIA INDUSTRIES LTD,90.9,95.05,L
CALSOFT RS.2.50 PPD UP,3.47,3.5,L
UNIINFO TELECOM SERVI LTD,15.46,16,L
SITI NETWORKS LIMITED,0.48,0.49,L
RUDRABHISHEK ENTERP LTD,157.21,160.25,L
RAPPID VALVES (INDIA) LTD,215.2,222.95,L
SAKUMA EXPORTS LIMITED,2.4,2.45,L
DECCAN TRANSCON LEASING L,43,45.8,L
SONU INFRATECH LIMITED,102.75,104.8,L
GIRIRAJ CIVIL DEVP LTD,270.9,276.4,L
DIVINE HIRA JEWELLERS LTD,73.35,77.2,L
COFFEE DAY ENTERPRISE LTD,28.9,29.49,L
YASONS CHEMEX CARE LTD,13.5,14,L
ISHAN INTERNATIONAL LTD,0.95,1,L
AATMAJ HEALTHCARE LIMITED,15,15.55,L
NAKODA GROUP OF IND. LTD,32.51,33.31,L
PENTAGON RUBBER LIMITED,52,59.1,L
RAJNANDINI METAL LIMITED,4.1,4.23,L
TRIDHYA TECH LIMITED,21.5,22,L
PLAZA WIRES LIMITED,50.04,50.4,L
JAIPRAKASH ASSOCIATES LTD,3.29,3.32,L
BIKEWO GREEN TECH LIMITED,15.15,15.95,L
SUNLITE RECYCLING IND LTD,95,101,L
SUPREME FACILITY MGMT LTD,27.4,28.5,L
MEP INFRA. DEVELOPERS LTD,1.35,1.38,L
MODERN THREADS INDIA LTD,33.29,34.14,L
BOSS PACKAGING SOLU LTD,36.55,37.7,L
BULKCORP INTERNATIONAL L,55.2,58.05,L
KONSTELEC ENGINEERS LTD,60.8,62.9,L
SIGNORIA CREATION LIMITED,61.6,63.5,L
S A TECH SOFTWARE INDIA L,58.7,129.55,L
NEELAM LINENS & GAR (I) L,20,20.65,L
EMA PARTNERS INDIA LTD,107,115,L
SADHANA NITROCHEM LIMITED,17.68,18.62,L
BHARAT SEATS LIMITED,75.05,77.99,L
ANUH PHARMA LIMITED,148.88,149.2,L
INNOMET ADVANCED MATERI L,100.1,104,L
IMPEX FERRO TECH LIMITED,1.96,2,L
PANSARI DEVELOPERS LTD,163.26,166.6,L
IDENTICAL BRAINS STUDIO L,43.1,43.95,L
AVG LOGISTICS LIMITED,248.95,254,L
INVENTURE GRO & SEC LTD,1.36,1.39,L
VAKRANGEE LIMITED,9.88,10.41,L
HMA AGRO INDUSTRIES LTD,29,30.01,L
KSHITIJ POLYLINE LIMITED,2.85,2.89,L
SANGINITA CHEMICALS LTD,8.46,9.37,L
SECUREKLOUD TECH LIMITED,17.22,18.13,L
VINEET LABORATORIES LTD,31.08,31.21,L
SWASTIK PIPE LIMITED,40.5,41.3,L
GREENCHEF APPLIANCES LTD,58.8,59.1,L
FUT LIFESTYLE FASH LTD,1.26,1.31,L
GENERIC ENG CONS PROJ LTD,21.96,23.72,L
ACCENT MICROCELL LIMITED,180,190.1,L
SVP GLOBAL TEXTILES LTD,2.89,2.95,L
DAVANGERE SUGAR COMPANY L,3.8,3.91,L
ZENITH DRUGS LIMITED,47.15,48.3,L
PURV FLEXIPACK LIMITED,80,96,L
DIAMINES & CHEMICALS LTD,305.15,317.8,L
FLEXITUFF VENTURES INT L,29.62,30.23,L
BABA FOOD PROCESSING,40.2,44.05,L
VINNY OVERSEAS LIMITED,1.21,1.24,L
KAY CEE ENERGY & INFRA L,164.85,168.3,L
RUBFILA INTERNATIONAL LTD,63.5,65.02,L
SHANKAR LAL RAMPAL LTD,52,53.35,L
FIDEL SOFTECH LIMITED,110.75,113,L
GAJANAND INTERNATIONAL L,13,13.25,L
SHREE TIRUPATI BALAJEE L,38.55,45.26,L
CEREBRA INT TECH LTD,4.2,4.38,L
PRIZOR VIZTECH LIMITED,110.6,115,L
PROZONE REALTY LIMITED,27.3,28,L
RAJPUTANA BIODIESEL LTD,183,185.3,L
TWAMEV CONS AND INFRA LTD,30.97,31.08,L
USHA FINANCIAL SERVICES L,51.1,52.6,L
SATI POLY PLAST LIMITED,69.55,72.95,L
FILATEX FASHIONS LIMITED,0.48,0.51,L
SAHAJ FASHIONS LIMITED,7.1,7.45,L
GACM TECHNOLOGIES LIMITED,0.77,0.78,L
REFRACTORY SHAPES LIMITED,66.55,67.9,L
ATLAS CYCLE (HARYANA) LTD,95.04,102.19,L
VADIVARHE SPCLTY CHEM LTD,26.25,26.4,L
ENERGY MISSION MACH IND L,204.9,209.05,L
GREENLAM INDUSTRIES LTD.,226,235,L
AARTI SURFACTANTS LIMITED,400,402,L
NURECA LIMITED,206.82,210.26,L
ANMOL INDIA LIMITED,14.55,15.09,L
QMS MEDICAL ALLIED S LTD,72.35,77.2,L
SPANDANA SPHOORTY FIN LTD,230.2,239.65,L
FUSION FINANCE LIMITED,130.5,135.25,L
VALIANT LABORATORIES LTD,76.6,79.1,L
VIRINCHI LIMITED,20.22,20.5,L
MANGALAM ALLOYS LIMITED,26.5,26.75,L
UCAL LIMITED,128.99,129,L
ESAF SMALL FINANCE BANK L,24.31,25.22,L
FEDBANK FINANCIAL SER L,84,85,L
ELECTRO FORCE (INDIA) LTD,30.65,35.05,L
SAAKSHI MEDTEC N PANELS L,132.2,135,L
COMPUAGE INFOCOM LTD,1.33,1.4,L
RAJGOR CASTOR DERIVATI L,16.65,18.15,L
AFFORD ROBO & AUTO LTD,380,385,L
BASILIC FLY STUDIO LTD,245.05,249.7,L
SWIGGY LIMITED,312.65,317,L
MORARJEE TEXTILES LIMITED,4.8,5.06,L
JEYYAM GLOBAL FOODS LTD,34.7,35.4,L
TRUCAP FINANCE LIMITED,7.4,7.79,L
AKME FINTRADE (INDIA) LTD,64.26,65,L
WISE TRAVEL INDIA LIMITED,140.35,146.5,L
SOLVE PLASTIC PRODUCTS L,25.2,25.65,L
SHANTHALA FMCG PRODUCTS L,24.75,24.85,L
VERTOZ LIMITED,7.99,8.16,L
SPP POLYMER LIMITED,14,14.45,L
DIGIKORE STUDIOS LIMITED,177.25,180.85,L
SEC RED NCD 10.75% SR.VII,970.2,1169,L
DHAMPUR BIO ORGANICS LTD,67.43,68.81,L
INDIAN EMULSIFIERS LTD,122.4,124.9,L
TARA CHAND INFRA SOLN LTD,62.09,63.36,L
LOKESH MACHINES LTD,166.58,169.98,L
RUSHIL DECOR LIMITED,20.65,21.5,L
AURO IMPEX & CHEMICALS L,45.65,46.25,L
GOLDEN TOBACCO LIMITED,33.77,35.14,L
PAR DRUGS AND CHEM LTD,88.5,89.7,L
SHREEOSWAL S AND CHE LTD,12.26,12.82,L
ALLCARGO TERMINALS LTD,22.35,23.05,L
LORENZINI APPARELS LTD,11.78,12.03,L
VISHWAS AGRI SEEDS LTD,56.7,58,L
GANESH GREEN BHARAT LTD,297.05,312.25,L
BODHI TREE MULTIMEDIA LTD,7.86,8.28,L
ESCONET TECHNOLOGIES LTD,160.05,164.1,L
DEBOCK INDUSTRIES LIMITED,1.9,1.97,L
ABHA POWER N STEEL LTD,26.45,27.7,L
AURANGABAD DISTILLERY LTD,150.75,153.8,L
TBI CORN LIMITED,78.75,82,L
MY MUDRA FINCORP LIMITED,52.55,52.95,L
DHANLAXMI CROP SCIENCE L,50.7,52.35,L
SEC RE NCD 9.16% SR.V,450,460,L
COMMERCIAL SYN BAGS LTD,71.11,72.52,L
NEWMALAYALAM STEEL LTD,24.4,25.65,L
PRANIK LOGISTICS LIMITED,60.25,67,L
REVATHI EQUIPMENT INDIA L,950,965,L
DYNAMIC SRVCS & SEC LTD,146,148.95,L
SAMEERA AGRO AND INFRA L,47.7,50.2,L
SAHASRA ELECTRONIC SOLU L,266.3,275,L
KAMDHENU VENTURES LIMITED,9.29,9.48,L
TEERTH GOPICON LIMITED,321.9,328.45,L
INNOVANA THINKLABS LTD,270.5,291.6,L
RITE ZONE CHEMCON IND LTD,20.45,21.2,L
SHIVALIC POWER CONTROL L,115.65,118,L
ZEAL GLOBAL SERVICES LTD,119.2,121,L
ASTRON PAPER BORD MIL LTD,10.97,11.55,L
BEW ENGINEERING LIMITED,134.1,137.4,L
LANDMARK CARS LIMITED,369,380.3,L
MOXSH OVERSEAS EDUCON LTD,25.7,27.05,L
NDL VENTURES LIMITED,48.94,59.19,L
AKSHAR SPINTEX LIMITED,0.51,0.52,L
ANDHRA CEMENTS LIMITED,53.01,54.92,L
PRECISION METALIKS LTD,21.05,21.6,L
CHEMCON SPECIAL CHEM LTD,167.25,170,L
PRAXIS HOME RETAIL LTD,9.23,9.72,L
HEADS UP VENTURES LIMITED,10.66,10.8,L
MICROPRO SOFTWARE SOL L,19.25,22.1,L
MUFIN GREEN FINANCE LTD,66,68.62,L
ANSAL PROP & INFRA LTD,3.68,3.76,L
GACM TECHNOLOGIES LIMITED,0.57,0.61,L
DELAPLEX LIMITED,128.5,136,L
ATAM VALVES LIMITED,76.98,78.02,L
DELPHI WORLD MONEY LTD,114.22,117.41,L
TAKE SOLUTIONS LTD,7.04,7.42,L
C2C ADVANCED SYSTEMS LTD,322.4,328.95,L
UNITED HEAT TRANSFER LTD,56.25,56.7,L
ADITYA ULTRA STEEL LTD,23.85,25.1,L
SOLEX ENERGY LIMITED,660.55,662,L
PHOENIX OVERSEAS LIMITED,16.75,17.6,L
VIPUL LIMITED,10.42,10.64,L
ROX HI TECH LIMITED,36.9,38.85,L
KEN ENTERPRISES LIMITED,38.25,39.9,L
AGARWAL FLOAT GLASS I LTD,51,52,L
ISHAN DYES N CHEMICALS L,37.41,38.1,L
JITF INFRALOGISTICS LTD,389.8,397.75,L
OWAIS METAL & MINERAL,559.95,571.35,L

