SYMBOL,SERIES,SECURITY,HIGH/LOW,INDEX FLAG
63MOONS,EQ,63 MOONS TECHNOLOGIES LTD,H
A2ZINFRA,BE,A2Z INFRA ENGINEERING LTD,H
ABSMARINE,ST,ABS MARINE SERVICES LTD,H
ACMESOLAR,EQ,ACME SOLAR HOLDINGS LTD,H
ADROITINFO,EQ,ADROIT INFOTECH LIMITED,H
AKSHAR,BE,AKSHAR SPINTEX LIMITED,H
AKSHOPTFBR,BE,AKSH OPTIFIBRE  LTD,H
ALPEXSOLAR,SM,ALPEX SOLAR LIMITED,H
ANKITMETAL,BZ,ANKIT MET & POW LTD,H
ANLON,SM,ANLON TECHNOLOGY SOL LTD,H
APRAMEYA,ST,APRAMEYA ENGINEERING LTD,H
ARTNIRMAN,BE,ART NIRMAN LIMITED,H
ARVEE,EQ,ARVEE LABORATORIES I LTD,H
ASHAPURMIN,EQ,ASHAPURA MINECHEM LTD,H
ATALREAL,BE,ATAL REALTECH LIMITED,H
ATMASTCO,ST,ATMASTCO LIMITED,H
AVALON,EQ,AVALON TECHNOLOGIES LTD,H
AVG,BE,AVG LOGISTICS LIMITED,H
AVPINFRA,ST,AVP INFRACON LIMITED,H
AVROIND,EQ,AVRO INDIA LIMITED,H
AXISCADES,BE,AXISCADES TECH LTD,H
AYMSYNTEX,EQ,AYM SYNTEX LIMITED,H
BAGFILMS,BE,B.A.G FILMS AND MEDIA LTD,H
BALAJITELE,BE,BALAJI TELEFILMS LTD.,H
BASILIC,ST,BASILIC FLY STUDIO LTD,H
BIRLAMONEY,BE,ADITYA BIRLA MONEY LTD,H
BLUEJET,EQ,BLUE JET HEALTHCARE LTD,H
BORORENEW,BE,BOROSIL RENEWABLES LTD,H
BTML,BE,BODHI TREE MULTIMEDIA LTD,H
CCCL,BE,CONS. CONST. CONSORT LTD,H
CELLECOR,SM,CELLECOR GADGETS LIMITED,H
CEREBRAINT,BZ,CEREBRA INT TECH LTD,H
CMRSL,SM,CYBER MEDIA RES & SER LTD,H
CTE,EQ,CAMBRIDGE TECH ENTER LTD,H
DELTIC,ST,DELTA AUTOCORP LIMITED,H
DGCONTENT,BE,DIGICONTENT LIMITED,H
DHRUV,BE,DHRUV CONSULTANCY SER LTD,H
DIACABS,BE,DIAMOND POWER INFRA LTD,H
DIFFNKG,BE,DIFFUSION ENGINEERS LTD,H
DJML,BE,DJ MEDIAPRINT & LOG LTD,H
DOLPHIN,EQ,DOLPHIN OFF ENT (IND) L,H
DPEL,ST,DIVINE POWER ENERGY LTD,H
DRONE,ST,DRONE DESTINATION LIMITED,H
E2E,EQ,E2E NETWORKS LIMITED,H
EFFWA,SM,EFFWA INFRA & RESEARCH L,H
ELECTHERM,BE,ELECTROTHERM (I) LTD.,H
EPACK,EQ,EPACK DURABLE LIMITED,H
EVERESTIND,BE,EVEREST INDUSTRIES LTD,H
EXCEL,BE,EXCEL REALTY N INFRA LTD,H
EXICOM,EQ,EXICOM TELE SYSTEMS LTD,H
FCSSOFT,EQ,FCS SOFTWARE SOLN. LTD.,H
FEL,BZ,FUTURE ENTERPRISES LTD,H
FIBERWEB,EQ,FIBERWEB INDIA LIMITED,H
FOCUS,EQ,FOCUS LIGHTG & FIXTRS LTD,H
FORCAS,ST,FORCAS STUDIO LIMITED,H
FRESHARA,ST,FRESHARA AGRO EXPORTS LTD,H
GAJANAND,ST,GAJANAND INTERNATIONAL L,H
GANGAFORGE,EQ,GANGA FORGING LIMITED,H
GGBL,ST,GANESH GREEN BHARAT LTD,H
GLOBALVECT,BE,GLOBAL VEC HELICORP LTD,H
GOENKA,BZ,GOENKA DIAMOND&JEWELS LTD,H
GPECO,ST,GP ECO SOLUTIONS INDIA L,H
GRAPHISAD,SM,GRAPHISADS LIMITED,H
GUJRAFFIA,BE,GUJARAT RAFFIA INDUST LTD,H
GVKPIL,BE,GVK POW. & INFRA LTD.,H
GVPTECH,EQ,GVP INFOTECH LIMITED,H
HAVISHA,EQ,SRI HAVISHA HOSP & INFR L,H
HCL-INSYS,EQ,HCL INFOSYSTEMS LTD,H
HECPROJECT,EQ,HEC INFRA PROJECTS LTD,H
HEXATRADEX,EQ,HEXA TRADEX LIMITED,H
HIGREEN,ST,HI GREEN CARBON LIMITED,H
HILTON,EQ,HILTON METAL FORGING LTD,H
HINDWAREAP,EQ,HINDWARE HME INOVATON LTD,H
HNGSNGBEES,EQ,NIP IND ETF HANGSENG BEES,H
HOVS,EQ,HOV SERVICES LTD,H
HUBTOWN,EQ,HUBTOWN LIMITED,H
HVAX,ST,HVAX TECHNOLOGIES LIMITED,H
ICDSLTD,BE,ICDSLTD,H
IDEALTECHO,ST,IDEAL TECHNOPLAST IND LTD,H
IEL,BE,INDIABULLS ENT LTD,H
IL&FSENGG,BZ,IL&FS ENG AND CONS CO LTD,H
INDOUS,BE,INDO US BIOTECH LTD,H
IPHL,ST,INDIAN PHOSPHATE LIMITED,H
ITI,BE,ITI LTD,H
JAICORPLTD,EQ,JAI CORP LIMITED,H
JAINAM,ST,JAINAM FER ALLOYS (I) LTD,H
JPASSOCIAT,BE,JAIPRAKASH ASSOCIATES LTD,H
KANDARP,SM,KANDARP DG SMART BPO LTD,H
KARNIKA,ST,KARNIKA INDUSTRIES LTD,H
KBCGLOBAL,BE,KBC GLOBAL LIMITED,H
KEEPLEARN,BE,DSJ KEEP LEARNING LTD,H
KHAICHEM,EQ,KHAITAN CHEM & FERT LTD,H
KHAITANLTD,EQ,KHAITAN (INDIA)LTD.,H
KITEX,BE,KITEX GARMENTS LTD,H
KONTOR,SM,KONTOR SPACE LIMITED,H
KOTHARIPRO,BE,KOTHARI PRODUCTS,H
KOTYARK,ST,KOTYARK INDUSTRIES LTD,H
KPEL,EQ,K.P. ENERGY LIMITED,H
KPIGREEN,EQ,KPI GREEN ENERGY LIMITED,H
KRITI,EQ,KRITI INDUSTRIES IND LTD,H
LANCORHOL,EQ,LANCOR HOLDINGS LIMITED,H
LAWSIKHO,ST,ADDICTIVE LEARNING TECH L,H
LPDC,BE,LANDMARK PR.DEV.CO.LTD,H
MAANALU,BE,MAAN ALUMINIUM LIMITED,H
MACPOWER,EQ,MACPOWER CNC MACHINES LTD,H
MAHKTECH,EQ,MIRAEAMC - MAHKTECH,H
MANAKCOAT,BE,MAN COAT METAL & IND LTD,H
MARINE,BE,MARINE ELECTRICAL (I) LTD,H
MASKINVEST,BE,MASK INVESTMENTS LIMITED,H
MASON,ST,MASON INFRATECH LIMITED,H
MASTERTR,EQ,MASTER TRUST LIMITED,H
MAZDA,BE,MAZDA LIMITED,H
MCLEODRUSS,BE,MCLEOD RUSSEL INDIA LTD.,H
MEGAFLEX,SM,MEGA FLEX PLASTICS LTD,H
MEGASOFT,BE,MEGASOFT LTD,H
MFML,BE,MAHALAXMI FABRIC MILLS LT,H
MHLXMIRU,BE,MAHALAXMI RUBTECH LIMITED,H
MICEL,EQ,MIC ELECTRONICS LTD,H
MONQ50,EQ,MOTILALAMC - MONQ50,H
MORARJEE,BZ,MORARJEE TEXTILES LIMITED,H
MSPL,EQ,MSP STEEL & POWER LTD.,H
NAMAN,ST,NAMAN IN-STORE (INDIA) L,H
NAVKARURB,BE,NAVKAR URBANSTRUCTURE LTD,H
NECLIFE,EQ,NECTAR LIFESCIENCES LTD.,H
NEPHROCARE,SM,NEPHRO CARE INDIA LIMITED,H
NETWEB,EQ,NETWEB TECH INDIA LTD,H
NEXTMEDIA,BE,NEXT MEDIAWORKS LIMITED,H
NITIRAJ,EQ,NITIRAJ ENGINEERS LTD,H
OBSCP,ST,OBSC PERFECTION LIMITED,H
OILCOUNTUB,EQ,OIL COUNTRY TUBULAR LTD,H
ORIANA,SM,ORIANA POWER LIMITED,H
ORIENTTECH,EQ,ORIENT TECHNOLOGIES LTD,H
ORTEL,BZ,ORTEL COMMUNICATIONS LTD,H
PDMJEPAPER,EQ,PUDUMJEE PAPER PRO. LTD,H
PHANTOMFX,ST,PHANTOM DIGITAL EFF LTD,H
PIONEEREMB,BE,PIONEER EMBROIDERIES LTD,H
PRATHAM,ST,PRATHAM EPC PROJECTS LTD,H
PRECOT,BE,PRECOT LIMITED,H
PREMIER,BE,PREMIER LIMITED,H
PSRAJ,ST,P S RAJ STEELS LIMITED,H
PULZ,SM,PULZ ELECTRONICS LIMITED,H
PURVA,EQ,PURAVANKARA LIMITED,H
RACE,EQ,RACE ECO CHAIN LIMITED,H
RAJRILTD,BE,RAJ RAYON INDUSTRIES LTD,H
RAPPID,ST,RAPPID VALVES (INDIA) LTD,H
RBMINFRA,ST,RBM INFRACON LIMITED,H
REFEX,EQ,REFEX INDUSTRIES LIMITED,H
RELTD,EQ,RAVINDRA ENERGY LIMITED,H
RKEC,EQ,RKEC PROJECTS LIMITED,H
ROLLT,BE,ROLLATAINERS LIMITED,H
SABEVENTS,BE,SAB EVENTS & GOVERNANCE,H
SADHNANIQ,BE,SADHANA NITROCHEM LIMITED,H
SAKUMA,BE,SAKUMA EXPORTS LIMITED,H
SAMBHAAV,BE,SAMBHAAV MEDIA LTD,H
SAMPANN,BE,SAMPANN UTPADAN INDIA LTD,H
SANWARIA,BZ,SANWARIA CONSUMER LIMITED,H
SATECH,ST,S A TECH SOFTWARE INDIA L,H
SEMAC,BE,SEMAC CONSULTANTS LIMITED,H
SETCO,BE,SETCO AUTOMOTIVE LTD,H
SETUINFRA,BZ,SETUBANDHAN INFRA LTD,H
SHAH,EQ,SHAH METACORP LIMITED,H
SHAHALLOYS,EQ,SHAH ALLOYS LIMITED,H
SHAILY,BE,SHAILY ENG PLASTICS LTD,H
SHAKTIPUMP,BE,SHAKTI PUMPS (I) LTD,H
SHRADHA,BE,SHRADHA INFRAPROJECTS LTD,H
SHREERAMA,BE,SHREE RAMA MULTI TECH LTD,H
SHUBHSHREE,ST,SHUBHSHREE BIOFUELS ENE L,H
SIGNPOST,BE,SIGNPOST INDIA LIMITED,H
SIMBHALS,BE,SIMBHAOLI SUGARS LTD.,H
SITINET,BZ,SITI NETWORKS LIMITED,H
SIYSIL,EQ,SIYARAM SILK MILLS LTD,H
SLONE,ST,SLONE INFOSYSTEMS LIMITED,H
SMVD,SM,SMVD POLY PACK LIMITED,H
SSFL,SM,SRIVARI SPICES N FOODS L,H
SUNDRMBRAK,BE,SUNDARAMBRAKE LININGS LTD,H
SUPERSPIN,EQ,SUPER SPINNING MILLS LTD,H
SUPREME,EQ,SUPREME HOLDIN N HOSP I L,H
SUPREMEPWR,ST,SUPREME POWER EQUIPMENT L,H
TAC,ST,TAC INFOSEC LIMITED,H
TAJGVK,EQ,TAJ GVK HOTELS & RESORTS,H
TAKE,BZ,TAKE SOLUTIONS LTD,H
TARC,EQ,TARC LIMITED,H
TARIL,EQ,TRANS & RECTI. LTD,H
TBZ,EQ,TRIB BHIMJI ZAVERI LTD,H
TECILCHEM,EQ,TECIL CHEMICALS,H
TGBHOTELS,EQ,TGB BANQUETS&HOTELS LTD,H
TIL,EQ,TIL LTD,H
TIRUPATIFL,BE,TIRUPATI FORGE LIMITED,H
TPHQ,BE,TEAMO PRODUCTIONS HQ LTD,H
TRUST,ST,TRUST FINTECH LIMITED,H
TTL,BE,T T LIMITED,H
TVVISION,BE,TV VISION LIMITED,H
UCAL,BE,UCAL LIMITED,H
UNITECH,BZ,UNITECH LIMITED,H
URBAN,SM,URBAN ENVIRO WASTE MGMT L,H
VAKRANGEE,EQ,VAKRANGEE LIMITED,H
VARDMNPOLY,BE,VARDHMAN POLYTEX LTD.,H
VELS,ST,VELS FILM INTERNATIONAL L,H
VERANDA,EQ,VERANDA LEARNING SOL LTD,H
VILAS,SM,VILAS TRANSCORE LIMITED,H
VINNY,BE,VINNY OVERSEAS LIMITED,H
VIVIANA,ST,VIVIANA POWER TECH LTD,H
WEBELSOLAR,BE,WEBSOL ENERGY SYSTEM LTD,H
WEWIN,EQ,WE WIN LIMITED,H
WINDMACHIN,EQ,WINDSOR MACHINES LIMITED,H
WINNY,ST,WINNY IMMIGRA & EDU SER L,H
XTGLOBAL,EQ,XTGLOBAL INFOTECH LIMITED,H
YAARI,BE,YAARI DIGI INT SER LTD,H
ZAGGLE,EQ,ZAGGLE PREPA OCEAN SER L,H
ZEEMEDIA,EQ,ZEE MEDIA CORPORATION LTD,H
ZENTEC,EQ,ZEN TECHNOLOGIES LIMITED,H
ZODIAC,EQ,ZODIAC ENERGY LIMITED,H
21STCENMGM,BE,21ST CENTURY MGMT SERVICE,L
A2ZINFRA,BE,A2Z INFRA ENGINEERING LTD,L
ABHAPOWER,ST,ABHA POWER N STEEL LTD,L
ACCORD,SM,ACCORD SYNERGY LIMITED,L
AGSTRA,BE,AGS TRANSACT TECH LTD,L
AHIMSA,ST,AHIMSA INDUSTRIES LTD.,L
AKSHAR,BE,AKSHAR SPINTEX LIMITED,L
ALMONDZ,EQ,ALMONDZ GLOBAL SEC LTD,L
AMJUMBO,SM,A AND M JUMBO BAGS LTD,L
ARENTERP,BE,RAJDARSHAN INDUSTRIES LTD,L
ARIES,BE,ARIES AGRO LTD.,L
ASPIRE,ST,ASPIRE & INNOVATIVE ADV L,L
ASTRON,EQ,ASTRON PAPER BORD MIL LTD,L
ATMASTCO,ST,ATMASTCO LIMITED,L
AVONMORE,BE,AVONMORE CAP&MGT SERV LTD,L
BANG,BE,BANG OVERSEAS LTD.,L
BESTAGRO,EQ,BEST AGROLIFE LIMITED,L
BGRENERGY,BE,BGR ENERGY SYSTEMS LTD,L
BIL,BE,BHARTIYA INETRNATIONAL LT,L
BLUECHIP,BE,BLUE CHIP INDIA LIMITED,L
BTML,BE,BODHI TREE MULTIMEDIA LTD,L
C2C,ST,C2C ADVANCED SYSTEMS LTD,L
CBAZAAR,ST,NET AVENUE TECHNOLOGIES L,L
CCCL,BE,CONS. CONST. CONSORT LTD,L
CEREBRAINT,BZ,CEREBRA INT TECH LTD,L
CHAMUNDA,ST,CHAMUNDA ELECTRICAL LTD,L
COMPINFO,BZ,COMPUAGE INFOCOM LTD,L
CPS,ST,C P S SHAPERS LIMITED,L
CREATIVEYE,EQ,CREATIVE EYE LIMITED,L
DESTINY,ST,DESTINY LOGISTICS & I LTD,L
DGCONTENT,BE,DIGICONTENT LIMITED,L
DHTL,SM,DOCMODE HEALTH TECH LTD,L
DIGIKORE,ST,DIGIKORE STUDIOS LIMITED,L
DIGJAMLMTD,BE,DIGJAM LTD,L
DIVYADHAN,ST,DIVYADHAN RECYCLING IND L,L
DOLPHIN,EQ,DOLPHIN OFF ENT (IND) L,L
DRONE,ST,DRONE DESTINATION LIMITED,L
DYNAMIC,ST,DYNAMIC SRVCS & SEC LTD,L
ELGIRUBCO,BE,ELGI RUBBER CO. LTD,L
EMAMIREAL,BE,EMAMI REALTY LIMITED,L
ENSER,ST,ENSER COMMUNICATIONS LTD,L
EUROTEXIND,BE,EUROTEX IND & EXPORTS LTD,L
FEL,BZ,FUTURE ENTERPRISES LTD,L
FELDVR,BE,FUTURE ENTERPRISES LTD,L
FELIX,ST,FELIX INDUSTRIES LTD.,L
FIDEL,ST,FIDEL SOFTECH LIMITED,L
FLEXITUFF,BE,FLEXITUFF VENTURES INT L,L
FRESHARA,ST,FRESHARA AGRO EXPORTS LTD,L
GANGAFORGE,EQ,GANGA FORGING LIMITED,L
GATECHDVR,BE,GACM TECHNOLOGIES LIMITED,L
GAYAHWS,BE,GAYATRI HIGHWAYS LIMITED,L
GAYAPROJ,BZ,GAYATRI PROJECTS LTD,L
GLOBALE,BE,GLOBALE TESSILE LIMITED,L
GLOBE,EQ,GLOBE TEXTILES (I) LTD.,L
GODAVARIB,BE,GODAVARI BIOREFINERIES L,L
GUJRAFFIA,BE,GUJARAT RAFFIA INDUST LTD,L
GVKPIL,BE,GVK POW. & INFRA LTD.,L
GVT&D,EQ,GE VERNOVA T&D INDIA LTD,L
HARDWYN,BE,HARDWYN INDIA LIMITED,L
HUBTOWN,EQ,HUBTOWN LIMITED,L
IDENTICAL,ST,IDENTICAL BRAINS STUDIO L,L
IMPEXFERRO,BZ,IMPEX FERRO TECH LIMITED,L
INDIFRA,ST,INDIFRA LIMITED,L
INDOTECH,EQ,INDO TECH TRANSFORM LTD.,L
ISHAN,SM,ISHAN INTERNATIONAL LTD,L
IZMO,BE,IZMO LIMITED,L
JUBLCPL,BE,JUBILANT AGRI N CON PRO L,L
KAMOPAINTS,BE,KAMDHENU VENTURES LIMITED,L
KATARIA,ST,KATARIA INDUSTRIES LTD,L
KCEIL,ST,KAY CEE ENERGY & INFRA L,L
KCK,ST,KCK INDUSTRIES LTD,L
KEN,ST,KEN ENTERPRISES LIMITED,L
KERNEX,BE,KERNEX MICROSYS(I) LTD,L
KITEX,BE,KITEX GARMENTS LTD,L
KOTYARK,ST,KOTYARK INDUSTRIES LTD,L
KTL,ST,KALAHRIDHAAN TRENDZ LTD,L
LAKPRE,BZ,LAKSHMI PRE SCRE LTD,L
LAMOSAIC,ST,LAMOSAIC INDIA LIMITED,L
LCCINFOTEC,BE,LCC INFOTECH LTD,L
LORDSCHLO,BE,LORDS CHLORO ALKALI LTD,L
MANAKCOAT,BE,MAN COAT METAL & IND LTD,L
MARINETRAN,ST,MARINETRANS INDIA LIMITED,L
MAXVOLT,ST,MAXVOLT ENERGY INDUS L,L
MEGAFLEX,SM,MEGA FLEX PLASTICS LTD,L
MFML,BE,MAHALAXMI FABRIC MILLS LT,L
MODTHREAD,BE,MODERN THREADS INDIA LTD,L
MONOPHARMA,SM,MONO PHARMACARE LIMITED,L
MORARJEE,BZ,MORARJEE TEXTILES LIMITED,L
NAGREEKCAP,BE,NAGREEKA CAP & INFR.LTD,L
NAVKARURB,BE,NAVKAR URBANSTRUCTURE LTD,L
NEELAM,ST,NEELAM LINENS & GAR (I) L,L
NIBE,EQ,NIBE LIMITED,L
NIRMAN,SM,NIRMAN AGRI GENTICS LTD,L
NMSTEEL,ST,NEWMALAYALAM STEEL LTD,L
ONDOOR,ST,ON DOOR CONCEPTS LIMITED,L
OSIAHYPER,BE,OSIA HYPER RETAIL LIMITED,L
PANACHE,BE,PANACHE DIGILIFE LIMITED,L
PANSARI,BE,PANSARI DEVELOPERS LTD,L
PAR,BE,PAR DRUGS AND CHEM LTD,L
PARAGON,ST,PARAGON FINE S.C. LTD.,L
PRAXIS,BE,PRAXIS HOME RETAIL LTD,L
PREMIER,BE,PREMIER LIMITED,L
PREMIERPOL,BE,PREMIER POLYFILMS LTD,L
PRIZOR,ST,PRIZOR VIZTECH LIMITED,L
PRUDMOULI,BE,PRUDENTIAL SUGAR CORPORAT,L
PTCIL,EQ,PTC INDUSTRIES LIMITED,L
QUADPRO,SM,QUADPRO ITES LIMITED,L
QUICKTOUCH,ST,QUICKTOUCH TECHNOLOGIES L,L
RBMINFRA,ST,RBM INFRACON LIMITED,L
READYMIX,ST,READYMIX CONSTRU MACHI L,L
REGENCERAM,BE,REGENCYCERAMICS-LTD,L
REPL,BE,RUDRABHISHEK ENTERP LTD,L
RICHA,SM,RICHA INFO SYSTEMS LTD,L
RKEC,EQ,RKEC PROJECTS LIMITED,L
RSSOFTWARE,BE,R. S. SOFTWARE (INDIA) LI,L
RULKA,ST,RULKA ELECTRICALS LIMITED,L
RVTH,EQ,REVATHI EQUIPMENT INDIA L,L
S&SPOWER,EQ,S&S POWER SWITCHGEARS LTD,L
SABAR,ST,SABAR FLEX INDIA LIMITED,L
SADBHAV,BE,SADBHAV ENGINEERING LTD,L
SAHANA,ST,SAHANA SYSTEM LIMITED,L
SAMBHAAV,BE,SAMBHAAV MEDIA LTD,L
SANCO,BZ,SANCO INDUSTRIES LIMITED,L
SANWARIA,BZ,SANWARIA CONSUMER LIMITED,L
SATECH,ST,S A TECH SOFTWARE INDIA L,L
SATKARTAR,SM,SAT KARTAR SHOPPING LTD,L
SBGLP,EQ,SURATWWALA BUS GROUP LTD,L
SECL,ST,SALASAR EXTERIOR CONT LTD,L
SEJALLTD,EQ,SEJAL GLASS LIMITED,L
SEL,ST,SUNGARNER ENERGIES LTD,L
SHAILY,BE,SHAILY ENG PLASTICS LTD,L
SHANTHALA,ST,SHANTHALA FMCG PRODUCTS L,L
SHANTI,EQ,SHANTI OVERSEAS INDIA LTD,L
SHRADHA,BE,SHRADHA INFRAPROJECTS LTD,L
SHUBHSHREE,ST,SHUBHSHREE BIOFUELS ENE L,L
SIGNPOST,BE,SIGNPOST INDIA LIMITED,L
SILKFLEX,SM,SILKFLEX POLYMERS INDIA L,L
SITINET,BZ,SITI NETWORKS LIMITED,L
SKYGOLD,BE,SKY GOLD LIMITED,L
SLONE,ST,SLONE INFOSYSTEMS LIMITED,L
SMARTLINK,BE,SMARTLINK HOLDINGS LTD,L
SMSLIFE,BE,SMS LIFESCIENCES (I) LTD,L
SOLARA,EQ,SOLARA ACTIVE PHA SCI LTD,L
SOLARAPP,E1,SOLAR ACT RS.3.50 PPD UP,L
SOLEX,ST,SOLEX ENERGY LIMITED,L
SONAMAC,ST,SONA MACHINERY LIMITED,L
SUMIT,EQ,SUMIT WOODS LIMITED,L
SURANI,ST,SURANI STEEL TUBES LTD.,L
SUULD,BZ,SUUMAYA INDUSTRIES LTD,L
TAC,ST,TAC INFOSEC LIMITED,L
TECHLABS,ST,TRIDENT TECHLABS LIMITED,L
TFL,BE,TRANSWARRANTY FIN. LTD.,L
THESL,ST,THINKING HATS ENTER SOL L,L
TIJARIA,BE,TIJARIA POLYPIPES LTD,L
TIRUPATIFL,BE,TIRUPATI FORGE LIMITED,L
TOUCHWOOD,EQ,TOUCHWOOD ENTERTAIN LTD.,L
TRANSTEEL,ST,TRANSTEEL SEATING TECH L,L
TRU,BE,TRUCAP FINANCE LIMITED,L
TRUST,ST,TRUST FINTECH LIMITED,L
TTL,BE,T T LIMITED,L
UHTL,ST,UNITED HEAT TRANSFER LTD,L
UNITECH,BZ,UNITECH LIMITED,L
URBAN,SM,URBAN ENVIRO WASTE MGMT L,L
V2RETAIL,BE,V2 RETAIL LIMITED,L
VAKRANGEE,EQ,VAKRANGEE LIMITED,L
VARDMNPOLY,BE,VARDHMAN POLYTEX LTD.,L
VERITAAS,SM,VERITAAS ADVERTISING LTD,L
VERTEXPLUS,SM,VERTEXPLUS TECHNOLOGIES L,L
VERTOZ,BE,VERTOZ LIMITED,L
VLEGOV,BE,VL E GOV AND IT SOL LTD,L
VOLERCAR,ST,VOLER CAR LIMITED,L
VSCL,ST,VADIVARHE SPCLTY CHEM LTD,L
WEBELSOLAR,BE,WEBSOL ENERGY SYSTEM LTD,L
WINSOME,BZ,WINSOME YARNS LIMITED,L
YAARI,BE,YAARI DIGI INT SER LTD,L
YUDIZ,SM,YUDIZ SOLUTIONS LIMITED,L
ZENITHEXPO,EQ,ZENITH EXPORTS LTD,L
