GAIN_LOSS,SECURITY,CLOSE_PRIC,PREV_CL_PR,PERCENT_CG
 ,Nifty 50 Sec., , , 
 , , , , 
G,BHARAT ELECTRONICS LTD,       253.40,       244.60,3.6
G,HINDALCO  INDUSTRIES  LTD,       626.30,       611.45,2.43
G,EICHER MOTORS LTD,      4810.60,      4719.40,1.93
G,LARSEN & TOUBRO LTD.,      3275.90,      3220.15,1.73
G,AXIS BANK LIMITED,      1011.35,       994.15,1.73
G,ICICI BANK LTD.,      1261.65,      1243.05,1.5
G,NTPC LTD,       314.80,       311.20,1.16
G,INDUSIND BANK LIMITED,      1035.80,      1024.10,1.14
G,BHARAT PETROLEUM CORP  LT,       255.60,       252.75,1.13
G,KOTAK MAHINDRA BANK LTD,      1985.00,      1963.35,1.1
G,HERO MOTOCORP LIMITED,      3879.15,      3840.50,1.01
G,TATA STEEL LIMITED,       135.76,       134.54,.91
G,SHRIRAM FINANCE LIMITED,       557.80,       553.35,.8
G,OIL AND NATURAL GAS CORP.,       238.30,       236.60,.72
G,APOLLO HOSPITALS ENTER. L,      6422.65,      6376.85,.72
G,HDFC LIFE INS CO LTD,       622.85,       618.95,.63
G,WIPRO LTD,       314.10,       312.20,.61
G,BAJAJ AUTO LIMITED,      8479.50,      8446.60,.39
G,COAL INDIA LTD,       362.30,       361.10,.33
G,ITC LTD,       406.40,       405.25,.28
G,HDFC BANK LTD,      1727.20,      1723.05,.24
G,STATE BANK OF INDIA,       727.30,       725.80,.21
G,RELIANCE INDUSTRIES LTD,      1227.45,      1225.40,.17
G,ASIAN PAINTS LIMITED,      2239.10,      2237.60,.07
G,SBI LIFE INSURANCE CO LTD,      1475.60,      1475.35,.02
G,GRASIM INDUSTRIES LTD,      2463.20,      2463.20,0
 , , , , 
L,DR. REDDY S LABORATORIES,      1165.85,      1197.40,-2.63
L,TATA CONSULTANCY SERV LT,      3784.10,      3873.20,-2.3
L,INFOSYS LIMITED,      1810.80,      1851.95,-2.22
L,HINDUSTAN UNILEVER LTD.,      2250.40,      2296.00,-1.99
L,ADANI ENTERPRISES LIMITED,      2180.80,      2220.30,-1.78
L,SUN PHARMACEUTICAL IND L,      1676.60,      1701.60,-1.47
L,POWER GRID CORP. LTD.,       263.05,       266.95,-1.46
L,BHARTI AIRTEL LIMITED,      1645.20,      1668.90,-1.42
L,CIPLA LTD,      1464.15,      1482.10,-1.21
L,MAHINDRA & MAHINDRA LTD,      2757.40,      2790.05,-1.17
L,TECH MAHINDRA LIMITED,      1685.80,      1705.00,-1.13
L,BRITANNIA INDUSTRIES LTD,      4837.50,      4891.20,-1.1
L,BAJAJ FINSERV LTD.,      1875.35,      1893.70,-0.97
L,NESTLE INDIA LIMITED,      2204.95,      2222.40,-0.79
L,MARUTI SUZUKI INDIA LTD.,     12686.15,     12786.20,-0.78
L,HCL TECHNOLOGIES LTD,      1712.30,      1725.50,-0.76
L,TITAN COMPANY LIMITED,      3210.30,      3221.85,-0.36
L,BAJAJ FINANCE LIMITED,      8439.45,      8465.90,-0.31
L,ADANI PORT & SEZ LTD,      1082.85,      1085.15,-0.21
L,TATA MOTORS LIMITED,       681.00,       682.40,-0.21
L,TATA CONSUMER PRODUCT LTD,      1025.30,      1026.95,-0.16
L,ULTRATECH CEMENT LIMITED,     11291.55,     11308.90,-0.15
L,JSW STEEL LIMITED,       977.35,       978.80,-0.15
L,TRENT LTD,      4991.45,      4997.75,-0.13
 , , , , 
 ,Nifty Next 50 Sec., , , 
 , , , , 
G,ZOMATO LIMITED,       234.10,       223.31,4.83
G,UNION BANK OF INDIA,       114.92,       109.73,4.73
G,BHEL,       195.09,       186.57,4.57
G,INDIAN RAILWAY FIN CORP L,       124.27,       119.27,4.19
G,JIO FIN SERVICES LTD,       228.92,       221.02,3.57
G,JSW ENERGY LIMITED,       454.85,       440.40,3.28
G,REC LIMITED,       395.65,       385.30,2.69
G,DLF LIMITED,       690.15,       672.10,2.69
G,TORRENT PHARMACEUTICALS L,      3120.55,      3041.80,2.59
G,POWER FIN CORP LTD.,       384.45,       375.50,2.38
G,TATA POWER CO LTD,       347.65,       339.60,2.37
G,SIEMENS LTD,      4954.90,      4843.65,2.3
G,NHPC LTD,        74.62,        73.01,2.21
G,CHOLAMANDALAM IN & FIN CO,      1375.40,      1350.40,1.85
G,MACROTECH DEVELOPERS LTD,      1181.75,      1162.55,1.65
G,DIVI S LABORATORIES LTD,      5934.90,      5839.70,1.63
G,JINDAL STEEL & POWER LTD,       860.10,       846.95,1.55
G,VARUN BEVERAGES LIMITED,       475.90,       469.10,1.45
G,BANK OF BARODA,       208.89,       206.09,1.36
G,VEDANTA LIMITED,       423.50,       418.20,1.27
G,INDIAN RAIL TOUR CORP LTD,       728.30,       719.20,1.27
G,INTERGLOBE AVIATION LTD,      4399.90,      4345.55,1.25
G,TVS MOTOR COMPANY  LTD,      2381.90,      2353.65,1.2
G,BOSCH LIMITED,     27295.40,     26977.60,1.18
G,PUNJAB NATIONAL BANK,        92.86,        91.86,1.09
G,CANARA BANK,        85.56,        84.65,1.08
G,SHREE CEMENT LIMITED,     28655.15,     28361.20,1.04
G,GODREJ CONSUMER PRODUCTS,      1024.50,      1015.55,0.88
G,INDIAN OIL CORP LTD,       119.87,       119.00,0.73
G,LIFE INSURA CORP OF INDIA,       764.00,       758.95,0.67
 , , , , 
L,ADANI GREEN ENERGY LTD,       864.70,       897.55,-3.66
L,LTIMINDTREE LIMITED,      5470.10,      5668.60,-3.5
L,ZYDUS LIFESCIENCES LTD,       891.45,       914.05,-2.47
L,BAJAJ HOLDINGS & INVS LTD,     11732.10,     11994.15,-2.18
L,DABUR INDIA LTD,       504.45,       515.15,-2.08
L,AMBUJA CEMENTS LTD,       479.90,       486.75,-1.41
L,ADANI ENERGY SOLUTION LTD,       670.65,       677.15,-0.96
L,ICICI LOMBARD GIC LIMITED,      1728.95,      1738.40,-0.54
L,UNITED SPIRITS LIMITED,      1328.85,      1335.00,-0.46
L,ADANI POWER LTD,       482.55,       484.75,-0.45
L,ABB INDIA LIMITED,      5123.85,      5142.05,-0.35
L,GAIL (INDIA) LTD,       163.53,       164.07,-0.33
 , , , , 
 ,OTHER SECURITIES, , , 
 , , , , 
G,TAJ GVK HOTELS & RESORTS,       466.80,       389.00,20
G,XTGLOBAL INFOTECH LIMITED,        36.58,        30.49,19.97
G,VERANDA LEARNING SOL LTD,       244.95,       204.90,19.55
G,HILTON METAL FORGING LTD,        85.71,        71.75,19.46
G,NITIRAJ ENGINEERS LTD,       306.52,       257.23,19.16
G,FCS SOFTWARE SOLN. LTD.,         2.81,         2.37,18.57
G,LANCOR HOLDINGS LIMITED,        25.46,        21.61,17.82
G,DDEV PLASTIKS IND LTD,       259.40,       221.10,17.32
G,INDIA TOUR. DEV. CO. LTD.,       557.10,       474.95,17.3
G,RACE ECO CHAIN LIMITED,       300.60,       259.25,15.95
G,BIKAJI FOODS INTERN LTD,       656.15,       568.65,15.39
G,AEGIS LOGISTICS LIMITED,       761.30,       662.90,14.84
G,W.S.INDUSTRIES (I) LTD.,        81.29,        70.81,14.8
G,DECCAN CEMENTS LIMITED,       683.35,       596.50,14.56
G,JBM AUTO LIMITED,       647.60,       566.85,14.25
G,TOURISM FINANCE CORP. OF,       147.29,       129.24,13.97
G,KRN HEAT EXCHANGE N REF L,       854.45,       750.60,13.84
G,ALANKIT LIMITED,        17.25,        15.16,13.79
G,SIGACHI INDUSTRIES LTD,        39.68,        34.92,13.63
G,TATA INVESTMENT CORP LTD,      5944.45,      5234.50,13.56
G,GALA PRECISION ENG LTD,      1023.05,       902.45,13.36
G,HINDUSTAN FOODS LIMITED,       578.85,       510.80,13.32
G,APOLLO SINDOORI HOTEL LTD,      1373.40,      1212.55,13.27
G,RAIL VIKAS NIGAM LIMITED,       376.85,       333.35,13.05
G,D K ENTERPRISES GLOBAL L,        73.40,        65.00,12.92
G,CAPRI GLOBAL CAPITAL LTD,       181.13,       160.47,12.87
G,DIENSTEN TECH LIMITED,       129.95,       115.25,12.75
G,MASTER TRUST LIMITED,       123.73,       109.78,12.71
G,KEYNOTE FIN SERV LTD.,       201.17,       178.75,12.54
G,TCPL PACKAGING LIMITED,      4004.40,      3560.60,12.46
 , , , , 
L,SAHASRA ELECTRONIC SOLU L,       326.00,       393.75,-17.21
L,TOUCHWOOD ENTERTAIN LTD.,        80.02,        95.24,-15.98
L,RITE ZONE CHEMCON IND LTD,        31.60,        37.40,-15.51
L,INTEGRATED PERSO SER LTD,       254.45,       301.00,-15.47
L,S D RETAIL LIMITED,       108.65,       127.80,-14.98
L,SEC RE NCD 10.15% SR.VII,       850.30,       980.00,-13.23
L,LICNAMC - LICNMID100,        51.45,        58.97,-12.75
L,P. E. ANALYTICS LIMITED,       243.20,       275.00,-11.56
L,LICNAMC - LICNFESGP,       847.04,       951.78,-11
L,SATI POLY PLAST LIMITED,       138.15,       154.55,-10.61
L,SURATWWALA BUS GROUP LTD,        60.12,        66.80,-10
L,REVATHI EQUIPMENT INDIA L,      1254.75,      1394.15,-10
L,SEC RE NCD 9.25% SR I,      1025.42,      1135.00,-9.65
L,MAHA RASHTRA APEX COPR. L,       112.17,       124.06,-9.58
L,ADITYA ULTRA STEEL LTD,        37.80,        41.00,-7.8
L,WINDLAS BIOTECH LIMITED,       675.35,       729.90,-7.47
L,BEST AGROLIFE LIMITED,       276.30,       298.55,-7.45
L,CREDITACCESS GRAMEEN LTD,       893.10,       962.90,-7.25
L,SPECTRUM TALENT MGMT LTD,       134.75,       144.20,-6.55
L,IRIS CLOTHINGS LIMITED,        47.97,        51.09,-6.11
L,SENCO GOLD LIMITED,       322.20,       342.10,-5.82
L,MARKSANS PHARMA LIMITED,       228.15,       241.47,-5.52
L,SPL INDUSTRIES LIMITED,        38.43,        40.66,-5.48
L,ARCHEAN CHEMICAL IND LTD,       417.20,       440.45,-5.28
L,GLOBE TEXTILES (I) LTD.,         2.93,         3.09,-5.18
L,MEDICO REMEDIES LIMITED,        62.94,        66.33,-5.11
L,CREATIVE EYE LIMITED,         6.16,         6.49,-5.08
L,ALMONDZ GLOBAL SEC LTD,        20.38,        21.46,-5.03
L,SHANTI OVERSEAS INDIA LTD,        10.96,        11.54,-5.03
L,SOMANY CERAMICS LIMITED,       435.20,       458.20,-5.02
