SECURITY,NEW,PREVIOUS,NEW_STATUS
2.50%GOLDBONDS2029SR-IV,8550,8540,H
SGB2.50%MAY2025SR-I 17-18,8565,8552,H
GOI TBILL 364D-24/04/25,98.49,98.35,H
SEC RE NCD 9.9% SR IV,1013.36,1005.7,H
SHREE VASU LOGISTICS LTD,412,395,H
TCPL PACKAGING LIMITED,4124.2,3911.6,H
2.50% GOLDBONDS2025SR-VI,8549,8548,H
2.50%GOLDBONDS2027SR-V,8579.98,8500,H
SEC RE NCD SR.V,1196.8,1195.7,H
MIRAEAMC - LIQUIDPLUS,1038.75,1033.86,H
GOI TBILL 91D-28/03/25,99.36,99.27,H
AARTI PHARMALABS LIMITED,837.25,825,H
MIRAEAMC - MAFANG,153.48,149.39,H
COOL CAPS INDUSTRIES LTD,931,889.15,H
SE RE NCD 9.35% SR.V OP2,1169,1164,H
GOI TBILL 91D-03/04/25,99.2,99.18,H
GOI TBILL 364D-05/06/25,97.87,97.85,H
BLUE COAST HOTELS LIMITED,39.07,38.31,H
2.50%GOLDBONDS2029SR-VIII,8598.98,8594.99,H
SGB2.50%JUL2025SR-II17-18,8550,8519.98,H
8.75% TAX FREE TR I S IIB,1214,1206,H
JALAN TRANSOLU. INDIA LTD,13.25,12.1,H
GOI TBILL 91D-06/03/25,99.65,99.64,H
SEC RE NCD 9.71% SR VIII,1020,973.2,H
NORBEN TEA &EXPORTS LTD,41.07,28.65,H
2.50%GOLDBONDS2027SR-I,8575,8518.9,H
2.50%GOLDBONDS2027SR-IV,8584.97,8530,H
2.50%GOLDBONDS2029SR-IX,8550,8535,H
GOI LOAN   6.64% 2027,101.2,100.9,H
MPS LIMITED,2890,2877.3,H
MIRAEAMC - MASPTOP50,64.95,61.99,H
SEC RED NCD 10.50% SR.III,1020.9,1020,H
MAHAMAYA STEEL INDS LTD,240,237.66,H
MITCON CON RS.2.50 PPD UP,30.12,35.67,L
ALLCARGO GATI LIMITED,62.01,62.12,L
SANCO INDUSTRIES LIMITED,3.23,3.3,L
CADSYS (INDIA) LIMITED,73.3,76.8,L
PERFECT INFRAENGINEER LTD,14.55,14.65,L
HARDWYN INDIA LIMITED,13.51,14.1,L
MOS UTILITY LIMITED,244.95,249.95,L
QUICKTOUCH TECHNOLOGIES L,55.55,58.45,L
SIGNPOST INDIA LIMITED,231.3,243.45,L
VERTEXPLUS TECHNOLOGIES L,74.35,78.25,L
CMM INFRAPROJECTS LIMITED,2.6,2.65,L
GLOBESECURE TECHNO LTD,25.65,26.15,L
LAMOSAIC INDIA LIMITED,42.65,44.9,L
T T LIMITED,11.86,12,L
MANDEEP AUTO INDUSTRIES L,23.45,24.5,L
ICICIPRAMC - ICICIALPLV,25.46,25.51,L
INDIAN PHOSPHATE LIMITED,56.6,57.2,L
ARABIAN PETROLEUM LIMITED,70.5,71,L
THAAI CASTING LIMITED,96,97,L
UNIPARTS INDIA LIMITED,306.35,308,L
GARWARE TECH FIBRES LTD,694.5,700,L
AKI INDIA LIMITED,10.13,10.34,L
ORTIN GLOBAL LIMITED,10.44,10.65,L
DOCMODE HEALTH TECH LTD,52.25,55,L
V.L.INFRAPROJECTS LIMITED,40,41.7,L
CELL POINT (INDIA) LTD,18.8,19.3,L
QVC EXPORTS LIMITED,29.65,30.85,L
SUUMAYA INDUSTRIES LTD,2.47,2.61,L
TECHERA ENGINEER (IND) L,160.1,163.35,L
PRECISION METALIKS LTD,32.5,33.05,L
DURLAX TOP SURFACE LTD,44.5,46,L
SAHASRA ELECTRONIC SOLU L,316,390.15,L
MCNALLY BH. ENG. CO.LTD,2.86,2.97,L
READYMIX CONSTRU MACHI L,95.2,100.2,L
SHREEOSWAL S AND CHE LTD,12.42,13.07,L
JHS SVENDGAARD RETAIL V L,32,32.25,L
MAHALAXMI FABRIC MILLS LT,30.88,32.47,L
AGS TRANSACT TECH LTD,27.2,28.64,L
FORCAS STUDIO LIMITED,76.25,79,L
KABRA JEWELS LIMITED,120,127.35,L
JFL LIFE SCIENCES LIMITED,21.05,21.45,L
NET AVENUE TECHNOLOGIES L,6.45,6.75,L
NIBE LIMITED,1036.95,1091.5,L
SEC RE NCD 10.15% SR.VII,850.3,918,L
NANDAN DENIM LIMITED,3.46,3.81,L
SHANTI OVERSEAS INDIA LTD,10.96,11.51,L
INDIA PESTICIDES LIMITED,128,128.4,L
OLA ELECTRIC MOBILITY LTD,58.58,58.8,L
UNILEX COLOURS AND CHEM L,65,65.5,L
SAKUMA EXPORTS LIMITED,2.65,2.71,L
POPULAR VEHICLES N SER L,117.02,117.94,L
PRESSTONIC ENGINEERING L,87,90.25,L
PRIZOR VIZTECH LIMITED,133.9,134.1,L
VRAJ IRON AND STEEL LTD,156.79,157,L
GROWWAMC - GROWWDEFNC,50.18,50.84,L
LAKSHYA POWERTECH LIMITED,172.35,178,L
ABS MARINE SERVICES LTD,114.85,120.85,L
INTERNATIO GEMM INS (I) L,416.3,418,L
IRIS CLOTHINGS LIMITED,46.15,51,L
ROSSELL TECHSYS LIMITED,274.05,278,L
RUDRABHISHEK ENTERP LTD,206,216.85,L
MEDICAMEN ORGANICS LTD,36.7,37.15,L
MONO PHARMACARE LIMITED,23.05,24.25,L
NAMAN IN-STORE (INDIA) L,82.45,86.7,L
WESTERN CARRIERS (IND) L,88.91,89.1,L
MOTISONS JEWELLERS LTD,18.57,18.65,L
ADDICTIVE LEARNING TECH L,206,263.05,L
MARINETRANS INDIA LIMITED,20.6,21.65,L
KATARIA INDUSTRIES LTD,109.25,115,L
JUBILANT AGRI N CON PRO L,1295,1363.15,L
FALCON TECHNOPROJ IND LTD,29.4,30.4,L
IDEAFORGE TECHNO LTD,366,366.6,L
IMPEX FERRO TECH LIMITED,2.66,2.67,L
SURATWWALA BUS GROUP LTD,60.12,66.8,L
PARAGON FINE S.C. LTD.,65.2,68.6,L
RITE ZONE CHEMCON IND LTD,31.5,32,L
KRITIKA WIRES LIMITED,7.8,8.11,L
YUDIZ SOLUTIONS LIMITED,46.3,48.65,L
S A TECH SOFTWARE INDIA L,57.55,60.55,L
ANUH PHARMA LIMITED,159.8,160.1,L
PLAZA WIRES LIMITED,57.5,58.1,L
VISAMAN GLOBAL SALES LTD,35,36,L
IDENTICAL BRAINS STUDIO L,38,39.85,L
REVATHI EQUIPMENT INDIA L,1254.75,1394.15,L
SIGMA SOLVE LIMITED,267.35,269,L
DCG CABLES & WIRES LTD,69.3,70.25,L
KONSTELEC ENGINEERS LTD,86,86.4,L
SECUREKLOUD TECH LIMITED,23.11,24.14,L
VAKRANGEE LIMITED,14.23,14.3,L
ENERGY MISSION MACH IND L,224.4,236.15,L
EXICOM TELE SYSTEMS LTD,159.51,160.78,L
GAJANAND INTERNATIONAL L,12.7,13.05,L
IKIO LIGHTING LIMITED,166,167.73,L
ACE INTEGRATED SOLU. LTD.,20,20.05,L
ADITYA ULTRA STEEL LTD,37,37.8,L
GE VERNOVA T&D INDIA LTD,1345.3,1375.65,L
STAR HEALTH & AL INS CO L,383.55,385.35,L
SVP GLOBAL TEXTILES LTD,3.4,3.44,L
DHRUV CONSULTANCY SER LTD,84,86.37,L
G-TEC JAINX EDUCATION LTD,32.84,33.13,L
CEREBRA INT TECH LTD,5.15,5.43,L
PALRED TECHNOLOGIES LTD,60.5,61.73,L
ALIVUS LIFE SCIENCES LTD,985,994.55,L
APEX ECOTECH LIMITED,111.95,112.2,L
ATLAS CYCLE (HARYANA) LTD,115.39,117.75,L
SONA MACHINERY LIMITED,94,96.65,L
KSHITIJ POLYLINE LIMITED,3.31,3.45,L
HMA AGRO INDUSTRIES LTD,32.32,32.73,L
AGARWAL TOUGH GLASS IND L,96.1,100,L
INDIAN CARD,270,270.25,L
SABAR FLEX INDIA LIMITED,7.8,7.95,L
MANGLAM INFRA & ENG LTD,31.5,32.35,L
RACL GEARTECH LIMITED,700,710.95,L
QUADPRO ITES LIMITED,3.45,3.6,L
ODIGMA CONSULTANCY SOL L,43.14,44.03,L
VADIVARHE SPCLTY CHEM LTD,30.9,32.5,L
M.V.K. AGRO FOOD PROD LTD,32.05,32.2,L
URJA GLOBAL LIMITED,12.66,12.88,L
DELTA AUTOCORP LIMITED,71,74.25,L
TWAMEV CONS AND INFRA LTD,42.1,43.25,L
CHAMUNDA ELECTRICAL LTD,51.9,54.6,L
MORARJEE TEXTILES LIMITED,6.03,6.35,L
MOTILALAMC - MODEFENCE,55.57,55.64,L
ELECTRO FORCE (INDIA) LTD,40,40.2,L
B&B TRIPLEWALL CONT LTD,143.58,145,L
TRACXN TECHNOLOGIES LTD,58.7,58.9,L
SULA VINEYARDS LIMITED,287.2,288.1,L
BAWEJA STUDIOS LIMITED,64,64.4,L
BEACON TRUSTEESHIP LTD,70.05,78,L
TRUCAP FINANCE LIMITED,11.01,11.1,L
RISHABH INSTRUMENTS LTD,217,217.45,L
SAAKSHI MEDTEC N PANELS L,150.3,153.1,L
BRACE PORT LOGISTICS LTD,71,72.2,L
COMPUAGE INFOCOM LTD,2.24,2.36,L
R R KABEL LIMITED,1099.55,1100.05,L
ASPIRE & INNOVATIVE ADV L,28.5,28.65,L
SPP POLYMER LIMITED,24,24.6,L
BASILIC FLY STUDIO LTD,223.15,233.9,L
THE P K TEA PROD CO LTD,638,639.4,L
PHANTOM DIGITAL EFF LTD,165,165.05,L
ENSER COMMUNICATIONS LTD,26.4,27.75,L
VERITAAS ADVERTISING LTD,81.35,82.65,L
VIRINCHI LIMITED,24,24.26,L
AFFORD ROBO & AUTO LTD,391,405.7,L
RULKA ELECTRICALS LIMITED,163.75,172.35,L
INDUS INFRA TRUST,110.1,111.05,L
SEC RE NCD 9.71% SR VIII,900.3,914.5,L
VERTOZ LIMITED,9.1,9.58,L
VISION INFRA EQUIP SOL L,122.6,125,L
DIGIKORE STUDIOS LIMITED,182.4,191.25,L
KALAHRIDHAAN TRENDZ LTD,16.3,17.15,L
EFFWA INFRA & RESEARCH L,173,173.1,L
SHANTHALA FMCG PRODUCTS L,27.65,29.1,L
JIWANRAM SHEODUTTRA IND L,9.1,9.2,L
WISE TRAVEL INDIA LIMITED,148.6,151.55,L
INDIAN EMULSIFIERS LTD,142.55,148.2,L
CHANDAN HEALTHCARE LTD,158.6,164.7,L
MEGHMANI ORGANICS LIMITED,70.13,70.3,L
ESCONET TECHNOLOGIES LTD,241.95,246.85,L
TATVA CHIN PHARM CHEM LTD,645,660,L
PARAMOUNT DYE TEC LIMITED,65,66.4,L
UNITED HEAT TRANSFER LTD,55.7,57.95,L
COMMERCIAL SYN BAGS LTD,65,66,L
NGL FINE CHEM LIMITED,957,962.55,L
S D RETAIL LIMITED,108,121,L
TBI CORN LIMITED,130.05,135.3,L
CRAYONS ADVERTISING LTD,74,77,L
PVR INOX LIMITED,977.05,982.45,L
LORENZINI APPARELS LTD,13.83,14.12,L
LOYAL TEXTILE MILLS LTD,219,226.25,L
ABHA POWER N STEEL LTD,34.95,36.5,L
RNFI SERVICES LIMITED,271.1,275.6,L
SALASAR EXTERIOR CONT LTD,13.85,14.2,L
SARLA PERF. FIBERS LTD,69,72.11,L
SHIVALIC POWER CONTROL L,166,167.55,L
PAR DRUGS AND CHEM LTD,134.78,141.88,L
DEBOCK INDUSTRIES LIMITED,2.43,2.45,L
KAMDHENU VENTURES LIMITED,11.39,11.99,L
NGIL RS. 6 PPD UP,15.19,15.49,L
JNK INDIA LIMITED,330,343.1,L
CONCORD ENVIRO SYSTEMS L,441.25,445,L
SEC RE NCD 9.25% SR III,960,986.95,L
GANESH GREEN BHARAT LTD,348,361,L
KORE DIGITAL LIMITED,441.2,450.2,L
THINKING HATS ENTER SOL L,32.7,34.4,L
ASTRON PAPER BORD MIL LTD,13.68,14.2,L
ICICIPRAMC - ICICIFMCG,55.13,55.36,L
GLOBALE TESSILE LIMITED,21.47,21.85,L
GO FASHION INDIA LTD,820,822.05,L
AKSHAR SPINTEX LIMITED,0.56,0.59,L
ANSAL PROP & INFRA LTD,6.8,6.99,L
ART NIRMAN LIMITED,45,46.55,L
DELAPLEX LIMITED,180,180.2,L
MICROPRO SOFTWARE SOL L,26.1,26.2,L
KOTAKMAMC - KOTAKALPHA,41.75,41.79,L
UNIMECH AEROSPACE N MFG L,966.1,983,L
NOIDA TOLL BRIDGE CO LTD,4.62,4.72,L
STANDARD GLASS LIN TECH L,129.61,131.15,L
TAKE SOLUTIONS LTD,9.3,9.74,L
POWERGRID INFRA. INVITS,79.8,80,L
DSPAMC - TOP10ADD,90.56,90.65,L
ZEAL GLOBAL SERVICES LTD,123.3,124.1,L
GROWWAMC - GROWWEV,26,26.5,L
SINDHU TRADE LINKS LTD,15.05,15.81,L
NEELAM LINENS & GAR (I) L,31.6,33.25,L
NURECA LIMITED,254,259,L
ORBIT EXPORTS LIMITED,162.59,165.91,L
BODHI TREE MULTIMEDIA LTD,8.04,8.06,L
TRUST FINTECH LIMITED,77.75,81.8,L
SOLEX ENERGY LIMITED,789.3,830.85,L
URAVI DEFENCE &TECH LTD,375.05,383.05,L
INDIFRA LIMITED,15.05,15.8,L
OSEL DEVICES LIMITED,239.35,244.2,L
KEN ENTERPRISES LIMITED,62.55,65.85,L
JYOTI STRUCTURES LIMITED,1.15,1.25,L

