SYMBOL,SYMBOL P/E,ADJUSTED P/E
DABUR,51.62,51.62
COSMOFIRST,14.3,14.3
HDFCBANK,18.57,18.31
GMBREW,9.51,9.51
INDIANHUME,16.43,16.43
IOC,18.28,22.76
OSWALGREEN,76.12,76.12
HUHTAMAKI,17.42,25.93
KAMATHOTEL,20.35,21.55
BANCOINDIA,14.41,14.41
MANINDS,14.16,14.16
SHANTIGEAR,31.61,31.61
ONWARDTEC,28.05,28.05
ICIL,18.49,18.49
ELGIEQUIP,46.67,46.67
BBTC,6.52,6.35
LICHSGFIN,5.67,5.67
BEPL,14.14,14.14
MOREPENLAB,21.64,21.64
PRUDMOULI,30.2,27.67
PRAJIND,35.9,39.09
TRANSWORLD,13.9,13.9
KEEPLEARN,125.4,125.4
PGHH,63.29,63.29
BOMDYEING,5.19,38.59
NAVNETEDUL,3.63,13.59
AGI,15.55,15.55
GLAXO,50.02,50.32
TATACONSUM,81.89,72.13
KOTAKBANK,17.52,20.11
JAYSREETEA,8.71,40.89
FOSECOIND,30.38,30.52
ANDHRAPAP,12.79,12.79
SCHAEFFLER,53.14,52.94
AMJLAND,13.26,13.26
KSB,48.4,48.4
GODFRYPHLP,43.79,41.72
INGERRAND,39.25,39.25
HINDZINC,18.41,18.29
GRASIM,21.73,20.56
DCW,61.42,61.36
HEUBACHIND,27.78,27.78
CESC,11.63,11.63
BAJFINANCE,32.7,32.7
NAVA,7.91,7.91
CORALFINAC,6.6,6.6
REMSONSIND,25.54,25.79
ANDHRSUGAR,31.27,28.26
EIMCOELECO,16.26,16.26
MOTHERSON,22.57,22.57
SOMATEX,1.47,
DENORA,95.26,95.26
SHRIRAMFIN,11.19,12.67
ELECTHERM,2.45,2.54
GANESHHOUC,18.32,18.32
MPHASIS,29.71,29.71
HERITGFOOD,18.59,18.21
INDNIPPON,18.9,18.9
INDSWFTLAB,2.23,129.15
FDC,24.09,24.09
ADROITINFO,10.72,10.72
MAHAPEXLTD,14.95,18.02
TRIGYN,9.1,8.82
ITDCEM,25.7,25.7
CYIENT,24.75,24.75
CYBERTECH,15.76,15.76
STCINDIA,19.61,11.25
RSSOFTWARE,12.74,12.74
IVC,46.63,46.63
ALEMBICLTD,17.37,17.37
BSOFT,22.83,22.83
ZYDUSLIFE,20.03,20.03
RAJESHEXPO,122.9,122.9
SHREERAMA,23.68,23.68
IOB,27.43,27.43
GEPIL,52.75,52.75
BLBLIMITED,19.63,19.63
BLUESTARCO,69.05,70.25
PNC,76.19,76.19
KRBL,13.91,13.91
USHAMART,22.61,22.61
TRIDENT,47.1,47.1
JISLJALEQS,114.95,114.95
OLECTRA,69.76,72.37
APTECHT,40.7,36.2
OFSS,33.12,33.12
OMAXAUTO,4.67,
RADICO,81.27,81.27
VARDHACRLC,23.63,23.63
JSL,19.92,19.91
WELSPUNLIV,17.49,17.49
TVTODAY,12.06,11.58
SIL,138.27,138.27
BIOCON,33.96,35.29
XPROINDIA,55.03,52.84
CCL,29,29
LT,26.74,26.86
AMBICAAGAR,6.41,6.41
COFORGE,59.95,60.59
GULFPETRO,8.95,8.95
ASTRAMICRO,47.82,47.82
KOTARISUG,16.84,21.91
XCHANGING,22.08,22.08
JINDALPHOT,45.39,45.39
GOKEX,42.94,42.94
ALLDIGI,16.27,19.52
SHOPERSTOP,179.71,161.27
SURYALAXMI,66.58,26.04
YESBANK,25.23,25.23
SUZLON,60.37,58.99
AIAENG,30.88,30.9
ORIENTCER,40.24,40.24
EKC,14.47,14.19
ENIL,81.44,81.44
JAGRAN,10.2,10.2
M&MFIN,13.98,13.98
KEI,50.94,50.93
SOLARINDS,66.37,66.37
SUNTV,13.18,13.18
BALPHARMA,20.2,20.2
KAMDHENU,14.41,14.41
EMAMILTD,29.51,29.51
VOLTAMP,27.47,27.47
ATLANTAA,1.06,2.83
SELAN,11.68,11.68
HOVS,17.59,17.59
JMFINANCIL,,11.14
DCBBANK,5.6,5.6
INSPIRISYS,14.4,14.4
NAUKRI,116.3,118.85
TORNTPOWER,25.63,25.63
LTFOODS,22.18,22.18
RUCHIRA,5.97,5.97
HIRECT,48.47,48.47
AVTNPL,21.53,21.53
VEEDOL,19.49,18.74
SARLAPOLY,9.85,9.85
PITTIENG,28.42,28.42
IZMO,9.16,8.8
TIIL,23.28,22.66
REDINGTON,14.52,14.52
JKTYRE,13.18,12.36
THEMISMED,43.25,43.25
NDLVENTURE,385.57,385.57
ZENITHSTL,12.27,12.27
WEBELSOLAR,95.2,86.53
INSECTICID,12.28,12.29
CENTRALBK,11.08,11.08
NAGREEKCAP,1.16,1.16
CCCL,.35,
MANGCHEFER,13.42,13.42
ENERGYDEV,,122.61
BVCL,30.45,30.45
RGL,18.39,18.39
KAUSHALYA,2.71,2.71
JYOTHYLAB,33.31,33.31
HITECHCORP,21.12,22.02
TARIL,67.32,67.32
MANAKSIA,7.35,5.66
BIRLAMONEY,10.06,10.06
CORDSCABLE,16.49,16.49
HERCULES,21.61,21.61
SEPC,101.98,61.93
GSS,22.14,22.14
RECLTD,6.48,6.48
TITAGARH,34.22,34.03
DIGISPICE,24.29,45.43
GOKUL,44.01,44.01
ALMONDZ,49.01,49.01
RANEENGINE,50.63,21.16
LOTUSEYE,241.76,253.08
UBL,125.49,121.56
ZFCVINDIA,43.84,43.84
TPHQ,21.12,21.12
MAWANASUG,3.52,8.61
MHRIL,46.23,46.23
EXCEL,40.12,40.12
GLOBUSSPR,136.7,136.7
EXPLEOSOL,16.18,16.18
SUNTECK,29.49,29.49
SARDAEN,25.08,25.06
DLINKINDIA,13.83,13.83
BEARDSELL,13.76,13.76
TRF,12.04,12.04
VASCONEQ,7.58,17.04
TEXMOPIPES,32.13,11.66
KSL,18.5,18.5
IMFA,8.71,8.71
PRAKASHSTL,3.4,92.68
SASTASUNDR,,8.86
RAMKY,11.88,11.88
ASHOKA,3.59,3.78
SHAH,6.32,35.06
CGCL,34.54,34.54
IOLCP,20.04,20.04
ZEELEARN,1.3,5.92
RKDL,37.16,37.16
HFCL,33.08,33.08
SYMPHONY,41.68,31.84
VSTTILLERS,25.4,25.49
DHANUKA,21.25,21.25
LTF,12.89,12.89
FILATEX,14.36,14.36
APLLTD,26.4,26.85
PANAMAPET,9.25,9.25
SHAKTIPUMP,25.16,25.16
INDOTHAI,154.43,154.43
JISLDVREQS,1.59,1.59
POLYMED,68.66,68.66
APLAPOLLO,57.96,57.96
MINDACORP,44.91,44.91
IRFC,23.84,23.84
COMPUSOFT,188.32,188.32
RHIM,,29.46
NDL,11.31,11.31
SWANENERGY,13.57,13.57
RTNINDIA,16.94,16.94
THEJO,36.91,36.91
KITEX,30.69,30.69
DUCON,15.01,15.01
TVSHLTD,7.52,7.52
VETO,11.44,11.44
INDUSTOWER,8.89,8.89
JUSTDIAL,12.41,12.41
ESSENTIA,27.89,27.89
PILITA,64.24,64.24
MITCON,14.52,14.52
JPOLYINVST,19.45,19.45
WONDERLA,32.13,32.13
GULFOILLUB,15.06,15.06
SUPERHOUSE,17.16,35.85
PDSL,26.85,27.33
GOODLUCK,12.55,12.55
GULPOLY,43.93,43.93
CCHHL,167.55,167.55
GREENLAM,64.18,64.18
LINC,17.35,17.35
HESTERBIO,44.57,44.57
MANAKCOAT,41.47,43.91
INOXWIND,74.33,67.84
AVANTIFEED,17.56,17.56
PRIVISCL,38.27,38.27
NILAINFRA,17.73,17.73
ALANKIT,17.98,17.98
AYMSYNTEX,40.93,65.46
SHARDAMOTR,14.12,14.12
GUJGASLTD,21.35,22.12
PERFECT,31.44,31.44
LUXIND,22.62,22.62
SALZERELEC,22.88,22.88
LINCOLN,12.66,12.66
PRECAM,116.05,134.92
VIDHIING,52.47,52.47
GOKULAGRO,16.52,16.52
PDMJEPAPER,9.08,9.08
WEALTH,18.52,18.12
SAGARDEEP,49.05,49.05
UNITEDPOLY,27,27
ARMANFIN,14.84,14.84
ASPINWALL,12.05,12.05
PREMEXPLN,59.8,59.8
INCREDIBLE,14.29,14.29
MOLDTECH,17.98,17.98
QUESS,22.82,22.33
LLOYDSENGG,67.5,67.5
LTIM,36.72,36.72
GATECH,16.61,16.61
MINDTECK,20.92,19.86
DBL,10.64,18.77
BIGBLOC,69.67,69.67
MBAPL,55.28,55.28
CUPID,18.67,18.67
GNA,13.5,13.5
CROWN,10.34,32.88
HPL,33.71,33.71
JAIPURKURT,13.05,13.05
GRETEX,32.77,32.53
SAKAR,32.4,32.29
PANSARI,92.04,92.04
ARTNIRMAN,80.88,80.88
ENDURANCE,31.93,31.93
PNBHOUSING,11.4,11.4
AGROPHOS,978.08,978.08
PODDARMENT,11.9,11.9
JETFREIGHT,10.03,10.04
SFL,56.77,96.75
HISARMETAL,26.5,26.5
LIBAS,5.45,5.45
PROLIFE,13.18,13.18
MAHESHWARI,12.48,12.48
BHANDARI,19.09,19.09
MCL,15.79,15.79
PRICOLLTD,28.87,28.87
STEELCITY,7.48,7.48
KRISHANA,19.07,19.07
GLOBAL,10.19,10.19
NITIRAJ,21.43,21.43
SANGINITA,334.95,334.95
AKASH,26.8,26.8
DMART,87.97,87.97
AIRAN,12.68,12.68
LAXMICOT,172.43,206.19
NRAIL,11.96,11.96
CREATIVE,18.07,18.07
WIPL,80.5,80.5
DEVIT,15.08,15.08
MKPL,22.69,22.69
PANACHE,111.93,48.2
INFOBEAN,22.92,22.92
TEJASNET,20.31,20.31
GTPL,22.48,22.48
ACEINTEG,36.81,36.81
SALASAR,36.65,36.65
GANGESSECU,26.47,26.47
TOTAL,52.63,52.63
WEWIN,33.12,33.12
VAISHALI,375.54,375.54
GEEKAYWIRE,9.22,9.22
SERVOTECH,88.03,88.03
APEX,424,424
PASHUPATI,180.93,180.93
ICICIGI,69.24,69.24
MPTODAY,5.34,5.36
AARVI,16.96,16.96
DIAMONDYD,,172.23
RKEC,6.98,6.98
GATECHDVR,3.89,3.89
GOLDSTAR,79.41,79.41
BETA,39.51,39.51
TIRUPATIFL,41.47,41.47
DPABHUSHAN,34.63,34.63
TIINDIA,43.35,43.16
NAM-INDIA,24.51,24.51
KHADIM,103.21,103.21
AISL,16.23,16.23
VERTOZ,33.54,33.54
SILVERTUC,42.78,42.78
FELIX,44.52,44.52
ICEMAKE,43.37,43.37
SHRADHA,12.19,12.19
ONEPOINT,37.89,37.89
AJOONI,41.73,41.73
BCONCEPTS,61.51,61.51
SILLYMONKS,40.31,40.31
NEWGEN,44.4,44.4
SOLEX,42.69,42.69
AMJUMBO,463.24,463.24
SOUTHWEST,38.02,40.05
GMMPFAUDLR,45.86,45.86
HINDCON,36.76,36.76
SARVESHWAR,29.21,29.21
MACPOWER,28.99,28.99
TARACHAND,18.37,18.37
SUNDARMHLD,25.5,25.5
URAVIDEF,280.19,280.19
MITTAL,37.01,45.44
SANDHAR,15.37,16.14
GIRIRAJ,58.58,58.58
KAPSTON,29.91,29.91
AVG,10.7,15.94
MMP,20.48,20.48
NARMADA,17.92,17.92
CHEMFAB,154.27,154.27
BSHSL,60.06,60.06
AAKASH,17.54,17.54
SOFTTECH,159.93,159.93
E2E,106.76,106.76
INDOSTAR,35.73,35.73
SIRCA,30.9,30.9
SVLL,372.15,372.15
LATTEYS,69.98,69.97
SONAMLTD,27.29,27.29
PRITI,24.61,24.61
ACCURACY,9.5,9.5
FINEORG,27.55,27.52
GANGAFORGE,89.76,91.23
REPL,27.2,27.2
AVROIND,61.55,61.55
CREDITACC,17.44,17.44
AARON,41.95,41.95
SUMIT,34.49,34.49
LAGNAM,15.82,15.82
RPPL,15.24,15.24
AKG,59.64,59.64
IRCON,20.03,20.03
AHLADA,9.53,9.53
AAVAS,23.62,23.62
KSHITIJPOL,,15.11
KRITIKA,18.35,18.35
PARIN,206.12,206.12
SILGO,19.01,19.01
MARINE,57.76,57.96
ATGL,97.33,97.33
UNIPARTS,15.34,15.34
SHRIRAMPPS,17.87,17.87
NILASPACES,37.54,37.54
AWHCL,17.72,17.72
RPSGVENT,47.62,8.89
SURANI,71.44,71.44
MSTCLTD,8.33,16.68
ANUP,43.9,43.9
PAR,11.32,11.32
KHFM,46.43,46.43
RVNL,57.22,57.22
METROPOLIS,55.29,55.29
KPITTECH,47.17,47.17
NEOGEN,93.19,93.19
PPL,9.74,9.74
DGCONTENT,10.94,10.94
OAL,23.21,23.21
DCMNVL,55.22,161.56
WEL,159.05,159.05
CHEMCON,32,32
WESTLIFE,967.96,967.96
DOLATALGO,5.68,5.68
UJJIVANSFB,6.32,6.32
MAZDOCK,30.28,30.28
SECL,164.53,164.53
SAFARI,61.94,61.94
360ONE,34.13,32.13
HPIL,89.41,89.41
SAMHI,65.32,70.24
FLUOROCHEM,88.38,88.38
GREENPANEL,51.36,51.36
CHEMBOND,18.28,18.82
MGEL,13.47,12.27
SBICARD,40.27,40.27
HOMEFIRST,23.22,23.22
CSBBANK,8.69,8.69
EASEMYTRIP,53.64,29.02
ROSSARI,25.72,25.72
PRINCEPIPE,39.82,39.82
PARKHOTELS,44.28,44.28
ARTEMISMED,48.73,48.73
SUMICHEM,46.03,46.03
LGHL,82.11,82.18
ASALCBR,26.05,26.05
UNIVPHOTO,6.93,6.93
BAFNAPH,39.91,36.85
POWERINDIA,141.76,141.76
STOVEKRAFT,58.02,58.02
KSOLVES,26.96,26.96
RAJRATAN,30.06,30.06
AARTISURF,40.3,79.11
GLAND,34.41,34.41
NDRAUTO,37.76,37.76
MAXHEALTH,100.09,95.18
AAATECH,42.09,42.09
BTML,25.75,25.75
UNIDT,34.73,34.73
SIGACHI,16.76,16.76
ADL,194.66,194.66
NIRAJ,12.37,11.64
CAMS,35.6,35.6
SURYODAY,6.14,6.14
UTIAMC,13.28,13.28
BECTORFOOD,55.93,55.93
ORCHPHARMA,37.68,37.68
INDIGOPNTS,36.29,36.29
LXCHEM,38.43,38.43
MTARTECH,86.19,86.19
ANURAS,50.91,50.91
KANPRPLA,22.51,22.51
STYLAMIND,21.03,20.9
PAKKA,20.03,20.03
CLSEL,13.4,13.4
CARYSIL,23,23
SHAILY,75.48,75.48
MODISONLTD,19.49,19.77
FIBERWEB,8.96,8.96
BCLIND,10.34,10.34
BHAGCHEM,165.68,165.68
SBCL,33.31,33.31
AADHARHFC,19.43,19.43
SMCGLOBAL,5.39,5.39
QMSMEDI,16.16,16.16
ARIHANTCAP,10.4,10.8
SIDDHIKA,13.55,13.55
NAZARA,105.22,104.08
IPL,23.8,23.8
GENCON,13.25,13.25
LODHA,46.15,46.15
HLEGLAS,37.84,37.84
BESTAGRO,36.62,36.62
SONACOMS,53.92,52.79
UTKARSHBNK,15.71,15.71
DRCSYSTEMS,18.73,18.73
PARAS,67.75,67.75
CRAFTSMAN,46.62,44.98
DODLA,25.45,25.45
JUBLINGREA,49.78,49.75
ROLEXRINGS,28.76,23.91
SHYAMMETL,22.21,22.21
KIMS,57.4,57.4
MAKS,100.01,42.45
JSFB,6.07,6.07
TATVA,108.62,108.62
CLEAN,52.78,52.78
ALIVUS,28.53,28.53
ABSLAMC,20.32,20.32
DEEPINDS,18.34,18.39
ZOMATO,325.04,325.04
BEWLTD,13.74,13.74
PIXTRANS,17.31,17.31
MEDIASSIST,34.55,34.55
WINDLAS,24.79,24.79
CARTRADE,58.19,58.19
KRSNAA,30.25,30.25
DEVYANI,,1471.93
APTUS,21.61,21.61
SUPRIYA,28.95,28.95
ANMOL,10.48,10.48
ABCOTS,55.15,55.15
VIJAYA,64.81,64.81
AMIORG,72.77,72.62
IWEL,37.37,35.66
SANSERA,34.86,34.86
BAJAJHCARE,,45.9
PRITIKAUTO,13.55,13.55
AAREYDRUGS,20.09,20.09
GRINFRA,8.53,10.77
INTLCONV,4.73,4.73
DUGLOBAL,74.8,74.8
STEELCAS,24.92,24.92
HPAL,23.25,23.25
UGROCAP,10.59,10.59
KPIGREEN,28.01,27.78
YUKEN,41.1,41.1
ANANDRATHI,54.38,54.38
FINOPB,20.32,20.32
NYKAA,758.66,758.66
AWL,29.18,29.18
SAPPHIRE,589.31,344.37
QUADPRO,16.9,16.9
PRUDENT,44.04,44.04
GOCOLORS,51.73,51.73
MEDPLUS,66.84,66.84
RATEGAIN,28.41,28.41
LATENTVIEW,48.93,48.93
METROBRAND,73.36,73.36
MICEL,24.52,24.52
FOODSIN,29,29
PARADEEP,18.71,18.71
ABMINTLLTD,307.12,307.12
KRITI,176.9,176.9
DYNAMIC,25.05,25.11
GANESHBE,12.74,12.74
GVPTECH,62.25,62.25
EMIL,29.21,29.21
PRECISION,12.82,12.82
UMAEXPORTS,17.19,16.89
DATAPATTNS,44.57,44.57
JSLL,47.57,47.57
AHL,9.06,9.06
MALLCOM,19.42,19.42
NIDAN,,9.46
SMLT,35.41,35.41
RADIANTCMS,14.23,14.23
CHOICEIN,66.22,66.22
GRWRHITECH,27.09,27.09
DELHIVERY,806.09,448.32
DCMSRIND,11.28,11.28
EMUDHRA,67.77,67.77
FIVESTAR,19.96,19.96
VIRINCHI,36.14,36.14
SBC,33.71,33.71
ELDEHSG,24.23,24.23
SHIGAN,22.04,22.04
TIMESCAN,9.24,9.24
SEJALLTD,49.31,49.31
RELCHEMQ,46.03,46.03
SYRMA,48.1,47.55
ZIMLAB,30.32,30.32
JTLIND,30.77,30.77
CAMPUS,69.7,69.7
TBOTEK,73.91,75.06
AETHER,94.69,55.76
ROTO,38.13,38.13
SPRL,12.86,12.86
INDOBORAX,11.25,11.25
LANDMARK,70.99,
AVONMORE,23.09,23.09
DREAMFOLKS,21.43,21.43
SONUINFRA,18.94,18.94
LEMERITE,213.79,213.79
DHARMAJ,17.94,17.94
KRISHIVAL,41.37,41.37
OBCL,109.55,109.55
LICI,11.15,11.15
INDOAMIN,16.28,16.28
KRISHNADEF,43.32,43.32
SWARAJ,14.2,14.2
AMEYA,19.26,19.26
INOXGREEN,128.89,128.89
FEDFINA,15.25,15.25
BIKAJI,52.6,52.6
RITCO,18.77,18.77
SURAJEST,15.04,15.04
SKP,333.67,333.67
CHEVIOT,9.58,9.58
MUKKA,16.14,16.14
MWL,14.72,14.72
MEDICO,62.18,62.18
CMRSL,9.37,7.56
KFINTECH,42.66,42.66
DCXINDIA,53.33,53.33
YATRA,45.03,45.03
KAYNES,97.78,97.78
NGLFINE,18.61,18.61
SABAR,3.96,3.96
FIDEL,26.19,26.19
AXITA,47.36,50.52
PLAZACABLE,152.59,152.59
SENCO,43.37,43.37
TRU,15.29,15.29
RADHIKAJWE,19.69,19.69
SPLPETRO,25.54,25.54
RAMRAT,30.77,30.77
VIVIANA,56.1,56.1
CSLFINANCE,7.87,7.87
AGNI,111.4,111.4
GOYALALUM,59.6,59.6
RUSTOMJEE,38.87,38.87
GENSOL,27.02,26.99
DBOL,47.65,40.09
KANDARP,50.37,50.37
SPORTKING,10.29,10.29
AIIL,6.46,6.46
MANORAMA,75.74,75.74
ISHAN,37.84,35.55
ARABIAN,9.7,9.7
INNOVACAP,34.67,34.67
GRMOVER,20.9,20.9
SYNCOMF,40.08,40.08
DJML,47.45,47.45
SULA,34.55,34.55
SIGNATURE,192.27,192.27
ANNAPURNA,34.96,34.96
KRITINUT,12.39,12.39
MEGAFLEX,36.52,36.52
KALAMANDIR,23.59,23.59
RAMAPHO,27.97,27.97
AVALON,89.85,89.85
CONCORDBIO,56.04,56.04
GODIGIT,76.85,76.85
GRCL,118.92,118.92
BAIDFIN,12.41,12.41
QUICKTOUCH,8.31,8.31
AMIABLE,9.85,9.85
KAMOPAINTS,42.01,42.01
DOLLEX,20.44,20.44
BLUEJET,55.56,55.56
MVGJL,11.56,11.56
SCPL,14.72,14.72
SUKHJITS,12.99,12.99
FROG,31.85,31.85
MANKIND,47.98,47.98
SKYGOLD,47.5,47.5
ARIHANTACA,25.41,25.41
SATINDLTD,13.78,13.77
DIVGIITTS,50.92,50.92
USK,18.24,18.24
ANLON,31.32,31.32
MOTISONS,43.52,43.94
CMNL,33.42,32.82
SRIVASAVI,13.48,13.48
DIACABS,111.24,117.54
IKIO,30.64,30.64
MANOMAY,16.77,16.77
FAZE3Q,25.73,25.73
RBMINFRA,17.26,17.26
LLOYDSME,39.05,39.05
AARTIPHARM,29.4,29.4
RHL,45.13,45.13
SAHYADRI,12.85,12.85
NINSYS,33.07,33.07
DUCOL,32.37,32.37
HOMESFY,16.99,16.61
SBFC,27.19,27.19
SBGLP,114.82,114.82
ASMS,169.17,194.64
HYBRIDFIN,9.15,8.57
VIAZ,29.14,29.14
INDGN,35.4,35.6
ZAGGLE,57.99,57.99
AGARWALFT,24.69,24.69
HONASA,91.5,91.5
RISHABH,49.02,49.02
SAH,265.3,265.3
DENEERS,19.59,19.59
CYIENTDLM,53.72,53.72
MASTER,32.4,32.4
YCCL,107.21,107.21
RPTECH,9.17,9.58
RATNAVEER,17.13,17.13
PATTECH,34.16,34.16
AUROIMPEX,13.51,13.51
ATAM,15.45,15.45
CRAYONS,12.18,12.18
SHRITECH,10.24,10.24
URBAN,16.71,16.71
POCL,33.36,33.36
KRISHCA,21.99,21.99
ESFL,125.14,125.14
TATATECH,45.38,45.38
REMUS,28.09,28.09
NOVAAGRI,15.84,15.84
ASHOKAMET,4.27,4.27
CELLPOINT,162.7,162.7
TRIDHYA,10,10
PROV,52.13,52.13
PTCIL,314.39,312.23
PYRAMID,20.76,20.76
EMSLIMITED,18.55,18.55
EFACTOR,16.93,16.93
GHCLTEXTIL,14.62,14.62
UDS,18.61,18.61
DENTALKART,54.36,54.36
SYNOPTICS,14.83,14.83
SSFL,24.62,24.62
ATL,19.71,18.66
BALUFORGE,32.14,32.14
JSWINFRA,35.39,35.39
SANGANI,26.09,26.09
JLHL,49.47,49.9
NUVAMA,20.86,20.86
DRONE,35.84,35.84
GLOBALPET,70.01,70.01
KEL,40.82,40.82
NIITMTS,26.05,25.2
VINSYS,20.39,20.39
ZEAL,10.37,10.37
MARINETRAN,64.66,64.66
UNIHEALTH,18.15,18.15
ORIANA,27.38,27.38
ASKAUTOLTD,35.54,35.54
ONDOOR,16.1,16
TRANSTEEL,16.89,16.82
SANDUMA,14.73,14.73
PLADAINFO,8.16,8.16
RBZJEWEL,25.47,25.47
KARNIKA,28.24,28.24
AKANKSHA,232.94,232.94
SAAKSHI,29.92,29.92
MUFIN,60.15,58.65
HIGREEN,55.31,55.31
MUFTI,13.43,13.43
CELLECOR,49.61,49.61
MUTHOOTMF,7.58,7.58
SRGHFL,17.19,17.19
INDIFRA,44.3,44.3
MADHUSUDAN,15.49,15.49
GOYALSALT,18.99,18.99
WOMANCART,39.06,39.06
RCDL,30.93,30.93
BLSE,28.44,28.44
TREL,3.9,25.35
MARCO,26.26,26.26
DIAMINESQ,89.96,89.96
VISHNUINFR,18.94,18.94
KONTOR,31.57,31.57
RKSWAMY,33.55,33.55
MICROPRO,10.08,10.08
EPACK,70.5,70.5
HAPPYFORGE,31.57,31.57
IBLFL,55.78,55.78
INDIASHLTR,20.66,20.66
CELLO,37.14,37.14
CANARYS,16.25,16.25
DIGIDRIVE,18.25,18.25
DOMS,74.96,74.96
MAITREYA,45.94,45.94
DIGIKORE,19.89,19.89
LANCORHOL,20.65,20.65
AMNPLST,30.47,30.47
POLYSIL,11.92,11.92
SARTELE,37.99,37.99
VINYAS,119.87,119.87
SAIFL,8.87,8.87
JNKINDIA,57.75,57.75
PARAGON,13.39,13.39
INOXINDIA,39.47,40.54
GRAPHISAD,11.51,11.15
SHEETAL,33.22,33.22
ROXHITECH,6.76,6.76
JYOTICNC,66.76,65.28
BAJEL,110.93,90.58
DEEM,9.57,9.57
APS,45.83,45.83
ENTERO,56.18,56.18
TECHLABS,99.98,99.98
SIGNPOST,25.67,25.67
ROCKINGDCE,37.19,37.19
BABAFP,15.31,15.31
SHREEOSFM,15.39,15.39
HRHNEXT,36.52,36.69
MEGATHERM,22.93,22.93
OWAIS,33.2,33.2
KLL,14.89,14.89
SJLOGISTIC,19.1,19.1
PURVFLEXI,24.79,24.79
SRM,19.86,19.86
AZAD,92.26,92.26
PRATHAM,25.85,25.85
KONSTELEC,13.88,13.88
JUNIPER,83.55,83.55
KRYSTAL,9.73,9.73
VSTL,23.86,23.86
FONEBOX,29.3,29.3
INM,22.31,22.14
ITALIANE,17.27,17.27
SUPREMEPWR,19.32,19.32
KCEIL,28.45,28.45
MAXESTATES,920.26,920.33
CGRAPHICS,27.8,27.8
ACCENTMIC,14.75,14.75
COMSYN,21.5,21.5
LAWSIKHO,33.55,33.55
SADHAV,16.61,16.61
GOPAL,41.78,41.78
DAVANGERE,35.35,35.35
MAXPOSURE,31.87,31.87
ALPEXSOLAR,33.34,36.55
VHLTD,17.97,18.14
SONAMAC,13.29,13.29
TCL,15.97,15.97
ENSER,30.03,30.03
DELAPLEX,14.6,14.6
RULKA,15.76,15.76
NAMAN,13.62,13.6
SINCLAIR,27.6,27.6
SHREEKARNI,25.17,25.17
BLUEPEBBLE,22.05,22.05
DCG,31.44,31.44
AWFIS,78.25,137.13
RADIOWALLA,1.93,1.73
RBS,16.32,16.32
ASPIRE,6.04,6.04
MVKAGRO,6.18,6.18
AVPINFRA,18.41,18.41
SILKFLEX,11.81,11.81
VISHWAS,23.3,23.3
TGL,22.33,22.33
TAC,100.44,100.44
EMMIL,21.77,22.02
TRUST,19.54,19.54
YASHOPTICS,21.22,21.22
ALUWIND,24.54,24.57
PRLIND,17.08,17.34
IEML,26.12,26.12
ABSMARINE,36.64,36.64
VERITAAS,13.82,13.82
WINSOL,45.23,45.23
SLONE,18.29,18.29
THERMAX,62.79,62.79
RIIL,121.76,121.76
RAYMOND,19.7,19.33
SHREDIGCEM,24.6,24.6
SMLISUZU,13.26,13.26
SUNDRMFAST,36.47,36.47
CRISIL,52.11,52.11
LMW,125.67,125.67
NELCO,93.73,93.73
MAHSCOOTER,65.16,67.9
KECL,61.74,262.51
KCP,9.35,8.48
JBCHEPHARM,39.26,39.26
IONEXCHANG,33.88,33.88
IFBIND,36.44,36.44
GNFC,15.96,15.96
BHARATFORG,59.96,54.08
FORCEMOT,16.9,16.9
ATUL,38.33,38.33
TATAMOTORS,7.89,7.88
LINDEINDIA,108.87,108.87
ESCORTS,29.45,29.45
BAJAJHLDNG,88.18,88.18
ZUARIIND,,488.69
TATASTEEL,70.67,58.57
VEDL,9.16,10.19
RELIANCE,20.86,20.86
BATAINDIA,47.4,65.88
CARBORUNIV,47.56,56.24
DICIND,111.83,52.36
MOTOGENFIN,45.23,45.23
RAMCOCEM,53.81,111.15
ABREL,130.42,130.42
BEML,41.16,41.16
VTL,15.26,15.26
EPL,30,28.71
AEGISLOG,32.92,32.92
UNICHEMLAB,,47.83
SAURASHCEM,170.9,170.9
PRECOT,13.02,16.19
SHREYANIND,5.18,5.18
HCC,16.72,
ADANIENT,65.94,62.68
RAJSREESUG,11.74,11.74
BANARISUG,49.27,49.27
KPIL,29.76,29.76
JYOTISTRUC,57.93,57.93
JAYNECOIND,244.64,102.09
SOTL,23.31,23.31
UFLEX,,7.23
SUNFLAG,24.34,24.34
SIEMENS,66.75,66.75
VSTIND,14.81,19.83
TOKYOPLAST,136.37,136.37
IFCI,45.92,46.39
HLVLTD,33.69,37.02
HEIDELBERG,42.46,42.46
MANGLMCEM,41.32,41.32
PIDILITIND,71.16,69.41
HONDAPOWER,35.6,38
RUBYMILLS,14.63,14.63
STYRENIX,18.81,18.81
GRAPHITE,17.86,17.86
ELECTCAST,7.61,7.61
KOTYARK,20.72,20.72
COOLCAPS,196.29,196.12
EUROBOND,27.94,27.94
MADHAVBAUG,27.63,27.63
KNAGRI,16.51,16.51
KCK,165.08,165.08
PROPEQUITY,21.69,21.69
VEEKAYEM,28.6,28.6
RILINFRA,17.63,17.63
ARISTO,15.7,15.7
SWASTIK,31.14,31.14
USASEEDS,17.44,17.44
KORE,49.59,49.45
ALLETEC,34.49,34.49
BAHETI,40.12,40.12
RITEZONE,11.71,11.71
PHANTOMFX,10.23,10.23
IPSL,37.73,37.73
ARHAM,25.96,25.96
PRITIKA,74.26,74.26
UMA,27.64,27.64
SAHANA,41.97,41.97
SHERA,34.6,34.6
LRRPL,78.01,78.01
MCON,42.53,42.53
NIRMAN,16.82,16.82
SYSTANGO,16.62,16.62
SPECTSTM,27.23,27.23
INFOLLION,33.29,33.29
INFINIUM,34.57,34.57
PENTAGON,16.96,16.96
SEL,53.76,53.76
GREENCHEF,27.45,27.45
MAGSON,35.81,35.81
MONOPHARMA,14.85,14.85
CLSL,29.36,29.36
SAHAJ,16.11,16.11
SERVICE,38.04,38.04
PRAMARA,31.57,31.57
ARVINDPORT,16.48,16.48
SAROJA,28.27,28.27
CHAVDA,17.33,17.33
BAWEJA,17.61,17.61
OLIL,32.01,32.01
KODYTECH,89.14,89.14
SCML,13.55,13.55
MAL,11.72,11.72
BASILIC,25.97,25.97
NEWJAISA,38.25,38.25
GREENPLY,26.72,27.55
NATCOPHARM,8.02,8.02
KHAITANLTD,7.2,7.2
GARFIBRES,30.51,30.51
TTKPRESTIG,44.7,44.7
STARPAPER,4.99,4.98
SKFINDIA,34.15,34.15
CUBEXTUB,26.19,26.19
SILINV,13.9,13.9
BIOFILCHEM,128.28,128.28
SUNDRMBRAK,73.98,73.98
AARTIDRUGS,22.76,22.76
STERTOOLS,20.83,20.83
HITECHGEAR,24.91,24.89
MIRZAINT,208.96,208.96
GUJAPOLLO,34.92,34.92
JAGSNPHARM,27.28,39.08
JCHAC,86.11,83.28
KOTHARIPET,12.7,12.64
DCMSHRIRAM,29.35,29.35
CIPLA,23.94,23.94
HEROMOTOCO,17.23,17.23
HARRMALAYA,2506.17,46.47
GIPCL,11.78,11.78
ITC,25.09,25.09
HINDCOMPOS,17.75,17.75
RICOAUTO,29.45,28.94
IFBAGRO,24.16,24.16
APOLLOTYRE,20.28,19.2
SIYSIL,14.57,14.57
PRECWIRE,30,30
NILKAMAL,24.16,24.16
NCC,14.07,13.73
SEAMECLTD,22.35,24.36
AUROPHARMA,19.3,18.95
EIHOTEL,27.66,27.92
GICHSGFIN,5.03,5.03
BANARBEADS,23.3,23.3
WSTCSTPAPR,6.81,6.81
21STCENMGM,1.85,1.85
VENKEYS,16.86,16.86
GHCL,9.86,9.86
HIL,,59.9
BPL,19.78,19.78
VESUVIUS,29.25,29.25
TFCILTD,12.73,12.73
GTL,1.19,18.89
CHOLAFIN,28.04,28.04
FMGOETZE,12.96,12.96
ORIENTHOT,56.04,56.04
KANSAINER,16.47,30.02
3MINDIA,52.04,52.04
RALLIS,29.99,29.99
MFSL,116.35,116.35
HEG,33.92,33.92
VARDMNPOLY,31.52,31.52
SURYAROSNI,15.27,15.27
TIMKEN,47.55,47.55
SHREECEM,83.56,83.56
SAKHTISUG,2.43,
AKZOINDIA,35.23,35.23
HINDUNILVR,50.12,52.01
AMBUJACEM,22.22,22.59
FINCABLES,20.37,28.18
DCM,18.76,18.76
BHEL,142.35,142.35
PVP,799.88,842.88
ZEEL,18.5,15.48
INDHOTEL,56.64,66.04
LYKALABS,107.35,106.53
GILLETTE,56.57,56.57
GOLDENTOBC,10.32,11.71
ESABINDIA,42.98,42.98
GABRIEL,28.19,28.19
AARTIIND,40.49,40.84
PRAKASH,7.4,7.4
KOPRAN,17.74,17.74
TATAINVEST,111.15,111.15
SUDARSCHEM,59.03,86.06
IPCALAB,51.57,50.97
HINDALCO,9.89,9.46
GSFC,13.75,13.91
EIDPARRY,8.11,8.11
BIRLACORPN,31.49,32.4
ASHAPURMIN,15.24,18.83
TNPL,66.38,66.38
DALMIASUG,9.75,9.75
TNPETRO,14.13,15.92
AUSOMENT,12.26,12.26
MARICO,49.67,49.67
KEYFINSERV,5.42,5.42
SANGAMIND,45.39,39.27
CREST,11.82,11.82
PUNJABCHEM,24.99,24.99
DYNAMATECH,50.59,99.83
GUJRAFFIA,39.56,39.56
INDRAMEDCO,23.43,23.43
SKMEGGPROD,12.31,12.31
ICICIBANK,16.86,16.86
NLCINDIA,13.34,13.34
HAVELLS,67.67,67.67
TIPSMUSIC,50.95,50.95
HIKAL,57.02,57.02
UNITDSPR,68.96,65.88
ASAL,35.68,35.68
SURANAT&P,27.21,27.33
GENESYS,52.29,52.29
NSIL,34.24,34.24
MUKANDLTD,14.69,14.69
POONAWALLA,132.19,132.19
DATAMATICS,16.37,18.71
APARINDS,30.64,30.64
TCS,28.6,28.6
INDSWFTLTD,1.16,1.16
JBMA,60.6,60.6
PATELENG,10.58,10.35
EVEREADY,26.42,26.42
MANGALAM,16.36,16.36
JSWHL,95.37,95.37
GENUSPOWER,37.17,37.17
NECLIFE,36.09,36.09
FCSSOFT,156.42,42.08
ALICON,23.7,23.7
FIEMIND,18.88,18.88
AARVEEDEN,19.45,19.45
MANALIPETC,53.49,47.25
DONEAR,11.8,11.8
SOBHA,205.65,205.68
JINDRILL,20.56,20.56
HBLENGINE,45.27,42.61
WANBURY,14.62,34.99
UNOMINDA,58.52,60.23
TTL,19.46,37.5
INDIANB,6.79,6.79
ICRA,33.13,33.13
BFUTILITIE,10.45,10.45
NAGREEKEXP,16.38,16.38
TARMAT,,91.94
CIEINDIA,19.06,19.06
KSCL,16.48,16.48
MAANALU,26.67,26.67
CERA,32.33,32.33
ADANIPOWER,14.51,14.51
AMRUTANJAN,35.07,35.07
SHILPAMED,68.23,71.05
JSWENERGY,40.74,40.74
NESTLEIND,65.33,68.31
UNITEDTEA,10.85,10.85
EMMBI,21.3,21.3
MANINFRA,20.88,20.88
KIRLOSBROS,34.39,34.01
UMESLTD,122.81,122.81
BLISSGVS,20.11,8.62
BAJAJCON,17.01,17.01
KILITCH,27.73,27.73
GREENPOWER,57.94,56.47
JWL,32.58,32.58
PRESTIGE,65.43,65.43
GRAVITA,42.06,42.06
A2ZINFRA,26.05,
SHEKHAWATI,.58,6.07
SUMMITSEC,18.96,17.07
DHUNINV,10.39,10.43
PIIND,28.36,28.36
OMINFRAL,40.95,40.95
MAITHANALL,2.99,2.99
ELGIRUBCO,32.96,
ASAHISONG,29.38,28.95
TDPOWERSYS,32.91,32.91
AGRITECH,167.76,167.76
CASTROLIND,22.14,22.14
IREDA,28.19,28.19
AGARIND,10.82,10.82
GOCLCORP,11.57,10.63
SHARDACROP,19.14,19.14
INTELLECT,35.99,36.01
FCL,24.37,24.37
LAMBODHARA,15.53,15.53
GENUSPAPER,137.32,137.32
VISHNU,25.88,25.88
JMA,7.16,7.16
IMAGICAA,52.01,46.64
LFIC,6.66,6.66
PNCINFRA,5.72,5.72
ADANIENSOL,138.03,36.35
POWERMECH,19.59,19.56
IDFCFIRSTB,22.62,22.62
TTKHLTCARE,20.2,24.69
LALPATHLAB,51.98,51.98
HITECH,30.69,30.69
SEQUENT,159.77,170.92
HECPROJECT,25.67,25.67
BHARATWIRE,13.8,13.8
SHRIPISTON,18.16,18.16
NAGAFERT,.18,.18
DAMODARIND,20.52,20.52
INTENTECH,12.61,12.61
EIFFL,161.31,161.31
SHANKARA,18.49,18.49
FOCUS,20.93,20.93
SIKKO,30.82,30.82
DOLLAR,22.72,22.86
PSPPROJECT,36.44,36.44
GLOBE,12.96,14.11
AUBANK,18.96,18.37
MAGADSUGAR,8.55,8.55
ABCAPITAL,11.67,11.67
CHOLAHLDNG,6.24,6.24
WORTH,11.8,11.8
DPWIRES,14.56,14.56
AIROLAM,88.74,88.74
JASH,34.94,34.91
IEX,37.05,37.05
HDFCLIFE,76.27,76.27
ZODIAC,38.46,38.46
TOUCHWOOD,20.36,20.36
MOKSH,12.83,12.83
AMBER,74.2,74.2
SINTERCOM,313.3,313.3
ARVEE,63.85,63.85
HGINFRA,12.55,12.55
VINNY,13.28,13.28
IRISDOREME,34.37,34.37
TECHNOE,32.82,32.82
TREJHARA,18.31,706.98
DALBHARAT,58.21,49.55
OSIAHYPER,14.43,14.43
ARVINDFASN,35.95,35.95
POLYCAB,43.86,43.86
SWSOLAR,187,187
EMAMIPAP,10.82,10.82
CONFIPET,25.94,26.22
INDIAMART,23.92,23.92
SATIA,6.17,6.17
AFFLE,56.75,56.75
HNDFDS,57.48,57.48
IRCTC,46.37,46.65
DCI,24.91,24.91
IIFLCAPS,9,9
KUANTUM,7.35,7.35
APOLLOPIPE,45.67,45.67
ROUTE,17.59,17.9
SIGMA,15.41,15.41
EQUITASBNK,21.76,21.76
LIKHITHA,14.58,14.58
PATANJALI,57.22,57.22
ATALREAL,31.19,31.19
MAHEPC,137.19,133.37
SUVENPHAR,99.98,99.98
BHARTIHEXA,53.66,63.73
HAPPSTMNDS,45.83,47.8
BOROLTD,55.78,55.78
PAVNAIND,52.2,52.2
KALYANKJIL,75.22,75.22
SHAREINDIA,10.48,10.48
ANGELONE,14.94,14.94
ROML,46.12,46.12
RAILTEL,35.54,33.59
HERANBA,22.68,22.68
FAIRCHEMOR,36.75,36.75
ISGEC,26.08,26.08
STARHEALTH,29.24,29.24
SGIL,38.12,38.12
SJS,23.74,23.74
POLICYBZR,288.81,337.1
MONARCH,16.2,16.2
EPIGRAL,21.19,21.19
CMSINFO,19.28,19.28
TARSONS,51.06,51.06
TEGA,50.8,50.8
MANORG,33.17,33.17
PVSL,36.26,36.26
PASUPTAC,10.72,10.72
MAPMYINDIA,65.71,65.71
TMB,5.78,5.78
MANYAVAR,49.91,49.91
MEDICAMEQ,89.06,89.06
SHIVALIK,52.9,52.9
MEDANTA,59.37,59.37
ASIANENE,33.49,31.78
NRL,31.3,31.3
GPTHEALTH,22.4,22.4
HARIOMPIPE,17.6,17.6
CAPITALSFB,10.27,10.27
DYCL,27.37,27.37
STARTECK,23,23
DHRUV,30.65,30.65
ELIN,38.69,38.69
MHLXMIRU,14.11,14.11
GATEWAY,5.63,14.62
RAINBOW,54.23,54.23
VENUSPIPES,25.54,25.54
MEGASTAR,78.13,78.13
RACE,74.23,74.23
ETHOSLTD,62.55,62.55
MSUMI,33.75,33.75
HARSHA,25.87,25.87
GMRP&UI,3.99,
ACI,32.75,27.87
SADHNANIQ,216.1,216.1
HARDWYN,54.72,54.72
HMAAGRO,21.42,21.42
YATHARTH,27.96,27.96
GANDHAR,17.17,17.17
IRMENERGY,21.02,21.02
JGCHEM,19.06,19.06
LORDSCHLO,99.82,99.82
SECMARK,45.93,45.93
AARTECH,42.72,42.72
DOLPHIN,26.22,26.62
REDTAPE,50.06,50.06
NETWEB,75.1,75.1
AEROFLEX,46.68,46.68
VPRPL,18.77,18.77
KIRLPNU,34.08,33.03
RRKABEL,48.18,48.19
SCILAL,53.34,53.34
YASHO,106.74,106.74
SINDHUTRAD,31.13,31.13
VLEGOV,,675.68
PLATIND,23.85,23.85
FLAIR,17.63,17.63
JIOFIN,118.72,118.72
NOCIL,25.27,25.27
DRREDDY,18.41,18.41
CHAMBLFERT,14.3,14.3
MAHSEAMLES,10.55,10.55
COROMANDEL,29.86,29.86
VINDHYATEL,16.33,16.33
ASIANPAINT,51.83,50.26
PGHL,37.24,35.9
ADORWELD,26.9,24.35
TATACHEM,,41.75
ATFL,343.96,307.85
VLSFINANCE,4.76,4.76
SUPREMEIND,52.05,52.05
BALRAMCHIN,22.96,22.96
WEIZMANIND,22.08,22.08
BBOX,40.63,31.39
JTEKTINDIA,37.93,38.18
TATAELXSI,46.92,46.92
ARE&M,17.13,18.52
BALKRISIND,28.87,28.87
GVT&D,74.28,74.28
ONGC,7.37,7.13
BERGEPAINT,52.87,52.87
IGARASHI,66.01,66.01
MUNJALSHOW,17.37,17.37
RANASUG,14.43,14.43
TATAPOWER,31.11,30.01
SIMPLEXINF,11.69,11.69
JUBLPHARMA,25.75,21.06
TATACOMM,38.1,39.74
SANOFI,28.09,26.14
KAJARIACER,37.69,37.69
PCBL,31.54,31.51
SAIL,25.25,16.28
IDBI,10.7,10.7
DHAMPURSUG,15.02,15.02
EMKAYTOOLS,4.45,4.45
AVSL,29.19,27.58
AURDIS,8.85,8.85
VSCL,81.65,81.65
RMDRIP,112.89,112.89
TIRUPATI,91.02,91.02
OMFURN,28.94,28.94
PULZ,12.89,12.89
SMVD,.89,
MHHL,10.65,10.65
MDL,40.95,39.82
MAHICKRA,45.35,45.35
SPECTRUM,128.5,128.5
SHUBHLAXMI,21.26,21.26
ATMASTCO,37.99,37.99
PARTYCRUS,14.65,14.65
NPST,94.37,94.37
VMARCIND,21.74,21.74
BMETRICS,16.7,16.7
DKEGL,9.25,9.25
JAINAM,26.5,26.5
GVKPIL,.98,11.75
SAKUMA,11.79,11.79
KEC,42.01,42.01
JKCEMENT,47.78,55.83
INDOTECH,29.59,29.59
BLKASHYAP,20.38,22.16
CENTURYPLY,75.61,73.43
VAKRANGEE,267.61,254.78
GALLANTT,19.54,19.54
UTTAMSUGAR,11.51,11.51
KKCL,20.75,20.75
GPIL,15.04,15.05
RSYSTEMS,32.63,32.63
LOKESHMACH,66.37,66.37
SWELECTES,23.88,161.51
RATNAMANI,32.27,32.27
PIONEEREMB,25.97,25.97
JKLAKSHMI,29.62,29.62
ALLCARGO,106.71,63.5
MUNJALAU,10.7,13.2
TECHM,44.24,44.35
GRINDWELL,46.16,46.16
ACE,34.26,34.26
ANANTRAJ,44.63,44.63
BINANIIND,6.88,
TALBROAUTO,13.51,18.93
GEECEE,13.36,13.36
GESHIP,4.42,4.42
VENUSREM,11.72,14.65
NFL,25.62,25.62
PARACABLES,17.66,17.66
TANLA,12.49,12.49
PTL,15.21,15.21
AUTOIND,15.77,14.2
ORIENTBELL,85.85,85.85
FSL,42.97,43.5
TFL,169.03,169.03
SMSPHARMA,24.8,24.8
VBL,60.19,60.19
KINGFA,22.65,22.65
NBIFIN,70.84,70.84
TCIEXP,26.05,26.05
LAURUSLABS,150.33,150.33
ITDC,56.03,55.98
CAPTRUST,99.71,99.71
BSE,83.17,83.17
KALYANI,6.19,6.19
JITFINFRA,27.51,48.9
TASTYBITE,101.68,101.68
CLEDUCATE,66.65,61.4
BHAGYANGR,19.82,19.82
STARCEMENT,66.19,66.19
ERIS,48.25,48.25
STEELXIND,24.82,24.82
AVADHSUGAR,11.66,11.66
THEINVEST,24.4,24.4
SIS,24.42,24.42
SMSLIFE,17.39,17.39
DIXON,99.16,125.37
MATRIMONY,21.61,21.61
CAPACITE,13.98,13.98
SBILIFE,61.33,61.33
TCPLPACK,24.18,24.18
MASFIN,14.28,14.28
NIACL,25.24,25.24
5PAISA,17.27,17.27
SHALBY,71.03,71.03
SHIVATEX,23.38,23.38
GALAXYSURF,26.55,26.55
ASTERDM,66.26,62.79
BDL,65.44,65.44
BANDHANBNK,8.46,8.46
HAL,25.83,25.84
ISEC,12.84,12.84
MIDHANI,46.92,46.92
LEMONTREE,44.93,44.93
ORIENTELEC,67.88,67.88
ADANIGREEN,92.92,79.83
GAYAHWS,,1.24
RITES,23.87,23.92
VARROC,69.49,33.99
HDFCAMC,33.82,33.82
SIGIND,12.69,12.69
GRSE,35.47,35.47
CHALET,144.33,144.33
PENINLAND,47.47,46.57
LAOPALA,24.26,24.26
AMDIND,81.42,81.42
NAHARPOLY,23.02,23.02
BALAMINES,23,23
BANSWRAS,20.43,20.43
FORTIS,56.06,54.36
SRHHYPOLTD,10.51,10.06
HILTON,71.94,71.94
NAVINFLUOR,76.71,76.71
TIMETECHNO,24.57,24.57
V2RETAIL,75.17,75.17
DLF,67.82,92.82
ADSL,22.75,22.75
ALPA,8.95,8.95
KPRMILL,34.38,34.38
MOTILALOFS,11.18,11.18
MAGNUM,11.36,17.41
DELTACORP,15.86,21.29
RELIGARE,35.63,245.78
EDELWEISS,15.43,15.43
KOLTEPATIL,123.73,123.73
COLPAL,45.59,45.59
MADHAV,423.03,423.03
KALYANIFRG,28.99,28.99
ECLERX,27.82,27.82
BRIGADE,37.07,37.07
DVL,12.7,12.7
PATINTLOG,15.23,15.23
ARIES,10.57,10.57
AMBIKCO,12.16,12.16
CEATLTD,24.34,22.33
RPOWER,6.14,
JKIL,13.55,13.55
KNRCON,4.92,4.87
IRB,4.14,29.17
NMDC,8.57,8.54
NAHARCAP,12.34,12.34
VGUARD,48.62,48.62
NESCO,16.17,16.17
DPSCLTD,83.32,83.32
BAJAJFINSV,17.92,17.92
BAJAJ-AUTO,29.37,29.37
RPGLIFE,45.69,41.59
RBL,11.81,11.54
VINYLINDIA,18.94,18.94
20MICRONS,9.74,9.63
JOCIL,63.84,63.84
COUNCODOS,82.78,82.78
AJMERA,24.02,24.02
VINATIORGA,41.94,41.94
NHPC,23.56,23.56
RTNPOWER,.47,39.73
DEN,7.49,7.49
REFEX,34.07,34.12
AHLUCONT,13.35,24.09
GODREJPROP,38.77,38.77
DBCORP,8.93,8.93
MMTC,80.55,76.46
WHIRLPOOL,38.64,37.06
MBLINFRA,2.46,
THANGAMAYL,47.55,47.55
HATHWAY,31.89,31.43
LGBBROSLTD,13.68,14.22
ISFT,14.32,14.32
SJVN,35.08,38.3
KIRLOSIND,11.95,11.34
MANAPPURAM,8.13,8.13
TI,25.64,24.56
AHLEAST,8.31,8.31
ADFFOODS,31.16,31.16
WELINV,65.58,65.58
ORISSAMINE,691.11,691.11
CAREERP,9.76,9.76
CANTABIL,28.87,29.36
BEDMUTHA,17.8,17.8
OBEROIRLTY,22.5,22.5
COALINDIA,6.55,6.55
JINDWORLD,82.41,82.41
RPPINFRA,7.46,7.46
MOIL,17.23,17.23
KIRLOSENG,18.21,19.13
SURANASOL,271.29,271.29
KICL,22.22,29.46
STEL,38.27,38.27
HINDMOTORS,15.28,15.28
PFS,12.83,12.83
VADILALIND,17.99,17.99
RELAXO,63.12,63.12
ASHIANA,194.93,147.8
RUSHIL,16.19,16.19
INVENTURE,14.07,12.95
BODALCHEM,120.46,99.84
BROOKS,156.86,156.86
VASWANI,14.19,14.19
PGEL,97.26,97.26
PAISALO,19.06,19.1
TRITURBINE,53.04,53.04
ESSARSHPNG,.89,57.97
DSSL,19.33,19.33
RUPA,21.24,20.5
VIKASECO,26.69,26.69
KANANIIND,44.03,44.03
DBSTOCKBRO,20.6,20.6
SCHNEIDER,67.2,71.68
NBCC,40.72,36.02
TBZ,16.71,16.71
VSSL,15.36,15.36
SPECIALITY,28.01,28.01
MAYURUNIQ,15.3,15.3
ROSSELLIND,10.14,10.07
ZUARI,4.76,4.76
CARERATING,29.01,29.01
PCJEWELLER,18.61,18.61
REPCOHOME,4.7,4.7
ATULAUTO,72.98,72.98
ORIENTCEM,57.57,57.57
SREEL,24.08,24.08
NATHBIOGEN,7.31,7.45
SDBL,21.32,21.32
BUTTERFLY,289.24,200.56
HATSUN,74.14,74.14
CAPLIPOINT,28.41,28.41
SNOWMAN,203.33,203.33
CIGNITITEC,24.52,24.08
MONTECARLO,17.32,17.32
APOLSINHOT,43.26,43.26
GRPLTD,58.35,53.67
MOLDTKPAC,27.95,27.95
GANECOS,33.73,33.73
MANAKALUCO,23.6,23.6
ZENTEC,39.32,39.66
BYKE,57.35,57.35
VRLLOG,31.27,31.27
UFO,20.22,20.77
ARROWGREEN,13.86,13.86
SKIPPER,35.07,35.07
SYNGENE,56.22,59.28
RAMASTEEL,68.13,68.13
SATIN,5.34,5.34
ARVSMART,26.18,26.18
SHREEPUSHK,18.17,18.17
INDIGO,27.59,27.59
BALAXI,10.53,10.94
UMANGDAIRY,27.46,27.46
KRIDHANINF,1.21,147.64
ALKEM,25.69,25.58
OCCL,9.04,9.04
QUICKHEAL,89.05,89.05
BHAGERIA,23.77,23.77
KELLTONTEC,13.75,13.75
SIMBHALS,6.92,6.92
HCG,110.34,115.74
INFIBEAM,23.25,23.25
THYROCARE,34.21,34.16
PARAGMILK,17.71,17.71
BLS,32.44,32.44
SALONA,19.7,19.7
MGL,12.29,12.29
POKARNA,23.29,23.29
COMPINFO,.6,.6
GPTINFRA,18.03,18.03
GROBTEA,6.67,6.67
SOMICONVEY,23.76,23.76
ADVENZYMES,24,22.35
SPAL,20.09,20.09
NDGL,34.15,32.95
RBLBANK,9.23,9.23
LTTS,40.31,40.31
ICICIPRULI,85.06,85.06
MARATHON,14.38,14.38
MAZDA,16.15,16.15
BANKBARODA,5.28,5.28
GAIL,9.99,12.11
CONCOR,32.48,31.83
KCPSUGIND,7.77,10.35
HUDCO,13.43,13.43
SAREGAMA,45.85,45.85
ENGINERSIN,27.76,27.76
JAICORPLTD,27.73,27.73
GMDCLTD,12.2,12.2
INDUSINDBK,11,11
ASAHIINDIA,46.55,49.89
J&KBANK,4.92,4.92
CUB,10.72,10.72
SOUTHBANK,5.01,5.01
ASTRAZEN,179.88,79.57
AXISBANK,10.9,10.9
SONATSOFTW,26.95,26.95
KOKUYOCMLN,83.53,83.53
DHANBANK,22.36,22.36
SANGHVIMOV,13.02,13.02
NATIONALUM,7.74,8.36
JINDALSTEL,21.16,21.16
NIPPOBATRY,2.41,2.41
HCLTECH,27.41,27.41
ACCELYA,20.03,20.08
STAR,17.43,16.68
NRBBEARING,18.02,18.83
BIL,49.64,49.64
KTKBANK,4.96,4.96
AJANTPHARM,38.35,38.35
CALSOFT,28.77,28.77
TVSMOTOR,51.74,51.74
TAJGVK,26.48,26.48
CHENNPETRO,22.44,22.44
GAEL,15.43,15.43
MRO-TEK,42.49,42.49
KHANDSE,42.69,42.69
MARKSANS,29.61,29.61
SMARTLINK,13.74,13.74
GODREJCP,,53.77
LUPIN,31.78,31.78
TCI,23.89,23.73
BHARTIARTL,42.11,55.14
PONNIERODE,9.05,9.05
TIMESGTY,72.41,72.41
NUCLEUS,14.05,14.05
CANBK,4.46,4.46
DIVISLAB,75,75
MARUTI,28.13,28.13
BAGFILMS,46.41,46.41
IGL,19.82,19.82
UNIENTER,752.96,752.96
PETRONET,12.18,12.18
PTC,7.29,7.14
MAHABANK,7.19,7.19
RKFORGE,9.16,9.16
EXCELINDUS,13.76,13.76
CENTEXT,17.98,18.23
ULTRACEMCO,52.3,52.07
GUFICBIO,49.27,49.27
WELENT,17.56,17.56
SUPRAJIT,43.84,43.84
JSWSTEEL,68.82,63.81
JPPOWER,7.18,5.78
IIFL,17.12,6.89
WELCORP,22.25,22.02
JKPAPER,8.56,8.56
GRANULES,26.25,26.25
GEOJITFSL,11.3,11.3
MSPL,67.98,68.12
SPLIL,10.62,10.62
GOLDIAM,34.36,34.36
SASKEN,46.31,46.31
IMPAL,14.46,14.46
AURIONPRO,39.93,39.93
TRIVENI,38.24,38.24
NAHARINDUS,20.35,19
VIMTALABS,34.89,34.89
KERNEX,304.94,304.94
NITINSPIN,10.55,10.55
ROHLTD,19.87,19.87
GSPL,7.98,8.15
WHEELS,14.13,14.13
PREMIERPOL,21.83,21.83
SESHAPAPER,13.48,13.48
FACT,,548.94
EXIDEIND,38.4,38.4
ELECON,27.44,27.44
PEL,42.81,
MASTEK,19.13,19.67
LUMAXIND,38.93,38.93
TRENT,98.41,138.17
CUMMINSIND,43.13,43.13
JAYBARMARU,30.72,30.72
INFY,27.77,27.77
INDIAGLYCO,19.72,19.72
IGPL,13.61,13.61
HIMATSEIDE,17.79,17.79
BPCL,8.45,8.28
BASF,30.82,31.34
ARVIND,26.28,26.28
ACC,13.6,14.97
SCI,7.47,7.47
MRPL,24.11,23.9
HINDPETRO,10.72,10.72
RELINFRA,38.92,
ASHOKLEY,21.44,21.74
VOLTAS,48.24,48.24
TITAN,88.38,88.38
SUNDARMFIN,31.68,30.48
SPIC,18.62,12.57
SBIN,8.02,8.02
PFIZER,30.66,30.66
BOSCHLTD,39.32,39.34
DEEPAKFERT,13.75,13.75
HINDOILEXP,15.9,19.59
BALMLAWRIE,13.41,13.41
CENTENKA,12.33,12.33
TORNTPHARM,55.29,55.29
FEDERALBNK,10.92,10.92
SRF,70.84,70.84
BIRLACABLE,86.86,86.86
HONAUT,55.51,55.51
RANEHOLDIN,8.76,82.65
SUNPHARMA,35.54,34.46
SANDESH,5.5,5.52
ASHIMASYN,4.67,4.67
APOLLOHOSP,69.57,69.57
IVP,12.55,12.55
INDBANK,15.78,15.78
EICHERMOT,33.53,33.53
NEULANDLAB,47.18,59.14
ZENSARTECH,28.18,28.18
TAINWALCHM,54.61,54.61
JINDALPOLY,11.26,19.06
BSL,16.96,16.96
NKIND,983.15,983.15
APCOTEXIND,31.51,31.51
RCF,26.57,28.25
KARURVYSYA,9.33,9.33
DECCANCE,324.6,56.91
ADVANIHOTR,20.86,20.86
THOMASCOOK,22.66,22.37
SPMLINFRA,38.35,40.32
BHARATRAS,27.01,27.01
UNIVCABLES,37.47,37.47
SOMANYCERA,25.69,26.14
M&M,28.52,28.52
KABRAEXTRU,32.88,32.88
POLYPLEX,8.71,8.71
3PLAND,37.75,37.75
OSWALAGRO,18.65,18.64
JINDALSAW,8.13,8.13
CANFINHOME,9.58,9.58
BBL,22.97,22.97
FINPIPE,14.6,25.48
CGPOWER,94.88,94.25
BEL,36.11,36.11
AUTOAXLES,16.49,16.49
SWARAJENG,20.66,20.66
MRF,26.37,26.37
JAYAGROGN,12.66,12.66
SAMBHAAV,48.32,56.32
WENDT,51.82,51.82
TVSSRICHAK,61.7,50.46
MMFL,13.96,14.01
ALKYLAMINE,45.91,45.91
RAMCOIND,23.7,23.7
MADRASFERT,5.91,6.09
BANKINDIA,5.34,5.34
PNBGILTS,6.62,6.7
AXISCADES,57.18,55.87
GOLDTECH,27.16,
MPSLTD,35.85,35.85
PNB,6.64,6.64
UNIONBANK,5.16,5.16
GODREJIND,18.66,18.66
UCOBANK,19.29,19.29
JAIBALAJI,15.66,15.66
UPL,776.24,29.79
VAIBHAVGBL,28.44,27.84
NIITLTD,35.06,35.06
NTPC,14.54,14.54
CONSOFINVT,5.74,5.74
SAKSOFT,22.28,22.28
SSWL,4.29,13.32
PRIMESECU,18,19.45
PLASTIBLEN,14.82,14.82
LUMAXTECH,17.74,17.74
GANDHITUBE,12.53,12.53
PGIL,30.69,30.77
PFC,4.17,4.17
PAGEIND,67.28,67.28
ASTRAL,70.1,70.1
NCLIND,20.27,17.7
PHOENIXLTD,42.57,43.01
ALPHAGEO,85.58,19.52
KMSUGAR,7.79,7.79
NELCAST,30.98,35.3
MEGASOFT,80.11,80.11
INDOWIND,32.68,32.68
POWERGRID,15.95,15.95
BAJAJELEC,73.17,73.17
ADANIPORTS,23.17,22.05
OIL,8.88,8.89
ZYDUSWELL,31.97,32.56
GILLANDERS,7907.71,
HINDCOPPER,51.25,51.25
JUBLFOOD,117.3,196.59
PERSISTENT,68.46,68.46
HMVL,13.31,13.31
GPPL,19.43,17.83
DEEPAKNTR,34.6,37.65
WABAG,30.12,29.73
RESPONIND,28.26,28.26
PENIND,18.9,18.9
JAMNAAUTO,16.61,16.61
PSB,33.58,33.58
TEXRAIL,26.46,26.46
MUTHOOTFIN,17.7,17.7
MENONBE,23.33,23.33
MANAKSTEEL,35,29.89
VIPULLTD,1,.99
TPLPLASTEH,28.11,28.11
ORICONENT,109.48,103.55
MUTHOOTCAP,8.35,8.35
SHK,355.24,15.03
PILANIINVS,26.76,26.76
NH,35.65,35.65
TEAMLEASE,33.22,33.22
NECCLTD,19.26,19.26
KDDL,18.28,18.26
CROMPTON,40.56,40.56
ALBERTDAVD,12.54,12.54
CONTROLPR,21.99,21.99
RADIOCITY,47.16,47.16
ARIHANTSUP,25.44,25.44
SCHAND,12.7,12.7
CDSL,44.88,44.88
DYNPRO,23.42,23.42
OPTIEMUS,74.37,74.37
COCHINSHIP,40.66,40.66
BRNL,2.69,2.69
GODREJAGRO,37.78,37.78
GICRE,8.83,8.83
IFGLEXPOR,25.55,25.55
DNAMEDIA,.46,
APOLLO,58.75,58.75
GINNIFILA,,141.68
TIL,7.25,152.2
BLUEDART,51.72,51.72
HSCL,39.76,39.76
ARENTERP,20.73,20.73
WSI,848.11,184.56
SUBROS,27.17,27.17
WIPRO,26.13,26.13
MURUDCERA,27.45,27.45
LIBERTSHOE,44.57,32.84
EIHAHOTELS,25.17,24.2
ABB,58.13,58.13
BRITANNIA,54.41,53.96
