SYMBOL,SERIES,SECURITY,HIGH/LOW,INDEX FLAG
21STCENMGM,BE,21ST CENTURY MGMT SERVICE,H
63MOONS,EQ,63 MOONS TECHNOLOGIES LTD,H
AARTISURF,EQ,AARTI SURFACTANTS LIMITED,H
ABMINTLLTD,EQ,ABM INTERNATIONAL LTD,H
AGARWALFT,ST,AGARWAL FLOAT GLASS I LTD,H
AGNI,ST,AGNI GREEN POWER LTD,H
AKI,BE,AKI INDIA LIMITED,H
ALMONDZ,EQ,ALMONDZ GLOBAL SEC LTD,H
AMDIND,EQ,AMD INDUSTRIES LIMITED,H
ANIKINDS,EQ,ANIK INDUSTRIES LTD,H
ANSALAPI,BZ,ANSAL PROP & INFRA LTD,H
ANTGRAPHIC,EQ,ANTARCTICA LTD,H
APEXECO,ST,APEX ECOTECH LIMITED,H
ARCHIES,EQ,ARCHIES LTD,H
ARROWGREEN,BE,ARROW GREENTECH LIMITED,H
ARSSINFRA,BE,ARSS INFRA PROJ. LTD,H
ARVINDPORT,ST,ARVIND PORT AND INFRA LTD,H
ASHAPURMIN,EQ,ASHAPURA MINECHEM LTD,H
ASIANHOTNR,BE,ASIAN HOTELS (NORTH) LTD,H
ASLIND,SM,ASL INDUSTRIES LIMITED,H
ATLASCYCLE,BE,ATLAS CYCLE (HARYANA) LTD,H
ATMASTCO,SM,ATMASTCO LIMITED,H
AUSOMENT,EQ,AUSOM ENTERPRISE LIMITED,H
AVALON,EQ,AVALON TECHNOLOGIES LTD,H
AVG,BE,AVG LOGISTICS LIMITED,H
AYMSYNTEX,EQ,AYM SYNTEX LIMITED,H
BAGFILMS,BE,B.A.G FILMS AND MEDIA LTD,H
BBOX,EQ,BLACK BOX LIMITED,H
BGLOBAL,BZ,BHARATIYA GLOBAL INFO LTD,H
BIRLAMONEY,BE,ADITYA BIRLA MONEY LTD,H
BLUECHIP,BE,BLUE CHIP INDIA LIMITED,H
BTML,BE,BODHI TREE MULTIMEDIA LTD,H
CARRARO,EQ,CARRARO INDIA LIMITED,H
CMMIPL,SZ,CMM INFRAPROJECTS LIMITED,H
COFFEEDAY,BE,COFFEE DAY ENTERPRISE LTD,H
COMPINFO,BZ,COMPUAGE INFOCOM LTD,H
CPS,ST,C P S SHAPERS LIMITED,H
CURAA,BE,CURA TECHNOLOGIES LIMITED,H
DBOL,BE,DHAMPUR BIO ORGANICS LTD,H
DCMFINSERV,EQ,DCM FINANCIAL SERVICES LT,H
DESTINY,ST,DESTINY LOGISTICS & I LTD,H
DHANBANK,BE,DHANLAXMI BANK LIMITED,H
DHRUV,BE,DHRUV CONSULTANCY SER LTD,H
DHTL,ST,DOCMODE HEALTH TECH LTD,H
DIACABS,EQ,DIAMOND POWER INFRA LTD,H
DIVYADHAN,ST,DIVYADHAN RECYCLING IND L,H
DYNAMIC,ST,DYNAMIC SRVCS & SEC LTD,H
E2E,EQ,E2E NETWORKS LIMITED,H
EFFWA,SM,EFFWA INFRA & RESEARCH L,H
ELGIRUBCO,BE,ELGI RUBBER CO. LTD,H
EMAMIREAL,BE,EMAMI REALTY LIMITED,H
EMKAY,BE,EMKAY GLOBAL FIN SERV LTD,H
EMMIL,ST,ENERGY MISSION MACH IND L,H
ENERGYDEV,EQ,ENERGY DEVE. CO.LTD,H
EPACK,EQ,EPACK DURABLE LIMITED,H
EXICOM,EQ,EXICOM TELE SYSTEMS LTD,H
FCONSUMER,BE,FUTURE CONSUMER LIMITED,H
FEL,BZ,FUTURE ENTERPRISES LTD,H
FELIX,SM,FELIX INDUSTRIES LTD.,H
FILATFASH,BE,FILATEX FASHIONS LIMITED,H
FLFL,BZ,FUT LIFESTYLE FASH LTD,H
FMNL,BE,FUTURE MKT NETWORKS LTD,H
FOCUS,EQ,FOCUS LIGHTG & FIXTRS LTD,H
FRESHARA,ST,FRESHARA AGRO EXPORTS LTD,H
GATECH,EQ,GACM TECHNOLOGIES LIMITED,H
GATECHDVR,EQ,GACM TECHNOLOGIES LIMITED,H
GAYAHWS,BE,GAYATRI HIGHWAYS LIMITED,H
GFSTEELS,BE,GRAND FOUNDRY LTD,H
GICL,ST,GLOBE INTL CARRIERS LTD,H
GKWLIMITED,BE,GKW LIMITED,H
GLFL,BE,GUJARAT LEASE FINANCING L,H
GOENKA,BZ,GOENKA DIAMOND&JEWELS LTD,H
GOLDTECH,EQ,AION-TECH SOLUTIONS LTD,H
GSTL,ST,GLOBESECURE TECHNO LTD,H
HDIL,BZ,HOUSING DEV & INFRA LTD,H
HEADSUP,BE,HEADS UP VENTURES LIMITED,H
HIGREEN,SM,HI GREEN CARBON LIMITED,H
HINDNATGLS,BE,HIND NATL GLASS & IND LTD,H
HOACFOODS,ST,HOAC FOODS INDIA LIMITED,H
HUBTOWN,EQ,HUBTOWN LIMITED,H
HYBRIDFIN,EQ,HYBRID FINANCIAL SERVICE,H
IBLFL,SM,IBL FINANCE LIMITED,H
IEML,ST,INDIAN EMULSIFIERS LTD,H
IGIL,EQ,INTERNATIO GEMM INS (I) L,H
IITL,EQ,INDUSTRIAL INV TRUST LTD,H
IL&FSENGG,BZ,IL&FS ENG AND CONS CO LTD,H
IL&FSTRANS,BZ,IL&FS TRANS NET LTD,H
INDIFRA,ST,INDIFRA LIMITED,H
INDOTECH,EQ,INDO TECH TRANSFORM LTD.,H
ISHAN,SM,ISHAN INTERNATIONAL LTD,H
ITTL,ST,INNOVATIVE TYRE & TUBE LT,H
JETFREIGHT,BE,JET FREIGHT LOGISTICS LTD,H
JITFINFRA,BE,JITF INFRALOGISTICS LTD,H
JNKINDIA,EQ,JNK INDIA LIMITED,H
JPASSOCIAT,BE,JAIPRAKASH ASSOCIATES LTD,H
JSWHL,EQ,JSW HOLDINGS LIMITED,H
K2INFRA,ST,K2 INFRAGEN LIMITED,H
KAYA,EQ,KAYA LIMITED,H
KDL,ST,KORE DIGITAL LIMITED,H
KEEPLEARN,EQ,DSJ KEEP LEARNING LTD,H
KERNEX,BE,KERNEX MICROSYS(I) LTD,H
KITEX,EQ,KITEX GARMENTS LTD,H
KODYTECH,ST,KODY TECHNOLAB LIMITED,H
KORE,ST,JAY JALARAM TECHNO LTD,H
KRISHCA,ST,KRISHCA STRAPPING SLTN L,H
KRITI,EQ,KRITI INDUSTRIES IND LTD,H
KTL,ST,KALAHRIDHAAN TRENDZ LTD,H
LAMBODHARA,EQ,LAMBODHARA TEXTILES LTD.,H
LOKESHMACH,BE,LOKESH MACHINES LTD,H
MACPOWER,BE,MACPOWER CNC MACHINES LTD,H
MADHUCON,EQ,MADHUCON PROJECTS LTD.,H
MAFANG,EQ,MIRAEAMC - MAFANG,H
MAGSON,ST,MAGSON RETAIL AND DIST L,H
MAHASTEEL,BE,MAHAMAYA STEEL INDS LTD,H
MAHEPC,BE,MAHINDRA EPC IRRIG LTD,H
MARINETRAN,SM,MARINETRANS INDIA LIMITED,H
MARSHALL,BE,MARSHALL MACHINES LTD,H
MAZDA,BE,MAZDA LIMITED,H
MCON,ST,MCON RASAYAN INDIA LTD,H
MEDIORG,SM,MEDICAMEN ORGANICS LTD,H
MIEL,ST,MANGLAM INFRA & ENG LTD,H
MKPL,EQ,M K PROTEINS LIMITED,H
MONOPHARMA,SM,MONO PHARMACARE LIMITED,H
MONQ50,EQ,MOTILALAMC - MONQ50,H
MORARJEE,BZ,MORARJEE TEXTILES LIMITED,H
MTEDUCARE,BE,MT EDUCARE LTD,H
NARMADA,BE,NARMADA AGROBASE LIMITED,H
NDGL,EQ,NAGA DHUNSERI GROUP LTD,H
NECLIFE,EQ,NECTAR LIFESCIENCES LTD.,H
NEELAM,SM,NEELAM LINENS & GAR (I) L,H
NIBE,EQ,NIBE LIMITED,H
NILASPACES,BE,NILA SPACES LIMITED,H
NIRMAN,ST,NIRMAN AGRI GENTICS LTD,H
NITIRAJ,BE,NITIRAJ ENGINEERS LTD,H
OMFURN,SM,OMFURN INDIA LIMITED,H
ORCHPHARMA,EQ,ORCHID PHARMA LIMITED,H
ORIANA,SM,ORIANA POWER LIMITED,H
ORIENTTECH,EQ,ORIENT TECHNOLOGIES LTD,H
OSELDEVICE,ST,OSEL DEVICES LIMITED,H
OSIAHYPER,EQ,OSIA HYPER RETAIL LIMITED,H
OWAIS,ST,OWAIS METAL & MINERAL,H
PANACHE,BE,PANACHE DIGILIFE LIMITED,H
PARASPETRO,EQ,PARAS PETROFILS LTD.,H
PEARLPOLY,EQ,PEARL POLYMERS LTD,H
PERFECT,ST,PERFECT INFRAENGINEER LTD,H
PIGL,BE,POWER INSTRUMENT (G) LTD,H
PIONEEREMB,BE,PIONEER EMBROIDERIES LTD,H
PRAMARA,SM,PRAMARA PROMOTIONS LTD,H
PRATHAM,ST,PRATHAM EPC PROJECTS LTD,H
PRIZOR,SM,PRIZOR VIZTECH LIMITED,H
PTCIL,EQ,PTC INDUSTRIES LIMITED,H
PULZ,SM,PULZ ELECTRONICS LIMITED,H
PURVA,EQ,PURAVANKARA LIMITED,H
QUADPRO,SM,QUADPRO ITES LIMITED,H
QUINTEGRA,BE,QUINTEGRA SOLUTIONS LTD.,H
RAJTV,EQ,RAJ TV NETWORK LTD,H
RAMANEWS,BE,SHREE RAMA NEWSPRINT LTD,H
RBMINFRA,ST,RBM INFRACON LIMITED,H
RBZJEWEL,BE,RBZ JEWELLERS LIMITED,H
REFEX,EQ,REFEX INDUSTRIES LIMITED,H
REFRACTORY,ST,REFRACTORY SHAPES LIMITED,H
RHFL,BE,RELIANCE HOME FINANCE LTD,H
ROLLT,BE,ROLLATAINERS LIMITED,H
ROLTA,BZ,ROLTA INDIA LTD,H
ROSSTECH,BE,ROSSELL TECHSYS LIMITED,H
RPPINFRA,BE,R.P.P INFRA PROJECTS LTD.,H
RSSOFTWARE,BE,R. S. SOFTWARE (INDIA) LI,H
RULKA,ST,RULKA ELECTRICALS LIMITED,H
S&SPOWER,EQ,S&S POWER SWITCHGEARS LTD,H
SAGILITY,EQ,SAGILITY INDIA LIMITED,H
SAHANA,ST,SAHANA SYSTEM LIMITED,H
SAIFL,ST,SAMEERA AGRO AND INFRA L,H
SALASAR,EQ,SALASAR TECHNO ENGG. LTD.,H
SANGAMIND,EQ,SANGAM (INDIA) LTD,H
SANWARIA,BZ,SANWARIA CONSUMER LIMITED,H
SATECH,ST,S A TECH SOFTWARE INDIA L,H
SATKARTAR,SM,SAT KARTAR SHOPPING LTD,H
SDREAMS,ST,S D RETAIL LIMITED,H
SECL,ST,SALASAR EXTERIOR CONT LTD,H
SENCO,EQ,SENCO GOLD LIMITED,H
SETCO,BE,SETCO AUTOMOTIVE LTD,H
SGIL,BE,SYNERGY GREEN IND. LTD,H
SHANTHALA,ST,SHANTHALA FMCG PRODUCTS L,H
SHARDAMOTR,EQ,SHARDA MOTOR INDS LTD,H
SHEKHAWATI,BE,SHEKHAWATI INDUSTRIES LTD,H
SHRENIK,EQ,SHRENIK LIMITED,H
SILINV,EQ,SIL INVESTMENTS LIMITED,H
SILKFLEX,SM,SILKFLEX POLYMERS INDIA L,H
SIMPLEXINF,BE,SIMPLEX INFRASTRUCTURES L,H
SITINET,BZ,SITI NETWORKS LIMITED,H
SKIL,BZ,SKIL INFRASTRUCTURE LTD.,H
SLONE,ST,SLONE INFOSYSTEMS LIMITED,H
SMVD,SM,SMVD POLY PACK LIMITED,H
SOLARA,EQ,SOLARA ACTIVE PHA SCI LTD,H
SOLARAPP,E1,SOLAR ACT RS.3.50 PPD UP,H
SONUINFRA,ST,SONU INFRATECH LIMITED,H
SOTAC,SM,SOTAC PHARMACEUTICALS LTD,H
SPCENET,BE,SPACENET ENTERS IND LTD,H
SPCL,ST,SHIVALIC POWER CONTROL L,H
SPECTSTM,SM,SPECTRUM TALENT MGMT LTD,H
SUNFLAG,BE,SUNFLAG IRON AND STEEL CO,H
SUPERSPIN,EQ,SUPER SPINNING MILLS LTD,H
SUPREMEINF,BZ,SUPREME INFRA. LTD,H
SUPREMEPWR,ST,SUPREME POWER EQUIPMENT L,H
SVPGLOB,BE,SVP GLOBAL TEXTILES LTD,H
SWANDEF,BE,SWAN DEFENCE N HEVY IND L,H
TAC,ST,TAC INFOSEC LIMITED,H
TARACHAND,BE,TARA CHAND INFRA SOLN LTD,H
TARAPUR,BE,TARAPUR TRANSFORMERS LTD,H
TARC,EQ,TARC LIMITED,H
TARIL,EQ,TRANS & RECTI. LTD,H
TBI,ST,TBI CORN LIMITED,H
TCIFINANCE,BE,TCIFINANCELTD-ROLL SETT,H
TECILCHEM,EQ,TECIL CHEMICALS,H
TEMBO,BE,TEMBO GLOBAL IND LTD,H
TGL,ST,TEERTH GOPICON LIMITED,H
THOMASCOTT,BE,THOMAS SCOTT (INDIA) LTD,H
TIL,EQ,TIL LTD,H
UNIVAFOODS,BE,UNIVA FOODS LIMITED,H
URBAN,SM,URBAN ENVIRO WASTE MGMT L,H
V2RETAIL,BE,V2 RETAIL LIMITED,H
VELS,ST,VELS FILM INTERNATIONAL L,H
VIJIFIN,EQ,VIJI FINANCE LIMITED,H
WEBELSOLAR,BE,WEBSOL ENERGY SYSTEM LTD,H
WEIZMANIND,EQ,WEIZMANN LTD,H
WINDMACHIN,EQ,WINDSOR MACHINES LIMITED,H
WINSOME,BZ,WINSOME YARNS LIMITED,H
WTICAB,SM,WISE TRAVEL INDIA LIMITED,H
YAARI,BE,YAARI DIGI INT SER LTD,H
ABMINTLLTD,EQ,ABM INTERNATIONAL LTD,L
AGSTRA,BE,AGS TRANSACT TECH LTD,L
AKSHAR,BE,AKSHAR SPINTEX LIMITED,L
ALPSINDUS,BE,ALPS INDUSTRIES LTD.,L
ANKITMETAL,BZ,ANKIT MET & POW LTD,L
ANSALAPI,BZ,ANSAL PROP & INFRA LTD,L
ARSHIYA,BZ,ARSHIYA LIMITED,L
ARSSINFRA,BE,ARSS INFRA PROJ. LTD,L
ARVEE,EQ,ARVEE LABORATORIES I LTD,L
ASLIND,SM,ASL INDUSTRIES LIMITED,L
AUSL,ST,ADITYA ULTRA STEEL LTD,L
AVPINFRA,ST,AVP INFRACON LIMITED,L
AXISCADES,BE,AXISCADES TECH LTD,L
BGLOBAL,BZ,BHARATIYA GLOBAL INFO LTD,L
BLUECHIP,BE,BLUE CHIP INDIA LIMITED,L
CALSOFTPP,X1,CALSOFT RS.2.50 PPD UP,L
CLOUD,SZ,VARANIUM CLOUD LIMITED,L
CMICABLES,BZ,CMI LIMITED,L
CMMIPL,SZ,CMM INFRAPROJECTS LIMITED,L
COMPINFO,BZ,COMPUAGE INFOCOM LTD,L
COOLCAPS,ST,COOL CAPS INDUSTRIES LTD,L
DCG,ST,DCG CABLES & WIRES LTD,L
DESTINY,ST,DESTINY LOGISTICS & I LTD,L
DIVINEHIRA,ST,DIVINE HIRA JEWELLERS LTD,L
EDUCOMP,BZ,EDUCOMP SOLUTIONS LTD,L
EROSMEDIA,BZ,EROS INTL MEDIA LTD,L
ESCONET,ST,ESCONET TECHNOLOGIES LTD,L
FEL,BZ,FUTURE ENTERPRISES LTD,L
FELDVR,BE,FUTURE ENTERPRISES LTD,L
GANGOTRI,BZ,GANGOTRI TEXTILES LTD.,L
GENSOL,BE,GENSOL ENGINEERING LTD,L
GICL,ST,GLOBE INTL CARRIERS LTD,L
GLOBALE,BE,GLOBALE TESSILE LIMITED,L
GRAPHISAD,SM,GRAPHISADS LIMITED,L
GSMFOILS,ST,GSM FOILS LIMITED,L
GTECJAINX,EQ,G-TEC JAINX EDUCATION LTD,L
GVKPIL,BE,GVK POW. & INFRA LTD.,L
HBSL,EQ,HB STOCKHOLDINGS LIMITED,L
HINDNATGLS,BE,HIND NATL GLASS & IND LTD,L
IDEALTECHO,ST,IDEAL TECHNOPLAST IND LTD,L
IMPEXFERRO,BZ,IMPEX FERRO TECH LIMITED,L
ISHAN,SM,ISHAN INTERNATIONAL LTD,L
JALAN,ST,JALAN TRANSOLU. INDIA LTD,L
JIWANRAM,ST,JIWANRAM SHEODUTTRA IND L,L
JPASSOCIAT,BE,JAIPRAKASH ASSOCIATES LTD,L
KEEPLEARN,EQ,DSJ KEEP LEARNING LTD,L
KESORAMIND,BE,KESORAM INDUSTRIES LTD,L
KONTOR,SM,KONTOR SPACE LIMITED,L
KOTYARK,ST,KOTYARK INDUSTRIES LTD,L
LAKPRE,BZ,LAKSHMI PRE SCRE LTD,L
LAWSIKHO,ST,ADDICTIVE LEARNING TECH L,L
LGHL,BE,LAXMI GOLDORNA HOUSE LTD,L
LRRPL,ST,LEAD REC AND RUB PROD LTD,L
MANAV,SM,MANAV INFRA PROJECTS LTD,L
MARSHALL,BE,MARSHALL MACHINES LTD,L
MEDIORG,SM,MEDICAMEN ORGANICS LTD,L
MEP,BZ,MEP INFRA. DEVELOPERS LTD,L
NAGREEKCAP,EQ,NAGREEKA CAP & INFR.LTD,L
NAMAN,ST,NAMAN IN-STORE (INDIA) L,L
NITIRAJ,BE,NITIRAJ ENGINEERS LTD,L
NOIDATOLL,BE,NOIDA TOLL BRIDGE CO LTD,L
NORBTEAEXP,BE,NORBEN TEA &EXPORTS LTD,L
PANACEABIO,EQ,PANACEA BIOTEC LTD,L
PERFECT,ST,PERFECT INFRAENGINEER LTD,L
PHOGLOBAL,ST,PHOENIX OVERSEAS LIMITED,L
PODDARHOUS,BZ,PODDAR HOUSE & DVPT LTD,L
PRABHA,BE,PRABHA ENERGY LIMITED,L
PRAXIS,EQ,PRAXIS HOME RETAIL LTD,L
PREMIER,BE,PREMIER LIMITED,L
QUESTLAB,ST,QUEST LABORATORIES LTD,L
QUINTEGRA,BE,QUINTEGRA SOLUTIONS LTD.,L
RAJRILTD,BE,RAJ RAYON INDUSTRIES LTD,L
RCOM,BE,RELIANCE COMMUNICATIONS L,L
REXPIPES,SM,REX PIPES AND CABLES LTD,L
ROCKINGDCE,SM,ROCKINGDEALS CIRCU ECO L,L
ROXHITECH,ST,ROX HI TECH LIMITED,L
SAIFL,ST,SAMEERA AGRO AND INFRA L,L
SANWARIA,BZ,SANWARIA CONSUMER LIMITED,L
SECL,ST,SALASAR EXTERIOR CONT LTD,L
SECURCRED,BZ,SECUR CREDENTIALS LIMITED,L
SEL,ST,SUNGARNER ENERGIES LTD,L
SETUINFRA,BZ,SETUBANDHAN INFRA LTD,L
SFML,ST,SUPREME FACILITY MGMT LTD,L
SHEKHAWATI,BE,SHEKHAWATI INDUSTRIES LTD,L
SHUBHLAXMI,SM,SHUBHLAXMI JEWEL ART LTD,L
SITINET,BZ,SITI NETWORKS LIMITED,L
SURANI,ST,SURANI STEEL TUBES LTD.,L
SUULD,BZ,SUUMAYA INDUSTRIES LTD,L
TECHERA,ST,TECHERA ENGINEER (IND) L,L
TECHLABS,ST,TRIDENT TECHLABS LIMITED,L
UEL,BE,UJAAS ENERGY LIMITED,L
UNITECH,BZ,UNITECH LIMITED,L
VENTIVE,EQ,VENTIVE HOSPITALITY LTD,L
VERTEXPLUS,SM,VERTEXPLUS TECHNOLOGIES L,L
VLEGOV,BE,VL E GOV AND IT SOL LTD,L
VMARCIND,ST,V MARC INDIA LIMITED,L
VSTL,EQ,VIBHOR STEEL TUBES LTD,L
WALPAR,SM,WALPAR NUTRITIONS LIMITED,L
WINSOME,BZ,WINSOME YARNS LIMITED,L
WOMANCART,ST,WOMANCART LIMITED,L
YUDIZ,SM,YUDIZ SOLUTIONS LIMITED,L
