GAIN_LOSS,SECURITY,CLOSE_PRIC,PREV_CL_PR,PERCENT_CG
 ,Nifty 50 Sec., , , 
 , , , , 
G,KOTAK MAHINDRA BANK LTD,      2176.15,      2079.00,4.67
G,NTPC LTD,       366.95,       351.30,4.45
G,STATE BANK OF INDIA,       780.80,       753.20,3.66
G,TECH MAHINDRA LIMITED,      1458.65,      1409.25,3.51
G,POWER GRID CORP. LTD.,       291.85,       283.10,3.09
G,AXIS BANK LIMITED,      1097.85,      1070.15,2.59
G,BAJAJ FINSERV LTD.,      1894.15,      1847.25,2.54
G,HCL TECHNOLOGIES LTD,      1604.15,      1566.70,2.39
G,EICHER MOTORS LTD,      5424.20,      5305.95,2.23
G,BHARAT ELECTRONICS LTD,       302.10,       295.74,2.15
G,RELIANCE INDUSTRIES LTD,      1302.10,      1276.35,2.02
G,BAJAJ FINANCE LIMITED,      9090.05,      8916.10,1.95
G,WIPRO LTD,       269.40,       264.30,1.93
G,LARSEN & TOUBRO LTD.,      3481.85,      3415.95,1.93
G,GRASIM INDUSTRIES LTD,      2513.20,      2469.40,1.77
G,HDFC BANK LTD,      1800.00,      1770.35,1.67
G,MARUTI SUZUKI INDIA LTD.,     11922.25,     11732.80,1.61
G,SBI LIFE INSURANCE CO LTD,      1569.80,      1546.40,1.51
G,TATA MOTORS LIMITED,       713.50,       702.95,1.5
G,TATA CONSULTANCY SERV LT,      3628.95,      3578.10,1.42
G,ITC LTD,       410.90,       405.55,1.32
G,ICICI BANK LTD.,      1358.15,      1343.10,1.12
G,ADANI PORT & SEZ LTD,      1200.80,      1188.80,1.01
G,TATA CONSUMER PRODUCT LTD,       970.45,       961.20,.96
G,ASIAN PAINTS LIMITED,      2322.50,      2300.40,.96
G,HINDALCO  INDUSTRIES  LTD,       701.50,       695.35,.88
G,DR. REDDY S LABORATORIES,      1210.30,      1200.15,.85
G,SHRIRAM FINANCE LIMITED,       682.00,       676.80,.77
G,TATA STEEL LIMITED,       158.42,       157.28,.72
G,BAJAJ AUTO LIMITED,      8125.55,      8067.85,.72
 , , , , 
L,TITAN COMPANY LIMITED,      3079.10,      3162.70,-2.64
L,INDUSIND BANK LIMITED,       669.45,       686.90,-2.54
L,TRENT LTD,      5054.70,      5150.05,-1.85
L,MAHINDRA & MAHINDRA LTD,      2774.70,      2801.85,-0.97
L,BHARTI AIRTEL LIMITED,      1718.80,      1725.80,-0.41
L,BRITANNIA INDUSTRIES LTD,      4796.85,      4814.00,-0.36
L,NESTLE INDIA LIMITED,      2263.55,      2268.85,-0.23
L,HERO MOTOCORP LIMITED,      3626.35,      3629.00,-0.07
 , , , , 
 ,Nifty Next 50 Sec., , , 
 , , , , 
G,HINDUSTAN AERONAUTICS LTD,      4129.80,      3891.25,6.13
G,POWER FIN CORP LTD.,       425.50,       407.80,4.34
G,CANARA BANK,        91.32,        87.54,4.32
G,UNION BANK OF INDIA,       127.46,       122.52,4.03
G,REC LIMITED,       444.45,       428.95,3.61
G,ICICI LOMBARD GIC LIMITED,      1785.05,      1723.20,3.59
G,BANK OF BARODA,       224.47,       216.70,3.59
G,GAIL (INDIA) LTD,       181.28,       175.05,3.56
G,BOSCH LIMITED,     28276.80,     27432.25,3.08
G,MACROTECH DEVELOPERS LTD,      1216.75,      1180.75,3.05
G,PUNJAB NATIONAL BANK,        95.93,        93.14,3
G,JSW ENERGY LIMITED,       575.25,       559.70,2.78
G,INFO EDGE (I) LTD,      7100.85,      6916.00,2.67
G,ICICI PRU LIFE INS CO LTD,       596.85,       581.40,2.66
G,BHEL,       217.54,       211.95,2.64
G,INDIAN RAILWAY FIN CORP L,       132.80,       129.66,2.42
G,LTIMINDTREE LIMITED,      4620.40,      4520.25,2.22
G,SAMVRDHNA MTHRSN INTL LTD,       134.00,       131.34,2.03
G,DIVI S LABORATORIES LTD,      5910.70,      5797.35,1.96
G,INDIAN OIL CORP LTD,       133.67,       131.51,1.64
G,SHREE CEMENT LIMITED,     29442.65,     28987.40,1.57
G,JIO FIN SERVICES LTD,       232.68,       229.12,1.55
G,TORRENT PHARMACEUTICALS L,      3271.45,      3223.10,1.5
G,DLF LIMITED,       706.00,       695.90,1.45
G,ABB INDIA LIMITED,      5532.20,      5457.50,1.37
G,BAJAJ HOLDINGS & INVS LTD,     12435.50,     12273.55,1.32
G,NHPC LTD,        83.62,        82.56,1.28
G,TVS MOTOR COMPANY  LTD,      2444.70,      2413.85,1.28
G,LIFE INSURA CORP OF INDIA,       800.55,       791.35,1.16
G,VEDANTA LIMITED,       472.25,       467.30,1.06
 , , , , 
L,ZOMATO LIMITED,       222.80,       227.52,-2.07
L,INTERGLOBE AVIATION LTD,      4970.35,      5044.05,-1.46
L,ADANI ENERGY SOLUTION LTD,       820.25,       831.70,-1.38
L,VARUN BEVERAGES LIMITED,       531.10,       537.95,-1.27
L,ADANI TOTAL GAS LIMITED,       625.10,       630.70,-0.89
L,CHOLAMANDALAM IN & FIN CO,      1529.30,      1538.50,-0.6
L,GODREJ CONSUMER PRODUCTS,      1106.30,      1111.95,-0.51
L,ADANI GREEN ENERGY LTD,       952.90,       954.25,-0.14
L,PIDILITE INDUSTRIES LTD,      2822.00,      2825.50,-0.12
 , , , , 
 ,OTHER SECURITIES, , , 
 , , , , 
G,PEARL POLYMERS LTD,        29.94,        24.95,20
G,SANGAM (INDIA) LTD,       414.30,       345.25,20
G,SHARDA MOTOR INDS LTD,      1799.60,      1499.70,20
G,AION-TECH SOLUTIONS LTD,        69.08,        57.57,19.99
G,LAMBODHARA TEXTILES LTD.,       137.14,       114.29,19.99
G,AMD INDUSTRIES LIMITED,        55.88,        46.57,19.99
G,SALASAR TECHNO ENGG. LTD.,         9.67,         8.06,19.98
G,SEC RE NCD SR V,      1235.00,      1032.00,19.67
G,JBM AUTO LIMITED,       662.05,       568.00,16.56
G,T T LIMITED,        14.38,        12.35,16.44
G,POWER MECH PROJECTS LTD.,      2526.50,      2170.10,16.42
G,SEC RE NCD 8.45% SR 1,       999.02,       864.10,15.61
G,SEC RE NCD SR VI,      1090.00,       950.00,14.74
G,GLOBAL SURFACES LIMITED,       126.56,       110.79,14.23
G,SALZER ELECTRONICS LTD,      1111.50,       975.15,13.98
G,GUJARAT THEMIS BIOSYN LTD,       289.75,       254.34,13.92
G,RAJESH EXPORTS LTD,       212.43,       187.22,13.47
G,KIRLOSKAR PNEUMATIC COM L,      1374.80,      1212.60,13.38
G,KHFM HOS FAC MANA SER LTD,        82.65,        72.90,13.37
G,P. E. ANALYTICS LIMITED,       249.00,       220.00,13.18
G,NAGREEKA EXPORTS LTD.,        30.99,        27.39,13.14
G,NANDAN DENIM LIMITED,         4.06,         3.59,13.09
G,MAGELLANIC CLOUD LIMITED,        54.78,        48.51,12.93
G,JEENA SIKHO LIFECARE LTD,      1963.00,      1741.25,12.74
G,LOTUS EYE HOSP & INST L,        68.43,        60.83,12.49
G,FINOLEX CABLES LTD,       939.05,       839.00,11.92
G,KEN ENTERPRISES LIMITED,        42.05,        37.60,11.84
G,5PAISA CAPITAL LIMITED,       393.00,       352.30,11.55
G,AERON COMPOSITE LIMITED,       132.50,       118.80,11.53
G,TUNWAL E-MOTORS LIMITED,        34.75,        31.20,11.38
 , , , , 
L,SEC RE NCD 9.65% SR.VII,       685.00,      1000.00,-31.5
L,SEC RE NCD 9.55% SR.IV,       346.00,       432.00,-19.91
L,SEC RE NCD 9.90% SR.IV,       377.66,       455.00,-17
L,UNSERENCD8.85%SRIVCIII&IV,      1010.00,      1167.00,-13.45
L,SEC RE NCD 9.85% SR.VIII,       709.00,       790.00,-10.25
L,ROCKINGDEALS CIRCU ECO L,       234.00,       259.20,-9.72
L,IKIO LIGHTING LIMITED,       265.63,       292.92,-9.32
L,MEDICO REMEDIES LIMITED,        46.34,        50.30,-7.87
L,SERVICE CARE LIMITED,        60.00,        65.00,-7.69
L,KHANDWALA SECURITIES LTD,        23.63,        25.56,-7.55
L,NHB 8.68 NCD TR II SR 2 A,      5501.00,      5939.00,-7.37
L,VIBHOR STEEL TUBES LTD,       168.32,       181.57,-7.3
L,LLOYDS LUXURIES LIMITED,        78.65,        84.65,-7.09
L,DOLLEX AGROTECH LIMITED,        34.35,        36.90,-6.91
L,JAY BEE LAMINATIONS LTD,       229.80,       246.65,-6.83
L,VDEAL SYSTEM LIMITED,       112.20,       120.35,-6.77
L,ELEGANZ INTERIORS LIMITED,       106.70,       114.20,-6.57
L,SRIVASAVI ADHESIVE TAPE L,        75.05,        80.15,-6.36
L,VAXTEX COTFAB LIMITED,          .75,          .80,-6.25
L,SPP POLYMER LIMITED,        18.20,        19.35,-5.94
L,VIMTA LABS LIMITED,      1088.85,      1155.00,-5.73
L,MANUGRAPH INDIA LIMITED,        18.74,        19.86,-5.64
L,NGIL RS. 6 PPD UP,        18.61,        19.71,-5.58
L,JINDAL STAINLESS LIMITED,       591.35,       625.70,-5.49
L,JYOTI STRUCTURES LTD,        17.91,        18.95,-5.49
L,PRECISION METALIKS LTD,        24.30,        25.70,-5.45
L,PARAMATRIX TECHNOLOGIES L,        68.65,        72.50,-5.31
L,CALSOFT RS.2.50 PPD UP,         3.87,         4.08,-5.15
L,MANAV INFRA PROJECTS LTD,        11.25,        11.85,-5.06
L,VARANIUM CLOUD LIMITED,         8.45,         8.90,-5.06
