SECURITY,NEW,PREVIOUS,NEW_STATUS
COROMANDEL INTERNTL. LTD,2034.45,2014.65,H
PASHUPATI COTSPIN LIMITED,621,620,H
AXISCADES TECH LTD,975.05,963.4,H
ICICIPRAMC - ICICI10GS,250.25,249.75,H
SHEETAL UNIVERSAL LIMITED,92,91.9,H
BOND 8.40% PA TF TI-SIIA,1180,1172,H
INDEF MANUFACTURING LTD,276.59,275,H
GOI TBILL 182D-31/07/25,97.67,97.61,H
GP ECO SOLUTIONS INDIA L,279.4,277.75,H
GOI TBILL 91D-17/04/25,99.7,99.46,H
ESPRIT STONES LIMITED,115.15,112.9,H
GOI TBILL 182D-04/04/25,99.65,99.21,H
2.50%GOLDBONDS2026SR-I,8991,8879.97,H
2.50%GOLDBONDS2028SR-VI,8750,8744,H
SEC RE NCD 7.60% SR.II,1052.46,1050,H
KALANA ISPAT LIMITED,55,51,H
SUYOG TELEMATICS LIMITED,944,926,H
2.50%GOLDBONDS2028SR-IV,8750,8749.85,H
MIRAEAMC - MAFSETF,26,25.9,H
ASIAN HOTELS (NORTH) LTD,419.5,399.65,H
GOI TBILL 182D-17/04/25,99.31,98.78,H
INNOVATIVE TYRE & TUBE LT,35.45,34.8,H
SEC RE NCD SR.V,1209.8,1208.6,H
ROYAL ARC ELECTRODES LTD,132,128,H
SWARAJ ENGINES LTD,4062.45,3797.9,H
NARAYANA HRUDAYALAYA LTD.,1724.35,1719,H
HDFC GOLD ETF,78.55,77.3,H
SHRIRAM - LIQUIDSHRI,1044.59,1044.4,H
ZERODHAAMC - GOLDCASE,14.45,14.28,H
SEC RE NCD SR V,1235,1100,H
GOI TBILL 182D-08/05/25,99.26,98.89,H
KABRA JEWELS LIMITED,131.45,129.5,H
CHAMBAL FERTILIZERS LTD,622.6,598.55,H
ASTRAZENECA PHARMA IND LT,9059.05,8877,H
2.50% GOLDBONDS2025SR-III,9050,9000,H
2.50%GOLDBONDS2027SR-V,8799,8783.51,H
CHAMAN METALLICS LIMITED,146.95,143.5,H
GOI LOAN   7.09% 2074,104.5,103,H
GOI TBILL 364D-19/06/25,98.24,98.2,H
ICICIPRAMC - CASHIETF,1002.32,1002.17,H
SEC RE NCD SR VI,1090,1000,H
SURATWWALA BUS GROUP LTD,34.83,34.15,H
GABRIEL INDIA LTD,607.8,598.25,H
THE P K TEA PROD CO LTD,750,749,H
2.50%GOLDBONDS2028SR-I,8955.09,8872,H
BAHETI RECYCLING IND LTD,547.5,523,H
UNSEC RED NCD SR. VI,1726,1725,H
TAX FREE7.50% SR.104 A,1249.9,1244.9,H
INTERIORS & MORE LIMITED,420,393.9,H
ANZEN IND ENE YLD PLU TRU,106,105.7,H
POLYSIL IRRIGATION SYST L,22.05,21.65,H
MIRAEAMC - SELECTIPO,50,43.8,H
NORBEN TEA &EXPORTS LTD,40.36,40.27,H
WELSPUN CORP LIMITED,900,892.9,H
JSW HOLDINGS LIMITED,24102.35,22993.85,H
2.50%GOLDBONDS2029SR-IX,8749,8745,H
FRANTEMAMC - FICRF3GP,9.61,8.76,H
PANACHE DIGILIFE LIMITED,287.6,284.6,H
KODY TECHNOLAB LIMITED,952.6,907.25,H
SWAN DEFENCE N HEVY IND L,86.21,82.11,H
ONESOURCE SPECL PHARMA L,1722.75,1705.95,H
GUJARAT THEMIS BIOSYN LTD,298.7,281.69,H
KOTAKMAMC - NIFTY100EW,30.8,30.4,H
MOTILALAMC - MOCAPITAL,34.7,33.41,H
MPS LIMITED,3079,3019.9,H
MAHAMAYA STEEL INDS LTD,257.25,233.8,H
SEC RE NCD 8.85% SR I,1065,1060,H
SEC RE NCD 8.50% SR 3,1039,1021,H
KARNIKA INDUSTRIES LTD,684,683,H
OWAIS METAL & MINERAL,555.25,528.85,H
SAJ HOTELS LIMITED,76.3,75.9,H
CADSYS (INDIA) LIMITED,75,76,L
PENINSULA LAND LIMITED,24.7,24.8,L
SEC RE NCD 9.55% SR.IV,346,348,L
VAISHALI PHARMA LIMITED,10.36,11.65,L
AGS TRANSACT TECH LTD,10.16,10.7,L
EXCELLENT WIRES N PACK L,45,46,L
7.64% TAX FREE TRI SRIIB,1090,1091.55,L
SHRADHA INFRAPROJECTS LTD,65.74,74,L
INDIAN PHOSPHATE LIMITED,46.8,47.4,L
MANDEEP AUTO INDUSTRIES L,19.9,20.15,L
ORCHASP LIMITED,2.27,2.55,L
DSJ KEEP LEARNING LTD,2.83,3.4,L
NET AVENUE TECHNOLOGIES L,6.6,6.7,L
PRABHA ENERGY LIMITED,180.85,190.37,L
ON DOOR CONCEPTS LIMITED,162.75,166,L
JAKHARIA FABRIC LIMITED,74.5,76,L
MARSHALL MACHINES LTD,13.19,16.4,L
MARINETRANS INDIA LIMITED,14.2,19.1,L
SITI NETWORKS LIMITED,0.53,0.54,L
SAKUMA EXPORTS LIMITED,2.57,2.63,L
NAMAN IN-STORE (INDIA) L,67.75,69.2,L
GIRIRAJ CIVIL DEVP LTD,287.5,293,L
ISHAN INTERNATIONAL LTD,1,1.05,L
YUDIZ SOLUTIONS LIMITED,31.25,32.35,L
BULKCORP INTERNATIONAL L,63,63.1,L
MEP INFRA. DEVELOPERS LTD,1.44,1.47,L
EROS INTL MEDIA LTD,7.76,8.17,L
KEN ENTERPRISES LIMITED,37.05,37.25,L
MODERN THREADS INDIA LTD,35.66,35.81,L
PANSARI DEVELOPERS LTD,166.65,170,L
BEST AGROLIFE LIMITED,254.15,259.3,L
IDENTICAL BRAINS STUDIO L,45.75,46.65,L
SECUREKLOUD TECH LIMITED,19.35,19.73,L
VINNY OVERSEAS LIMITED,1.29,1.32,L
ROCKINGDEALS CIRCU ECO L,233.3,255,L
VADIVARHE SPCLTY CHEM LTD,26.8,27.35,L
GAJANAND INTERNATIONAL L,13.75,14,L
FLEXITUFF VENTURES INT L,31.48,32.13,L
GREENLAM INDUSTRIES LTD.,262.5,271.6,L
VIRINCHI LIMITED,22.5,22.75,L
VERTOZ LIMITED,8.5,8.68,L
QMS MEDICAL ALLIED S LTD,85.75,86,L
COMPUAGE INFOCOM LTD,1.54,1.55,L
SOLVE PLASTIC PRODUCTS L,28.2,30.85,L
SPP POLYMER LIMITED,18.1,34.65,L
ENSER COMMUNICATIONS LTD,21.4,21.8,L
DIGIKORE STUDIOS LIMITED,188.25,192.1,L
NHB 8.68 NCD TR II SR 2 A,5501,5854,L
VARANIUM CLOUD LIMITED,8.45,8.9,L
JIWANRAM SHEODUTTRA IND L,6.3,6.5,L
ARSHIYA LIMITED,2.82,2.93,L
SECUR CREDENTIALS LIMITED,1.79,1.89,L
ASPIRE & INNOVATIVE ADV L,29.45,30.05,L
LORENZINI APPARELS LTD,12.54,12.6,L
COMMERCIAL SYN BAGS LTD,74.5,75.06,L
SALASAR EXTERIOR CONT LTD,8.85,9.3,L
SEC RE NCD 9.90% SR.IV,373,455,L
KAMDHENU VENTURES LIMITED,9.88,10.09,L
CMI LIMITED,3.77,3.95,L
GLOBE INTL CARRIERS LTD,90.95,91.55,L
MY MUDRA FINCORP LIMITED,53.9,55,L
NATURAL CAPSULES LIMITED,175,175.5,L
AURANGABAD DISTILLERY LTD,156.95,160.05,L
UPSURGE SEEDS OF AGRI LTD,133.2,134,L
MICROPRO SOFTWARE SOL L,23.75,24,L
ADITYA ULTRA STEEL LTD,26.75,27,L
C2C ADVANCED SYSTEMS LTD,342.5,342.6,L
TRUST FINTECH LIMITED,73.6,74.1,L
ROX HI TECH LIMITED,43.05,44.7,L
PARAMATRIX TECHNOLOGIES L,68.25,71,L
PHOENIX OVERSEAS LIMITED,19.25,19.5,L
GLOBALE TESSILE LIMITED,17.8,18.26,L

