SERIES,SYMBOL,SECURITY,RECORD_DT,BC_STRT_DT,BC_END_DT,EX_DT,ND_STRT_DT,ND_END_DT,PURPOSE
BE,DALMIASUG,Dalmia Bharat Sug In Ltd,17/02/2025, , ,17/02/2025, , ,INTDIV - RS 4.50 PER SH  
BE,IOLCP,IOL Chem and Pharma Ltd,18/02/2025, , ,18/02/2025, , ,INTDIV - RS 4 PER SH     
BE,PRECWIRE,Precision Wires India Ltd,18/02/2025, , ,18/02/2025, , ,INTDIV - RE 0.30 PER SH  
BE,SSDL,Saraswati Saree Depot Ltd,19/02/2025, , ,18/02/2025, , ,INTDIV - RS 2.27 PER SH  
BE,KPEL,K.P. Energy Limited,18/02/2025, , ,18/02/2025, , ,INTDIV - RE 0.20 PER SH  
BE,KOTHARIPRO,Kothari Products Ltd.,18/02/2025, , ,18/02/2025, , ,BONUS 1:1                
BE,FCL,Fineotex Chemical Limited,18/02/2025, , ,18/02/2025, , ,INTDIV - RE 0.4 PER SH   
BE,HONDAPOWER,Honda I Power Product Ltd,18/02/2025, , ,18/02/2025, , ,SPLDIV - RS 10 PER SH    
BE,NATCOPHARM,Natco Pharma Limited,18/02/2025, , ,18/02/2025, , ,INTDIV - RS 1.50 PER SH  
BE,CAMPUS,Campus Activewear Limited,17/02/2025, , ,17/02/2025, , ,INTDIV - RE 0.70 PER SH  
BE,IIFLCAPS,IIFL Securities Limited,17/02/2025, , ,17/02/2025, , ,INTDIV - RS 3 PER SH     
BE,GILLETTE,GILLETTE INDIA LTD-Depo,19/02/2025, , ,18/02/2025, , ,INTDIV - RS 65 PER SH    
BE,MAITHANALL,Maithan Alloys Ltd,19/02/2025, , ,18/02/2025, , ,INTDIV - RS 3 PER SH     
BE,OIL,Oil India Ltd,17/02/2025, , ,17/02/2025, , ,INTDIV - RS 7 PER SH     
BE,GARUDA,Garuda Construct N Eng L,17/02/2025, , ,17/02/2025, , ,INTDIV - RE 0.025 PER SH 
BE,APOLSINHOT,Apollo Sindoori Hotels Li,17/02/2025, , ,17/02/2025, , ,INTDIV - RE 0.50 PER SH  
BE,ESABINDIA,Esabindia-depo,20/02/2025, , ,20/02/2025, , ,INTDIV - RS 23 PER SH    
BE,IRCTC,Indian Rail Tour Corp Ltd,20/02/2025, , ,20/02/2025, , ,INTDIV - RS 3 PER SH     
BE,PGHH,P&G HYGIENE & HEALTH CARE,20/02/2025, , ,20/02/2025, , ,INTDIV - RS 110 PER SH   
BE,SBCL,Shivalik Bimetal Con. Ltd,20/02/2025, , ,20/02/2025, , ,INTDIV - RS 1.2 PER SH   
BE,AVTNPL,AVT Natural Products Limi,20/02/2025, , ,20/02/2025, , ,INTDIV - RE 0.30 PER SH  
BE,IRCON,Ircon International Ltd,17/02/2025, , ,17/02/2025, , ,INTDIV - RS 1.65 PER SH  
BE,UNIDT,United Drilling Tools Ltd,19/02/2025, , ,18/02/2025, , ,INTDIV - RE 0.60 PER SH  
BE,CARBORUNIV,Carborundum Univ Ltd,19/02/2025, , ,18/02/2025, , ,INTDIV - RS 1.50 PER SH  
BE,NBCC,Nbcc (India) Ltd,18/02/2025, , ,18/02/2025, , ,INTDIV - RE 0.53 PER SH  
BE,GREENPANEL,Greenpanel Industries Ltd,18/02/2025, , ,18/02/2025, , ,INTDIV - RE 0.30 PER SH  
BE,HAL,Hindustan Aeronautics Ltd,18/02/2025, , ,18/02/2025, , ,INTDIV - RS 25 PER SH    
BE,KPIGREEN,KPI Global Infra Ltd,18/02/2025, , ,18/02/2025, , ,INTDIV - RE 0.20 PER SH  
BE,AMRUTANJAN,Amrutajan Health Ltd,18/02/2025, , ,18/02/2025, , ,INTDIV - RE 1 PER SH     
BE,NCLIND,NCL Industries Limited,18/02/2025, , ,18/02/2025, , ,INTDIV - RE 1 PER SH     
BE,SUPRAJIT,Suprajit Engineering Ltd.,18/02/2025, , ,18/02/2025, , ,INTDIV - RS 1.25 PER SH  
BE,BHARATFORG,Bharat Forge Ltd,18/02/2025, , ,18/02/2025, , ,INTDIV - RS 2.5 PER SH   
BE,BECTORFOOD,Mrs Bectors Food Spe Ltd,17/02/2025, , ,17/02/2025, , ,INTDIV - RS 3 PER SH     
EQ,DALMIASUG,Dalmia Bharat Sug In Ltd,17/02/2025, , ,17/02/2025, , ,INTDIV - RS 4.50 PER SH  
EQ,BECTORFOOD,Mrs Bectors Food Spe Ltd,17/02/2025, , ,17/02/2025, , ,INTDIV - RS 3 PER SH     
EQ,PRECWIRE,Precision Wires India Ltd,18/02/2025, , ,18/02/2025, , ,INTDIV - RE 0.30 PER SH  
EQ,SSDL,Saraswati Saree Depot Ltd,19/02/2025, , ,18/02/2025, , ,INTDIV - RS 2.27 PER SH  
EQ,KPEL,K.P. Energy Limited,18/02/2025, , ,18/02/2025, , ,INTDIV - RE 0.20 PER SH  
EQ,KOTHARIPRO,Kothari Products Ltd.,18/02/2025, , ,18/02/2025, , ,BONUS 1:1                
EQ,FCL,Fineotex Chemical Limited,18/02/2025, , ,18/02/2025, , ,INTDIV - RE 0.4 PER SH   
EQ,HONDAPOWER,Honda I Power Product Ltd,18/02/2025, , ,18/02/2025, , ,SPLDIV - RS 10 PER SH    
EQ,NATCOPHARM,Natco Pharma Limited,18/02/2025, , ,18/02/2025, , ,INTDIV - RS 1.50 PER SH  
EQ,CAMPUS,Campus Activewear Limited,17/02/2025, , ,17/02/2025, , ,INTDIV - RE 0.70 PER SH  
EQ,IIFLCAPS,IIFL Securities Limited,17/02/2025, , ,17/02/2025, , ,INTDIV - RS 3 PER SH     
EQ,GILLETTE,Gillette India Ltd.,19/02/2025, , ,18/02/2025, , ,INTDIV - RS 65 PER SH    
EQ,MAITHANALL,Maithan Alloys Ltd,19/02/2025, , ,18/02/2025, , ,INTDIV - RS 3 PER SH     
EQ,OIL,Oil India Ltd,17/02/2025, , ,17/02/2025, , ,INTDIV - RS 7 PER SH     
EQ,GARUDA,Garuda Construct N Eng L,17/02/2025, , ,17/02/2025, , ,INTDIV - RE 0.025 PER SH 
EQ,APOLSINHOT,Apollo Sindoori Hotels Li,17/02/2025, , ,17/02/2025, , ,INTDIV - RE 0.50 PER SH  
EQ,ESABINDIA,Esab India Ltd.,20/02/2025, , ,20/02/2025, , ,INTDIV - RS 23 PER SH    
EQ,IRCTC,Indian Rail Tour Corp Ltd,20/02/2025, , ,20/02/2025, , ,INTDIV - RS 3 PER SH     
EQ,PGHH,P&G Hygiene & Healthcare,20/02/2025, , ,20/02/2025, , ,INTDIV - RS 110 PER SH   
EQ,SBCL,Shivalik Bimetal Con. Ltd,20/02/2025, , ,20/02/2025, , ,INTDIV - RS 1.2 PER SH   
EQ,AVTNPL,AVT Natural Products Limi,20/02/2025, , ,20/02/2025, , ,INTDIV - RE 0.30 PER SH  
EQ,IRCON,Ircon International Ltd,17/02/2025, , ,17/02/2025, , ,INTDIV - RS 1.65 PER SH  
EQ,UNIDT,United Drilling Tools Ltd,19/02/2025, , ,18/02/2025, , ,INTDIV - RE 0.60 PER SH  
EQ,CARBORUNIV,Carborundum Univ Ltd,19/02/2025, , ,18/02/2025, , ,INTDIV - RS 1.50 PER SH  
EQ,NBCC,Nbcc (India) Ltd,18/02/2025, , ,18/02/2025, , ,INTDIV - RE 0.53 PER SH  
EQ,GREENPANEL,Greenpanel Industries Ltd,18/02/2025, , ,18/02/2025, , ,INTDIV - RE 0.30 PER SH  
EQ,HAL,Hindustan Aeronautics Ltd,18/02/2025, , ,18/02/2025, , ,INTDIV - RS 25 PER SH    
EQ,KPIGREEN,KPI Global Infra Ltd,18/02/2025, , ,18/02/2025, , ,INTDIV - RE 0.20 PER SH  
EQ,AMRUTANJAN,Amrutajan Health Ltd,18/02/2025, , ,18/02/2025, , ,INTDIV - RE 1 PER SH     
EQ,NCLIND,NCL Industries Limited,18/02/2025, , ,18/02/2025, , ,INTDIV - RE 1 PER SH     
EQ,SUPRAJIT,Suprajit Engineering Limi,18/02/2025, , ,18/02/2025, , ,INTDIV - RS 1.25 PER SH  
EQ,BHARATFORG,Bharat Forge Ltd,18/02/2025, , ,18/02/2025, , ,INTDIV - RS 2.5 PER SH   
EQ,IOLCP,IOL Chem and Pharma Ltd,18/02/2025, , ,18/02/2025, , ,INTDIV - RS 4 PER SH     
GS,GS220225C,GOI STRIPS C 220225,18/02/2025, , , , , ,REDEMPTION               
IV,OSEINTRUST,Oriental InfraTrust,18/02/2025, , ,18/02/2025, , ,DIV/DIST RS 2.6219 PR UT 
M5,DHANILOANS,Sec Re NCD 10.49% Sr.VII,20/02/2025, , ,20/02/2025, , ,INTEREST PAYMENT         
MB,SAMMAANCAP,Sec Re NCD 8.43% Sr.VIII,19/02/2025, , ,18/02/2025, , ,INTEREST PAYMENT         
MC,SAMMAANCAP,Sec Re NCD 8.89% Sr.VIII,19/02/2025, , ,18/02/2025, , ,INTEREST PAYMENT         
MF,BSLIFQPIDG,BIRLASLAMC - BSLIFQPIDG,21/02/2025, , , , , ,STP                      
MF,BSLIQPIRG,BSL IIF- QP - SI -RPG,21/02/2025, , , , , ,STP                      
MF,BSLIQPIIDP,BSL IIF- QP - SI -IPDP,21/02/2025, , , , , ,STP                      
MF,BSLIQPIRDP,BSL IIF- QP - SI -RPDP,21/02/2025, , , , , ,STP                      
N2,BCIPL,BCIPL 9.50% 2028,19/02/2025, , ,18/02/2025, , ,INTEREST PAYMENT         
N2,HUDCO,8.20 NCD05MAR27 FV 1000,18/02/2025, , ,18/02/2025, , ,INTEREST PAYMENT         
N3,SMFG,SMFG 8.3044% 2029 Sr 105,19/02/2025, , ,18/02/2025, , ,INTEREST PAYMENT         
N4,UGROCAP,Sec Red NCD 10.40% Sr.III,18/02/2025, , ,18/02/2025, , ,INTEREST PAYMENT         
N6,IIFL,IIFL Finance Limited,20/02/2025, , ,20/02/2025, , ,INTEREST PAYMENT         
N6,POONAWALLA,Poonawalla Fincorp Ltd,19/02/2025, , ,18/02/2025, , ,INTEREST PAYMENT         
N7,CREDITACC,Sec Re NCD 9.10% Sr I,20/02/2025, , ,20/02/2025, , ,INTEREST PAYMENT         
N8,SAMMAANCAP,Sec Red NCD 8.65% Sr. V,17/02/2025, , ,17/02/2025, , ,INTEREST PAYMENT         
N9,CREDITACC,Sec Re NCD 9.25% Sr III,20/02/2025, , ,20/02/2025, , ,INTEREST PAYMENT         
NA,IREDA,IREDA 7.53% 2034 Sr XV F,19/02/2025, , ,18/02/2025, , ,INTEREST PAYMENT         
NC,SAMMAANCAP,Uns Red NCD 8.79% Sr.VIII,17/02/2025, , ,17/02/2025, , ,INTEREST PAYMENT         
ND,CREDITACC,Sec Re NCD 9.70% Sr VII,20/02/2025, , ,20/02/2025, , ,INTEREST PAYMENT         
U2,HUDCO,8.20 NCD 05MAR27 FV 1000,18/02/2025, , ,18/02/2025, , ,INTEREST PAYMENT         
U2,BCIPL,BCIPL 9.50% 2028,19/02/2025, , ,18/02/2025, , ,INTEREST PAYMENT         
U3,SMFG,SMFG 8.3044% 2029 Sr 105,19/02/2025, , ,18/02/2025, , ,INTEREST PAYMENT         
U4,UGROCAP,Sec Red NCD 10.40% Sr.III,18/02/2025, , ,18/02/2025, , ,INTEREST PAYMENT         
U6,IIFL,IIFL Finance Limited,20/02/2025, , ,20/02/2025, , ,INTEREST PAYMENT         
U6,POONAWALLA,Poonawalla Fincorp Ltd,19/02/2025, , ,18/02/2025, , ,INTEREST PAYMENT         
U7,CREDITACC,Sec Re NCD 9.10% Sr I,20/02/2025, , ,20/02/2025, , ,INTEREST PAYMENT         
U8,SAMMAANCAP,Sec Red NCD 8.65% Sr. V,17/02/2025, , ,17/02/2025, , ,INTEREST PAYMENT         
U9,CREDITACC,Sec Re NCD 9.25% Sr III,20/02/2025, , ,20/02/2025, , ,INTEREST PAYMENT         
UA,IREDA,IREDA 7.53% 2034 Sr XV F,19/02/2025, , ,18/02/2025, , ,INTEREST PAYMENT         
UC,SAMMAANCAP,Uns Red NCD 8.79% Sr.VIII,17/02/2025, , ,17/02/2025, , ,INTEREST PAYMENT         
UD,CREDITACC,Sec Re NCD 9.70% Sr VII,20/02/2025, , ,20/02/2025, , ,INTEREST PAYMENT         
Y5,DHANILOANS,Sec Re NCD 10.49% Sr.VII,20/02/2025, , ,20/02/2025, , ,INTEREST PAYMENT         
YB,SAMMAANCAP,Sec Re NCD 8.43% Sr.VIII,19/02/2025, , ,18/02/2025, , ,INTEREST PAYMENT         
YC,SAMMAANCAP,Sec Re NCD 8.89% Sr.VIII,19/02/2025, , ,18/02/2025, , ,INTEREST PAYMENT         

