SYMBOL,SERIES,SECURITY,HIGH/LOW,INDEX FLAG
AARVEEDEN,BE,AARVEE DEN. & EXP. LTD,H
ADL,EQ,ARCHIDPLY DECOR LIMITED,H
APRAMEYA,ST,APRAMEYA ENGINEERING LTD,H
ASHAPURMIN,EQ,ASHAPURA MINECHEM LTD,H
AVG,BE,AVG LOGISTICS LIMITED,H
BALCO,ST,SOLVE PLASTIC PRODUCTS L,H
BASILIC,ST,BASILIC FLY STUDIO LTD,H
BLUEJET,EQ,BLUE JET HEALTHCARE LTD,H
BOHRAIND,BZ,BOHRA INDUSTRIES LIMITED,H
CHANDAN,ST,CHANDAN HEALTHCARE LTD,H
COOLCAPS,ST,COOL CAPS INDUSTRIES LTD,H
DCI,EQ,DC INFOTECH AND COMUN LTD,H
DCMFINSERV,EQ,DCM FINANCIAL SERVICES LT,H
DOLPHIN,EQ,DOLPHIN OFF ENT (IND) L,H
DPWIRES,EQ,D P WIRES LIMITED,H
ESFL,SM,ESSEN SPECIALITY FILMS L,H
FEL,BZ,FUTURE ENTERPRISES LTD,H
FICRF3GP,MF,FRANTEMAMC - FICRF3GP,H
GATECHDVR,BE,GACM TECHNOLOGIES LIMITED,H
GFSTEELS,BE,GRAND FOUNDRY LTD,H
GLAXO,EQ,GLAXOSMITHKLINE PHARMA LT,H
GLFL,BE,GUJARAT LEASE FINANCING L,H
GOENKA,BZ,GOENKA DIAMOND&JEWELS LTD,H
HNGSNGBEES,EQ,NIP IND ETF HANGSENG BEES,H
HOACFOODS,ST,HOAC FOODS INDIA LIMITED,H
INDIANHUME,EQ,INDIAN HUME PIPE CO. LTD.,H
INFOMEDIA,BE,INFOMEDIA PRESS LIMITED,H
ITTL,ST,INNOVATIVE TYRE & TUBE LT,H
JALAN,ST,JALAN TRANSOLU. INDIA LTD,H
JYOTI-RE1,BE,JYOTI STRUCTURES LIMITED,H
KEEPLEARN,BE,DSJ KEEP LEARNING LTD,H
KOPRAN,BE,KOPRAN LTD,H
KRIDHANINF,BE,KRIDHAN INFRA LIMITED,H
KRISHIVAL,SM,KRISHIVAL FOODS LIMITED,H
MAFANG,EQ,MIRAEAMC - MAFANG,H
MAHKTECH,EQ,MIRAEAMC - MAHKTECH,H
MASPTOP50,EQ,MIRAEAMC - MASPTOP50,H
MFML,BE,MAHALAXMI FABRIC MILLS LT,H
MONQ50,EQ,MOTILALAMC - MONQ50,H
NARMADA,BE,NARMADA AGROBASE LIMITED,H
NEXTMEDIA,BE,NEXT MEDIAWORKS LIMITED,H
NILASPACES,BE,NILA SPACES LIMITED,H
NORBTEAEXP,BE,NORBEN TEA &EXPORTS LTD,H
ORTEL,BZ,ORTEL COMMUNICATIONS LTD,H
PERFECT,ST,PERFECT INFRAENGINEER LTD,H
PIONEEREMB,BE,PIONEER EMBROIDERIES LTD,H
PRATHAM,ST,PRATHAM EPC PROJECTS LTD,H
PRECOT,BE,PRECOT LIMITED,H
RAJRILTD,BE,RAJ RAYON INDUSTRIES LTD,H
RAJVIR,BZ,RAJVIR INDUSTRIES LIMITED,H
RELIABLE,EQ,RELIABLE DATA SERVICE LTD,H
RETAIL,EQ,JHS SVENDGAARD RETAIL V L,H
SABEVENTS,BE,SAB EVENTS & GOVERNANCE,H
SANCO,BZ,SANCO INDUSTRIES LIMITED,H
SANDUMA,EQ,SANDUR MANG & IRON ORES L,H
SANWARIA,BZ,SANWARIA CONSUMER LIMITED,H
SEL,ST,SUNGARNER ENERGIES LTD,H
SETUINFRA,BZ,SETUBANDHAN INFRA LTD,H
SILKFLEX,SM,SILKFLEX POLYMERS INDIA L,H
SIMPLEXINF,BE,SIMPLEX INFRASTRUCTURES L,H
SITINET,BZ,SITI NETWORKS LIMITED,H
SKIL,BZ,SKIL INFRASTRUCTURE LTD.,H
SUPERSPIN,EQ,SUPER SPINNING MILLS LTD,H
SUPREMEENG,BE,SUPREME ENGINEERING LTD,H
SUULD,BZ,SUUMAYA INDUSTRIES LTD,H
SWANDEF,BE,SWAN DEFENCE N HEVY IND L,H
TVVISION,BE,TV VISION LIMITED,H
UNIVAFOODS,BE,UNIVA FOODS LIMITED,H
VINNY,BE,VINNY OVERSEAS LIMITED,H
WINSOME,BZ,WINSOME YARNS LIMITED,H
21STCENMGM,BE,21ST CENTURY MGMT SERVICE,L
3PLAND,BE,3P LAND HOLDINGS LIMITED,L
63MOONS,EQ,63 MOONS TECHNOLOGIES LTD,L
A2ZINFRA,BE,A2Z INFRA ENGINEERING LTD,L
ABAN,EQ,ABAN OFFSHORE LTD.,L
ABMINTLLTD,EQ,ABM INTERNATIONAL LTD,L
ABSMARINE,ST,ABS MARINE SERVICES LTD,L
ACMESOLAR,EQ,ACME SOLAR HOLDINGS LTD,L
ADROITINFO,EQ,ADROIT INFOTECH LIMITED,L
AGARWALFT,ST,AGARWAL FLOAT GLASS I LTD,L
AGNI,ST,AGNI GREEN POWER LTD,L
AGSTRA,BE,AGS TRANSACT TECH LTD,L
AHIMSA,ST,AHIMSA INDUSTRIES LTD.,L
AHL,BE,ABANS HOLDINGS LIMITED,L
AKSHAR,BE,AKSHAR SPINTEX LIMITED,L
AKSHOPTFBR,BE,AKSH OPTIFIBRE  LTD,L
ALMONDZ,EQ,ALMONDZ GLOBAL SEC LTD,L
ALPEXSOLAR,SM,ALPEX SOLAR LIMITED,L
ALPSINDUS,BE,ALPS INDUSTRIES LTD.,L
AMBANIORGO,ST,AMBANI ORGOCHEM LIMITED,L
AMJUMBO,SM,A AND M JUMBO BAGS LTD,L
ANKITMETAL,BZ,ANKIT MET & POW LTD,L
ANSALAPI,BZ,ANSAL PROP & INFRA LTD,L
APS,SM,AUSTRALIAN PREM SOLAR I L,L
ARENTERP,BE,RAJDARSHAN INDUSTRIES LTD,L
ARIHANTACA,ST,ARIHANT ACADEMY LIMITED,L
ARROWGREEN,BE,ARROW GREENTECH LIMITED,L
ARSHIYA,BZ,ARSHIYA LIMITED,L
ARSSINFRA,BE,ARSS INFRA PROJ. LTD,L
ASHAPURMIN,EQ,ASHAPURA MINECHEM LTD,L
ATALREAL,BE,ATAL REALTECH LIMITED,L
ATLANTAA,BE,ATLANTAA LIMITED,L
ATMASTCO,ST,ATMASTCO LIMITED,L
AUSOMENT,EQ,AUSOM ENTERPRISE LIMITED,L
AVALON,EQ,AVALON TECHNOLOGIES LTD,L
AVG,BE,AVG LOGISTICS LIMITED,L
AVONMORE,BE,AVONMORE CAP&MGT SERV LTD,L
AVPINFRA,ST,AVP INFRACON LIMITED,L
AVROIND,EQ,AVRO INDIA LIMITED,L
AXISCADES,BE,AXISCADES TECH LTD,L
AYMSYNTEX,EQ,AYM SYNTEX LIMITED,L
BAFNAPH,BE,BAFNA PHARMACEUTICALS LTD,L
BAGFILMS,BE,B.A.G FILMS AND MEDIA LTD,L
BALAJITELE,BE,BALAJI TELEFILMS LTD.,L
BANARBEADS,BE,BANARASBEADSLTD-ROLLSETT,L
BANG,BE,BANG OVERSEAS LTD.,L
BESTAGRO,EQ,BEST AGROLIFE LIMITED,L
BGLOBAL,BZ,BHARATIYA GLOBAL INFO LTD,L
BGRENERGY,BE,BGR ENERGY SYSTEMS LTD,L
BIL,BE,BHARTIYA INETRNATIONAL LT,L
BIRLAMONEY,BE,ADITYA BIRLA MONEY LTD,L
BLACKBUCK,EQ,ZINKA LOGISTICS SOL LTD,L
BLUECHIP,BE,BLUE CHIP INDIA LIMITED,L
BORORENEW,BE,BOROSIL RENEWABLES LTD,L
BOSS,ST,BOSS PACKAGING SOLU LTD,L
BRACEPORT,ST,BRACE PORT LOGISTICS LTD,L
BRIGHT,SZ,BRIGHT SOLAR LIMITED,L
BTML,BE,BODHI TREE MULTIMEDIA LTD,L
C2C,SM,C2C ADVANCED SYSTEMS LTD,L
CADSYS,ST,CADSYS (INDIA) LIMITED,L
CBAZAAR,ST,NET AVENUE TECHNOLOGIES L,L
CCCL,BE,CONS. CONST. CONSORT LTD,L
CEREBRAINT,BZ,CEREBRA INT TECH LTD,L
CHAMUNDA,ST,CHAMUNDA ELECTRICAL LTD,L
CMICABLES,BZ,CMI LIMITED,L
COFFEEDAY,BE,COFFEE DAY ENTERPRISE LTD,L
COMPINFO,BZ,COMPUAGE INFOCOM LTD,L
CREATIVEYE,EQ,CREATIVE EYE LIMITED,L
CTE,EQ,CAMBRIDGE TECH ENTER LTD,L
CUBEXTUB,BE,CUBEXTUBINGS-ROLLSETT,L
DEEDEV,EQ,DEE DEVELOPMENT ENG LTD,L
DELTIC,ST,DELTA AUTOCORP LIMITED,L
DGCONTENT,BE,DIGICONTENT LIMITED,L
DHRUV,BE,DHRUV CONSULTANCY SER LTD,L
DHTL,SM,DOCMODE HEALTH TECH LTD,L
DIACABS,BE,DIAMOND POWER INFRA LTD,L
DIGIKORE,ST,DIGIKORE STUDIOS LIMITED,L
DIGJAMLMTD,BE,DIGJAM LTD,L
DIVYADHAN,ST,DIVYADHAN RECYCLING IND L,L
DJML,BE,DJ MEDIAPRINT & LOG LTD,L
DOLPHIN,EQ,DOLPHIN OFF ENT (IND) L,L
DPEL,ST,DIVINE POWER ENERGY LTD,L
DRONE,ST,DRONE DESTINATION LIMITED,L
DYNAMIC,ST,DYNAMIC SRVCS & SEC LTD,L
E2E,EQ,E2E NETWORKS LIMITED,L
EDUCOMP,BZ,EDUCOMP SOLUTIONS LTD,L
EFFWA,SM,EFFWA INFRA & RESEARCH L,L
ELECTHERM,BE,ELECTROTHERM (I) LTD.,L
ELGIRUBCO,BE,ELGI RUBBER CO. LTD,L
EMAMIREAL,BE,EMAMI REALTY LIMITED,L
EMMIL,ST,ENERGY MISSION MACH IND L,L
ENERGYDEV,BE,ENERGY DEVE. CO.LTD,L
ENFUSE,ST,ENFUSE SOLUTIONS LIMITED,L
ENSER,ST,ENSER COMMUNICATIONS LTD,L
EROSMEDIA,BZ,EROS INTL MEDIA LTD,L
ESSARSHPNG,BE,ESSAR SHIPPING LTD,L
EXCEL,BE,EXCEL REALTY N INFRA LTD,L
FALCONTECH,SM,FALCON TECHNOPROJ IND LTD,L
FCONSUMER,BE,FUTURE CONSUMER LIMITED,L
FELDVR,BE,FUTURE ENTERPRISES LTD,L
FELIX,ST,FELIX INDUSTRIES LTD.,L
FLEXITUFF,BE,FLEXITUFF VENTURES INT L,L
FORCAS,ST,FORCAS STUDIO LIMITED,L
FRESHARA,ST,FRESHARA AGRO EXPORTS LTD,L
FSC,BZ,FUTURE SUPP CHAIN SOL LTD,L
GAJANAND,ST,GAJANAND INTERNATIONAL L,L
GANGAFORGE,EQ,GANGA FORGING LIMITED,L
GANGOTRI,BZ,GANGOTRI TEXTILES LTD.,L
GATECHDVR,BE,GACM TECHNOLOGIES LIMITED,L
GAYAHWS,BE,GAYATRI HIGHWAYS LIMITED,L
GAYAPROJ,BZ,GAYATRI PROJECTS LTD,L
GGBL,ST,GANESH GREEN BHARAT LTD,L
GLFL,BE,GUJARAT LEASE FINANCING L,L
GLOBALE,BE,GLOBALE TESSILE LIMITED,L
GLOBALVECT,BE,GLOBAL VEC HELICORP LTD,L
GUJRAFFIA,BE,GUJARAT RAFFIA INDUST LTD,L
GVKPIL,BE,GVK POW. & INFRA LTD.,L
GVT&D,EQ,GE VERNOVA T&D INDIA LTD,L
HARDWYN,BE,HARDWYN INDIA LIMITED,L
HAVISHA,EQ,SRI HAVISHA HOSP & INFR L,L
HDIL,BZ,HOUSING DEV & INFRA LTD,L
HERCULES,BE,HERCULES HOI. LTD.,L
HEXATRADEX,EQ,HEXA TRADEX LIMITED,L
HIGREEN,ST,HI GREEN CARBON LIMITED,L
HINDCON,BE,HINDCON CHEMICALS LIMITED,L
HINDNATGLS,BE,HIND NATL GLASS & IND LTD,L
HITECHGEAR,BE,THE HI-TECH GEARS LIMITED,L
HMT,BZ,HMT LTD -,L
HUBTOWN,EQ,HUBTOWN LIMITED,L
HYBRIDFIN,EQ,HYBRID FINANCIAL SERVICE,L
ICDSLTD,BE,ICDSLTD,L
IDENTICAL,ST,IDENTICAL BRAINS STUDIO L,L
IEL,BE,INDIABULLS ENT LTD,L
IEML,ST,INDIAN EMULSIFIERS LTD,L
IMPEXFERRO,BZ,IMPEX FERRO TECH LIMITED,L
INDIFRA,ST,INDIFRA LIMITED,L
INDOTECH,EQ,INDO TECH TRANSFORM LTD.,L
INDSWFTLTD,BE,IND-SWIFT LIMITED,L
INFINIUM,SM,INFINIUM PHARMACHEM LTD,L
INFOLLION,SM,INFOLLION RESEARCH SER L,L
INFOMEDIA,BE,INFOMEDIA PRESS LIMITED,L
ITI,BE,ITI LTD,L
IZMO,BE,IZMO LIMITED,L
JAYBEE,ST,JAY BEE LAMINATIONS LTD,L
JPASSOCIAT,BE,JAIPRAKASH ASSOCIATES LTD,L
JUBLCPL,BE,JUBILANT AGRI N CON PRO L,L
JYOTI-RE1,BE,JYOTI STRUCTURES LIMITED,L
KAMOPAINTS,BE,KAMDHENU VENTURES LIMITED,L
KANDARP,SM,KANDARP DG SMART BPO LTD,L
KCEIL,ST,KAY CEE ENERGY & INFRA L,L
KCK,ST,KCK INDUSTRIES LTD,L
KEEPLEARN,BE,DSJ KEEP LEARNING LTD,L
KEN,ST,KEN ENTERPRISES LIMITED,L
KERNEX,BE,KERNEX MICROSYS(I) LTD,L
KITEX,BE,KITEX GARMENTS LTD,L
KORE,ST,JAY JALARAM TECHNO LTD,L
KOTYARK,ST,KOTYARK INDUSTRIES LTD,L
KPIGREEN,EQ,KPI GREEN ENERGY LIMITED,L
KRISHCA,ST,KRISHCA STRAPPING SLTN L,L
KRITI,EQ,KRITI INDUSTRIES IND LTD,L
KRITIKA,BE,KRITIKA WIRES LIMITED,L
KSHITIJPOL,BE,KSHITIJ POLYLINE LIMITED,L
LAKPRE,BZ,LAKSHMI PRE SCRE LTD,L
LAMBODHARA,BE,LAMBODHARA TEXTILES LTD.,L
LAMOSAIC,ST,LAMOSAIC INDIA LIMITED,L
LATTEYS,BE,LATTEYS INDUSTRIES LTD,L
LCCINFOTEC,BE,LCC INFOTECH LTD,L
LOKESHMACH,EQ,LOKESH MACHINES LTD,L
LORDSCHLO,BE,LORDS CHLORO ALKALI LTD,L
LOYALTEX,BE,LOYAL TEXTILE MILLS LTD,L
LPDC,BE,LANDMARK PR.DEV.CO.LTD,L
MACPOWER,EQ,MACPOWER CNC MACHINES LTD,L
MANAKCOAT,BE,MAN COAT METAL & IND LTD,L
MARINE,BE,MARINE ELECTRICAL (I) LTD,L
MARINETRAN,ST,MARINETRANS INDIA LIMITED,L
MASKINVEST,BE,MASK INVESTMENTS LIMITED,L
MASON,ST,MASON INFRATECH LIMITED,L
MCL,BE,MADHAV COPPER LIMITED,L
MCLEODRUSS,BE,MCLEOD RUSSEL INDIA LTD.,L
MCLOUD,EQ,MAGELLANIC CLOUD LIMITED,L
MCON,ST,MCON RASAYAN INDIA LTD,L
MEDIORG,SM,MEDICAMEN ORGANICS LTD,L
MEGASOFT,BE,MEGASOFT LTD,L
MFML,BE,MAHALAXMI FABRIC MILLS LT,L
MHLXMIRU,BE,MAHALAXMI RUBTECH LIMITED,L
MICEL,EQ,MIC ELECTRONICS LTD,L
MIEL,ST,MANGLAM INFRA & ENG LTD,L
MOHITIND,BE,MOHIT INDUSTRIES LTD,L
MORARJEE,BZ,MORARJEE TEXTILES LIMITED,L
MOXSH,SM,MOXSH OVERSEAS EDUCON LTD,L
MSPL,EQ,MSP STEEL & POWER LTD.,L
MTEDUCARE,BE,MT EDUCARE LTD,L
NAGREEKCAP,BE,NAGREEKA CAP & INFR.LTD,L
NAMAN,ST,NAMAN IN-STORE (INDIA) L,L
NAVKARURB,BE,NAVKAR URBANSTRUCTURE LTD,L
NBIFIN,BE,N.B.I. IND. FIN. CO. LTD,L
NEELAM,ST,NEELAM LINENS & GAR (I) L,L
NEPHROCARE,SM,NEPHRO CARE INDIA LIMITED,L
NIBE,EQ,NIBE LIMITED,L
NILASPACES,BE,NILA SPACES LIMITED,L
NIRMAN,SM,NIRMAN AGRI GENTICS LTD,L
NKIND,BE,NKINDUSTRIES LTD,L
NMSTEEL,ST,NEWMALAYALAM STEEL LTD,L
OBSCP,ST,OBSC PERFECTION LIMITED,L
OILCOUNTUB,EQ,OIL COUNTRY TUBULAR LTD,L
ONDOOR,ST,ON DOOR CONCEPTS LIMITED,L
ONYX,ST,ONYX BIOTEC LIMITED,L
ORCHPHARMA,EQ,ORCHID PHARMA LIMITED,L
ORIANA,SM,ORIANA POWER LIMITED,L
ORIENTLTD,BE,ORIENT PRESS LIMITED,L
ORIENTTECH,EQ,ORIENT TECHNOLOGIES LTD,L
ORTEL,BZ,ORTEL COMMUNICATIONS LTD,L
OSIAHYPER,BE,OSIA HYPER RETAIL LIMITED,L
OSWALSEEDS,BE,SHREEOSWAL S AND CHE LTD,L
PANACHE,BE,PANACHE DIGILIFE LIMITED,L
PANSARI,BE,PANSARI DEVELOPERS LTD,L
PAR,BE,PAR DRUGS AND CHEM LTD,L
PARAGON,ST,PARAGON FINE S.C. LTD.,L
PDMJEPAPER,EQ,PUDUMJEE PAPER PRO. LTD,L
PHANTOMFX,ST,PHANTOM DIGITAL EFF LTD,L
PIXTRANS,EQ,PIX TRANSMISSIONS LIMITED,L
PNC,BE,PRITISH NANDY COMMUNICATI,L
PODDARHOUS,BZ,PODDAR HOUSE & DVPT LTD,L
PRAXIS,BE,PRAXIS HOME RETAIL LTD,L
PRECOT,BE,PRECOT LIMITED,L
PREMIER,BE,PREMIER LIMITED,L
PREMIERPOL,BE,PREMIER POLYFILMS LTD,L
PRITIKA,ST,PRITIKA ENG COMPO LTD,L
PRIZOR,ST,PRIZOR VIZTECH LIMITED,L
PRUDMOULI,BE,PRUDENTIAL SUGAR CORPORAT,L
PTCIL,EQ,PTC INDUSTRIES LIMITED,L
PURVA,EQ,PURAVANKARA LIMITED,L
QUADPRO,SM,QUADPRO ITES LIMITED,L
QUICKTOUCH,ST,QUICKTOUCH TECHNOLOGIES L,L
QUINTEGRA,BE,QUINTEGRA SOLUTIONS LTD.,L
RAPPID,ST,RAPPID VALVES (INDIA) LTD,L
RBMINFRA,ST,RBM INFRACON LIMITED,L
RCOM,BE,RELIANCE COMMUNICATIONS L,L
READYMIX,ST,READYMIX CONSTRU MACHI L,L
REFEX,EQ,REFEX INDUSTRIES LIMITED,L
REGENCERAM,BE,REGENCYCERAMICS-LTD,L
REPL,BE,RUDRABHISHEK ENTERP LTD,L
RKDL,EQ,RAVI KUMAR DIST. LTD.,L
RKEC,EQ,RKEC PROJECTS LIMITED,L
RMDRIP,ST,R M DRIP & SPRINK SYS LTD,L
ROLLT,BE,ROLLATAINERS LIMITED,L
ROLTA,BZ,ROLTA INDIA LTD,L
ROSSELLIND,BE,ROSSELL INDIA LIMITED,L
RPPINFRA,BE,R.P.P INFRA PROJECTS LTD.,L
RSSOFTWARE,BE,R. S. SOFTWARE (INDIA) LI,L
RULKA,ST,RULKA ELECTRICALS LIMITED,L
RVTH,EQ,REVATHI EQUIPMENT INDIA L,L
S&SPOWER,EQ,S&S POWER SWITCHGEARS LTD,L
SABAR,ST,SABAR FLEX INDIA LIMITED,L
SADBHAV,BE,SADBHAV ENGINEERING LTD,L
SADHNANIQ,BE,SADHANA NITROCHEM LIMITED,L
SAHANA,ST,SAHANA SYSTEM LIMITED,L
SAJHOTELS,ST,SAJ HOTELS LIMITED,L
SAMBHAAV,BE,SAMBHAAV MEDIA LTD,L
SAMPANN,BE,SAMPANN UTPADAN INDIA LTD,L
SANCO,BZ,SANCO INDUSTRIES LIMITED,L
SANWARIA,BZ,SANWARIA CONSUMER LIMITED,L
SARLAPOLY,BE,SARLA PERF. FIBERS LTD,L
SATECH,ST,S A TECH SOFTWARE INDIA L,L
SATKARTAR,SM,SAT KARTAR SHOPPING LTD,L
SBGLP,EQ,SURATWWALA BUS GROUP LTD,L
SECL,ST,SALASAR EXTERIOR CONT LTD,L
SECURCRED,BZ,SECUR CREDENTIALS LIMITED,L
SEJALLTD,EQ,SEJAL GLASS LIMITED,L
SETCO,BE,SETCO AUTOMOTIVE LTD,L
SETUINFRA,BZ,SETUBANDHAN INFRA LTD,L
SEYAIND,BE,SEYA INDUSTRIES LIMITED,L
SGIL,BE,SYNERGY GREEN IND. LTD,L
SHAILY,BE,SHAILY ENG PLASTICS LTD,L
SHANTHALA,ST,SHANTHALA FMCG PRODUCTS L,L
SHRADHA,BE,SHRADHA INFRAPROJECTS LTD,L
SHREERAMA,BE,SHREE RAMA MULTI TECH LTD,L
SHUBHSHREE,ST,SHUBHSHREE BIOFUELS ENE L,L
SIDDHIKA,ST,SIDDHIKA COATINGS LIMITED,L
SIGNORIA,ST,SIGNORIA CREATION LIMITED,L
SIGNPOST,BE,SIGNPOST INDIA LIMITED,L
SILKFLEX,SM,SILKFLEX POLYMERS INDIA L,L
SILLYMONKS,EQ,SILLY MONKS ENTERTAIN LTD,L
SIMPLEXINF,BE,SIMPLEX INFRASTRUCTURES L,L
SITINET,BZ,SITI NETWORKS LIMITED,L
SKIL,BZ,SKIL INFRASTRUCTURE LTD.,L
SLONE,ST,SLONE INFOSYSTEMS LIMITED,L
SOFTTECH,BE,SOFTTECH ENGINEERS LTD,L
SOLEX,ST,SOLEX ENERGY LIMITED,L
SONUINFRA,ST,SONU INFRATECH LIMITED,L
SPCL,ST,SHIVALIC POWER CONTROL L,L
SPRL,SM,SP REFRACTORIES LIMITED,L
SUMIT,EQ,SUMIT WOODS LIMITED,L
SUPREME,EQ,SUPREME HOLDIN N HOSP I L,L
SUPREMEPWR,ST,SUPREME POWER EQUIPMENT L,L
SUULD,BZ,SUUMAYA INDUSTRIES LTD,L
TAC,ST,TAC INFOSEC LIMITED,L
TAKE,BZ,TAKE SOLUTIONS LTD,L
TARC,EQ,TARC LIMITED,L
TARIL,EQ,TRANS & RECTI. LTD,L
TBZ,EQ,TRIB BHIMJI ZAVERI LTD,L
TCIFINANCE,BE,TCIFINANCELTD-ROLL SETT,L
TECHIN,BZ,TECHINDIA NIRMAN LIMITED,L
TECHLABS,ST,TRIDENT TECHLABS LIMITED,L
TFL,BE,TRANSWARRANTY FIN. LTD.,L
TGL,ST,TEERTH GOPICON LIMITED,L
TIJARIA,BE,TIJARIA POLYPIPES LTD,L
TIL,EQ,TIL LTD,L
TIMESCAN,SM,TIMESCAN LOGISTICS IND L,L
TIPSFILMS,BE,TIPS FILMS LIMITED,L
TIRUPATIFL,BE,TIRUPATI FORGE LIMITED,L
TPHQ,BE,TEAMO PRODUCTIONS HQ LTD,L
TRANSTEEL,ST,TRANSTEEL SEATING TECH L,L
TRU,BE,TRUCAP FINANCE LIMITED,L
TRUST,ST,TRUST FINTECH LIMITED,L
TTL,BE,T T LIMITED,L
UEL,BE,UJAAS ENERGY LIMITED,L
UHTL,ST,UNITED HEAT TRANSFER LTD,L
UMANGDAIRY,BE,UMANG DAIRIES LIMITED,L
UNIMECH,EQ,UNIMECH AEROSPACE N MFG L,L
UNITECH,BZ,UNITECH LIMITED,L
V2RETAIL,BE,V2 RETAIL LIMITED,L
VAKRANGEE,EQ,VAKRANGEE LIMITED,L
VARDMNPOLY,BE,VARDHMAN POLYTEX LTD.,L
VEEKAYEM,ST,VEEKAYEM FASH & APP LTD,L
VELS,ST,VELS FILM INTERNATIONAL L,L
VERTEXPLUS,SM,VERTEXPLUS TECHNOLOGIES L,L
VERTOZ,BE,VERTOZ LIMITED,L
VIAZ,SM,VIAZ TYRES LIMITED,L
VINNY,BE,VINNY OVERSEAS LIMITED,L
VIPULLTD,BE,VIPUL LIMITED,L
VISASTEEL,BE,VISA STEEL LIMITED,L
VIVIANA,ST,VIVIANA POWER TECH LTD,L
VLEGOV,BE,VL E GOV AND IT SOL LTD,L
VLINFRA,ST,V.L.INFRAPROJECTS LIMITED,L
WALCHANNAG,EQ,WALCHANDNAGAR INDUSTRIES,L
WEALTH,EQ,WEALTH FRST PORT. MG. LTD,L
WEBELSOLAR,BE,WEBSOL ENERGY SYSTEM LTD,L
WINDMACHIN,EQ,WINDSOR MACHINES LIMITED,L
WINNY,ST,WINNY IMMIGRA & EDU SER L,L
WINSOME,BZ,WINSOME YARNS LIMITED,L
WOMANCART,ST,WOMANCART LIMITED,L
WSI,EQ,W.S.INDUSTRIES (I) LTD.,L
YAARI,BE,YAARI DIGI INT SER LTD,L
ZAGGLE,EQ,ZAGGLE PREPA OCEAN SER L,L
ZENITHEXPO,EQ,ZENITH EXPORTS LTD,L
ZENTEC,EQ,ZEN TECHNOLOGIES LIMITED,L
ZTECH,ST,Z-TECH (INDIA) LIMITED,L
