GAIN_LOSS,SECURITY,CLOSE_PRIC,PREV_CL_PR,PERCENT_CG
 ,Nifty 50 Sec., , , 
 , , , , 
G,ADANI ENTERPRISES LIMITED,      2223.70,      2152.65,3.3
G,BAJAJ FINSERV LTD.,      1894.85,      1841.30,2.91
G,INDUSIND BANK LIMITED,      1048.25,      1024.40,2.33
G,POWER GRID CORP. LTD.,       263.20,       257.35,2.27
G,SHRIRAM FINANCE LIMITED,       550.35,       539.15,2.08
G,ULTRATECH CEMENT LIMITED,     11490.10,     11263.85,2.01
G,ADANI PORT & SEZ LTD,      1082.90,      1062.70,1.9
G,COAL INDIA LTD,       360.10,       354.20,1.67
G,OIL AND NATURAL GAS CORP.,       233.65,       230.50,1.37
G,GRASIM INDUSTRIES LTD,      2463.85,      2431.30,1.34
G,HDFC BANK LTD,      1717.35,      1694.85,1.33
G,CIPLA LTD,      1474.65,      1459.45,1.04
G,NESTLE INDIA LIMITED,      2216.50,      2195.85,.94
G,JSW STEEL LIMITED,       973.55,       964.60,.93
G,EICHER MOTORS LTD,      4745.20,      4703.35,.89
G,ASIAN PAINTS LIMITED,      2250.85,      2231.30,.88
G,TATA MOTORS LIMITED,       686.60,       680.65,.87
G,SUN PHARMACEUTICAL IND L,      1714.20,      1700.50,.81
G,STATE BANK OF INDIA,       727.70,       722.15,.77
G,HINDALCO  INDUSTRIES  LTD,       610.85,       606.20,.77
G,SBI LIFE INSURANCE CO LTD,      1476.20,      1465.45,.73
G,NTPC LTD,       302.35,       300.35,.67
G,MARUTI SUZUKI INDIA LTD.,     12762.90,     12680.25,.65
G,RELIANCE INDUSTRIES LTD,      1224.90,      1217.25,.63
G,TITAN COMPANY LIMITED,      3233.20,      3213.25,.62
G,BHARAT PETROLEUM CORP  LT,       252.30,       251.00,.52
G,BRITANNIA INDUSTRIES LTD,      4963.70,      4939.65,.49
G,HINDUSTAN UNILEVER LTD.,      2329.40,      2318.35,.48
G,APOLLO HOSPITALS ENTER. L,      6300.20,      6270.50,.47
G,BAJAJ FINANCE LIMITED,      8426.60,      8392.30,.41
 , , , , 
L,MAHINDRA & MAHINDRA LTD,      2831.95,      2942.60,-3.76
L,BHARTI AIRTEL LIMITED,      1675.55,      1717.05,-2.42
L,WIPRO LTD,       305.35,       308.10,-0.89
L,TATA CONSULTANCY SERV LT,      3904.50,      3934.85,-0.77
L,INFOSYS LIMITED,      1842.30,      1856.40,-0.76
L,BHARAT ELECTRONICS LTD,       248.50,       250.35,-0.74
L,ICICI BANK LTD.,      1251.15,      1260.10,-0.71
L,LARSEN & TOUBRO LTD.,      3221.85,      3237.65,-0.49
L,HDFC LIFE INS CO LTD,       623.25,       626.20,-0.47
L,AXIS BANK LIMITED,       992.95,       997.50,-0.46
L,TRENT LTD,      5096.45,      5117.35,-0.41
L,ITC LTD,       408.60,       410.25,-0.4
L,KOTAK MAHINDRA BANK LTD,      1945.30,      1952.40,-0.36
L,TATA STEEL LIMITED,       134.29,       134.47,-0.13
L,HCL TECHNOLOGIES LTD,      1709.90,      1711.25,-0.08
 , , , , 
 ,Nifty Next 50 Sec., , , 
 , , , , 
G,ZYDUS LIFESCIENCES LTD,       923.90,       901.85,2.44
G,HAVELLS INDIA LIMITED,      1532.55,      1498.25,2.29
G,TORRENT PHARMACEUTICALS L,      3078.00,      3013.85,2.13
G,INTERGLOBE AVIATION LTD,      4303.00,      4223.30,1.89
G,DIVI S LABORATORIES LTD,      5923.75,      5843.75,1.37
G,MACROTECH DEVELOPERS LTD,      1167.80,      1153.55,1.24
G,ZOMATO LIMITED,       218.53,       215.99,1.18
G,INDIAN OIL CORP LTD,       118.45,       117.25,1.02
G,PUNJAB NATIONAL BANK,        93.18,        92.25,1.01
G,BANK OF BARODA,       206.96,       205.16,0.88
G,LIFE INSURA CORP OF INDIA,       765.15,       759.10,0.8
G,ADANI GREEN ENERGY LTD,       890.35,       884.40,0.67
G,JINDAL STEEL & POWER LTD,       837.65,       833.30,0.52
G,VEDANTA LIMITED,       415.15,       413.35,0.44
G,ADANI POWER LTD,       490.25,       488.65,0.33
G,POWER FIN CORP LTD.,       372.35,       371.30,0.28
G,DLF LIMITED,       674.75,       673.30,0.22
G,DABUR INDIA LTD,       520.55,       519.90,0.13
G,ADANI TOTAL GAS LIMITED,       574.45,       573.75,0.12
G,BHEL,       193.47,       193.31,0.08
G,JIO FIN SERVICES LTD,       222.45,       222.29,0.07
G,INDIAN RAILWAY FIN CORP L,       121.78,       121.75,0.02
G,TATA POWER CO LTD,       337.20,       337.15,0.01
 , , , , 
L,VARUN BEVERAGES LIMITED,       474.55,       488.55,-2.87
L,SIEMENS LTD,      4859.30,      4990.85,-2.64
L,INFO EDGE (I) LTD,      7338.90,      7485.50,-1.96
L,GODREJ CONSUMER PRODUCTS,      1039.25,      1058.90,-1.86
L,AVENUE SUPERMARTS LIMITED,      3621.50,      3682.65,-1.66
L,TVS MOTOR COMPANY  LTD,      2365.70,      2401.40,-1.49
L,CHOLAMANDALAM IN & FIN CO,      1356.95,      1376.00,-1.38
L,GAIL (INDIA) LTD,       160.17,       162.29,-1.31
L,JSW ENERGY LIMITED,       431.50,       437.10,-1.28
L,ICICI PRU LIFE INS CO LTD,       575.20,       582.45,-1.24
L,SAMVRDHNA MTHRSN INTL LTD,       124.79,       126.21,-1.13
L,HINDUSTAN AERONAUTICS LTD,      3475.70,      3513.70,-1.08
L,UNITED SPIRITS LIMITED,      1349.70,      1364.40,-1.08
L,INDIAN RAIL TOUR CORP LTD,       725.45,       732.60,-0.98
L,ADANI ENERGY SOLUTION LTD,       702.00,       708.40,-0.9
L,PIDILITE INDUSTRIES LTD,      2781.70,      2806.20,-0.87
L,SHREE CEMENT LIMITED,     28309.15,     28556.05,-0.86
L,ICICI LOMBARD GIC LIMITED,      1725.05,      1737.95,-0.74
L,LTIMINDTREE LIMITED,      5472.60,      5511.60,-0.71
L,REC LIMITED,       389.10,       391.65,-0.65
L,CANARA BANK,        85.09,        85.62,-0.62
L,BAJAJ HOLDINGS & INVS LTD,     12013.65,     12075.20,-0.51
L,ABB INDIA LIMITED,      5241.90,      5263.75,-0.42
L,UNION BANK OF INDIA,       109.01,       109.44,-0.39
L,BOSCH LIMITED,     26911.25,     27004.55,-0.35
L,AMBUJA CEMENTS LTD,       488.30,       489.50,-0.25
L,NHPC LTD,        73.21,        73.29,-0.11
 , , , , 
 ,OTHER SECURITIES, , , 
 , , , , 
G,SANDUR MANG & IRON ORES L,       414.60,       345.50,20
G,RELIABLE DATA SERVICE LTD,        81.22,        67.69,19.99
G,INDIAN HUME PIPE CO. LTD.,       342.10,       290.00,17.97
G,SEC RE NCD 9.25% SR I,      1135.00,       965.78,17.52
G,GODFREY PHILLIPS INDIA LT,      7038.00,      5999.50,17.31
G,RITE ZONE CHEMCON IND LTD,        37.40,        32.00,16.88
G,PENNAR INDUSTRIES LTD,       168.05,       144.06,16.65
G,GLAXOSMITHKLINE PHARMA LT,      2340.25,      2018.00,15.97
G,DENTA WATER N INFRA SOL L,       327.90,       290.40,12.91
G,SARASWATI SAREE DEPOT LTD,       115.53,       102.76,12.43
G,MARAL OVERSEAS LTD,        72.88,        65.13,11.9
G,NITIRAJ ENGINEERS LTD,       303.01,       272.94,11.02
G,AARTI PHARMALABS LIMITED,       791.00,       718.85,10.04
G,KRITI NUTRIENTS LIMITED,       106.18,        96.55,9.97
G,DEEPAK BUILDERS & ENG I L,       156.30,       142.67,9.55
G,JHS SVENDGAARD RETAIL V L,        36.31,        33.16,9.5
G,VASWANI IND LTD,        45.38,        41.47,9.43
G,NACL INDUSTRIES LIMITED,        63.31,        57.87,9.4
G,FRANTEMAMC - FICRF3GP,         1.63,         1.49,9.4
G,PRANIK LOGISTICS LIMITED,        81.90,        74.90,9.35
G,CAMLIN FINE SCIENCES LTD,       149.29,       136.96,9
G,ONECLICK LOGISTICS IND L,       123.60,       113.70,8.71
G,BULKCORP INTERNATIONAL L,        70.50,        64.90,8.63
G,MANAPPURAM FINANCE LTD,       193.29,       178.15,8.5
G,DISHMAN CARBO AMCIS LTD,       220.18,       203.03,8.45
G,NAVA LIMITED,       394.00,       364.10,8.21
G,PIRAMAL PHARMA LIMITED,       199.88,       184.90,8.1
G,TCPL PACKAGING LIMITED,      3757.60,      3484.75,7.83
G,KAYA LIMITED,       266.50,       247.45,7.7
G,CREDO BRANDS MARKETING L,       133.49,       124.21,7.47
 , , , , 
L,PRITIKA ENG COMPO LTD,        87.00,       173.00,-49.71
L,SURATWWALA BUS GROUP LTD,        83.51,       104.39,-20
L,ZEN TECHNOLOGIES LIMITED,      1080.00,      1350.00,-20
L,DEE DEVELOPMENT ENG LTD,       200.65,       250.80,-20
L,MACPOWER CNC MACHINES LTD,       782.80,       978.45,-20
L,BEST AGROLIFE LIMITED,       331.70,       414.60,-20
L,PIX TRANSMISSIONS LIMITED,      1451.45,      1812.20,-19.91
L,MAGELLANIC CLOUD LIMITED,        57.57,        71.45,-19.43
L,SOMI CONVEYOR BELT. LTD.,       135.89,       165.84,-18.06
L,FALCON TECHNOPROJ IND LTD,        31.15,        38.00,-18.03
L,WONDER ELECTRICALS LTD,       161.07,       190.50,-15.45
L,MITCON CON RS.2.50 PPD UP,        37.79,        44.57,-15.21
L,LOKESH MACHINES LTD,       192.45,       226.30,-14.96
L,MANAK ALUMINIUM CO. LTD.,        21.56,        24.97,-13.66
L,W.S.INDUSTRIES (I) LTD.,        73.30,        83.75,-12.48
L,VIMTA LABS LIMITED,       979.95,      1118.75,-12.41
L,RATEGAIN TRAVEL TECHN LTD,       539.90,       614.90,-12.2
L,SRIVASAVI ADHESIVE TAPE L,        68.00,        77.30,-12.03
L,LA OPALA RG LIMITED,       207.55,       235.65,-11.92
L,CENTUM ELECTRONICS LTD,      1375.20,      1554.95,-11.56
L,ASTEC LIFESCIENCES LTD,       750.65,       846.50,-11.32
L,SHAH ALLOYS LIMITED,        50.27,        56.58,-11.15
L,HINDWARE HME INOVATON LTD,       194.90,       219.16,-11.07
L,CARYSIL LIMITED,       520.25,       583.35,-10.82
L,BEACON TRUSTEESHIP LTD,        79.45,        89.00,-10.73
L,KFIN TECHNOLOGIES LIMITED,       825.70,       924.85,-10.72
L,MARVEL DECOR LIMITED,        92.05,       102.60,-10.28
L,BSL LTD,       156.59,       174.21,-10.11
L,ARISTO BIO T AND LIFESC L,       105.00,       116.80,-10.1
L,GANGA FORGING LIMITED,         5.35,         5.95,-10.08
