SECURITY,NEW,PREVIOUS,NEW_STATUS
2.50%GOLDBONDS2027SR-VI,8552.55,8522,H
GOI TBILL 91D-20/03/25,99.45,99.33,H
TSI 9.35% 34 SR I-H,105100,105000,H
AVRO INDIA LIMITED,210,188.88,H
SHREE VASU LOGISTICS LTD,395,353,H
SEC RE NCD 8.20% SR.V,1076,1073.9,H
UNITED POLYFAB GUJ. LTD.,166.4,143.5,H
Z-TECH (INDIA) LIMITED,644.95,642.9,H
SEC RE NCD SR II,1050,1018.8,H
SEC RE NCD 9% SR.IV,1068.45,1053.8,H
GOI TBILL 91D-13/03/25,99.59,99.53,H
2.50% GOLDBONDS2025SR-VI,8500,8380,H
SUMIT WOODS LIMITED,110.49,80.3,H
INNOVATIVE TYRE & TUBE LT,28.8,28.25,H
NIP IND ETF LONGTERM GILT,28.06,27.65,H
HDFC GOLD ETF,76.8,76.45,H
2.50%GOLDBONDS2026SR-II,8590,8550,H
AARTI PHARMALABS LIMITED,804.65,771,H
GOI TBILL 364D-26/06/25,97.5,97.27,H
BGR ENERGY SYSTEMS LTD,108.43,93.88,H
SEC RED NCD SR. VII,1950,1944.6,H
NITIRAJ ENGINEERS LTD,314.6,282,H
BLUE COAST HOTELS LIMITED,37.56,36.83,H
GOI TBILL 364D-06/11/25,95.45,95.4,H
2.50%GOLDBONDS2028SR-VIII,8880,8750,H
ZERODHAAMC - LIQUIDCASE,110.25,110.1,H
UNSEC RED NCD SR. VI,1708.95,1705,H
NORBEN TEA &EXPORTS LTD,38.36,36.54,H
FRANTEMAMC - FICRF3GP,1.63,1.49,H
GOI LOAN   6.64% 2027,100.9,100.55,H
BOHRA INDUSTRIES LIMITED,23.84,22.71,H
GOI TBILL 364D-23/10/25,95.68,95.63,H
SEC RE NCD SR.III,1181.39,1177.91,H
SEC RE NCD SR 2,1127,1119.8,H
SWAN DEFENCE N HEVY IND L,55.61,52.97,H
NATURAL CAPSULES LIMITED,269.8,264.8,H
GOI TBILL 364D-18/12/25,94.77,93.8,H
RAJVIR INDUSTRIES LIMITED,10.26,9.78,H
MAHAMAYA STEEL INDS LTD,234.54,230,H
GOI TBILL 364D-13/11/25,95.33,95.28,H
EXXARO TILES LIMITED,8.01,8.1,L
ANDHRA PAPER LIMITED,76.32,77,L
VAIDYA SANE AYUR LAB LTD,103.5,107,L
VERTEXPLUS TECHNOLOGIES L,78.25,82.2,L
LINC LIMITED,107,116.5,L
RAJSHREE POLYPACK LTD,26.67,28.06,L
RESTAURANT BRAND ASIA LTD,66.15,69.45,L
SAHYADRI INDUSTRIES LTD,230.25,239.95,L
HERANBA INDUSTRIES LTD,260.3,265,L
HARDWYN INDIA LIMITED,14.18,14.38,L
AKUMS DRUGS AND PHARMA L,513.2,518.55,L
ALLCARGO GATI LIMITED,63.99,65,L
STANLEY LIFESTYLES LTD,275.9,284,L
JTL INDUSTRIES LIMITED,78.46,85.02,L
DIFFUSION ENGINEERS LTD,246.35,259.7,L
DIGIDRIVE DISTRIBUTORS L,32.52,32.8,L
EDELAMC - ECAPINSURE,17.9,18.02,L
ICICIPRAMC - OILIETF,9.76,9.84,L
GLOSTER LIMITED,587.5,588.9,L
GVP INFOTECH LIMITED,9.1,9.5,L
SKIL INFRASTRUCTURE LTD.,3.35,3.53,L
MIRAEAMC - MIDSMALL,41.23,42.31,L
MITCON CON RS.2.50 PPD UP,35.67,39.87,L
MOS UTILITY LIMITED,255.05,260.25,L
SARASWATI SAREE DEPOT LTD,101.45,102,L
QUICKTOUCH TECHNOLOGIES L,59.15,60,L
RAYMOND LIFESTYLE LIMITED,1118.55,1127.4,L
BRAINBEES SOLUTIONS LTD,385.6,391.3,L
CADSYS (INDIA) LIMITED,80.8,84.35,L
UNICOMMERCE ESOLUTIONS L,113,117.2,L
ARCHIDPLY DECOR LIMITED,74,76.4,L
GP ECO SOLUTIONS INDIA L,230,234,L
SIGNPOST INDIA LIMITED,255.25,268.65,L
TROM INDUSTRIES LIMITED,166,174.5,L
NAMO EWASTE MANAGEMENT L,159,163.5,L
LAMOSAIC INDIA LIMITED,47.25,49.7,L
CMM INFRAPROJECTS LIMITED,2.65,2.7,L
GLOBESECURE TECHNO LTD,26.65,27.2,L
MAGELLANIC CLOUD LIMITED,57.16,68.18,L
T T LIMITED,12.59,13,L
EASY TRIP PLANNERS LTD,11.31,11.6,L
AKI INDIA LIMITED,10.56,10.6,L
UNIPARTS INDIA LIMITED,308,315,L
CYBER MEDIA RES & SER LTD,75.25,79.05,L
SHEELA FOAM LIMITED,735.95,760,L
SUBEX LTD,14.8,15.1,L
TRANSINDIA REAL ESTATE L,28.05,28.26,L
GARWARE TECH FIBRES LTD,700,714.55,L
RAMA PHOSPHATES LIMITED,92.51,95.21,L
ASHAPURA LOGISTICS LTD,80,83.4,L
DOCMODE HEALTH TECH LTD,57.2,60.2,L
WOL 3D INDIA LIMITED,108.3,111.05,L
YASH OPTICS & LENS LTD,74,76.4,L
ELEGANZ INTERIORS LIMITED,110.3,115.9,L
EMCURE PHARMACEUTICALS L,945.3,960,L
SHREEOSWAL S AND CHE LTD,13.71,14.3,L
ORIENT CERATECH LIMITED,38.09,38.21,L
ICICIPRAMC - ICICIALPLV,25.51,25.67,L
INDIAN PHOSPHATE LIMITED,60,62.05,L
KNOWLEDGE MARINE & EN W L,1690.1,1700,L
KOTAK PSU BANK,573.02,579,L
MAHALAXMI FABRIC MILLS LT,33.91,33.96,L
NTPC GREEN ENERGY LIMITED,102.76,104.81,L
ORTIN GLOBAL LIMITED,11.81,13.01,L
MANDEEP AUTO INDUSTRIES L,24.6,24.65,L
MCNALLY BH. ENG. CO.LTD,3.02,3.05,L
MIRAEAMC - EVINDIA,26.52,26.88,L
MOHINI HEALTH&HYGIENE LTD,57,59.8,L
TECIL CHEMICALS,20.06,20.35,L
THAAI CASTING LIMITED,106,107.5,L
QVC EXPORTS LIMITED,31.5,32.6,L
READYMIX CONSTRU MACHI L,105.45,111,L
CEIGALL INDIA LIMITED,253,267.8,L
CELL POINT (INDIA) LTD,19.9,21.6,L
NET AVENUE TECHNOLOGIES L,6.75,7.1,L
SUUMAYA INDUSTRIES LTD,2.75,2.9,L
BARFLEX POLYFILMS LIMITED,48.1,51.05,L
TECHERA ENGINEER (IND) L,166.65,170.05,L
HERCULES HOI. LTD.,157.89,166.21,L
V.L.INFRAPROJECTS LIMITED,42,44.15,L
AGS TRANSACT TECH LTD,30.15,31.74,L
KABRA JEWELS LIMITED,151.35,157.05,L
NIBE LIMITED,1148.95,1160,L
SEC RE NCD 10.30% SR.VII,756,921.51,L
JFL LIFE SCIENCES LIMITED,21.45,21.85,L
ALLCARGO LOGISTICS LTD,32.27,33.21,L
BCL INDUSTRIES LIMITED,34.92,36.41,L
CUPID LIMITED,66.05,66.3,L
DELHIVERY LIMITED,261,261.8,L
SHANTI OVERSEAS INDIA LTD,12,12.17,L
INDIA PESTICIDES LIMITED,129.53,132,L
M K PROTEINS LIMITED,6.48,6.83,L
SALASAR TECHNO ENGG. LTD.,10.01,10.2,L
SAKUMA EXPORTS LIMITED,2.8,2.94,L
DSPAMC - DSPPSBKETF,57.78,58.07,L
WESTERN CARRIERS (IND) L,91.01,92.89,L
ZERODHAAMC - MID150CASE,8.91,9.02,L
ADITYA VISION LIMITED,368,385.6,L
PODDAR HOUSE & DVPT LTD,50.54,53.2,L
INTERNATIO GEMM INS (I) L,430,438.55,L
GOPAL SNACKS LIMITED,279.5,288.85,L
LAKSHYA POWERTECH LIMITED,188.95,202,L
OLA ELECTRIC MOBILITY LTD,59.29,60.15,L
MAZDA LIMITED,237.55,246.55,L
MOTILALAMC - MOMENTUM50,45.95,46.55,L
MOTISONS JEWELLERS LTD,19.75,20,L
TOLINS TYRES LIMITED,130.01,134,L
PREMIUM PLAST LIMITED,35.1,35.5,L
POPULAR VEHICLES N SER L,120.64,126.31,L
NAMAN IN-STORE (INDIA) L,91.25,91.3,L
GODAVARI BIOREFINERIES L,181.55,190,L
GROWWAMC - GROWWDEFNC,52.36,53.71,L
COFFEE DAY ENTERPRISE LTD,22.4,22.62,L
MARINETRANS INDIA LIMITED,21.65,22.75,L
SITI NETWORKS LIMITED,0.61,0.63,L
ABS MARINE SERVICES LTD,127.2,133.4,L
ROSSELL TECHSYS LIMITED,285.85,286.15,L
RUDRABHISHEK ENTERP LTD,226,237.3,L
DECCAN TRANSCON LEASING L,56.25,60.05,L
JUBILANT AGRI N CON PRO L,1434.9,1510.4,L
KAMDHENU LIMITED,31.5,34.96,L
ORIENTAL CARBN & CHEM LTD,180,188,L
AATMAJ HEALTHCARE LIMITED,17.8,18.3,L
UTKARSH SMALL FIN BANK L,23.9,27.43,L
BAID FINSERV LIMITED,11,11.2,L
SIGACHI INDUSTRIES LTD,34,35.69,L
SIGMA SOLVE LIMITED,274.95,279.8,L
IDEAFORGE TECHNO LTD,376,383.9,L
SURATWWALA BUS GROUP LTD,83.51,91.25,L
KRITIKA WIRES LIMITED,8.38,8.72,L
REDTAPE LIMITED,153.3,154.95,L
RAJNANDINI METAL LIMITED,6.42,6.6,L
JAIPRAKASH ASSOCIATES LTD,4.02,4.2,L
SUNLITE RECYCLING IND LTD,121.5,122.25,L
DAM CAPITAL ADVISORS LTD,245.2,251.8,L
DDEV PLASTIKS IND LTD,219.95,236.15,L
VISAMAN GLOBAL SALES LTD,36,37,L
EUREKA FORBES LIMITED,475.05,483.8,L
FALCON TECHNOPROJ IND LTD,30.4,38,L
FLAIR WRITING INDUST LTD,207.85,216.3,L
SINCLAIRS HOTELS LIMITED,80,82.55,L
PLADA INFOTECH SERVICES L,21.05,23.05,L
PLAZA WIRES LIMITED,59.6,61.8,L
IDENTICAL BRAINS STUDIO L,41.9,44.1,L
IMPEX FERRO TECH LIMITED,2.67,2.74,L
KONSTELEC ENGINEERS LTD,86.4,90.4,L
LAXMI DENTAL LIMITED,358.2,378.05,L
ONE MOBIKWIK SYSTEMS LTD,313.85,323,L
PARAGON FINE S.C. LTD.,72.2,75,L
MASTER TRUST LIMITED,113.6,115,L
MIRAEAMC - MULTICAP,13.94,14.17,L
PURPLE UNITED SALES LTD,127,130,L
REVATHI EQUIPMENT INDIA L,1549.05,1650.05,L
BOROSIL SCIENTIFIC LTD,131.1,137.3,L
CARRARO INDIA LIMITED,339,351,L
NEPHRO CARE INDIA LIMITED,126.35,131.65,L
S A TECH SOFTWARE INDIA L,63.7,67.05,L
GANDHAR OIL REFINE IND L,145.35,146.98,L
ANUH PHARMA LIMITED,162.26,166.92,L
AVG LOGISTICS LIMITED,247.6,260.6,L
SUPREME FACILITY MGMT LTD,38.1,40,L
SURAKSHA DIAGNOSTIC LTD,281,288.5,L
EROS INTL MEDIA LTD,10.05,10.58,L
SIGNORIA CREATION LIMITED,85.75,90.25,L
SADHANA NITROCHEM LIMITED,25.45,26.76,L
DIAMINES & CHEMICALS LTD,339.95,354.3,L
DIVGI TORQTRANSFER SYST L,437.05,461,L
VINEET LABORATORIES LTD,38.3,38.35,L
VISHWARAJ SUGAR IND LTD,10.53,10.98,L
VINNY OVERSEAS LIMITED,1.28,1.33,L
ACE INTEGRATED SOLU. LTD.,21.5,23.06,L
PAISALO DIGITAL LIMITED,38,39.11,L
AKG EXIM LIMITED,15.07,15.5,L
IKIO LIGHTING LIMITED,172.2,180,L
KSHITIJ POLYLINE LIMITED,3.48,3.6,L
GLOBAL SURFACES LIMITED,107.41,114.4,L
SANGINITA CHEMICALS LTD,11.5,12.2,L
QUADPRO ITES LIMITED,3.6,3.65,L
DELTA AUTOCORP LIMITED,78.15,82.25,L
DIVINE POWER ENERGY LTD,97.75,100.55,L
EXICOM TELE SYSTEMS LTD,167.25,169.4,L
FILATEX FASHIONS LIMITED,0.52,0.54,L
GAJANAND INTERNATIONAL L,13.65,14.25,L
ADITYA ULTRA STEEL LTD,37.8,39.5,L
AGARWAL TOUGH GLASS IND L,102,105,L
SHREE TIRUPATI BALAJEE L,57,60.05,L
M.V.K. AGRO FOOD PROD LTD,32.75,33,L
OCCL LIMITED,74.96,75.17,L
ODIGMA CONSULTANCY SOL L,44.93,45.85,L
PALRED TECHNOLOGIES LTD,62.99,64.28,L
MAMATA MACHINERY LIMITED,367.3,373.5,L
SVP GLOBAL TEXTILES LTD,3.45,3.53,L
PROZONE REALTY LIMITED,30.43,31.06,L
RAGHAV PRODUCTIVITY ENH L,531.6,549.1,L
CELLO WORLD LIMITED,591.75,596,L
CEREBRA INT TECH LTD,5.72,5.93,L
BABA FOOD PROCESSING,47.3,48.2,L
VADIVARHE SPCLTY CHEM LTD,34.1,35.4,L
ALIVUS LIFE SCIENCES LTD,994.55,995,L
ATLAS CYCLE (HARYANA) LTD,120.16,122.62,L
INDIAN CARD,275.75,281.35,L
SABAR FLEX INDIA LIMITED,8.35,8.75,L
DHRUV CONSULTANCY SER LTD,90.88,95.67,L
TECHINDIA NIRMAN LIMITED,23,24.22,L
URJA GLOBAL LIMITED,13.15,13.42,L
GE VERNOVA T&D INDIA LTD,1401.1,1474.4,L
TWAMEV CONS AND INFRA LTD,47.23,49.01,L
GROWWAMC - GROWWRAIL,31.98,32.73,L
CHAMUNDA ELECTRICAL LTD,57.45,60.05,L
DIGIKORE STUDIOS LIMITED,201.3,204,L
FUSION FINANCE LIMITED,154,155.81,L
DHAMPUR BIO ORGANICS LTD,68.25,68.51,L
B&B TRIPLEWALL CONT LTD,167.03,178.41,L
STERLITE TECHNOLOGIES LTD,93.14,95.15,L
SULA VINEYARDS LIMITED,298,305.35,L
TRACXN TECHNOLOGIES LTD,59.91,60.1,L
MT EDUCARE LTD,2.07,2.09,L
GENSOL ENGINEERING LTD,524.25,543.05,L
R R KABEL LIMITED,1100.05,1104.05,L
RISHABH INSTRUMENTS LTD,235,243,L
HINDWARE HME INOVATON LTD,190.06,206.01,L
HEADS UP VENTURES LIMITED,9,9.14,L
AKME FINTRADE (INDIA) LTD,67.99,70,L
ESAF SMALL FINANCE BANK L,29.06,29.8,L
ECOS (INDIA) MOB & HOSP L,199.04,207,L
VIRINCHI LIMITED,26.12,26.46,L
VISION INFRA EQUIP SOL L,135,140.4,L
XTGLOBAL INFOTECH LIMITED,31.1,34,L
EFFWA INFRA & RESEARCH L,181.7,191.25,L
ELECTRO FORCE (INDIA) LTD,40.4,45.85,L
AFFORD ROBO & AUTO LTD,430.4,455.1,L
PHANTOM DIGITAL EFF LTD,171.6,179.25,L
SPP POLYMER LIMITED,24.6,25.65,L
MIRAEAMC - BANKPSU,57.76,58.13,L
MORARJEE TEXTILES LIMITED,6.69,6.91,L
MOTILALAMC - MODEFENCE,57.52,59.08,L
MOTILALAMC - MOREALTY,80.76,82,L
SATI POLY PLAST LIMITED,137,155,L
RAJGOR CASTOR DERIVATI L,20.9,21,L
RASHI PERIPHERALS LIMITED,279.05,282.05,L
VALIANT LABORATORIES LTD,91.25,93.2,L
BIRLASLAMC-ABSLPSE,8.21,8.37,L
BRACE PORT LOGISTICS LTD,76,77.1,L
AVANTEL LIMITED,107.5,112.2,L
BASILIC FLY STUDIO LTD,233.9,234.2,L
BAWEJA STUDIOS LIMITED,64.4,64.5,L
BEACON TRUSTEESHIP LTD,78,81,L
RULKA ELECTRICALS LIMITED,176.7,181.5,L
SEC RE NCD 9.25% SR II,911,920.3,L
COMPUAGE INFOCOM LTD,2.4,2.41,L
JITF INFRALOGISTICS LTD,388.4,407.1,L
ENSER COMMUNICATIONS LTD,29.2,62,L
INDUS INFRA TRUST,111.11,111.5,L
TUNWAL E-MOTORS LIMITED,37.5,38.55,L
INDIAN EMULSIFIERS LTD,155.65,338.1,L
DSPAMC - NEXT30ADD,32.78,33.22,L
SHREE RAM PROTEINS LTD.,1,1.03,L
STALLION IND FLUOROCHEM L,77.16,78.41,L
WISE TRAVEL INDIA LIMITED,154.65,157.8,L
SECUR CREDENTIALS LIMITED,2.34,2.47,L
JIWANRAM SHEODUTTRA IND L,9.2,9.35,L
SHANTHALA FMCG PRODUCTS L,30.6,33.1,L
ALLCARGO TERMINALS LTD,26.5,26.7,L
ARCHEAN CHEMICAL IND LTD,408.35,417.4,L
BANDHAN BANK LIMITED,131.13,134.26,L
SENCO GOLD LIMITED,304.55,357.6,L
NGL FINE CHEM LIMITED,1039.45,1091,L
LORENZINI APPARELS LTD,14.41,14.71,L
ROTO PUMPS LIMITED,205.75,211.25,L
PVR INOX LIMITED,999,1005.6,L
MEGHMANI ORGANICS LIMITED,70.67,71.3,L
EDELAMC - EMULTIMQ,36.58,37.17,L
ESCONET TECHNOLOGIES LTD,251.85,256.95,L
KORE DIGITAL LIMITED,459.35,468.7,L
KRYSTAL INTEGRATED SER L,438.2,449.05,L
LMW LIMITED,13876.6,14155.05,L
LOYAL TEXTILE MILLS LTD,238.15,250.6,L
NORTHERN ARC CAPITAL LTD,166.12,170,L
PAR DRUGS AND CHEM LTD,149.35,156.69,L
SRI HAVISHA HOSP & INFR L,1.86,2.04,L
SARLA PERF. FIBERS LTD,75.23,76.7,L
TBI CORN LIMITED,138,140,L
BLS E-SERVICES LIMITED,162.72,164.27,L
CONCORD ENVIRO SYSTEMS L,449.95,522.35,L
MUTHOOT MICROFIN LIMITED,135.21,143,L
MAHINDRA EPC IRRIG LTD,122,123.6,L
BRIGHT SOLAR LIMITED,2.95,3.1,L
S D RETAIL LIMITED,121,130.05,L
CRAYONS ADVERTISING LTD,77,82,L
KAMDHENU VENTURES LIMITED,12.63,13,L
AURANGABAD DISTILLERY LTD,161,165,L
SEC RE NCD 10.03% SR X,850.01,880.01,L
JNK INDIA LIMITED,356.2,391.1,L
MY MUDRA FINCORP LIMITED,58,60.35,L
AMBANI ORGOCHEM LIMITED,109.5,115.25,L
THINKING HATS ENTER SOL L,36.2,39.15,L
GMR AIRPORTS LIMITED,68.34,68.71,L
SUPREME HOLDIN N HOSP I L,80.71,84.9,L
GLOBE INTL CARRIERS LTD,105.65,106.75,L
NEWMALAYALAM STEEL LTD,37.85,39.65,L
NATURAL CAPSULES LIMITED,236,237.5,L
ONESOURCE SPECL PHARMA L,1301.35,1339.9,L
DMCC SPECIALITY CHEMICALS,324.85,331.45,L
AKSHAR SPINTEX LIMITED,0.62,0.65,L
ASTRON PAPER BORD MIL LTD,14.65,15.2,L
ATAM VALVES LIMITED,93.28,100.2,L
ZEAL GLOBAL SERVICES LTD,131.8,132,L
POWERGRID INFRA. INVITS,80.02,80.45,L
SPORTKING INDIA LIMITED,75.6,76.95,L
SHEETAL COOL PRODUCTS LTD,270.85,285,L
MOXSH OVERSEAS EDUCON LTD,30.8,31.35,L
BODHI TREE MULTIMEDIA LTD,8.49,8.92,L
HLE GLASCOAT LIMITED,252.15,265,L
ANDHRA CEMENTS LIMITED,56.68,61.42,L
ANSAL PROP & INFRA LTD,7.36,7.55,L
IRM ENERGY LIMITED,270.15,271.55,L
DEE DEVELOPMENT ENG LTD,200.65,225.6,L
DELAPLEX LIMITED,180.2,181,L
DELPHI WORLD MONEY LTD,169.07,172.53,L
SINDHU TRADE LINKS LTD,16.29,16.49,L
ICICIPRAMC - ICICIFMCG,55.71,55.91,L
GROWWAMC - GROWWEV,26.5,26.87,L
KOTAKMAMC - KOTAKALPHA,41.93,42,L
NURECA LIMITED,260.1,263.05,L
ORBIT EXPORTS LIMITED,165.91,169,L
OSEL DEVICES LIMITED,249.15,254.2,L
PHOENIX OVERSEAS LIMITED,23.5,24,L
SANSTAR LIMITED,91.21,98.21,L
TAKE SOLUTIONS LTD,10.1,10.47,L
TATA TECHNOLOGIES LIMITED,715.5,718,L
TRANS & RECTI. LTD,382.7,402.8,L
C2C ADVANCED SYSTEMS LTD,567.95,597.8,L
UNIMECH AEROSPACE N MFG L,1029.35,1125.35,L
VINTAGE COFFEE N BVRGS L,94.56,98.06,L
SANATHAN TEXTILES LIMITED,307.4,312,L
MUFIN GREEN FINANCE LTD,73.36,73.85,L
NOIDA TOLL BRIDGE CO LTD,4.82,4.92,L
HDFCAMC HDFCPSUBK,58,58.29,L
JUNIPER HOTELS LIMITED,224.3,227.55,L
STANDARD GLASS LIN TECH L,135.25,142.53,L
BIKEWO GREEN TECH LIMITED,19.85,21,L
HOLMARC OPTO MECHATRO L,148.5,148.55,L
ROX HI TECH LIMITED,63.2,64,L
NEELAM LINENS & GAR (I) L,34.95,35.2,L
TRUST FINTECH LIMITED,85.75,89.2,L
INDIFRA LIMITED,16.6,17.15,L
KEN ENTERPRISES LIMITED,69.3,72.95,L

