SYMBOL,SERIES,SECURITY,HIGH/LOW,INDEX FLAG
10SCL30A,BV,SEC RE NCD 9.71% SR VIII,H
698GR2054,GS,GOI LOAN   6.98% 2054,H
ADL,EQ,ARCHIDPLY DECOR LIMITED,H
AGNI,ST,AGNI GREEN POWER LTD,H
AKANKSHA,SM,AKANKSHA POWER N INFRA L,H
ALPSINDUS,BE,ALPS INDUSTRIES LTD.,H
ANKITMETAL,BZ,ANKIT MET & POW LTD,H
APRAMEYA,ST,APRAMEYA ENGINEERING LTD,H
ARSSINFRA,BE,ARSS INFRA PROJ. LTD,H
ARVINDPORT,ST,ARVIND PORT AND INFRA LTD,H
ASPIRE,ST,ASPIRE & INNOVATIVE ADV L,H
AXISCADES,BE,AXISCADES TECH LTD,H
BESTAGRO,BE,BEST AGROLIFE LIMITED,H
BGRENERGY,BE,BGR ENERGY SYSTEMS LTD,H
BLACKBUCK,EQ,ZINKA LOGISTICS SOL LTD,H
BLUECHIP,BE,BLUE CHIP INDIA LIMITED,H
CALSOFT,BE,CALIFORNIA SOFTWARE CO LT,H
CALSOFTPP,X1,CALSOFT RS.2.50 PPD UP,H
CBAZAAR,ST,NET AVENUE TECHNOLOGIES L,H
CINEVISTA,EQ,CINEVISTA LIMITED,H
CMMIPL,SZ,CMM INFRAPROJECTS LIMITED,H
COMPINFO,BZ,COMPUAGE INFOCOM LTD,H
CRAYONS,ST,CRAYONS ADVERTISING LTD,H
CREATIVEYE,EQ,CREATIVE EYE LIMITED,H
DHRUV,BE,DHRUV CONSULTANCY SER LTD,H
DIL,BE,DEBOCK INDUSTRIES LIMITED,H
DIVYADHAN,ST,DIVYADHAN RECYCLING IND L,H
DPEL,SM,DIVINE POWER ENERGY LTD,H
EDUCOMP,BZ,EDUCOMP SOLUTIONS LTD,H
EFFWA,SM,EFFWA INFRA & RESEARCH L,H
ENFUSE,SM,ENFUSE SOLUTIONS LIMITED,H
ENSER,ST,ENSER COMMUNICATIONS LTD,H
ESCONET,ST,ESCONET TECHNOLOGIES LTD,H
ESSARSHPNG,BE,ESSAR SHIPPING LTD,H
FCONSUMER,BE,FUTURE CONSUMER LIMITED,H
FEL,BZ,FUTURE ENTERPRISES LTD,H
FELIX,SM,FELIX INDUSTRIES LTD.,H
FICRF3GP,MF,FRANTEMAMC - FICRF3GP,H
FLEXITUFF,BE,FLEXITUFF VENTURES INT L,H
GAJANAND,ST,GAJANAND INTERNATIONAL L,H
GANGAFORGE,EQ,GANGA FORGING LIMITED,H
GATECH,EQ,GACM TECHNOLOGIES LIMITED,H
GAYAHWS,BE,GAYATRI HIGHWAYS LIMITED,H
GAYAPROJ,BZ,GAYATRI PROJECTS LTD,H
GIRIRAJ,ST,GIRIRAJ CIVIL DEVP LTD,H
GODAVARIB,BE,GODAVARI BIOREFINERIES L,H
GODHA,BE,GODHA CABCON INSULAT LTD,H
GOENKA,BZ,GOENKA DIAMOND&JEWELS LTD,H
HMT,BZ,HMT LTD -,H
HYBRIDFIN,EQ,HYBRID FINANCIAL SERVICE,H
IBLFL,ST,IBL FINANCE LIMITED,H
IL&FSTRANS,BZ,IL&FS TRANS NET LTD,H
IMPEXFERRO,BZ,IMPEX FERRO TECH LIMITED,H
IRIS,BE,IRIS BUSINESS SERV LTD,H
IZMO,BE,IZMO LIMITED,H
JITFINFRA,BE,JITF INFRALOGISTICS LTD,H
JPASSOCIAT,BE,JAIPRAKASH ASSOCIATES LTD,H
K2INFRA,ST,K2 INFRAGEN LIMITED,H
KAMOPAINTS,BE,KAMDHENU VENTURES LIMITED,H
KAVVERITEL,BE,KAVVERI TEL. LTD.,H
KDL,ST,KORE DIGITAL LIMITED,H
KEEPLEARN,BE,DSJ KEEP LEARNING LTD,H
KKJEWELS,ST,KABRA JEWELS LIMITED,H
KOTHARIPRO,BE,KOTHARI PRODUCTS,H
KRITIKA,BE,KRITIKA WIRES LIMITED,H
LAL,BE,LORENZINI APPARELS LTD,H
LATTEYS,BE,LATTEYS INDUSTRIES LTD,H
LAWSIKHO,ST,ADDICTIVE LEARNING TECH L,H
LCCINFOTEC,BE,LCC INFOTECH LTD,H
LPDC,BE,LANDMARK PR.DEV.CO.LTD,H
LYPSAGEMS,EQ,LYPSA GEMS & JEWEL LTD,H
MANAV,SM,MANAV INFRA PROJECTS LTD,H
MARINE,BE,MARINE ELECTRICAL (I) LTD,H
MFML,BE,MAHALAXMI FABRIC MILLS LT,H
MICEL,EQ,MIC ELECTRONICS LTD,H
MONOPHARMA,SM,MONO PHARMACARE LIMITED,H
MSPL,EQ,MSP STEEL & POWER LTD.,H
NARMADA,BE,NARMADA AGROBASE LIMITED,H
NBIFIN,EQ,N.B.I. IND. FIN. CO. LTD,H
NEPHROCARE,SM,NEPHRO CARE INDIA LIMITED,H
NGLFINE,BE,NGL FINE CHEM LIMITED,H
NILASPACES,BE,NILA SPACES LIMITED,H
NITIRAJ,EQ,NITIRAJ ENGINEERS LTD,H
OLIL,ST,ONECLICK LOGISTICS IND L,H
OMKARCHEM,BZ,OMKAR SPL CHEM LTD,H
ORTEL,BZ,ORTEL COMMUNICATIONS LTD,H
OSIAHYPER,EQ,OSIA HYPER RETAIL LIMITED,H
PALREDTEC,BE,PALRED TECHNOLOGIES LTD,H
PANACEABIO,EQ,PANACEA BIOTEC LTD,H
PANSARI,BE,PANSARI DEVELOPERS LTD,H
PAR,BE,PAR DRUGS AND CHEM LTD,H
PARASPETRO,EQ,PARAS PETROFILS LTD.,H
PARSVNATH,BE,PARSVNATH DEVELOPER LTD,H
PENINLAND,BE,PENINSULA LAND LIMITED,H
PERFECT,ST,PERFECT INFRAENGINEER LTD,H
PKTEA,BE,THE P K TEA PROD CO LTD,H
POLYSIL,ST,POLYSIL IRRIGATION SYST L,H
PRESSTONIC,SM,PRESSTONIC ENGINEERING L,H
PTCIL,EQ,PTC INDUSTRIES LIMITED,H
QUADPRO,SM,QUADPRO ITES LIMITED,H
QUINTEGRA,BE,QUINTEGRA SOLUTIONS LTD.,H
RADAAN,BE,RADAAN MEDIAWORKS (I) LTD,H
READYMIX,ST,READYMIX CONSTRU MACHI L,H
RHFL,BE,RELIANCE HOME FINANCE LTD,H
RKEC,EQ,RKEC PROJECTS LIMITED,H
ROLTA,BZ,ROLTA INDIA LTD,H
ROSSELLIND,BE,ROSSELL INDIA LIMITED,H
RPPINFRA,BE,R.P.P INFRA PROJECTS LTD.,H
RVTH,EQ,REVATHI EQUIPMENT INDIA L,H
SABAR,ST,SABAR FLEX INDIA LIMITED,H
SADBHAV,BE,SADBHAV ENGINEERING LTD,H
SAJHOTELS,ST,SAJ HOTELS LIMITED,H
SAKUMA,BE,SAKUMA EXPORTS LIMITED,H
SANWARIA,BZ,SANWARIA CONSUMER LIMITED,H
SBC,EQ,SBC EXPORTS LIMITED,H
SECURCRED,BZ,SECUR CREDENTIALS LIMITED,H
SEJALLTD,EQ,SEJAL GLASS LIMITED,H
SELMC,EQ,SEL MANUFACTURING CO LTD,H
SETCO,BE,SETCO AUTOMOTIVE LTD,H
SETUINFRA,BZ,SETUBANDHAN INFRA LTD,H
SHAKTIPUMP,BE,SHAKTI PUMPS (I) LTD,H
SHYAMTEL,BE,SHYAM TELECOM LIMITED,H
SIDDHIKA,ST,SIDDHIKA COATINGS LIMITED,H
SIGNORIA,ST,SIGNORIA CREATION LIMITED,H
SILKFLEX,SM,SILKFLEX POLYMERS INDIA L,H
SIMBHALS,BE,SIMBHAOLI SUGARS LTD.,H
SITINET,BZ,SITI NETWORKS LIMITED,H
SKIL,BZ,SKIL INFRASTRUCTURE LTD.,H
SPCENET,BE,SPACENET ENTERS IND LTD,H
SPECTSTM,SM,SPECTRUM TALENT MGMT LTD,H
SPMLINFRA,BE,SPML INFRA LIMITED,H
SSFL,SM,SRIVARI SPICES N FOODS L,H
SUMIT,EQ,SUMIT WOODS LIMITED,H
SUPERSPIN,EQ,SUPER SPINNING MILLS LTD,H
SVPGLOB,BE,SVP GLOBAL TEXTILES LTD,H
SWANDEF,BE,SWAN DEFENCE N HEVY IND L,H
TECHLABS,ST,TRIDENT TECHLABS LIMITED,H
TIJARIA,BE,TIJARIA POLYPIPES LTD,H
TIL,EQ,TIL LTD,H
TIMESCAN,SM,TIMESCAN LOGISTICS IND L,H
TIRUPATIFL,BE,TIRUPATI FORGE LIMITED,H
UMANGDAIRY,BE,UMANG DAIRIES LIMITED,H
UNIINFO,BE,UNIINFO TELECOM SERVI LTD,H
UNITECH,BZ,UNITECH LIMITED,H
URJA,BE,URJA GLOBAL LIMITED,H
VARDMNPOLY,BE,VARDHMAN POLYTEX LTD.,H
VENTIVE,EQ,VENTIVE HOSPITALITY LTD,H
VERTEXPLUS,SM,VERTEXPLUS TECHNOLOGIES L,H
VERTOZ,BE,VERTOZ LIMITED,H
VINNY,BE,VINNY OVERSEAS LIMITED,H
VIPULLTD,BE,VIPUL LIMITED,H
VISASTEEL,BE,VISA STEEL LIMITED,H
VMARCIND,ST,V MARC INDIA LIMITED,H
WEALTH,BE,WEALTH FRST PORT. MG. LTD,H
WEBELSOLAR,BE,WEBSOL ENERGY SYSTEM LTD,H
WELINV,EQ,WELSPUN INV & COMM LTD,H
WINNY,ST,WINNY IMMIGRA & EDU SER L,H
WINSOME,BZ,WINSOME YARNS LIMITED,H
WSI,BE,W.S.INDUSTRIES (I) LTD.,H
10SCL30A,BV,SEC RE NCD 9.71% SR VIII,L
63MOONS,EQ,63 MOONS TECHNOLOGIES LTD,L
767NL33B,SG,SDL NL 7.67% 2033,L
980SCL33,NX,SEC RE NCD 10.75% SR XI,L
A2ZINFRA,BE,A2Z INFRA ENGINEERING LTD,L
ABMINTLLTD,EQ,ABM INTERNATIONAL LTD,L
ABSMARINE,ST,ABS MARINE SERVICES LTD,L
AGARWALFT,ST,AGARWAL FLOAT GLASS I LTD,L
AGSTRA,BE,AGS TRANSACT TECH LTD,L
AISL,SM,ANI INTEGRATED SERV LTD.,L
ALMONDZ,EQ,ALMONDZ GLOBAL SEC LTD,L
ALPEXSOLAR,SM,ALPEX SOLAR LIMITED,L
ANSALAPI,BZ,ANSAL PROP & INFRA LTD,L
ARROWGREEN,BE,ARROW GREENTECH LIMITED,L
ARSHIYA,BZ,ARSHIYA LIMITED,L
ASHAPURMIN,EQ,ASHAPURA MINECHEM LTD,L
ATLASCYCLE,BE,ATLAS CYCLE (HARYANA) LTD,L
ATMASTCO,SM,ATMASTCO LIMITED,L
AVALON,EQ,AVALON TECHNOLOGIES LTD,L
AVONMORE,BE,AVONMORE CAP&MGT SERV LTD,L
AVPINFRA,ST,AVP INFRACON LIMITED,L
AYMSYNTEX,EQ,AYM SYNTEX LIMITED,L
BAGFILMS,BE,B.A.G FILMS AND MEDIA LTD,L
BGLOBAL,BZ,BHARATIYA GLOBAL INFO LTD,L
BGRENERGY,BE,BGR ENERGY SYSTEMS LTD,L
C2C,ST,C2C ADVANCED SYSTEMS LTD,L
CLOUD,SZ,VARANIUM CLOUD LIMITED,L
CMICABLES,BZ,CMI LIMITED,L
CMMIPL,SZ,CMM INFRAPROJECTS LIMITED,L
COFFEEDAY,BE,COFFEE DAY ENTERPRISE LTD,L
CTE,EQ,CAMBRIDGE TECH ENTER LTD,L
DBOL,BE,DHAMPUR BIO ORGANICS LTD,L
DHTL,SM,DOCMODE HEALTH TECH LTD,L
DYNAMIC,ST,DYNAMIC SRVCS & SEC LTD,L
E2E,EQ,E2E NETWORKS LIMITED,L
EDUCOMP,BZ,EDUCOMP SOLUTIONS LTD,L
ELGIRUBCO,BE,ELGI RUBBER CO. LTD,L
EMAMIREAL,BE,EMAMI REALTY LIMITED,L
EMMIL,ST,ENERGY MISSION MACH IND L,L
ENERGYDEV,BE,ENERGY DEVE. CO.LTD,L
EROSMEDIA,BZ,EROS INTL MEDIA LTD,L
ESPRIT,ST,ESPRIT STONES LIMITED,L
EXICOM,EQ,EXICOM TELE SYSTEMS LTD,L
FLEXITUFF,BE,FLEXITUFF VENTURES INT L,L
FOCE,SM,FOCE INDIA LIMITED,L
GANGOTRI,BZ,GANGOTRI TEXTILES LTD.,L
GAYAHWS,BE,GAYATRI HIGHWAYS LIMITED,L
GENSOL,EQ,GENSOL ENGINEERING LTD,L
GIRIRAJ,ST,GIRIRAJ CIVIL DEVP LTD,L
GLOBALVECT,BE,GLOBAL VEC HELICORP LTD,L
GLOBE,EQ,GLOBE TEXTILES (I) LTD.,L
GSTL,ST,GLOBESECURE TECHNO LTD,L
GVKPIL,BE,GVK POW. & INFRA LTD.,L
HARDWYN,BE,HARDWYN INDIA LIMITED,L
HEADSUP,BE,HEADS UP VENTURES LIMITED,L
HERANBA,BE,HERANBA INDUSTRIES LTD,L
HINDNATGLS,BE,HIND NATL GLASS & IND LTD,L
HOVS,EQ,HOV SERVICES LTD,L
HRHNEXT,ST,HRH NEXT SERVICES LIMITED,L
HUBTOWN,EQ,HUBTOWN LIMITED,L
HVAX,ST,HVAX TECHNOLOGIES LIMITED,L
ICDSLTD,BE,ICDSLTD,L
IGIL,EQ,INTERNATIO GEMM INS (I) L,L
IITL,EQ,INDUSTRIAL INV TRUST LTD,L
INDOTECH,EQ,INDO TECH TRANSFORM LTD.,L
ISHAN,SM,ISHAN INTERNATIONAL LTD,L
ITI,BE,ITI LTD,L
JAICORPLTD,EQ,JAI CORP LIMITED,L
K2INFRA,ST,K2 INFRAGEN LIMITED,L
KALYANIFRG,BE,KALYANI FORGE LIMITED,L
KCEIL,ST,KAY CEE ENERGY & INFRA L,L
KCK,ST,KCK INDUSTRIES LTD,L
KERNEX,BE,KERNEX MICROSYS(I) LTD,L
KESORAMIND,BE,KESORAM INDUSTRIES LTD,L
KONSTELEC,ST,KONSTELEC ENGINEERS LTD,L
KONTOR,SM,KONTOR SPACE LIMITED,L
KORE,ST,JAY JALARAM TECHNO LTD,L
KPEL,EQ,K.P. ENERGY LIMITED,L
KPIGREEN,EQ,KPI GREEN ENERGY LIMITED,L
KREBSBIO,BE,KREBS BIOCHEMICALS & IND,L
KRISHIVAL,SM,KRISHIVAL FOODS LIMITED,L
KTL,ST,KALAHRIDHAAN TRENDZ LTD,L
LAKPRE,BZ,LAKSHMI PRE SCRE LTD,L
LGHL,BE,LAXMI GOLDORNA HOUSE LTD,L
MAANALU,BE,MAAN ALUMINIUM LIMITED,L
MACPOWER,BE,MACPOWER CNC MACHINES LTD,L
MAGSON,ST,MAGSON RETAIL AND DIST L,L
MANAKCOAT,BE,MAN COAT METAL & IND LTD,L
MARINETRAN,ST,MARINETRANS INDIA LIMITED,L
MCLEODRUSS,BE,MCLEOD RUSSEL INDIA LTD.,L
MFML,BE,MAHALAXMI FABRIC MILLS LT,L
MIEL,ST,MANGLAM INFRA & ENG LTD,L
MTEDUCARE,BE,MT EDUCARE LTD,L
NAMAN,ST,NAMAN IN-STORE (INDIA) L,L
NECLIFE,EQ,NECTAR LIFESCIENCES LTD.,L
NEELAM,SM,NEELAM LINENS & GAR (I) L,L
NEWJAISA,ST,NEWJAISA TECHNOLOGIES LTD,L
NIBE,EQ,NIBE LIMITED,L
NITCO,BE,NITCO LIMITED,L
ONDOOR,ST,ON DOOR CONCEPTS LIMITED,L
OPTIEMUS,EQ,OPTIEMUS INFRACOM LTD,L
ORCHPHARMA,EQ,ORCHID PHARMA LIMITED,L
ORIANA,SM,ORIANA POWER LIMITED,L
ORIENTTECH,EQ,ORIENT TECHNOLOGIES LTD,L
OSELDEVICE,ST,OSEL DEVICES LIMITED,L
OSIAHYPER,EQ,OSIA HYPER RETAIL LIMITED,L
PANACHE,BE,PANACHE DIGILIFE LIMITED,L
PARASPETRO,EQ,PARAS PETROFILS LTD.,L
PATTECH,SM,PATTECH FITWELL TUB COM L,L
PIGL,BE,POWER INSTRUMENT (G) LTD,L
PIONEEREMB,BE,PIONEER EMBROIDERIES LTD,L
PNC,BE,PRITISH NANDY COMMUNICATI,L
PODDARHOUS,BZ,PODDAR HOUSE & DVPT LTD,L
PREMIER,BE,PREMIER LIMITED,L
PRIZOR,SM,PRIZOR VIZTECH LIMITED,L
PROZONER,BE,PROZONE REALTY LIMITED,L
PURVA,EQ,PURAVANKARA LIMITED,L
QUESTLAB,ST,QUEST LABORATORIES LTD,L
QUINTEGRA,BE,QUINTEGRA SOLUTIONS LTD.,L
RADHIKAJWE,EQ,RADHIKA JEWELTECH LIMITED,L
RAJRILTD,BE,RAJ RAYON INDUSTRIES LTD,L
RAMANEWS,BE,SHREE RAMA NEWSPRINT LTD,L
RBMINFRA,ST,RBM INFRACON LIMITED,L
RCOM,BE,RELIANCE COMMUNICATIONS L,L
REFRACTORY,ST,REFRACTORY SHAPES LIMITED,L
REXPIPES,SM,REX PIPES AND CABLES LTD,L
RNFI,ST,RNFI SERVICES LIMITED,L
ROLLT,BE,ROLLATAINERS LIMITED,L
ROSSTECH,BE,ROSSELL TECHSYS LIMITED,L
RPPINFRA,BE,R.P.P INFRA PROJECTS LTD.,L
RSSOFTWARE,BE,R. S. SOFTWARE (INDIA) LI,L
RVHL,BE,RAVINDER HEIGHTS LIMITED,L
SADBHIN,EQ,SADBHAV INFRA PROJ LTD.,L
SADHNANIQ,BE,SADHANA NITROCHEM LIMITED,L
SAGILITY,EQ,SAGILITY INDIA LIMITED,L
SAHANA,ST,SAHANA SYSTEM LIMITED,L
SANCO,BZ,SANCO INDUSTRIES LIMITED,L
SANWARIA,BZ,SANWARIA CONSUMER LIMITED,L
SARLAPOLY,BE,SARLA PERF. FIBERS LTD,L
SATECH,ST,S A TECH SOFTWARE INDIA L,L
SBGLP,BE,SURATWWALA BUS GROUP LTD,L
SECURCRED,BZ,SECUR CREDENTIALS LIMITED,L
SECURKLOUD,EQ,SECUREKLOUD TECH LIMITED,L
SEL,ST,SUNGARNER ENERGIES LTD,L
SEYAIND,BE,SEYA INDUSTRIES LIMITED,L
SHANTHALA,ST,SHANTHALA FMCG PRODUCTS L,L
SHUBHLAXMI,SM,SHUBHLAXMI JEWEL ART LTD,L
SITINET,BZ,SITI NETWORKS LIMITED,L
SIYSIL,EQ,SIYARAM SILK MILLS LTD,L
SKYGOLD,BE,SKY GOLD LIMITED,L
SLONE,ST,SLONE INFOSYSTEMS LIMITED,L
SOLEX,ST,SOLEX ENERGY LIMITED,L
SONUINFRA,ST,SONU INFRATECH LIMITED,L
SPCENET,BE,SPACENET ENTERS IND LTD,L
SPCL,ST,SHIVALIC POWER CONTROL L,L
SRM,BE,SRM CONTRACTORS LIMITED,L
SRPL,BZ,SHREE RAM PROTEINS LTD.,L
SUNDRMBRAK,BE,SUNDARAMBRAKE LININGS LTD,L
SVLL,EQ,SHREE VASU LOGISTICS LTD,L
SVPGLOB,BE,SVP GLOBAL TEXTILES LTD,L
TAC,ST,TAC INFOSEC LIMITED,L
TAKE,BZ,TAKE SOLUTIONS LTD,L
TARC,EQ,TARC LIMITED,L
TGL,ST,TEERTH GOPICON LIMITED,L
TICL,EQ,TWAMEV CONS AND INFRA LTD,L
TIMESGTY,BE,TIMES GUARANTY LIMITED,L
TOLINS,BE,TOLINS TYRES LIMITED,L
UEL,BE,UJAAS ENERGY LIMITED,L
UNIINFO,BE,UNIINFO TELECOM SERVI LTD,L
UNIVASTU,BE,UNIVASTU INDIA LIMITED,L
URBAN,SM,URBAN ENVIRO WASTE MGMT L,L
VAKRANGEE,EQ,VAKRANGEE LIMITED,L
VELS,ST,VELS FILM INTERNATIONAL L,L
VIVIANA,ST,VIVIANA POWER TECH LTD,L
VLEGOV,BE,VL E GOV AND IT SOL LTD,L
WALCHANNAG,EQ,WALCHANDNAGAR INDUSTRIES,L
WEALTH,BE,WEALTH FRST PORT. MG. LTD,L
WEWIN,BE,WE WIN LIMITED,L
WINSOME,BZ,WINSOME YARNS LIMITED,L
WOCKPHARMA,EQ,WOCKHARDT LIMITED,L
WTICAB,ST,WISE TRAVEL INDIA LIMITED,L
YAARI,BE,YAARI DIGI INT SER LTD,L
ZAGGLE,EQ,ZAGGLE PREPA OCEAN SER L,L
ZTECH,ST,Z-TECH (INDIA) LIMITED,L
