GAIN_LOSS,SECURITY,CLOSE_PRIC,PREV_CL_PR,PERCENT_CG
 ,Nifty 50 Sec., , , 
 , , , , 
G,POWER GRID CORP. LTD.,       271.30,       263.30,3.04
G,HINDUSTAN UNILEVER LTD.,      2247.75,      2204.55,1.96
G,INFOSYS LIMITED,      1701.45,      1686.00,.92
G,SBI LIFE INSURANCE CO LTD,      1419.45,      1411.60,.56
G,NESTLE INDIA LIMITED,      2248.40,      2238.45,.44
G,ASIAN PAINTS LIMITED,      2278.60,      2270.00,.38
G,CIPLA LTD,      1462.75,      1458.45,.29
G,ITC LTD,       405.00,       403.90,.27
G,JSW STEEL LIMITED,      1013.50,      1011.15,.23
G,SUN PHARMACEUTICAL IND L,      1611.50,      1609.30,.14
G,HDFC LIFE INS CO LTD,       625.90,       625.20,.11
G,ICICI BANK LTD.,      1214.85,      1214.55,.02
G,BHARTI AIRTEL LIMITED,      1630.95,      1630.70,.02
 , , , , 
L,OIL AND NATURAL GAS CORP.,       223.19,       232.89,-4.17
L,TRENT LTD,      4799.70,      4999.85,-4
L,INDUSIND BANK LIMITED,       900.50,       936.75,-3.87
L,BAJAJ AUTO LIMITED,      7383.40,      7574.75,-2.53
L,EICHER MOTORS LTD,      4990.55,      5100.70,-2.16
L,LARSEN & TOUBRO LTD.,      3177.70,      3244.70,-2.06
L,HERO MOTOCORP LIMITED,      3582.85,      3652.50,-1.91
L,TITAN COMPANY LIMITED,      3026.80,      3079.35,-1.71
L,BHARAT ELECTRONICS LTD,       272.33,       276.99,-1.68
L,BHARAT PETROLEUM CORP  LT,       256.93,       261.26,-1.66
L,COAL INDIA LTD,       375.15,       380.65,-1.44
L,WIPRO LTD,       280.90,       284.80,-1.37
L,DR. REDDY S LABORATORIES,      1120.20,      1133.25,-1.15
L,APOLLO HOSPITALS ENTER. L,      6149.60,      6216.10,-1.07
L,GRASIM INDUSTRIES LTD,      2383.95,      2407.25,-0.97
L,MAHINDRA & MAHINDRA LTD,      2702.60,      2727.85,-0.93
L,RELIANCE INDUSTRIES LTD,      1238.40,      1249.80,-0.91
L,ADANI ENTERPRISES LIMITED,      2228.30,      2247.50,-0.85
L,SHRIRAM FINANCE LIMITED,       625.60,       630.85,-0.83
L,BAJAJ FINANCE LIMITED,      8342.60,      8404.50,-0.74
L,KOTAK MAHINDRA BANK LTD,      1921.75,      1935.40,-0.71
L,MARUTI SUZUKI INDIA LTD.,     11586.05,     11664.15,-0.67
L,TATA CONSULTANCY SERV LT,      3589.65,      3611.20,-0.6
L,ULTRATECH CEMENT LIMITED,     10520.10,     10582.40,-0.59
L,HCL TECHNOLOGIES LTD,      1549.30,      1557.95,-0.56
L,STATE BANK OF INDIA,       728.90,       732.75,-0.53
L,TATA CONSUMER PRODUCT LTD,       957.30,       962.05,-0.49
L,TECH MAHINDRA LIMITED,      1486.85,      1492.35,-0.37
L,TATA STEEL LIMITED,       151.05,       151.56,-0.34
L,HINDALCO  INDUSTRIES  LTD,       689.15,       691.35,-0.32
 , , , , 
 ,Nifty Next 50 Sec., , , 
 , , , , 
G,JSW ENERGY LIMITED,       505.35,       491.70,2.78
G,ADANI ENERGY SOLUTION LTD,       759.10,       747.60,1.54
G,ICICI LOMBARD GIC LIMITED,      1699.60,      1686.95,0.75
G,HAVELLS INDIA LIMITED,      1469.10,      1460.55,0.59
G,TATA POWER CO LTD,       352.45,       351.45,0.28
G,AVENUE SUPERMARTS LIMITED,      3603.75,      3593.60,0.28
 , , , , 
L,INFO EDGE (I) LTD,      6588.10,      6833.85,-3.6
L,MACROTECH DEVELOPERS LTD,      1075.70,      1113.00,-3.35
L,TVS MOTOR COMPANY  LTD,      2257.25,      2332.90,-3.24
L,ABB INDIA LIMITED,      5160.30,      5326.55,-3.12
L,UNION BANK OF INDIA,       114.18,       117.78,-3.06
L,DLF LIMITED,       647.10,       667.05,-2.99
L,CANARA BANK,        82.49,        85.02,-2.98
L,INDIAN RAILWAY FIN CORP L,       119.75,       123.42,-2.97
L,REC LIMITED,       394.20,       406.20,-2.95
L,PUNJAB NATIONAL BANK,        88.60,        91.17,-2.82
L,INDIAN OIL CORP LTD,       121.59,       124.84,-2.6
L,CHOLAMANDALAM IN & FIN CO,      1419.55,      1457.35,-2.59
L,SIEMENS LTD,      4974.55,      5106.10,-2.58
L,ZOMATO LIMITED,       211.28,       216.83,-2.56
L,BHEL,       192.11,       196.95,-2.46
L,JIO FIN SERVICES LTD,       216.50,       221.81,-2.39
L,AMBUJA CEMENTS LTD,       489.60,       499.80,-2.04
L,GAIL (INDIA) LTD,       155.14,       158.14,-1.9
L,VEDANTA LIMITED,       437.40,       445.45,-1.81
L,POWER FIN CORP LTD.,       394.25,       401.10,-1.71
L,NHPC LTD,        75.80,        77.03,-1.6
L,INDIAN RAIL TOUR CORP LTD,       689.70,       700.65,-1.56
L,SAMVRDHNA MTHRSN INTL LTD,       125.80,       127.79,-1.56
L,LIFE INSURA CORP OF INDIA,       752.05,       763.15,-1.45
L,ADANI GREEN ENERGY LTD,       826.05,       837.20,-1.33
L,VARUN BEVERAGES LIMITED,       481.90,       487.75,-1.2
L,BAJAJ HOLDINGS & INVS LTD,     11637.20,     11774.95,-1.17
L,DIVI S LABORATORIES LTD,      5514.25,      5578.75,-1.16
L,UNITED SPIRITS LIMITED,      1313.10,      1327.85,-1.11
L,LTIMINDTREE LIMITED,      4670.95,      4721.95,-1.08
 , , , , 
 ,OTHER SECURITIES, , , 
 , , , , 
G,SEC RE NCD 10.30% SR.VII,       791.00,       660.00,19.85
G,DIVINE POWER ENERGY LTD,       121.85,       102.00,19.46
G,SCL 10.25% 2034 SR XII,       950.00,       800.00,18.75
G,WELSPUN INV & COMM LTD,       832.75,       704.40,18.22
G,BANKA BIOLOO LIMITED,        95.51,        81.32,17.45
G,BODAL CHEMICALS LTD,        65.88,        56.82,15.95
G,LLOYDS LUXURIES LIMITED,        96.65,        84.50,14.38
G,LYPSA GEMS & JEWEL LTD,         7.33,         6.42,14.17
G,SAHAJ FASHIONS LIMITED,        11.30,         9.90,14.14
G,SEC RE NCD 9.71% SR VIII,       820.83,       720.00,14
G,ICE MAKE REFRIGERAT LTD,       819.65,       733.60,11.73
G,DANGEE DUMS LIMITED,         5.47,         4.96,10.28
G,NITIRAJ ENGINEERS LTD,       366.20,       333.10,9.94
G,FRANTEMAMC - FICRF3GP,         4.12,         3.75,9.87
G,YASONS CHEMEX CARE LTD,        16.20,        14.75,9.83
G,CINEVISTA LIMITED,        15.77,        14.38,9.67
G,ARISTO BIO T AND LIFESC L,        98.00,        90.00,8.89
G,USHANTI COLOUR CHEM LTD,        64.40,        59.50,8.24
G,SEC RE NCD 10.00% SR IV,      1099.00,      1022.60,7.47
G,NGIL RS. 6 PPD UP,        18.25,        17.08,6.85
G,AGARWAL TOUGH GLASS IND L,       103.85,        97.20,6.84
G,ADVANI HOT.& RES.(I) LTD,        63.00,        59.03,6.73
G,NANDANI CREATION LIMITED,        43.95,        41.19,6.7
G,SARDA ENERGY & MIN LTD,       502.55,       471.05,6.69
G,SEC RE NCD 10.35% SR III,       672.00,       630.00,6.67
G,STANDARD GLASS LIN TECH L,       144.98,       136.11,6.52
G,STALLION IND FLUOROCHEM L,        76.99,        72.31,6.47
G,ARKADE DEVELOPERS LIMITED,       152.05,       143.09,6.26
G,GRM OVERSEAS LIMITED,       263.97,       249.34,5.87
G,LANCOR HOLDINGS LIMITED,        28.60,        27.02,5.85
 , , , , 
L,SEC RE NCD 9.90% SR.IV,       472.00,       796.00,-40.7
L,SEC RE NCD 9.48% SR.V,       520.00,       869.32,-40.18
L,SEC RE NCD 10.75% SR XI,       939.98,      1174.98,-20
L,NEELAM LINENS & GAR (I) L,        27.80,        33.30,-16.52
L,ITALIAN EDIBLES LIMITED,        31.15,        36.30,-14.19
L,NAGARJUN FERT AND CHE LTD,         6.11,         6.93,-11.83
L,HINDUSTAN MEDIA VENT LTD,        74.89,        84.57,-11.45
L,SATI POLY PLAST LIMITED,       111.50,       125.00,-10.8
L,NEOGEN CHEMICALS LIMITED,      1623.65,      1803.55,-9.97
L,INDUSTRIAL INV TRUST LTD,       256.05,       284.40,-9.97
L,CAPITAL TRUST LIMITED,        94.09,       104.15,-9.66
L,NUPUR RECYCLERS LIMITED,        59.59,        65.91,-9.59
L,SADBHAV INFRA PROJ LTD.,         5.19,         5.73,-9.42
L,DOLLAR INDUSTRIES LIMITED,       385.20,       424.45,-9.25
L,NIRAJ CEMENT STRUC LTD,        46.81,        51.47,-9.05
L,BRAND CONCEPTS LIMITED,       366.95,       403.25,-9
L,MINDTECK (INDIA) LIMITED,       187.36,       205.76,-8.94
L,SONA MACHINERY LIMITED,        90.25,        99.10,-8.93
L,KARMA ENERGY LIMITED,        52.67,        57.79,-8.86
L,PRAJAY ENG. SYN. LTD.,        21.05,        23.08,-8.8
L,PRECISION CAMSHAFTS LTD.,       158.99,       174.31,-8.79
L,WORTH PERIPHERALS LIMITED,       146.75,       160.84,-8.76
L,GP PETROLEUMS LIMITED,        38.62,        42.21,-8.51
L,S.A.L. STEEL LTD.,        18.48,        20.16,-8.33
L,MITCON CON RS.2.50 PPD UP,        25.74,        28.03,-8.17
L,ANIK INDUSTRIES LTD,        91.31,        99.41,-8.15
L,MAXPOSURE LIMITED,        60.55,        65.90,-8.12
L,CHAMUNDA ELECTRICAL LTD,        45.85,        49.90,-8.12
L,RANE ENG VALVE LTD,       266.80,       290.35,-8.11
L,ANLON TECHNOLOGY SOL LTD,       255.50,       278.00,-8.09
