SECURITY,NEW,PREVIOUS,NEW_STATUS
SGB2.50%MAY2025SR-I 17-18,8599.97,8599.95,H
AXISCADES TECH LTD,859.95,839,H
PENINSULA LAND LIMITED,28.02,27.3,H
BLUE JET HEALTHCARE LTD,871,844.8,H
TSI 9.35% 34 SR I-H,105977.86,105952.65,H
GOI TBILL 364D-12/02/26,94.28,93.39,H
GOI TBILL 91D-17/04/25,99.39,99.23,H
GOI TBILL 182D-31/07/25,97.45,97.4,H
SWELECT ENERGY SYS LTD,528,525.3,H
SEC RE NCD 9% SR.IV,1074,1068.45,H
GOI TBILL 364D-22/01/26,94.51,94.22,H
SEC RE NCD 10.00% SR IV,1225,1050,H
ASIAN HOTELS (NORTH) LTD,384.4,377.35,H
GOI TBILL 91D-28/03/25,99.74,99.67,H
REXPRO ENTERPRISES LTD,107,101.5,H
CALSOFT RS.2.50 PPD UP,4.63,4.41,H
GOI TBILL 182D-07/08/25,97.36,97.3,H
INDUSTRIAL INV TRUST LTD,275,274.85,H
PUDUMJEE PAPER PRO. LTD,108,106.78,H
GOI TBILL 91D-03/04/25,99.64,99.33,H
BEST AGROLIFE LIMITED,308.55,294.8,H
SEC RED NCD SR. VII,1975,1970,H
GOI TBILL 364D-18/04/25,99.36,99,H
GOI TBILL 364D-27/11/25,95.59,95.54,H
DHANUKA REALTY LIMITED,24.9,24,H
P S RAJ STEELS LIMITED,149.9,144.5,H
NITIRAJ ENGINEERS LTD,366.4,349.9,H
BLUE COAST HOTELS LIMITED,49.49,48.52,H
SEC RE NCD 0% SR.V,1240.65,1235,H
GOI TBILL 182D-14/08/25,97.26,97,H
GOI LOAN 8.20% 2025,108.04,106.77,H
ANZEN IND ENE YLD PLU TRU,105.23,105.18,H
SEC RE NCD SR.V,1273.41,1272.4,H
GOI TBILL 364D-29/05/25,98.6,98.07,H
GOI TBILL 364D-10/07/25,97.8,97.65,H
GOI TBILL 91D-10/04/25,99.39,99.33,H
NORBEN TEA &EXPORTS LTD,52.04,51.02,H
STEELCAST LIMITED,999.9,940,H
MIRAEAMC - MAHKTECH,26.74,26.36,H
FRANTEMAMC - FICRF3GP,4.12,3.75,H
GOI TBILL 364D-18/12/25,95.1,94.95,H
SWAN DEFENCE N HEVY IND L,78.2,74.48,H
GOI TBILL 182D-10/07/25,97.77,97.69,H
JUBILANT AGRI N CON PRO L,1394.95,1385,H
KANDARP DG SMART BPO LTD,81.25,78,H
SHAILY ENG PLASTICS LTD,1874.4,1796.3,H
GOI TBILL 364D-15/08/25,97.1,97.05,H
GOI TBILL 364D-21/11/25,96,95.1,H
ENFUSE SOLUTIONS LIMITED,269.55,245.25,H
SEC RE NCD 9.65% SR I,1038.55,1032.8,H
NGL FINE CHEM LIMITED,1195.1,1144.85,H
UNIONAMC - UNIONGOLD,89.7,88.4,H
LINC LIMITED,100,100.4,L
GLOBESECURE TECHNO LTD,18.55,18.95,L
EXXARO TILES LIMITED,7.3,7.31,L
JTL INDUSTRIES LIMITED,76.61,77.06,L
LAMOSAIC INDIA LIMITED,48.9,49.9,L
MAGELLANIC CLOUD LIMITED,51.48,52.05,L
GP ECO SOLUTIONS INDIA L,253.1,258.25,L
BALAJI PHOSPHATES LIMITED,72.6,73.5,L
CYBER MEDIA RES & SER LTD,74,75,L
AKI INDIA LIMITED,8.7,9.17,L
SEMAC CONSULTANTS LIMITED,338.85,345.75,L
EMCURE PHARMACEUTICALS L,935,935.25,L
TECHERA ENGINEER (IND) L,136.35,139.1,L
7.64% TAX FREE TRI SRIIB,1092.05,1095.1,L
AGS TRANSACT TECH LTD,14.65,15.43,L
DURLAX TOP SURFACE LTD,39.7,41,L
IREDA 8.80NCDTR I SR II B,1052,1100,L
ORCHASP LIMITED,2.55,2.66,L
FALCON TECHNOPROJ IND LTD,30.5,30.55,L
JFL LIFE SCIENCES LIMITED,19.1,19.45,L
SEC RE NCD 9.48% SR.V,520,732.32,L
HERANBA INDUSTRIES LTD,225.4,235,L
SALASAR TECHNO ENGG. LTD.,8.31,8.36,L
VEDANT FASHIONS LIMITED,780,790.2,L
UNIINFO TELECOM SERVI LTD,18.92,19.4,L
NEWJAISA TECHNOLOGIES LTD,46.1,48.35,L
PODDAR HOUSE & DVPT LTD,43.32,45.6,L
MARSHALL MACHINES LTD,16.37,16.71,L
OLA ELECTRIC MOBILITY LTD,53.25,53.62,L
MEDICAMEN ORGANICS LTD,28,28.25,L
INDO US BIOTECH LTD,180,184,L
INTERNATIO GEMM INS (I) L,312.45,318,L
MARINETRANS INDIA LIMITED,16.95,17.8,L
VOLER CAR LIMITED,83,83.3,L
GOI TBILL 182D-07/08/25,96.84,97.3,L
RAJNANDINI METAL LIMITED,4.76,4.95,L
SEC RE NCD 9.71% SR VIII,576,720,L
KONSTELEC ENGINEERS LTD,67.15,69,L
S A TECH SOFTWARE INDIA L,56.05,56.6,L
SEC RE NCD 10.50% SR.VII,720.5,874.99,L
EROS INTL MEDIA LTD,8.6,9.06,L
DRONE DESTINATION LIMITED,120.75,121.25,L
AVG LOGISTICS LIMITED,220.65,223.4,L
MEP INFRA. DEVELOPERS LTD,1.89,1.97,L
SUPREME FACILITY MGMT LTD,35.75,36,L
SEC RE NCD 10.15% SR VII,858,859.98,L
SOFTTECH ENGINEERS LTD,326.15,332.8,L
NEELAM LINENS & GAR (I) L,26.65,52.6,L
ABANS HOLDINGS LIMITED,196.25,200.24,L
TIMESCAN LOGISTICS IND L,46,47.1,L
DREAMFOLKS SERVICES LTD,236.2,237.45,L
SVP GLOBAL TEXTILES LTD,2.86,3.23,L
FUT LIFESTYLE FASH LTD,1.58,1.59,L
TECHINDIA NIRMAN LIMITED,20.01,20.75,L
SURATWWALA BUS GROUP LTD,29.12,30.66,L
DELTA AUTOCORP LIMITED,78.65,80,L
GENSOL ENGINEERING LTD,305.8,307.25,L
VIRINCHI LIMITED,23,23.17,L
BAWEJA STUDIOS LIMITED,54,55.5,L
SATI POLY PLAST LIMITED,111.5,119,L
KALAHRIDHAAN TRENDZ LTD,8.95,9.4,L
DHARIWALCORP LIMITED,99,101,L
WISE TRAVEL INDIA LIMITED,140.6,152.5,L
SECUR CREDENTIALS LIMITED,1.99,2.1,L
VARANIUM CLOUD LIMITED,9.35,9.85,L
SHANTHALA FMCG PRODUCTS L,21.45,22.55,L
INDUS INFRA TRUST,106,107.94,L
JIWANRAM SHEODUTTRA IND L,7.8,7.95,L
SOLVE PLASTIC PRODUCTS L,33.45,53.9,L
BRACE PORT LOGISTICS LTD,79.45,81.05,L
GROWWAMC - GROWWN200,9,9.07,L
SALASAR EXTERIOR CONT LTD,11.45,11.75,L
VALIANT ORGANICS LIMITED,250,250.35,L
SHREEOSWAL S AND CHE LTD,13.25,22.07,L
SHIVALIC POWER CONTROL L,134.2,135.1,L
SEC RE NCD 8.65% SR.V,861,890.51,L
USHA FINANCIAL SERVICES L,72.5,73.3,L
SEC RE NCD 9.90% SR.IV,472,711.95,L
THINKING HATS ENTER SOL L,30.35,33.3,L
BEW ENGINEERING LIMITED,146.5,204.95,L
BARODABNP - BBNPNBETF,47.43,47.49,L
NOIDA TOLL BRIDGE CO LTD,3.57,3.65,L
C2C ADVANCED SYSTEMS LTD,277.15,291.7,L
ANSAL PROP & INFRA LTD,4.73,4.98,L
GACM TECHNOLOGIES LIMITED,0.7,0.84,L
ADITYA ULTRA STEEL LTD,28.5,29.25,L
UNIONAMC - UNIONGOLD,84,84.1,L
DJ MEDIAPRINT & LOG LTD,115.29,115.75,L
UNITED HEAT TRANSFER LTD,61,70,L
TRUST FINTECH LIMITED,86.1,87.85,L

