SYMBOL,SYMBOL P/E,ADJUSTED P/E
PENINLAND,50.99,50.02
THERMAX,65.68,65.68
WHEELS,13.97,13.97
ZODIACLOTH,,
RIIL,124.71,124.71
PREMIERPOL,25.25,25.25
RAYMOND,19.53,19.16
RSWM,,
SHREDIGCEM,27.32,27.32
SESHAPAPER,13.78,13.78
SMLISUZU,15.09,15.09
SUPERSPIN,,
SUNDRMFAST,36.19,36.19
FACT,,510.35
EXIDEIND,37.90,37.90
EUROTEXIND,,
ELECON,26.96,26.96
CRISIL,47.99,47.99
LMW,140.21,140.21
ORIENTPPR,,
PEL,42.74,
NELCO,100.27,100.27
MASTEK,19.11,19.66
MAHSCOOTER,65.93,68.70
LUMAXIND,41.24,41.24
TRENT,98.45,138.23
KECL,72.69,309.06
CUMMINSIND,46.02,46.02
KCP,9.59,8.70
JAYBARMARU,31.81,31.81
JBCHEPHARM,38.39,38.39
INFY,25.29,25.29
INDIAGLYCO,20.85,20.85
IONEXCHANG,34.06,34.06
IFBIND,35.49,35.49
IGPL,13.84,13.84
HIMATSEIDE,19.57,19.57
GNFC,14.71,14.71
GFLLIMITED,,
BPCL,8.74,8.56
BHARATFORG,60.57,54.63
BASF,33.74,34.30
FORCEMOT,19.67,19.67
ATUL,40.48,40.48
ARVIND,28.72,28.72
ACC,13.64,15.01
TATAMOTORS,7.50,7.48
SCI,7.88,7.88
MRPL,24.85,24.64
LINDEINDIA,122.20,122.20
HINDPETRO,11.14,11.14
ESCORTS,29.61,29.61
RELINFRA,37.47,
BAJAJHLDNG,86.56,86.56
ASHOKLEY,20.23,20.51
ZUARIIND,,517.91
VOLTAS,55.26,55.26
TITAN,84.47,84.47
TATASTEEL,79.61,65.98
SUNDARMFIN,29.91,28.77
SPIC,19.79,13.35
VEDL,9.76,10.85
SBIN,8.09,8.09
RELIANCE,21.27,21.27
PFIZER,30.76,30.76
NOCIL,25.82,25.82
BOSCHLTD,39.40,39.42
DRREDDY,17.42,17.42
BATAINDIA,45.49,63.23
DEEPAKFERT,15.90,15.90
CHAMBLFERT,15.21,15.21
CARBORUNIV,48.06,56.83
MAHSEAMLES,11.42,11.42
HINDOILEXP,14.27,17.58
DICIND,31.29,32.24
COROMANDEL,30.67,30.67
BALMLAWRIE,15.38,15.38
WILLAMAGOR,,
VINDHYATEL,16.39,16.39
MOTOGENFIN,46.62,46.62
MARALOVER,,
ASIANPAINT,52.58,50.99
RAMCOCEM,55.17,113.95
INDIACEM,,
PGHL,36.91,35.57
ABREL,124.61,124.61
BEML,42.46,42.46
ADORWELD,28.25,25.56
CENTENKA,14.43,14.43
TATACHEM,,39.74
TORNTPHARM,55.87,55.87
VTL,14.47,14.47
ATFL,545.00,487.79
FEDERALBNK,10.91,10.91
EPL,25.02,23.94
VLSFINANCE,4.64,4.64
VIPIND,,
SUPREMEIND,48.19,48.19
SRF,75.86,75.86
BIRLACABLE,88.86,88.86
BALRAMCHIN,24.80,24.80
ANSALAPI,,
AEGISLOG,37.24,37.24
WEIZMANIND,21.26,21.26
UNITECH,,
UNICHEMLAB,,49.68
BBOX,34.03,26.29
HONAUT,59.54,59.54
JTEKTINDIA,38.35,38.60
SAURASHCEM,176.90,176.90
RANEHOLDIN,8.84,83.47
PRECOT,13.02,16.19
TATAELXSI,43.28,43.28
SUNPHARMA,33.62,32.59
KOHINOOR,,
OILCOUNTUB,,
SHREYANIND,5.38,5.38
SHALPAINTS,,
SANDESH,6.21,6.23
HCC,17.26,
BAJAJHIND,,
ASHIMASYN,4.42,4.42
APOLLOHOSP,67.82,67.82
ARE&M,18.05,19.52
ADANIENT,66.75,63.45
IVP,13.87,13.87
BALKRISIND,27.91,27.91
TIRUMALCHM,,
INDBANK,16.09,16.09
GINNIFILA,,154.10
EICHERMOT,36.24,36.24
RAJSREESUG,12.05,12.05
GVT&D,74.67,74.67
NEULANDLAB,51.74,64.86
ONGC,7.25,7.01
ITI,,
ZENSARTECH,26.09,26.09
TIL,7.80,163.89
TAINWALCHM,55.32,55.32
BERGEPAINT,54.74,54.74
BANARISUG,45.45,45.45
JINDALPOLY,11.53,19.52
ANIKINDS,,
KPIL,30.69,30.69
JYOTISTRUC,55.58,55.58
IGARASHI,65.60,65.60
BSL,17.42,17.42
BLUEDART,51.46,51.46
JAYNECOIND,265.22,110.68
MUNJALSHOW,16.63,16.63
APCOTEXIND,31.51,31.51
SOTL,25.05,25.05
HSCL,41.70,41.70
RCF,25.85,27.49
RANASUG,10.36,10.36
KARURVYSYA,8.71,8.71
DECCANCE,479.09,83.99
ARENTERP,19.08,19.08
TECILCHEM,,
WSI,963.45,209.65
UFLEX,,7.17
TATAPOWER,32.20,31.05
ADVANIHOTR,21.35,21.35
THOMASCOOK,26.17,25.83
SUNFLAG,27.00,27.00
SUBROS,28.17,28.17
SPMLINFRA,37.76,39.71
SIMPLEXINF,10.44,10.44
SIEMENS,70.37,70.37
BHARATRAS,30.34,30.35
WIPRO,23.84,23.84
VSTIND,13.83,18.51
JUBLPHARMA,23.37,19.12
UNIVCABLES,38.08,38.08
UCAL,,
TATACOMM,35.42,36.95
TOKYOPLAST,141.02,141.02
SOMANYCERA,25.11,25.56
MURUDCERA,28.52,28.52
IFCI,47.31,47.80
HLVLTD,36.56,40.17
SANOFI,33.37,31.27
M&M,27.89,27.89
LIBERTSHOE,42.23,31.11
KREBSBIO,,
KAKATCEM,,
KAJARIACER,37.93,37.93
KABRAEXTRU,32.93,32.93
HEIDELBERG,43.35,43.35
MODTHREAD,27.87,27.87
MODIRUBBER,,
MIRCELECTR,,
MANGLMCEM,45.28,45.28
PRSMJOHNSN,,
PREMIER,,
POLYPLEX,9.44,9.44
PIDILITIND,70.77,69.02
PCBL,33.14,33.11
3PLAND,36.65,36.65
OSWALAGRO,18.51,18.50
EIHAHOTELS,24.89,23.92
HONDAPOWER,35.44,37.84
JINDALSAW,9.33,9.33
SAIL,26.83,17.29
RUBYMILLS,16.59,16.59
STYRENIX,20.37,20.37
ABB,60.21,60.21
ABAN,,
IDBI,10.91,10.91
GRAPHITE,18.93,18.93
CANFINHOME,10.07,10.07
BRITANNIA,52.82,52.38
BBL,23.60,23.60
ELECTCAST,8.21,8.21
DHAMPURSUG,15.24,15.24
DCMSHRIRAM,29.82,29.82
DABUR,49.68,49.68
COSMOFIRST,13.97,13.97
CIPLA,23.56,23.56
HEROMOTOCO,16.39,16.39
HDFCBANK,18.21,17.95
HARRMALAYA,2535.17,47.01
GMBREW,9.99,9.99
GIPCL,12.49,12.49
ITC,25.01,25.00
INDIANHUME,17.05,17.05
HINDCOMPOS,18.40,18.40
IOC,19.18,23.88
WALCHANNAG,,
OSWALGREEN,76.57,76.57
HUHTAMAKI,17.35,25.84
RICOAUTO,29.84,29.32
KAMATHOTEL,24.58,26.04
IFBAGRO,23.89,23.89
BANCOINDIA,16.89,16.89
DELTAMAGNT,,
MANINDS,15.79,15.79
APOLLOTYRE,20.26,19.18
SIYSIL,16.36,16.36
SHANTIGEAR,36.27,36.27
PRECWIRE,32.16,32.16
ONWARDTEC,26.28,26.28
NILKAMAL,24.04,24.04
NCC,13.96,13.62
ICIL,17.05,17.05
SEAMECLTD,24.84,27.08
ELGIEQUIP,45.05,45.05
AUROPHARMA,18.21,17.87
BBTC,6.30,6.14
EIHOTEL,29.87,30.15
KANORICHEM,,
LICHSGFIN,5.69,5.69
GICHSGFIN,5.05,5.05
BEPL,15.03,15.03
RAIN,,
BANARBEADS,25.57,25.57
MOREPENLAB,21.53,21.53
WSTCSTPAPR,6.74,6.74
21STCENMGM,1.80,1.80
TNTELE,,
VENKEYS,16.98,16.98
GHCL,10.52,10.52
S&SPOWER,,
PRUDMOULI,27.44,25.13
PRAJIND,35.32,38.47
HIL,,62.39
EVERESTIND,,
BPL,22.27,22.27
TRANSWORLD,15.00,15.00
KEEPLEARN,115.36,115.36
PGHH,61.22,61.22
VESUVIUS,32.12,32.12
TFCILTD,14.72,14.72
BOMDYEING,5.33,39.62
GTL,1.26,19.91
NAVNETEDUL,3.84,14.37
GUJALKALI,,
AGI,15.93,15.93
GLAXO,54.25,54.58
TATACONSUM,76.71,67.57
ZEEL,19.56,16.36
CHOLAFIN,30.26,30.26
INDHOTEL,58.39,68.09
FMGOETZE,12.19,12.19
KOTAKBANK,17.27,19.82
LYKALABS,104.98,104.17
ORIENTHOT,65.46,65.46
JAYSREETEA,9.01,42.31
GILLETTE,54.04,54.04
HMT,,
GOLDENTOBC,9.84,11.16
KANSAINER,16.99,30.97
FOSECOIND,31.60,31.60
ESABINDIA,41.69,41.69
3MINDIA,54.07,54.07
ANDHRAPAP,12.60,12.60
GABRIEL,32.38,32.38
SCHAEFFLER,54.52,54.52
AARTIIND,40.14,40.49
RALLIS,31.75,31.75
AMJLAND,14.42,14.42
PRAKASH,7.96,7.96
MFSL,113.57,113.57
KSB,50.99,50.99
KOPRAN,17.95,17.95
HEG,38.94,38.94
GREAVESCOT,,
GODFRYPHLP,34.09,32.47
VARDMNPOLY,28.18,28.18
SURYAROSNI,16.59,16.59
TATAINVEST,135.57,135.57
TIMKEN,48.23,48.23
ROLTA,,
SUDARSCHEM,67.64,98.62
SHREECEM,82.46,82.46
SAKHTISUG,2.67,
IPCALAB,46.67,46.13
INGERRAND,41.90,41.90
AKZOINDIA,34.86,34.86
HINDALCO,11.19,10.70
HINDZINC,19.32,19.20
HINDUNILVR,48.12,49.94
GSFC,13.12,13.28
GRASIM,21.24,20.10
AMBUJACEM,22.81,23.20
FINPIPE,14.66,25.60
FINCABLES,18.97,26.24
EIDPARRY,7.88,7.88
DCW,67.02,66.94
DCM,19.29,19.29
CGPOWER,103.30,102.60
HEUBACHIND,28.54,28.54
CESC,12.81,12.81
BIRLACORPN,33.72,34.69
BHEL,150.26,150.26
BHARATGEAR,,
BEL,40.89,40.89
BAJFINANCE,32.47,32.47
ASHAPURMIN,12.61,15.58
PVP,753.04,793.52
NAVA,9.19,9.19
KESORAMIND,,
CORALFINAC,7.15,7.15
GREENPLY,29.57,30.49
TNPL,64.01,64.01
PARASPETRO,,
AUTOAXLES,16.40,16.40
PEARLPOLY,,
REMSONSIND,29.03,29.31
DALMIASUG,9.90,9.90
NATCOPHARM,7.93,7.93
KHAITANLTD,6.27,6.27
SWARAJENG,23.62,23.62
MTNL,,
MRF,25.93,25.93
GARFIBRES,33.75,33.75
ANDHRSUGAR,30.99,28.01
TNPETRO,14.57,16.42
TTKPRESTIG,41.28,41.28
STARPAPER,5.16,5.15
SANGHIIND,,
SKFINDIA,34.71,34.71
AUSOMENT,12.24,12.24
EIMCOELECO,18.37,18.37
PANACEABIO,,
JAYAGROGN,12.81,12.81
ALPSINDUS,,
CUBEXTUB,24.86,24.86
MARICO,48.36,48.36
SILINV,15.21,15.21
REGENCERAM,,
BIOFILCHEM,124.02,124.02
KEYFINSERV,6.68,6.68
ZENITHEXPO,,
SUNDRMBRAK,71.89,71.89
SANGAMIND,47.58,41.16
MOTHERSON,22.47,22.47
SOMATEX,1.50,
VISAKAIND,,
AARTIDRUGS,22.19,22.19
STERTOOLS,19.50,19.50
CREST,12.70,12.70
INDIANCARD,1.87,13.25
HITECHGEAR,23.63,23.61
WENDT,49.43,49.43
DENORA,103.63,103.63
TVSSRICHAK,60.66,49.61
SHRIRAMFIN,12.75,14.45
SAGCEM,,
PUNJABCHEM,31.08,31.08
MIRZAINT,211.39,211.39
DYNAMATECH,52.59,103.77
GUJAPOLLO,33.74,33.74
GANESHHOUC,16.07,16.07
MMFL,14.32,14.38
JAGSNPHARM,27.94,40.02
ALKYLAMINE,48.80,48.80
JCHAC,89.77,86.82
MPHASIS,26.53,26.53
GUJRAFFIA,38.33,38.33
RUCHINFRA,,
ATLASCYCLE,4.17,4.17
RAMCOIND,25.04,25.04
KOTHARIPET,14.11,14.04
HERITGFOOD,19.19,18.79
INDRAMEDCO,20.62,20.62
BANKBARODA,5.28,5.28
BLUECHIP,,
MADRASFERT,5.94,6.12
GAIL,9.63,11.67
INDNIPPON,17.42,17.42
SKMEGGPROD,12.16,12.16
TCIFINANCE,,
BANKINDIA,5.41,5.41
CONCOR,31.42,30.79
DCMFINSERV,,
ICICIBANK,16.48,16.48
KCPSUGIND,8.60,11.45
HUDCO,13.61,13.61
INDSWFTLAB,2.51,145.12
SAREGAMA,47.74,47.74
FDC,23.84,23.84
ENGINERSIN,28.41,28.41
ADROITINFO,12.41,12.41
JAICORPLTD,27.88,27.88
ANTGRAPHIC,,
GMDCLTD,12.51,12.51
MAHAPEXLTD,13.61,16.41
INDUSINDBK,10.06,10.06
ASAHIINDIA,44.12,47.28
TRIGYN,8.60,8.33
J&KBANK,4.97,4.97
KOTHARIPRO,,
CUB,10.60,10.60
SOUTHBANK,5.35,5.35
ARCHIES,,
ASTRAZEN,192.54,85.17
ITDCEM,26.39,26.39
AXISBANK,11.38,11.38
CYIENT,21.37,21.37
SONATSOFTW,25.63,25.63
CYBERTECH,16.09,16.09
KOKUYOCMLN,87.39,87.39
GOACARBON,,
DHANBANK,23.29,23.29
SANGHVIMOV,13.82,13.82
STCINDIA,19.58,11.23
MANUGRAPH,,
RSSOFTWARE,10.11,10.11
VIPCLOTHNG,,
NATIONALUM,8.41,9.09
IVC,48.63,48.63
JINDALSTEL,22.71,22.71
ALEMBICLTD,17.94,17.94
NIPPOBATRY,2.54,2.54
ICDSLTD,67.73,67.73
BSOFT,21.00,21.00
HCLTECH,24.75,24.75
ACCELYA,20.45,20.50
STAR,17.13,16.38
HAVISHA,,
ZYDUSLIFE,19.74,19.74
GLENMARK,,
RAJESHEXPO,124.16,124.16
CINEVISTA,,
WOCKPHARMA,,
LCCINFOTEC,,
NRBBEARING,18.10,18.91
IOB,27.12,27.12
RAMCOSYS,,
GEPIL,59.83,59.83
BIL,45.84,45.84
HCL-INSYS,,
CREATIVEYE,,
KTKBANK,5.24,5.24
MAHLIFE,,
MUKTAARTS,,
BLBLIMITED,17.68,17.68
AJANTPHARM,35.66,35.66
BLUESTARCO,77.47,78.82
CALSOFT,32.17,32.17
TVSMOTOR,51.28,51.28
PNBGILTS,6.47,6.55
PNC,71.98,71.98
TAJGVK,32.98,32.98
NLCINDIA,13.23,13.23
REPRO,,
CHENNPETRO,24.81,24.81
AKSHOPTFBR,,
TTML,,
KRBL,14.22,14.22
HAVELLS,65.41,65.41
GAEL,16.14,16.14
USHAMART,25.78,25.78
AXISCADES,65.92,64.42
BALAJITELE,,
MRO-TEK,39.08,39.08
TIPSMUSIC,50.28,50.28
STLTECH,,
KHANDSE,41.44,41.44
HIKAL,62.23,62.23
TRIDENT,43.61,43.61
MARKSANS,25.41,25.41
ACLGATI,,
NEXTMEDIA,,
GOLDTECH,26.69,
SMARTLINK,11.93,11.93
GODREJCP,,55.35
SUVEN,,
JISLJALEQS,116.08,116.08
LUPIN,32.05,32.05
UNITDSPR,68.59,65.53
FEL,,
TCI,24.73,24.57
MPSLTD,37.97,37.97
BHARTIARTL,41.15,53.88
ASAL,41.40,41.40
OLECTRA,72.25,74.96
PONNIERODE,9.55,9.55
PNB,6.59,6.59
APTECHT,45.28,40.28
SURANAT&P,29.82,29.95
TIMESGTY,79.40,79.40
OFSS,28.63,28.63
UNIONBANK,5.54,5.54
NUCLEUS,15.76,15.76
CANBK,4.48,4.48
GENESYS,56.98,56.98
OMAXAUTO,5.23,
GODREJIND,24.60,24.60
DIVISLAB,71.65,71.65
RADICO,94.34,94.34
INDORAMA,,
MARUTI,25.66,25.66
VARDHACRLC,22.18,22.18
UCOBANK,19.31,19.31
BAGFILMS,44.50,44.50
JSL,22.37,22.36
NSIL,38.22,38.22
WELSPUNLIV,18.35,18.35
JAIBALAJI,18.36,18.36
TVSELECT,,
IGL,19.43,19.43
DREDGECORP,,
TVTODAY,12.28,11.79
UNIENTER,845.00,845.00
UPL,775.07,29.74
SIL,142.83,142.83
MUKANDLTD,15.61,15.61
PETRONET,12.08,12.08
PTC,7.78,7.63
VAIBHAVGBL,27.96,27.37
BIOCON,33.51,34.82
MAHABANK,7.03,7.03
POONAWALLA,131.22,131.22
XPROINDIA,58.46,56.13
RKFORGE,33.88,33.81
DATAMATICS,17.27,19.74
NDTV,,
CCL,29.21,29.21
JPASSOCIAT,,
EXCELINDUS,14.94,14.94
LT,26.95,27.06
APARINDS,30.37,30.37
AMBICAAGAR,7.19,7.19
CENTEXT,20.19,20.47
NIITLTD,35.43,35.43
ULTRACEMCO,48.94,48.72
TCS,26.66,26.66
COFORGE,60.07,60.71
TEXINFRA,,
GULFPETRO,8.68,8.68
GUFICBIO,44.69,44.69
INDSWFTLTD,1.26,1.26
ASTRAMICRO,51.49,51.49
WELENT,17.05,17.05
NTPC,15.40,15.40
SALSTEEL,,
KOTARISUG,17.97,23.38
JBMA,58.70,58.70
DWARKESH,,
INDOCO,,
IMPEXFERRO,,
SUPRAJIT,43.09,43.09
PATELENG,10.72,10.48
XCHANGING,22.83,22.83
JSWSTEEL,71.10,65.92
CONSOFINVT,5.69,5.69
JINDALPHOT,47.16,47.16
JPPOWER,7.78,6.26
EVEREADY,27.93,27.93
GOKEX,38.71,38.71
SAKSOFT,21.12,21.12
ALLDIGI,17.05,20.47
IIFL,18.05,7.27
MANGALAM,13.56,13.56
SHOPERSTOP,176.51,158.39
WELCORP,24.93,24.67
SSWL,4.23,13.13
CYBERMEDIA,,
SHAHALLOYS,,
SURYALAXMI,71.10,27.80
JKPAPER,8.56,8.56
PRIMESECU,19.56,21.12
63MOONS,,
GRANULES,24.96,24.96
JSWHL,119.86,119.86
VHL,,
GEOJITFSL,11.84,11.84
GENUSPOWER,39.12,39.12
YESBANK,24.40,24.40
MSPL,71.99,72.13
NECLIFE,38.56,38.56
SPLIL,10.65,10.64
MCLEODRUSS,,
GOLDIAM,37.23,37.23
RML,,
HTMEDIA,,
SASKEN,43.30,43.30
FCSSOFT,192.71,51.85
IMPAL,14.92,14.92
SUZLON,65.48,63.98
AURIONPRO,45.34,45.34
RENUKA,,
BASML,,
TRIVENI,38.71,38.71
AIAENG,28.43,28.45
NAHARINDUS,20.15,18.82
ORIENTCER,39.78,39.78
EKC,14.73,14.45
VIMTALABS,36.03,36.03
KERNEX,280.27,280.27
PVRINOX,,
CELEBRITY,,
NITINSPIN,11.62,11.62
ROHLTD,23.04,23.04
ENIL,76.40,76.40
GSPL,8.09,8.27
JAGRAN,10.32,10.32
GVKPIL,0.97,11.72
SADBHAV,,
SAKUMA,13.17,13.17
KEC,42.37,42.37
JKCEMENT,46.77,54.64
INDOTECH,35.00,35.00
M&MFIN,14.08,14.08
BLKASHYAP,21.31,23.17
VISASTEEL,,
NITCO,,
CENTURYPLY,77.63,75.39
KEI,48.25,48.24
SANWARIA,,
VAKRANGEE,246.53,234.71
SOLARINDS,73.13,73.13
GALLANTT,21.35,21.35
MALUPAPER,,
UTTAMSUGAR,11.74,11.74
SGL,,
KKCL,19.33,19.33
SUNTV,12.96,12.96
GPIL,14.90,14.90
RSYSTEMS,31.86,31.86
LOKESHMACH,58.34,58.34
BALPHARMA,18.60,18.60
SWELECTES,21.15,143.05
KAMDHENU,16.14,16.14
RATNAMANI,34.31,34.31
PIONEEREMB,24.30,24.30
JKLAKSHMI,30.72,30.72
PFOCUS,,
ALLCARGO,117.48,69.91
MUNJALAU,11.09,13.69
EMAMILTD,30.10,30.10
GMRAIRPORT,,
TECHM,38.72,38.82
GRINDWELL,48.49,48.49
RAMANEWS,,
VOLTAMP,31.07,31.07
LAKPRE,,
SELAN,12.13,12.13
ACE,34.77,34.77
ANANTRAJ,43.81,43.81
HOVS,16.13,16.13
BINANIIND,6.36,
TALBROAUTO,14.11,19.77
ALICON,21.34,21.34
GEECEE,13.34,13.34
MADHUCON,,
JMFINANCIL,,11.14
INFOMEDIA,,
FIEMIND,19.52,19.52
JHS,,
DCBBANK,5.76,5.76
GLOBALVECT,,
INSPIRISYS,14.59,14.59
SHYAMTEL,,
GTLINFRA,,
SHIVAMAUTO,,
NAUKRI,105.14,107.45
AARVEEDEN,19.84,19.84
GESHIP,4.48,4.48
TORNTPOWER,27.64,27.64
MANALIPETC,54.02,47.72
SUTLEJTEX,,
LTFOODS,21.44,21.44
DONEAR,12.02,12.02
RUCHIRA,6.07,6.07
SOBHA,218.12,218.15
VENUSREM,11.72,14.65
JINDRILL,21.80,21.80
HIRECT,48.67,48.67
NFL,25.46,25.46
PLASTIBLEN,14.78,14.78
PRAENG,,
PARACABLES,17.82,17.82
HBLENGINE,45.16,42.51
TANLA,12.19,12.19
AVTNPL,20.26,20.26
ZEEMEDIA,,
SITINET,,
VEEDOL,21.32,20.49
LUMAXTECH,18.27,18.27
SARLAPOLY,11.12,11.12
PTL,16.03,16.03
WANBURY,14.94,35.76
AUTOIND,16.18,14.57
GANDHITUBE,12.72,12.72
PITTIENG,28.07,28.07
NETWORK18,,
UNOMINDA,58.87,60.60
IZMO,8.00,7.69
HUBTOWN,,
CTE,,
TIIL,22.00,21.41
ORIENTBELL,84.43,84.43
PGIL,31.89,31.97
REDINGTON,16.00,16.00
TTL,18.20,35.06
FSL,43.41,43.94
PFC,4.45,4.45
TFL,151.47,151.47
SMSPHARMA,26.57,26.57
INDIANB,6.94,6.94
ORIENTALTL,,
IDEA,,
PAGEIND,66.37,66.37
LAOPALA,25.82,25.82
RAJTV,,
AMDIND,80.85,80.85
JKTYRE,13.03,12.21
ASTRAL,68.54,68.54
EMBDL,,
NAHARSPING,,
NAHARPOLY,25.53,25.53
THEMISMED,44.06,44.06
NCLIND,20.98,18.33
BALAMINES,22.74,22.74
BANSWRAS,19.87,19.87
ICRA,33.07,33.07
DISHTV,,
PHOENIXLTD,41.51,41.94
AROGRANITE,,
NDLVENTURE,381.13,381.13
ZENITHSTL,13.09,13.09
BFUTILITIE,10.24,10.24
FORTIS,58.43,56.66
SRHHYPOLTD,10.63,10.17
ALPHAGEO,94.50,21.55
WEBELSOLAR,81.56,74.13
TGBHOTELS,,
HILTON,78.23,78.23
INSECTICID,13.02,13.04
KMSUGAR,8.44,8.44
NAVINFLUOR,76.57,76.57
TIMETECHNO,23.76,23.76
NAGREEKEXP,15.46,15.46
HGS,,
NELCAST,27.51,31.35
V2RETAIL,85.46,85.46
DLF,67.31,92.12
TARMAT,,80.27
SPARC,,
MEGASOFT,82.53,82.53
HDIL,,
ADSL,21.69,21.69
ALPA,9.07,9.07
OMAXE,,
CENTRALBK,10.75,10.75
ASIANTILES,,
TAKE,,
KPRMILL,35.90,35.90
CIEINDIA,18.52,18.52
PURVA,,
MOTILALOFS,11.00,11.00
INDOWIND,33.74,33.74
NAGREEKCAP,1.17,1.17
MAGNUM,10.79,16.54
KSCL,17.90,17.90
CENTUM,,
POWERGRID,15.73,15.73
MANGCHEFER,12.53,12.53
MAANALU,28.61,28.61
IL&FSENGG,,
DELTACORP,15.85,21.27
BAJAJELEC,67.49,67.49
ENERGYDEV,,125.56
CERA,30.13,30.13
RELIGARE,36.60,252.43
BVCL,32.08,32.08
ADANIPORTS,24.44,23.26
EDELWEISS,15.38,15.38
RGL,19.67,19.67
KOLTEPATIL,132.31,132.31
KAUSHALYA,2.68,2.68
COLPAL,46.04,46.04
JYOTHYLAB,32.53,32.53
MADHAV,434.00,434.00
KALYANIFRG,30.86,30.86
HITECHCORP,20.54,21.41
ECLERX,25.66,25.66
TARIL,77.15,77.15
BRIGADE,36.33,36.33
BGRENERGY,,
MANAKSIA,7.03,5.42
DVL,13.73,13.73
PATINTLOG,14.52,14.52
PPAP,,
ARIES,10.72,10.72
AMBIKCO,11.91,11.91
CEATLTD,23.39,21.47
BIRLAMONEY,10.89,10.89
RPOWER,6.02,
JKIL,13.66,13.66
CORDSCABLE,16.93,16.93
KNRCON,4.70,4.65
HERCULES,22.82,22.82
ONMOBILE,,
SEPC,103.94,63.12
BANG,,
IRB,4.00,28.15
NMDC,9.12,9.09
GSS,18.14,18.14
NAHARCAP,13.38,13.38
RECLTD,6.83,6.83
VGUARD,48.22,48.22
DHANI,,
NESCO,16.54,16.54
DPSCLTD,76.16,76.16
TITAGARH,33.35,33.17
KIRIINDUS,,
BAJAJFINSV,17.46,17.46
BAJAJ-AUTO,26.34,26.34
DIGISPICE,25.69,48.05
GOKUL,47.44,47.44
RPGLIFE,44.70,40.69
ALMONDZ,55.02,55.02
RBL,11.97,11.70
RANEENGINE,52.51,21.95
ARCHIDPLY,,
LOTUSEYE,247.33,258.91
VINYLINDIA,20.08,20.08
UBL,119.26,115.52
LPDC,,
ZFCVINDIA,49.87,49.87
20MICRONS,11.87,11.74
JOCIL,57.66,57.66
ALKALI,,
COUNCODOS,83.89,83.89
TPHQ,23.03,23.03
FELDVR,,
MAWANASUG,3.63,8.89
AJMERA,24.81,24.81
MHRIL,46.06,46.06
GKWLIMITED,,
VINATIORGA,43.32,43.32
EXCEL,43.17,43.17
ADANIPOWER,15.15,15.15
NHPC,24.86,24.86
GLOBUSSPR,165.75,165.75
OIL,8.24,8.24
EXPLEOSOL,14.56,14.56
RTNPOWER,0.51,43.50
AMRUTANJAN,36.13,36.13
SUNTECK,28.83,28.83
ZYDUSWELL,31.44,32.02
DEN,7.33,7.33
ASTEC,,
SHILPAMED,71.38,74.33
SARDAEN,25.04,25.01
REFEX,38.08,38.13
GILLANDERS,7671.47,
AHLUCONT,15.06,27.17
DLINKINDIA,14.19,14.19
JSWENERGY,45.48,45.48
GODREJPROP,39.41,39.41
DBCORP,9.29,9.29
HINDCOPPER,53.76,53.76
BEARDSELL,13.50,13.50
MMTC,81.99,77.82
NESTLEIND,65.80,68.80
TRF,13.21,13.21
WHIRLPOOL,39.18,37.57
UNITEDTEA,10.44,10.44
MBLINFRA,2.24,
JUBLFOOD,102.02,170.99
VASCONEQ,7.29,16.41
THANGAMAYL,46.55,46.55
EMMBI,20.42,20.42
DBREALTY,,
HATHWAY,33.39,32.92
ORIENTLTD,,
ARSSINFRA,47.69,47.69
TEXMOPIPES,29.66,10.77
MANINFRA,19.29,19.29
IL&FSTRANS,,
LGBBROSLTD,13.85,14.40
PERSISTENT,62.34,62.34
ISFT,13.44,13.44
GOENKA,,
KIRLOSBROS,31.88,31.52
KSL,19.89,19.89
SJVN,34.39,37.56
SUNDARAM,,
KIRLOSIND,13.12,12.44
MANAPPURAM,8.95,8.95
UMESLTD,107.97,107.97
TI,26.73,25.60
HMVL,14.45,14.45
IMFA,8.98,8.98
BLISSGVS,19.15,8.21
EMAMIREAL,,
AHLEAST,8.59,8.59
IITL,18.47,19.16
BAJAJCON,17.47,17.47
UGARSUGAR,,
PRAKASHSTL,3.37,91.76
GPPL,19.45,17.85
ADFFOODS,33.58,33.58
WELINV,70.77,70.77
KILITCH,27.53,27.53
ORISSAMINE,722.77,722.77
DEEPAKNTR,36.23,39.42
SASTASUNDR,,8.42
CAREERP,10.92,10.92
GREENPOWER,61.96,60.39
RAMKY,12.78,12.78
CANTABIL,31.79,32.33
WABAG,31.80,31.39
ASHOKA,3.44,3.62
BEDMUTHA,18.67,18.67
JWL,34.37,34.37
OBEROIRLTY,21.83,21.83
PRESTIGE,61.54,61.54
SHAH,6.65,36.90
CGCL,35.24,35.24
RESPONIND,28.95,28.95
COALINDIA,6.90,6.90
IOLCP,20.91,20.91
GRAVITA,43.41,43.41
JINDWORLD,76.38,76.38
PENIND,20.89,20.89
RPPINFRA,8.05,8.05
JAMNAAUTO,16.19,16.19
MOIL,18.95,18.95
ZEELEARN,1.40,6.36
A2ZINFRA,26.74,
KIRLOSENG,19.12,20.09
RKDL,41.77,41.77
PSB,33.51,33.51
SURANASOL,287.03,287.03
SHEKHAWATI,0.57,6.05
BFINVEST,,
KICL,24.52,32.51
SUMMITSEC,21.09,18.98
STEL,46.57,46.57
OMKARCHEM,,
HINDMOTORS,16.56,16.56
TEXRAIL,27.60,27.60
HFCL,33.19,33.19
INDTERRAIN,,
DHUNINV,10.05,10.08
LOVABLE,,
PFS,11.90,11.90
MUTHOOTFIN,17.19,17.19
VADILALIND,22.82,22.82
SYMPHONY,43.44,33.19
PIIND,28.83,28.83
RELAXO,62.67,62.67
OMINFRAL,49.63,49.63
VSTTILLERS,24.66,24.74
ESTER,,
DELPHIFX,116.02,11.72
KARMAENG,,
ASHIANA,203.19,154.06
DHANUKA,18.59,18.59
MAITHANALL,3.39,3.39
RUSHIL,15.80,15.80
INVENTURE,14.42,13.27
ELGIRUBCO,29.16,
LTF,13.81,13.81
WINDMACHIN,,
YAARI,,
BODALCHEM,118.50,98.21
GAYAPROJ,,
WINSOME,,
TREEHOUSE,,
ASAHISONG,36.16,35.64
FILATEX,14.04,14.04
BROOKS,153.13,153.13
TDPOWERSYS,36.66,36.66
APLLTD,27.56,28.02
VASWANI,12.75,12.75
PGEL,114.88,114.88
PANAMAPET,11.19,11.19
SETUINFRA,,
TIJARIA,,
PAISALO,17.93,17.96
ONELIFECAP,,
FLEXITUFF,,
SHAKTIPUMP,28.47,28.47
TRITURBINE,57.43,57.43
INDOTHAI,154.74,154.74
ESSARSHPNG,0.88,57.74
DSSL,20.28,20.28
JISLDVREQS,1.65,1.65
POLYMED,74.19,74.19
RUPA,20.40,19.69
VIKASECO,30.11,30.11
APLAPOLLO,63.79,63.79
KANANIIND,44.79,44.79
MINDACORP,46.55,46.55
DBSTOCKBRO,19.02,19.02
IRFC,24.67,24.67
COMPUSOFT,219.09,219.09
RHIM,,32.12
SCHNEIDER,69.85,74.50
NDL,10.73,10.73
NBCC,42.27,37.39
MTEDUCARE,,
HEXATRADEX,,
TBZ,16.37,16.37
VSSL,15.64,15.64
SWANENERGY,14.66,14.66
SPECIALITY,27.66,27.66
CINELINE,,
SAMPANN,,
RTNINDIA,16.94,16.94
PROZONER,,
MORARJEE,,
THEJO,37.55,37.55
KITEX,27.65,27.65
MAYURUNIQ,14.95,14.95
ROSSELLIND,10.71,10.64
DUCON,15.31,15.31
TVSHLTD,7.50,7.50
ZUARI,4.88,4.88
VETO,11.46,11.46
CARERATING,29.19,29.19
PCJEWELLER,18.88,18.88
INDUSTOWER,8.63,8.63
VMART,,
ANKITMETAL,,
MOHITIND,,
REPCOHOME,4.75,4.75
NIBL,,
VIVIDHA,,
JUSTDIAL,13.94,13.94
CEREBRAINT,,
ATULAUTO,74.19,74.19
ORIENTCEM,58.79,58.79
ABFRL,,
SAMMAANCAP,,
ESSENTIA,28.75,28.75
FLFL,,
PILITA,66.93,66.93
LYPSAGEMS,,
MITCON,12.21,12.21
ORBTEXP,11.63,11.63
JPOLYINVST,19.95,19.95
SREEL,24.46,24.46
NATHBIOGEN,7.60,7.75
AGRITECH,155.72,155.72
SECURKLOUD,,
SANCO,,
CASTROLIND,25.67,25.67
SDBL,24.04,24.04
IREDA,26.21,26.21
BUTTERFLY,280.60,194.57
WONDERLA,35.62,35.62
AGARIND,12.57,12.57
HATSUN,68.57,68.57
CAPLIPOINT,28.56,28.56
GOCLCORP,10.65,9.79
GULFOILLUB,17.20,17.20
SNOWMAN,210.70,210.70
SHARDACROP,20.82,20.82
SUPERHOUSE,15.98,33.38
SHEMAROO,,
CIGNITITEC,24.83,24.39
PDSL,27.13,27.62
INTELLECT,34.74,34.76
MONTECARLO,17.00,17.00
GOODLUCK,14.60,14.60
FCL,22.84,22.84
DTIL,,
CAMLINFINE,,
GULPOLY,42.23,42.23
APOLSINHOT,48.13,48.13
CCHHL,190.02,190.02
LAMBODHARA,15.46,15.46
GRPLTD,52.40,48.20
GENUSPAPER,145.52,145.52
MOLDTKPAC,25.64,25.64
GREENLAM,56.89,56.89
VISHNU,24.83,24.83
GANECOS,34.26,34.26
LINC,16.48,16.48
MENONBE,23.20,23.20
HESTERBIO,40.02,40.02
JMA,7.39,7.39
ORTEL,,
MANAKALUCO,27.67,27.67
MANAKSTEEL,35.14,30.00
MANAKCOAT,42.16,44.65
ZENTEC,50.79,51.22
IMAGICAA,52.66,47.22
INOXWIND,77.48,70.72
LFIC,6.60,6.60
BYKE,58.03,58.03
AVANTIFEED,21.25,21.25
VIPULLTD,0.82,0.81
VRLLOG,32.75,32.75
MEP,,
PRIVISCL,38.84,38.84
UFO,20.04,20.59
TPLPLASTEH,27.16,27.16
NILAINFRA,17.44,17.44
ARROWGREEN,13.87,13.87
PNCINFRA,6.11,6.11
SKIPPER,38.05,38.05
ALANKIT,19.48,19.48
ORICONENT,109.67,103.73
SHYAMCENT,,
BALKRISHNA,,
ADANIENSOL,152.39,40.13
SYNGENE,54.55,57.53
AYMSYNTEX,37.29,59.64
EMKAYTOOLS,4.09,4.09
KAYA,,
RAMASTEEL,68.86,68.86
AURUM,,
PKTEA,27.49,27.49
MUTHOOTCAP,8.67,8.67
SATIN,5.54,5.54
ARVSMART,27.08,27.08
POWERMECH,21.40,21.37
SHARDAMOTR,14.14,14.14
NAVKARCORP,,
SHREEPUSHK,18.63,18.63
GUJGASLTD,21.15,21.91
SADBHIN,,
AHIMSA,,
IDFCFIRSTB,21.79,21.79
COFFEEDAY,,16.01
INDIGO,29.57,29.57
SHK,395.71,16.74
PERFECT,24.94,24.94
BALAXI,14.31,14.87
LUXIND,23.40,23.40
TTKHLTCARE,19.97,24.40
UMANGDAIRY,27.99,27.99
SALZERELEC,24.10,24.10
PILANIINVS,25.49,25.49
KRIDHANINF,1.13,137.32
LINCOLN,12.69,12.69
LALPATHLAB,49.33,49.33
ALKEM,25.78,25.67
NH,40.82,40.82
OCCL,8.98,8.98
PRECAM,97.33,113.15
TEAMLEASE,33.79,33.79
QUICKHEAL,75.72,75.72
HITECH,34.81,34.81
VIDHIING,54.69,54.69
BHAGERIA,24.11,24.11
NECCLTD,19.99,19.99
KELLTONTEC,13.67,13.67
SEQUENT,167.94,179.66
GOKULAGRO,14.76,14.76
SIMBHALS,6.57,6.57
KDDL,25.81,25.79
PDMJEPAPER,8.77,8.77
HCG,109.29,114.33
HECPROJECT,27.73,27.73
WEALTH,20.29,19.85
BHARATWIRE,16.19,16.19
INFIBEAM,24.23,24.23
PALREDTEC,,
THYROCARE,33.88,33.83
CROMPTON,42.18,42.18
SAGARDEEP,48.22,48.22
PARAGMILK,18.98,18.98
SHRIPISTON,17.12,17.12
UNITEDPOLY,20.98,20.98
ARMANFIN,14.83,14.83
ALBERTDAVD,12.60,12.60
BLS,29.79,29.79
ASPINWALL,11.42,11.42
NAGAFERT,0.19,0.19
SALONA,18.06,18.06
PREMEXPLN,60.32,60.32
CONTROLPR,20.28,20.28
INCREDIBLE,16.64,16.64
SETCO,,
DAMODARIND,19.76,19.76
MGL,12.13,12.13
MOLDTECH,17.58,17.58
POKARNA,26.66,26.66
COMPINFO,0.54,0.54
VIJIFIN,,
GPTINFRA,17.90,17.90
QUESS,24.74,24.21
GROBTEA,6.35,6.35
SOMICONVEY,33.54,33.54
LLOYDSENGG,66.69,66.69
LTIM,30.59,30.59
GATECH,17.12,17.12
MINDTECK,23.15,21.97
ADVENZYMES,23.66,22.04
DBL,11.96,21.09
SPAL,19.09,19.09
NDGL,34.08,32.87
RBLBANK,10.01,10.01
BIGBLOC,83.65,83.65
MBAPL,59.00,59.00
CUPID,18.28,18.28
LTTS,39.43,39.43
GNA,13.10,13.10
CROWN,10.62,33.78
ICICIPRULI,81.55,81.55
MARATHON,12.21,12.21
HPL,36.92,36.92
JAIPURKURT,12.33,12.33
MASKINVEST,,
SAKAR,39.38,39.24
AURDIS,10.42,10.42
PANSARI,83.02,83.02
DRL,27.74,27.74
ARTNIRMAN,80.18,80.18
ENDURANCE,33.05,33.05
GICL,84.36,84.36
MAZDA,16.84,16.84
PNBHOUSING,11.65,11.65
VBL,62.58,62.58
KINGFA,24.51,24.51
AGROPHOS,876.00,876.00
PODDARMENT,11.95,11.95
ROLLT,,
NBIFIN,79.77,79.77
KIOCL,,
JETFREIGHT,9.26,9.27
SFL,54.97,93.68
HEADSUP,,
TCIEXP,27.06,27.06
LAURUSLABS,157.17,157.17
TERASOFT,30.08,29.98
ITDC,67.55,67.48
HISARMETAL,27.15,27.15
LIBAS,5.83,5.83
PROLIFE,11.62,11.62
CAPTRUST,109.07,109.07
MAHESHWARI,12.73,12.73
BHANDARI,18.52,18.52
BSE,67.01,67.01
MCL,16.82,16.82
PRICOLLTD,30.11,30.11
STEELCITY,8.16,8.16
JITFINFRA,28.07,49.88
KRISHANA,20.64,20.64
GLOBAL,9.74,9.74
NITIRAJ,27.76,27.76
SANGINITA,318.18,318.18
AKASH,27.45,27.45
RADIOCITY,47.74,47.74
DMART,85.98,85.98
TASTYBITE,98.92,98.92
INTENTECH,14.13,14.13
AIRAN,13.44,13.44
AKSHARCHEM,,
ARIHANTSUP,25.60,25.60
URJA,432.78,432.78
LAXMICOT,195.97,234.34
CLEDUCATE,62.63,57.70
EIFFL,152.53,152.53
NRAIL,10.04,10.04
SHANKARA,18.82,18.82
NACLIND,,
APCL,,
CREATIVE,16.67,16.67
WIPL,79.19,79.19
FOCUS,21.32,21.32
DEVIT,15.49,15.49
ASLIND,,1888.60
SIKKO,29.94,29.94
MKPL,22.99,22.99
DOLLAR,25.17,25.33
PANACHE,125.34,53.98
INFOBEAN,21.09,21.09
SCHAND,12.57,12.57
ZOTA,,
BHAGYANGR,21.33,21.33
PSPPROJECT,36.79,36.79
VSCL,60.92,60.92
STARCEMENT,66.38,66.38
GLOBE,12.20,13.29
TEJASNET,19.49,19.49
ERIS,49.28,49.28
CDSL,43.68,43.68
GTPL,24.01,24.01
AUBANK,20.54,19.91
ACEINTEG,43.18,43.18
SHRENIK,,
DYNPRO,22.82,22.82
STEELXIND,23.85,23.85
SALASAR,31.13,31.13
UNIVASTU,0.00,0.00
AVADHSUGAR,11.24,11.24
PALASHSECU,,
MAGADSUGAR,8.95,8.95
GANGESSECU,26.86,26.86
THEINVEST,23.81,23.81
SHANTI,,
TOTAL,51.75,51.75
GTECJAINX,,
OPTIEMUS,68.69,68.69
WEWIN,29.91,29.91
SIS,23.26,23.26
COCHINSHIP,43.98,43.98
SMSLIFE,16.22,16.22
VAISHALI,340.17,340.17
LEXUS,,
GEEKAYWIRE,11.04,11.04
SERVOTECH,99.53,99.53
ABCAPITAL,12.18,12.18
APEX,444.16,444.16
PASHUPATI,180.82,180.82
BRNL,2.78,2.78
MANAV,12.35,12.35
DIXON,98.50,124.54
DCAL,,
LASA,,
MATRIMONY,23.32,23.32
CHOLAHLDNG,6.68,6.68
CAPACITE,15.04,15.04
ICICIGI,67.20,67.20
WORTH,13.33,13.33
MPTODAY,5.47,5.49
SBILIFE,58.68,58.68
RMDRIP,119.26,119.26
CADSYS,,
DPWIRES,13.48,13.48
AARVI,15.36,15.36
DIAMONDYD,,180.35
TIRUPATI,86.81,86.81
AIROLAM,85.68,85.68
RKEC,7.89,7.89
GATECHDVR,3.76,3.76
GOLDSTAR,77.06,77.06
JASH,41.22,41.19
CMMIPL,,
BETA,40.24,40.24
TIRUPATIFL,46.56,46.56
OMFURN,24.42,24.42
GODREJAGRO,41.68,41.68
TCPLPACK,31.70,31.70
MASFIN,15.30,15.30
IEX,36.89,36.89
DPABHUSHAN,30.76,30.76
GICRE,8.93,8.93
TIINDIA,44.88,44.69
NAM-INDIA,25.23,25.23
MAHLOG,,
NIACL,24.93,24.93
IFGLEXPOR,28.41,28.41
KHADIM,105.20,105.20
5PAISA,17.47,17.47
HDFCLIFE,77.04,77.04
AISL,19.22,19.22
VERTOZ,36.48,36.48
PULZ,10.91,10.91
SILVERTUC,41.70,41.70
ZODIAC,40.95,40.95
FELIX,39.95,39.95
ICEMAKE,45.38,45.38
DNAMEDIA,0.48,
SHRADHA,12.40,12.40
SHALBY,74.44,74.44
FSC,,
TOUCHWOOD,17.52,17.52
ONEPOINT,41.97,41.97
SMVD,0.83,
SHIVATEX,22.65,22.65
ASTRON,,
AJOONI,45.90,45.90
MOKSH,13.06,13.06
BCONCEPTS,71.21,71.21
SILLYMONKS,41.50,41.50
APOLLO,67.23,67.23
NEWGEN,45.01,45.01
AMBER,85.30,85.30
PRAXIS,,
SOLEX,41.38,41.38
SRPL,,
GALAXYSURF,26.57,26.57
SINTERCOM,314.93,314.93
MHHL,10.87,10.87
SOUTHWEST,33.74,35.53
SHIVAMILLS,,
ARVEE,73.32,73.32
ASTERDM,68.44,64.87
BANKA,,
GMMPFAUDLR,45.50,45.50
HGINFRA,12.96,12.96
HINDCON,37.20,37.20
SARVESHWAR,31.09,31.09
UNIINFO,,
MACPOWER,29.21,29.21
TARACHAND,20.34,20.34
BDL,73.57,73.57
MDL,42.71,41.53
SUNDARMHLD,26.31,26.31
BANDHANBNK,9.73,9.73
HAL,26.66,26.67
URAVIDEF,274.03,274.03
MITTAL,35.12,43.11
SANDHAR,17.15,18.01
ISEC,12.34,12.34
KAPSTON,30.77,30.77
CENTRUM,,
MIDHANI,51.18,51.18
LEMONTREE,46.71,46.71
AVG,8.73,13.00
MMP,19.33,19.33
NARMADA,16.73,16.73
PIGL,22.98,22.98
CHEMFAB,146.43,146.43
BSHSL,56.59,56.59
MAHICKRA,46.59,46.59
AAKASH,17.10,17.10
GODHA,16.37,16.37
ORIENTELEC,71.81,71.81
E2E,102.52,102.52
INDOSTAR,35.74,35.74
BORORENEW,,
SIRCA,30.48,30.48
SUULD,,
SVLL,397.59,397.59
LATTEYS,67.77,67.76
DIL,7.53,7.75
SONAMLTD,30.44,30.44
ADANIGREEN,86.68,74.46
OSWALSEEDS,,
PRITI,23.57,23.57
ACCURACY,10.37,10.37
SOLARA,,
GAYAHWS,,1.11
FINEORG,27.21,27.18
RITES,25.61,25.66
VARROC,71.17,34.81
GANGAFORGE,105.62,107.36
REPL,24.49,24.49
AMBANIORGO,,
HBSL,,
AVROIND,53.55,53.55
HDFCAMC,34.69,34.69
CREDITACC,17.47,17.47
AARON,47.54,47.54
SIGIND,12.03,12.03
DANGEE,,
SUMIT,29.94,29.94
LAGNAM,15.73,15.73
RPPL,14.66,14.66
AKG,56.39,56.39
IRCON,20.14,20.14
AHLADA,9.77,9.77
SPECTRUM,118.57,118.57
RAJMET,,
AAVAS,23.89,23.89
KSHITIJPOL,,15.37
GRSE,40.20,40.20
KRITIKA,20.40,20.40
SILGO,20.25,20.25
VINNY,15.03,15.03
BBTCL,,
MARINE,63.67,63.89
IRISDOREME,34.62,34.62
ATGL,102.00,102.00
TECHNOE,34.66,34.66
SHUBHLAXMI,18.26,18.26
UNIPARTS,16.14,16.14
SHRIRAMPPS,18.77,18.77
TREJHARA,20.67,797.93
NILASPACES,39.66,39.66
AWHCL,18.02,18.02
DALBHARAT,54.86,46.70
RPSGVENT,49.98,9.33
SPENCERS,,
SURANI,61.87,61.87
XELPMOC,,
CHALET,170.77,170.77
MSTCLTD,8.19,16.42
OSIAHYPER,15.14,15.14
ANUP,47.18,47.18
ARVINDFASN,35.79,35.79
PAR,8.17,8.17
KHFM,40.02,40.02
RVNL,58.62,58.62
POLYCAB,40.85,40.85
METROPOLIS,55.38,55.38
KPITTECH,46.32,46.32
SWSOLAR,187.40,187.40
NEOGEN,96.71,96.71
VIKASLIFE,,
EMAMIPAP,11.70,11.70
VCL,,
CONFIPET,23.95,24.20
PPL,10.90,10.90
INDIAMART,23.24,23.24
ATMASTCO,37.84,37.84
OAL,25.65,25.65
SEYAIND,,
DCMNVL,57.47,168.13
SATIA,5.95,5.95
WEL,177.17,177.17
AFFLE,56.87,56.87
CHEMCON,29.94,29.94
SPANDANA,,
WESTLIFE,970.69,970.69
DOLATALGO,5.57,5.57
HNDFDS,59.63,59.63
UJJIVANSFB,6.92,6.92
MAZDOCK,36.09,36.09
IRCTC,45.17,45.45
SAFARI,68.78,68.78
DCI,24.38,24.38
360ONE,37.89,35.66
IIFLCAPS,8.63,8.63
HPIL,102.56,102.56
SAMHI,64.76,69.64
VISHWARAJ,,
FLUOROCHEM,89.88,89.88
GREENPANEL,44.70,44.70
KUANTUM,7.67,7.67
RBA,,
APOLLOPIPE,48.12,48.12
CHEMBOND,19.66,20.24
MGEL,17.74,16.16
ROUTE,17.42,17.72
SBICARD,38.85,38.85
HOMEFIRST,24.88,24.88
SIGMA,15.12,15.12
CSBBANK,9.03,9.03
EQUITASBNK,21.61,21.61
EASEMYTRIP,55.60,30.08
ROSSARI,27.23,27.23
HINDWAREAP,,
PRINCEPIPE,41.77,41.77
ESAFSFB,,
LIKHITHA,16.02,16.02
PARKHOTELS,42.80,42.80
ARTEMISMED,44.55,44.55
PATANJALI,55.15,55.15
SUMICHEM,47.53,47.53
LGHL,90.76,90.84
ATALREAL,32.51,32.51
ASALCBR,33.64,33.64
MAHEPC,127.76,124.21
UNIVPHOTO,7.19,7.19
ALOKINDS,,
BARBEQUE,,
BAFNAPH,45.06,41.61
SUVENPHAR,106.24,106.24
POWERINDIA,176.27,176.27
STOVEKRAFT,64.14,64.14
BHARTIHEXA,53.81,63.92
KSOLVES,25.18,25.18
RAJRATAN,26.80,26.80
HAPPSTMNDS,47.57,49.61
AARTISURF,41.25,80.98
GLAND,38.39,38.39
BOROLTD,62.66,62.66
NDRAUTO,36.40,36.40
MAXHEALTH,94.55,89.92
PAVNAIND,47.34,47.34
AAATECH,40.47,40.47
KALYANKJIL,67.05,67.05
MAXIND,,
BTML,27.67,27.66
SHAREINDIA,9.48,9.48
UNIDT,33.21,33.21
SIGACHI,19.45,19.45
ANGELONE,14.16,14.16
ADL,176.65,176.65
NIRAJ,15.70,14.77
VALIANTORG,,
CAMS,36.56,36.56
SURYODAY,5.88,5.88
ROML,47.16,47.16
UTIAMC,13.97,13.97
RAILTEL,36.33,34.34
HEMIPROP,,
BECTORFOOD,61.62,61.62
KHAICHEM,,
ORCHPHARMA,44.54,44.54
SUBEXLTD,,
NURECA,,
INDIGOPNTS,36.39,36.39
HERANBA,21.99,21.99
LXCHEM,38.10,38.10
TARC,,
RVHL,,
MTARTECH,96.40,96.40
FAIRCHEMOR,37.30,37.30
ANURAS,62.47,62.47
KANPRPLA,24.02,24.02
ISGEC,28.68,28.68
STYLAMIND,22.46,22.31
PAKKA,21.60,21.60
CLSEL,14.65,14.65
PARTYCRUS,15.07,15.07
CARYSIL,24.90,24.90
SHAILY,98.41,98.41
MODISONLTD,21.39,21.70
FIBERWEB,9.14,9.14
BCLIND,12.08,12.08
BHAGCHEM,171.12,171.12
SBCL,34.36,34.36
AADHARHFC,21.18,21.18
SMCGLOBAL,5.83,5.83
QMSMEDI,17.33,17.33
NPST,95.11,95.11
ARIHANTCAP,10.17,10.57
SIDDHIKA,13.74,13.74
NAZARA,109.60,108.42
IPL,26.33,26.33
GENCON,16.02,16.02
LODHA,53.38,51.01
HLEGLAS,36.82,36.82
BESTAGRO,36.05,36.05
VMARCIND,19.89,19.89
SONACOMS,55.10,53.94
UTKARSHBNK,14.26,14.26
DRCSYSTEMS,20.62,20.62
PARAS,77.39,77.39
CRAFTSMAN,58.61,56.54
DODLA,28.14,28.14
EXXARO,,
JUBLINGREA,52.97,52.94
ROLEXRINGS,27.16,22.57
ORTINGLOBE,,
SHYAMMETL,25.31,25.31
KIMS,53.96,53.96
SUVIDHAA,,
MAKS,90.99,38.62
JSFB,6.99,6.99
TATVA,116.26,116.26
CLEAN,51.83,51.83
AILIMITED,46.92,46.92
ALIVUS,29.93,29.93
ABSLAMC,19.62,19.62
DEEPINDS,18.43,18.48
ZOMATO,315.61,315.61
CHEMPLASTS,,
BEWLTD,12.75,12.75
PIXTRANS,18.57,18.57
MEDIASSIST,33.90,33.90
WINDLAS,31.39,31.39
CARTRADE,60.11,60.11
KRSNAA,31.52,31.52
EQUIPPP,,
DEVYANI,,1537.76
APTUS,21.40,21.40
SUPRIYA,29.70,29.70
ANMOL,11.54,11.54
BMETRICS,15.87,15.87
ABCOTS,55.71,55.71
VIJAYA,75.83,75.83
AMIORG,81.54,81.37
IWEL,37.04,35.34
VINEETLAB,,
MOL,,
SANSERA,35.30,35.30
BAJAJHCARE,,48.90
PRITIKAUTO,14.82,14.82
AAREYDRUGS,20.18,20.18
GRINFRA,8.59,10.85
INTLCONV,5.40,5.40
DUGLOBAL,75.80,75.80
PAYTM,,
STEELCAS,29.20,29.20
HPAL,24.08,24.08
UGROCAP,11.45,11.45
STARHEALTH,27.35,27.35
KPIGREEN,30.21,29.97
YUKEN,43.99,43.99
SGIL,36.52,36.52
ANANDRATHI,54.54,54.54
SJS,25.83,25.83
FINOPB,19.43,19.43
POLICYBZR,264.53,308.76
NYKAA,731.56,731.56
AWL,29.70,29.70
MONARCH,15.47,15.47
SAPPHIRE,648.30,378.83
DKEGL,9.15,9.15
PRUDENT,43.36,43.36
EPIGRAL,23.23,23.23
NUVOCO,,
GOCOLORS,44.55,44.55
NGIL,,
TRACXN,,
CMSINFO,20.31,20.31
FUSION,,
COASTCORP,,
TARSONS,56.87,56.87
MEDPLUS,64.04,64.04
TEGA,49.56,49.56
RATEGAIN,29.25,29.25
MANORG,35.70,35.70
LATENTVIEW,47.48,47.48
METROBRAND,74.00,74.00
PVSL,33.22,33.22
MICEL,26.39,26.39
PASUPTAC,10.86,10.86
FOODSIN,28.45,28.45
PARADEEP,18.71,18.71
JAINAM,29.15,29.15
MAPMYINDIA,64.93,64.93
ABMINTLLTD,302.09,302.09
3IINFOLTD,,
TMB,5.78,5.78
KRITI,164.65,164.65
DYNAMIC,18.16,18.20
MANYAVAR,50.19,50.19
GANESHBE,13.89,13.89
GVPTECH,58.52,58.52
KOTYARK,18.19,18.19
MEDICAMEQ,91.83,91.83
FOCE,43.49,43.49
EMIL,30.03,30.03
SHIVALIK,53.93,53.93
PRECISION,11.75,11.75
UMAEXPORTS,17.64,17.33
DATAPATTNS,50.97,50.97
JSLL,52.14,52.14
MEDANTA,64.92,64.92
MALLCOM,19.56,19.56
NIDAN,,9.51
IRIS,50.05,50.05
ASIANENE,39.41,37.40
DIGJAMLMTD,,
SMLT,37.34,37.34
NRL,28.82,28.82
RADIANTCMS,13.63,13.63
GPTHEALTH,22.27,22.27
CHOICEIN,65.44,65.44
EUROBOND,23.90,23.90
SELMC,,
HARIOMPIPE,18.81,18.81
GRWRHITECH,31.46,31.46
CAPITALSFB,9.86,9.86
DELHIVERY,769.77,428.13
DCMSRIND,12.06,12.06
VERANDA,,
RAJRILTD,,
EMUDHRA,82.40,82.40
DYCL,28.15,28.15
FIVESTAR,19.69,19.69
STARTECK,23.79,23.79
VIRINCHI,37.04,37.04
SBC,55.95,55.95
DHRUV,32.93,32.93
ELDEHSG,24.38,24.38
RICHA,14.85,14.85
ELIN,37.55,37.55
SHIGAN,22.39,22.39
MADHAVBAUG,27.20,27.20
SEJALLTD,48.79,48.79
MHLXMIRU,14.70,14.70
LOYALTEX,,
RELCHEMQ,47.14,47.14
GATEWAY,5.11,13.26
SYRMA,50.62,50.05
ZIMLAB,28.06,28.06
UDAICEMENT,,
JTLIND,28.77,28.77
CAMPUS,67.87,67.87
RAINBOW,54.54,54.54
TBOTEK,68.19,69.25
VENUSPIPES,32.34,32.34
AETHER,113.42,66.79
ROTO,42.23,42.23
SPRL,13.36,13.36
MEGASTAR,75.86,75.86
GSTL,29.87,29.87
INDOBORAX,12.04,12.04
LANDMARK,71.84,
RACE,76.45,76.45
AVONMORE,20.55,20.55
ETHOSLTD,67.76,67.76
DREAMFOLKS,19.74,19.74
AGSTRA,,
SONUINFRA,15.89,15.89
MSUMI,36.74,36.74
KNAGRI,16.26,16.26
LEMERITE,213.68,213.68
DHARMAJ,19.66,19.66
HARSHA,29.02,29.02
KRISHIVAL,42.32,42.32
OBCL,107.14,107.14
GMRP&UI,4.19,
KCK,176.21,176.21
LICI,11.21,11.21
INDOAMIN,16.71,16.71
KRISHNADEF,49.20,49.20
BOHRAIND,,
PROPEQUITY,18.18,18.18
TVSSCS,,
SWARAJ,16.38,16.38
AMEYA,19.52,19.52
INOXGREEN,137.98,137.98
FEDFINA,15.41,15.41
ACI,39.54,33.65
BIKAJI,62.04,62.04
RITCO,19.42,19.42
SADHNANIQ,212.05,212.05
SURAJEST,15.73,15.73
VEEKAYEM,24.60,24.60
SKP,355.05,355.05
RILINFRA,20.07,20.07
HARDWYN,49.60,49.60
CHEVIOT,9.80,9.80
MUKKA,16.94,16.94
HMAAGRO,21.61,21.61
MWL,15.13,15.13
MEDICO,57.22,57.22
CMRSL,8.86,7.16
KFINTECH,49.46,49.46
YATHARTH,28.93,28.93
DCXINDIA,53.78,53.78
YATRA,41.70,41.70
AKSHAR,,
KAYNES,110.28,110.28
NGLFINE,21.55,21.55
SABAR,3.47,3.47
SWASTIK,32.93,32.93
FIDEL,25.50,25.50
AXITA,46.08,49.15
PLAZACABLE,155.53,155.53
SENCO,38.05,38.05
USASEEDS,16.54,16.54
TRU,14.16,14.16
RADHIKAJWE,18.61,18.61
TIPSFILMS,,
SPLPETRO,27.14,27.14
RAMRAT,32.09,32.09
VIVIANA,53.68,53.68
CSLFINANCE,8.87,8.87
AGNI,98.02,98.02
KORE,36.49,36.39
GOYALALUM,66.67,66.67
RUSTOMJEE,42.02,42.02
GENSOL,16.16,16.14
DBOL,46.66,39.26
KANDARP,71.11,71.11
GSLSU,,
SPORTKING,11.31,11.31
ALLETEC,34.17,34.17
AIIL,6.39,6.39
MANORAMA,71.73,71.73
ISHAN,31.73,29.82
ARABIAN,9.48,9.48
INNOVACAP,34.41,34.41
GRMOVER,24.16,24.16
SYNCOMF,41.08,41.08
BAHETI,39.13,39.13
SULA,32.17,32.17
SIGNATURE,183.50,183.50
ANNAPURNA,31.42,31.42
KRITINUT,12.40,12.40
KALAMANDIR,22.11,22.11
VITAL,,
RAMAPHO,30.03,30.03
PPLPHARMA,,
TAPIFRUIT,,
AVALON,101.67,101.67
RITEZONE,9.06,9.06
CONCORDBIO,55.00,55.00
GODIGIT,80.17,80.17
BAIDFIN,11.27,11.27
LLOYDS,,
PHANTOMFX,14.64,14.64
QUICKTOUCH,8.30,8.30
AMIABLE,10.33,10.33
IPSL,33.85,33.85
KAMOPAINTS,41.10,41.10
DOLLEX,20.96,20.96
BLUEJET,61.88,61.88
MVGJL,11.27,11.27
SCPL,17.16,17.16
SUKHJITS,12.38,12.38
ARHAM,27.33,27.33
FROG,31.71,31.71
MANKIND,46.60,46.60
SKYGOLD,51.00,51.00
BLAL,,
ARIHANTACA,29.79,29.79
SATINDLTD,13.92,13.90
DIVGIITTS,51.47,51.47
PRITIKA,77.90,77.90
USK,17.75,17.75
ANLON,35.84,35.84
MOTISONS,41.82,42.22
VELS,,
VERTEXPLUS,,
CMNL,34.61,33.99
SRIVASAVI,15.65,15.65
DIACABS,119.63,126.41
IKIO,38.04,38.04
MANOMAY,15.67,15.67
FAZE3Q,27.69,27.69
UMA,26.66,26.66
NSLNISP,,
RBMINFRA,16.26,16.26
LLOYDSME,39.52,39.52
AARTIPHARM,26.86,26.86
RHL,43.16,43.16
SAHYADRI,14.00,14.00
SAHANA,41.96,41.96
NINSYS,36.97,36.97
DUCOL,29.88,29.88
HOMESFY,16.43,16.06
SBFC,28.89,28.89
SBGLP,52.70,52.70
ASMS,168.63,194.01
HYBRIDFIN,9.86,9.23
SHERA,33.94,33.94
INDGN,33.34,33.53
ZAGGLE,65.06,65.06
GANDHAR,17.47,17.47
AGARWALFT,23.97,23.97
HONASA,93.01,93.01
RISHABH,50.44,50.44
IRMENERGY,20.14,20.14
SAH,349.15,349.15
DENEERS,19.62,19.62
JGCHEM,19.69,19.69
QFIL,14.53,14.53
CYIENTDLM,56.89,56.89
NIRMAN,15.80,15.80
YCCL,93.02,93.02
RPTECH,9.29,9.71
LORDSCHLO,101.28,101.28
SYSTANGO,17.46,17.46
RATNAVEER,18.84,18.84
MOS,55.94,55.94
SECMARK,40.84,40.84
AUROIMPEX,13.99,13.99
SOTAC,24.58,24.08
SPECTSTM,23.30,23.30
ATAM,16.29,16.29
IDEAFORGE,,
CRAYONS,9.08,9.08
SHRITECH,11.88,11.88
INFOLLION,36.79,36.79
LAL,16.65,16.65
URBAN,13.49,13.49
INFINIUM,36.18,36.18
AARTECH,41.57,41.57
POCL,30.29,30.29
KRISHCA,23.72,23.72
ESFL,120.60,120.60
AATMAJ,,
TATATECH,42.25,42.25
REMUS,28.39,28.39
NOVAAGRI,15.88,15.88
REDTAPE,47.14,47.14
ASHOKAMET,4.47,4.47
SICALLOG,,
YUDIZ,,
PENTAGON,17.99,17.99
CELLPOINT,174.08,174.08
SEL,48.69,48.69
TRIDHYA,8.42,8.42
ACL,,
GREENCHEF,27.55,27.55
PROV,44.58,44.58
PTCIL,359.55,357.08
NETWEB,89.30,89.30
PYRAMID,20.50,20.50
VILINBIO,,
MAGSON,39.62,39.62
AEROFLEX,44.47,44.47
EMSLIMITED,19.23,19.23
EFACTOR,14.74,14.74
GHCLTEXTIL,15.30,15.30
MONOPHARMA,15.37,15.37
VPRPL,19.61,19.61
UDS,17.52,17.52
DENTALKART,59.21,59.21
SYNOPTICS,13.41,13.41
CLSL,30.76,30.76
SSFL,26.87,26.87
KIRLPNU,35.02,33.95
DHTL,,
ATL,19.53,18.49
BALUFORGE,32.04,32.04
RRKABEL,39.48,39.49
JSWINFRA,42.46,42.46
SANGANI,24.15,24.15
JLHL,50.14,50.58
SCILAL,51.52,51.52
SAHAJ,13.81,13.81
NUVAMA,21.62,21.62
GLOBALPET,73.26,73.26
YASHO,111.23,111.23
KEL,38.28,38.28
PRAMARA,28.30,28.30
NIITMTS,25.02,24.20
VINSYS,20.00,20.00
VALIANTLAB,,
ZEAL,10.71,10.71
ARVINDPORT,15.29,15.29
MARINETRAN,53.16,53.16
SAROJA,25.70,25.70
SINDHUTRAD,29.70,29.70
UNIHEALTH,19.47,19.47
ORIANA,27.23,27.23
ASKAUTOLTD,34.96,34.96
CHAVDA,16.80,16.80
ONDOOR,10.22,10.15
BAWEJA,15.85,15.85
TRANSTEEL,17.70,17.63
SANDUMA,16.18,16.18
VLEGOV,,393.49
PLADAINFO,7.69,7.69
OLIL,35.97,35.97
RBZJEWEL,18.01,18.01
KODYTECH,86.99,86.99
KARNIKA,47.77,47.77
AKANKSHA,234.41,234.41
SCML,15.20,15.20
SAAKSHI,29.28,29.28
MUFIN,69.22,67.50
MAL,13.92,13.92
HIGREEN,52.90,52.90
PLATIND,28.38,28.38
MUFTI,13.86,13.86
FLAIR,19.06,19.06
CELLECOR,57.37,57.37
MUTHOOTMF,7.60,7.60
SRGHFL,17.57,17.57
INDIFRA,41.36,41.36
JIOFIN,119.14,119.14
CPS,,
MADHUSUDAN,19.82,19.82
NEWJAISA,27.10,27.10
GOYALSALT,17.72,17.72
TICL,,
WOMANCART,40.11,40.11
RCDL,29.54,29.54
BLSE,27.29,27.29
HOLMARC,43.42,43.42
SHANTHALA,25.71,25.71
TREL,3.83,24.92
MARCO,26.76,26.76
DIAMINESQ,93.33,93.33
VISHNUINFR,18.91,18.91
KONTOR,34.52,34.52
RKSWAMY,32.99,32.99
MICROPRO,10.40,10.40
INSPIRE,,
EPACK,74.16,74.16
HAPPYFORGE,28.75,28.75
IBLFL,53.74,53.74
INDIASHLTR,23.34,23.34
CELLO,33.28,33.28
CANARYS,17.69,17.69
DIGIDRIVE,17.04,17.04
DOMS,78.64,78.64
MAITREYA,38.63,38.63
GLOSTERLTD,,
LANCORHOL,25.82,25.82
AMNPLST,29.16,29.16
POLYSIL,8.18,8.18
SARTELE,35.69,35.69
VINYAS,132.31,132.31
SAIFL,8.49,8.49
JNKINDIA,55.55,55.55
INOXINDIA,44.43,45.64
GRAPHISAD,14.65,14.19
SHEETAL,34.33,34.33
ROXHITECH,6.46,6.46
JYOTICNC,71.69,70.09
BAJEL,113.98,93.07
EFORCE,,
DEEM,8.67,8.67
APS,52.68,52.68
ENTERO,57.63,57.63
TECHLABS,96.50,96.50
SIGNPOST,25.56,25.56
ROCKINGDCE,37.92,37.92
BABAFP,15.01,15.01
SUNCLAY,,
SHREEOSFM,14.01,14.01
PRESSTONIC,,
HRHNEXT,34.78,34.94
EXICOM,,
MEGATHERM,25.60,25.60
OWAIS,34.06,34.06
VR,61.07,60.61
KLL,15.74,15.74
ZENITHDRUG,11.34,11.47
SJLOGISTIC,22.63,22.63
CBAZAAR,,
PURVFLEXI,23.36,23.36
KTL,3.85,3.85
SRM,20.26,20.26
AZAD,112.13,112.13
KONSTELEC,10.96,10.96
JUNIPER,98.22,98.22
KRYSTAL,10.54,10.54
VSTL,23.44,23.44
FONEBOX,29.09,29.09
INM,24.20,24.01
ITALIANE,16.56,16.56
SUPREMEPWR,19.27,19.27
KCEIL,28.82,28.82
MAXESTATES,907.20,907.28
CGRAPHICS,31.05,31.05
ACCENTMIC,14.09,14.09
COMSYN,28.18,28.18
LAWSIKHO,28.57,28.57
SADHAV,16.04,16.04
MANDEEP,,
GOPAL,42.22,42.22
DAVANGERE,31.67,31.67
MAXPOSURE,33.00,33.00
ALPEXSOLAR,34.69,38.03
VHLTD,18.53,18.71
SONAMAC,13.31,13.31
BIRDYS,,
SIGNORIA,11.13,11.13
TCL,16.60,16.60
ENSER,23.53,23.53
DELAPLEX,12.60,12.60
RULKA,15.28,15.28
NAMAN,13.53,13.51
SINCLAIR,29.40,29.40
SHREEKARNI,28.88,28.88
BLUEPEBBLE,20.95,20.95
DCG,28.63,28.63
AWFIS,77.23,135.34
K2INFRA,10.85,10.85
RADIOWALLA,1.61,1.44
RBS,16.43,16.43
ASPIRE,6.09,6.09
ESCONET,50.64,50.64
MVKAGRO,10.09,10.09
ENFUSE,97.77,97.77
AVPINFRA,19.09,19.09
SILKFLEX,12.72,12.72
VISHWAS,21.87,21.87
TGL,22.82,22.82
TAC,115.16,115.16
EMMIL,19.36,19.58
YASHOPTICS,21.22,21.22
ALUWIND,23.72,23.75
PRLIND,16.30,16.54
IEML,22.13,22.13
ABSMARINE,37.08,37.08
VERITAAS,13.76,13.76
WINSOL,46.62,46.62
HOACFOODS,87.90,87.90
SLONE,19.93,19.93
QUESTLAB,16.56,16.56
