SYMBOL,SERIES,SECURITY,HIGH/LOW,INDEX FLAG
21STCENMGM,BE,21ST CENTURY MGMT SERVICE,H
ABAN,BE,ABAN OFFSHORE LTD.,H
AJOONI,EQ,AJOONI BIOTECH LIMITED,H
ALPSINDUS,BE,ALPS INDUSTRIES LTD.,H
BLUECHIP,BE,BLUE CHIP INDIA LIMITED,H
BRACEPORT,ST,BRACE PORT LOGISTICS LTD,H
BTML,BE,BODHI TREE MULTIMEDIA LTD,H
CBAZAAR,ST,NET AVENUE TECHNOLOGIES L,H
COMPINFO,BZ,COMPUAGE INFOCOM LTD,H
DCMFINSERV,EQ,DCM FINANCIAL SERVICES LT,H
DHANLAXMI,ST,DHANLAXMI CROP SCIENCE L,H
DIGIKORE,ST,DIGIKORE STUDIOS LIMITED,H
DOLPHIN,BE,DOLPHIN OFF ENT (IND) L,H
DRONE,ST,DRONE DESTINATION LIMITED,H
EMAMIREAL,BE,EMAMI REALTY LIMITED,H
ENSER,ST,ENSER COMMUNICATIONS LTD,H
FEL,BZ,FUTURE ENTERPRISES LTD,H
FICRF3GP,MF,FRANTEMAMC - FICRF3GP,H
FLEXITUFF,BE,FLEXITUFF VENTURES INT L,H
FLFL,BZ,FUT LIFESTYLE FASH LTD,H
GAYAHWS,BE,GAYATRI HIGHWAYS LIMITED,H
GOENKA,BZ,GOENKA DIAMOND&JEWELS LTD,H
GPECO,ST,GP ECO SOLUTIONS INDIA L,H
ICDSLTD,BE,ICDSLTD,H
IDENTICAL,ST,IDENTICAL BRAINS STUDIO L,H
IMPEXFERRO,BZ,IMPEX FERRO TECH LIMITED,H
INDOTECH,EQ,INDO TECH TRANSFORM LTD.,H
INFOMEDIA,BE,INFOMEDIA PRESS LIMITED,H
IRIS,BE,IRIS BUSINESS SERV LTD,H
JAKHARIA,ST,JAKHARIA FABRIC LIMITED,H
KEEPLEARN,BE,DSJ KEEP LEARNING LTD,H
KERNEX,BE,KERNEX MICROSYS(I) LTD,H
LAMOSAIC,ST,LAMOSAIC INDIA LIMITED,H
MAFANG,EQ,MIRAEAMC - MAFANG,H
MAHKTECH,EQ,MIRAEAMC - MAHKTECH,H
MAL,SM,MANGALAM ALLOYS LIMITED,H
MASPTOP50,EQ,MIRAEAMC - MASPTOP50,H
MAXVOLT,ST,MAXVOLT ENERGY INDUS L,H
MONQ50,EQ,MOTILALAMC - MONQ50,H
MPTODAY,SM,M P TODAY MEDIA LIMITED,H
ORCHPHARMA,EQ,ORCHID PHARMA LIMITED,H
ORTEL,BZ,ORTEL COMMUNICATIONS LTD,H
PANACHE,BE,PANACHE DIGILIFE LIMITED,H
PERFECT,ST,PERFECT INFRAENGINEER LTD,H
PRAXIS,BE,PRAXIS HOME RETAIL LTD,H
SANWARIA,BZ,SANWARIA CONSUMER LIMITED,H
SETUINFRA,BZ,SETUBANDHAN INFRA LTD,H
SHANTI,EQ,SHANTI OVERSEAS INDIA LTD,H
SUPREMEENG,BE,SUPREME ENGINEERING LTD,H
TERASOFT,BE,TERA SOFTWARE LIMITED,H
TPHQ,BE,TEAMO PRODUCTIONS HQ LTD,H
TRU,BE,TRUCAP FINANCE LIMITED,H
VERTEXPLUS,SM,VERTEXPLUS TECHNOLOGIES L,H
ZENITHEXPO,BE,ZENITH EXPORTS LTD,H
695MH31,SG,SDL MH 6.95% 2031,L
ABSMARINE,ST,ABS MARINE SERVICES LTD,L
AGNI,ST,AGNI GREEN POWER LTD,L
AGSTRA,BE,AGS TRANSACT TECH LTD,L
ALMONDZ,EQ,ALMONDZ GLOBAL SEC LTD,L
ALPEXSOLAR,SM,ALPEX SOLAR LIMITED,L
AMJUMBO,SM,A AND M JUMBO BAGS LTD,L
ANKITMETAL,BZ,ANKIT MET & POW LTD,L
ANSALAPI,BZ,ANSAL PROP & INFRA LTD,L
ARTNIRMAN,BE,ART NIRMAN LIMITED,L
ARVINDPORT,ST,ARVIND PORT AND INFRA LTD,L
ASHAPURMIN,EQ,ASHAPURA MINECHEM LTD,L
ASPIRE,ST,ASPIRE & INNOVATIVE ADV L,L
ATALREAL,EQ,ATAL REALTECH LIMITED,L
ATLANTAA,BE,ATLANTAA LIMITED,L
ATMASTCO,ST,ATMASTCO LIMITED,L
AUSOMENT,EQ,AUSOM ENTERPRISE LIMITED,L
AVALON,EQ,AVALON TECHNOLOGIES LTD,L
AVG,BE,AVG LOGISTICS LIMITED,L
AVPINFRA,ST,AVP INFRACON LIMITED,L
AVROIND,EQ,AVRO INDIA LIMITED,L
BAHETI,SM,BAHETI RECYCLING IND LTD,L
BAJAJINDEF,BE,INDEF MANUFACTURING LTD,L
BALCO,ST,SOLVE PLASTIC PRODUCTS L,L
BBOX,EQ,BLACK BOX LIMITED,L
BGRENERGY,BE,BGR ENERGY SYSTEMS LTD,L
BIRDYS,SM,GRILL SPLENDOUR SER LTD,L
BIRLAMONEY,BE,ADITYA BIRLA MONEY LTD,L
BORORENEW,BE,BOROSIL RENEWABLES LTD,L
BTML,BE,BODHI TREE MULTIMEDIA LTD,L
C2C,ST,C2C ADVANCED SYSTEMS LTD,L
CEREBRAINT,BZ,CEREBRA INT TECH LTD,L
CMMIPL,SZ,CMM INFRAPROJECTS LIMITED,L
CMRSL,SM,CYBER MEDIA RES & SER LTD,L
COMPINFO,BZ,COMPUAGE INFOCOM LTD,L
COMSYN,BE,COMMERCIAL SYN BAGS LTD,L
CPS,ST,C P S SHAPERS LIMITED,L
CREATIVEYE,EQ,CREATIVE EYE LIMITED,L
CTE,EQ,CAMBRIDGE TECH ENTER LTD,L
DCI,EQ,DC INFOTECH AND COMUN LTD,L
DESTINY,ST,DESTINY LOGISTICS & I LTD,L
DIACABS,BE,DIAMOND POWER INFRA LTD,L
DIGJAMLMTD,BE,DIGJAM LTD,L
DRONE,ST,DRONE DESTINATION LIMITED,L
DYNAMIC,ST,DYNAMIC SRVCS & SEC LTD,L
E2E,EQ,E2E NETWORKS LIMITED,L
EFFWA,SM,EFFWA INFRA & RESEARCH L,L
ELECTHERM,BE,ELECTROTHERM (I) LTD.,L
EMMIL,ST,ENERGY MISSION MACH IND L,L
ENSER,ST,ENSER COMMUNICATIONS LTD,L
EPACK,EQ,EPACK DURABLE LIMITED,L
ESCONET,ST,ESCONET TECHNOLOGIES LTD,L
FELDVR,BE,FUTURE ENTERPRISES LTD,L
FIDEL,ST,FIDEL SOFTECH LIMITED,L
FOCUS,EQ,FOCUS LIGHTG & FIXTRS LTD,L
FRESHARA,ST,FRESHARA AGRO EXPORTS LTD,L
GANGAFORGE,EQ,GANGA FORGING LIMITED,L
GATECHDVR,BE,GACM TECHNOLOGIES LIMITED,L
GICL,ST,GLOBE INTL CARRIERS LTD,L
GIRIRAJ,ST,GIRIRAJ CIVIL DEVP LTD,L
GLOBALE,BE,GLOBALE TESSILE LIMITED,L
GLOBALVECT,BE,GLOBAL VEC HELICORP LTD,L
GLOBE,EQ,GLOBE TEXTILES (I) LTD.,L
GODFRYPHLP,EQ,GODFREY PHILLIPS INDIA LT,L
GOLDENTOBC,BZ,GOLDEN TOBACCO LIMITED,L
GUJRAFFIA,BE,GUJARAT RAFFIA INDUST LTD,L
GVKPIL,BE,GVK POW. & INFRA LTD.,L
HARDWYN,BE,HARDWYN INDIA LIMITED,L
HBSL,EQ,HB STOCKHOLDINGS LIMITED,L
HITECHGEAR,BE,THE HI-TECH GEARS LIMITED,L
HUBTOWN,EQ,HUBTOWN LIMITED,L
HVAX,ST,HVAX TECHNOLOGIES LIMITED,L
IITL,BE,INDUSTRIAL INV TRUST LTD,L
IL&FSTRANS,BZ,IL&FS TRANS NET LTD,L
INDOTECH,EQ,INDO TECH TRANSFORM LTD.,L
ITI,BE,ITI LTD,L
IZMO,BE,IZMO LIMITED,L
JAICORPLTD,EQ,JAI CORP LIMITED,L
JAYBEE,ST,JAY BEE LAMINATIONS LTD,L
KCEIL,ST,KAY CEE ENERGY & INFRA L,L
KITEX,BE,KITEX GARMENTS LTD,L
KOPRAN,BE,KOPRAN LTD,L
KORE,ST,JAY JALARAM TECHNO LTD,L
KOTHARIPRO,BE,KOTHARI PRODUCTS,L
KRITI,EQ,KRITI INDUSTRIES IND LTD,L
KSHITIJPOL,BE,KSHITIJ POLYLINE LIMITED,L
KTL,ST,KALAHRIDHAAN TRENDZ LTD,L
LAKSHYA,ST,LAKSHYA POWERTECH LIMITED,L
LAL,BE,LORENZINI APPARELS LTD,L
LATTEYS,BE,LATTEYS INDUSTRIES LTD,L
LAWSIKHO,ST,ADDICTIVE LEARNING TECH L,L
LCCINFOTEC,BE,LCC INFOTECH LTD,L
LOKESHMACH,BE,LOKESH MACHINES LTD,L
LOYALTEX,BE,LOYAL TEXTILE MILLS LTD,L
LRRPL,ST,LEAD REC AND RUB PROD LTD,L
MAANALU,BE,MAAN ALUMINIUM LIMITED,L
MANORG,EQ,MANGALAM ORGANICS LIMITED,L
MARINE,BE,MARINE ELECTRICAL (I) LTD,L
MASKINVEST,BE,MASK INVESTMENTS LIMITED,L
MASTER,SM,MASTER COMPONENTS LIMITED,L
MCLEODRUSS,BE,MCLEOD RUSSEL INDIA LTD.,L
MEDICO,EQ,MEDICO REMEDIES LIMITED,L
MEDIORG,SM,MEDICAMEN ORGANICS LTD,L
MEGAFLEX,ST,MEGA FLEX PLASTICS LTD,L
MEGASOFT,BE,MEGASOFT LTD,L
MEP,BZ,MEP INFRA. DEVELOPERS LTD,L
MFML,BE,MAHALAXMI FABRIC MILLS LT,L
MHLXMIRU,BE,MAHALAXMI RUBTECH LIMITED,L
MIEL,ST,MANGLAM INFRA & ENG LTD,L
MORARJEE,BZ,MORARJEE TEXTILES LIMITED,L
MPTODAY,SM,M P TODAY MEDIA LIMITED,L
MYMUDRA,ST,MY MUDRA FINCORP LIMITED,L
NAGREEKCAP,BE,NAGREEKA CAP & INFR.LTD,L
NAMAN,ST,NAMAN IN-STORE (INDIA) L,L
NAVKARURB,BE,NAVKAR URBANSTRUCTURE LTD,L
NEPHROCARE,SM,NEPHRO CARE INDIA LIMITED,L
NIBE,EQ,NIBE LIMITED,L
NITIRAJ,EQ,NITIRAJ ENGINEERS LTD,L
OBSCP,ST,OBSC PERFECTION LIMITED,L
OILCOUNTUB,EQ,OIL COUNTRY TUBULAR LTD,L
OMFURN,ST,OMFURN INDIA LIMITED,L
ONDOOR,ST,ON DOOR CONCEPTS LIMITED,L
ORCHPHARMA,EQ,ORCHID PHARMA LIMITED,L
ORIANA,SM,ORIANA POWER LIMITED,L
OSIAHYPER,EQ,OSIA HYPER RETAIL LIMITED,L
PANACHE,BE,PANACHE DIGILIFE LIMITED,L
PAR,BE,PAR DRUGS AND CHEM LTD,L
PARIN,ST,PARIN ENTERPRISES LIMITED,L
PELATRO,ST,PELATRO LIMITED,L
PERFECT,ST,PERFECT INFRAENGINEER LTD,L
PHOGLOBAL,ST,PHOENIX OVERSEAS LIMITED,L
PIGL,BE,POWER INSTRUMENT (G) LTD,L
PRAXIS,BE,PRAXIS HOME RETAIL LTD,L
PRITIKA,ST,PRITIKA ENG COMPO LTD,L
PRIZOR,ST,PRIZOR VIZTECH LIMITED,L
PULZ,SM,PULZ ELECTRONICS LIMITED,L
RADHIKAJWE,EQ,RADHIKA JEWELTECH LIMITED,L
RAJRILTD,BE,RAJ RAYON INDUSTRIES LTD,L
RAMANEWS,BE,SHREE RAMA NEWSPRINT LTD,L
RBMINFRA,ST,RBM INFRACON LIMITED,L
READYMIX,ST,READYMIX CONSTRU MACHI L,L
REXPIPES,SM,REX PIPES AND CABLES LTD,L
RKEC,EQ,RKEC PROJECTS LIMITED,L
RMDRIP,ST,R M DRIP & SPRINK SYS LTD,L
ROXHITECH,ST,ROX HI TECH LIMITED,L
RPPINFRA,BE,R.P.P INFRA PROJECTS LTD.,L
RRKABEL,EQ,R R KABEL LIMITED,L
RSSOFTWARE,BE,R. S. SOFTWARE (INDIA) LI,L
SABAR,ST,SABAR FLEX INDIA LIMITED,L
SADBHAV,BE,SADBHAV ENGINEERING LTD,L
SAHANA,ST,SAHANA SYSTEM LIMITED,L
SAIFL,ST,SAMEERA AGRO AND INFRA L,L
SANCO,BZ,SANCO INDUSTRIES LIMITED,L
SANWARIA,BZ,SANWARIA CONSUMER LIMITED,L
SATECH,ST,S A TECH SOFTWARE INDIA L,L
SATKARTAR,SM,SAT KARTAR SHOPPING LTD,L
SBGLP,BE,SURATWWALA BUS GROUP LTD,L
SDREAMS,ST,S D RETAIL LIMITED,L
SECL,ST,SALASAR EXTERIOR CONT LTD,L
SEJALLTD,EQ,SEJAL GLASS LIMITED,L
SEL,ST,SUNGARNER ENERGIES LTD,L
SFML,ST,SUPREME FACILITY MGMT LTD,L
SHAKTIPUMP,EQ,SHAKTI PUMPS (I) LTD,L
SHANTHALA,ST,SHANTHALA FMCG PRODUCTS L,L
SHANTI,EQ,SHANTI OVERSEAS INDIA LTD,L
SHRADHA,BE,SHRADHA INFRAPROJECTS LTD,L
SHUBHSHREE,ST,SHUBHSHREE BIOFUELS ENE L,L
SICALLOG,BE,SICAL LOGISTICS LIMITED,L
SIGNPOST,BE,SIGNPOST INDIA LIMITED,L
SITINET,BZ,SITI NETWORKS LIMITED,L
SIYSIL,EQ,SIYARAM SILK MILLS LTD,L
SLONE,ST,SLONE INFOSYSTEMS LIMITED,L
SOLARA,EQ,SOLARA ACTIVE PHA SCI LTD,L
SOLARAPP,E1,SOLAR ACT RS.3.50 PPD UP,L
SONAMAC,ST,SONA MACHINERY LIMITED,L
SONUINFRA,ST,SONU INFRATECH LIMITED,L
SPCL,ST,SHIVALIC POWER CONTROL L,L
SPRL,SM,SP REFRACTORIES LIMITED,L
SSFL,SM,SRIVARI SPICES N FOODS L,L
SUMIT,EQ,SUMIT WOODS LIMITED,L
SUPERSPIN,EQ,SUPER SPINNING MILLS LTD,L
SVLL,BE,SHREE VASU LOGISTICS LTD,L
SWELECTES,EQ,SWELECT ENERGY SYS LTD,L
TAC,ST,TAC INFOSEC LIMITED,L
TECHLABS,ST,TRIDENT TECHLABS LIMITED,L
TERASOFT,BE,TERA SOFTWARE LIMITED,L
TFL,BE,TRANSWARRANTY FIN. LTD.,L
TGL,ST,TEERTH GOPICON LIMITED,L
THESL,ST,THINKING HATS ENTER SOL L,L
TIJARIA,BE,TIJARIA POLYPIPES LTD,L
TIL,EQ,TIL LTD,L
TOUCHWOOD,BE,TOUCHWOOD ENTERTAIN LTD.,L
TTL,BE,T T LIMITED,L
UHTL,ST,UNITED HEAT TRANSFER LTD,L
UNITECH,BZ,UNITECH LIMITED,L
URBAN,SM,URBAN ENVIRO WASTE MGMT L,L
V2RETAIL,BE,V2 RETAIL LIMITED,L
VAKRANGEE,EQ,VAKRANGEE LIMITED,L
VARDMNPOLY,BE,VARDHMAN POLYTEX LTD.,L
VIPULLTD,BE,VIPUL LIMITED,L
VLEGOV,BE,VL E GOV AND IT SOL LTD,L
VLINFRA,ST,V.L.INFRAPROJECTS LIMITED,L
VMARCIND,ST,V MARC INDIA LIMITED,L
VSCL,ST,VADIVARHE SPCLTY CHEM LTD,L
WALCHANNAG,EQ,WALCHANDNAGAR INDUSTRIES,L
WALPAR,SM,WALPAR NUTRITIONS LIMITED,L
WEBELSOLAR,BE,WEBSOL ENERGY SYSTEM LTD,L
WEWIN,EQ,WE WIN LIMITED,L
WINDMACHIN,EQ,WINDSOR MACHINES LIMITED,L
WINSOME,BZ,WINSOME YARNS LIMITED,L
WIPL,BE,THE WESTERN INDIA PLY LTD,L
WOCKPHARMA,EQ,WOCKHARDT LIMITED,L
YAARI,BE,YAARI DIGI INT SER LTD,L
ZTECH,ST,Z-TECH (INDIA) LIMITED,L
