GAIN_LOSS,SECURITY,CLOSE_PRIC,PREV_CL_PR,PERCENT_CG
 ,Nifty 50 Sec., , , 
 , , , , 
G,SHRIRAM FINANCE LIMITED,       606.80,       574.25,5.67
G,BAJAJ FINSERV LTD.,      1925.55,      1875.10,2.69
G,BAJAJ FINANCE LIMITED,      8705.40,      8488.80,2.55
G,SUN PHARMACEUTICAL IND L,      1647.50,      1613.60,2.1
G,HINDALCO  INDUSTRIES  LTD,       631.95,       619.45,2.02
G,JSW STEEL LIMITED,       975.00,       958.75,1.69
G,NESTLE INDIA LIMITED,      2278.20,      2250.40,1.24
G,INDUSIND BANK LIMITED,      1046.70,      1034.25,1.2
G,TATA STEEL LIMITED,       138.69,       137.07,1.18
G,WIPRO LTD,       294.50,       291.30,1.1
G,HDFC BANK LTD,      1700.70,      1682.35,1.09
G,TITAN COMPANY LIMITED,      3223.10,      3198.80,.76
G,AXIS BANK LIMITED,      1016.70,      1009.10,.75
G,COAL INDIA LTD,       363.85,       361.15,.75
G,BHARTI AIRTEL LIMITED,      1650.40,      1641.40,.55
G,TATA CONSUMER PRODUCT LTD,      1008.00,      1004.85,.31
G,RELIANCE INDUSTRIES LTD,      1207.10,      1204.00,.26
G,POWER GRID CORP. LTD.,       256.25,       255.75,.2
 , , , , 
L,ULTRATECH CEMENT LIMITED,     10447.65,     10964.15,-4.71
L,TRENT LTD,      4805.30,      4959.90,-3.12
L,BAJAJ AUTO LIMITED,      8232.35,      8417.90,-2.2
L,TATA MOTORS LIMITED,       648.55,       661.60,-1.97
L,MAHINDRA & MAHINDRA LTD,      2726.55,      2777.85,-1.85
L,HERO MOTOCORP LIMITED,      3759.55,      3828.25,-1.79
L,GRASIM INDUSTRIES LTD,      2339.95,      2379.30,-1.65
L,BHARAT ELECTRONICS LTD,       252.45,       256.65,-1.64
L,CIPLA LTD,      1441.15,      1463.35,-1.52
L,BHARAT PETROLEUM CORP  LT,       244.75,       248.45,-1.49
L,EICHER MOTORS LTD,      4935.50,      4989.80,-1.09
L,APOLLO HOSPITALS ENTER. L,      6185.20,      6251.35,-1.06
L,KOTAK MAHINDRA BANK LTD,      1947.55,      1967.25,-1
L,STATE BANK OF INDIA,       703.90,       710.90,-0.98
L,NTPC LTD,       315.70,       318.70,-0.94
L,ADANI ENTERPRISES LIMITED,      2110.95,      2129.85,-0.89
L,OIL AND NATURAL GAS CORP.,       231.00,       233.00,-0.86
L,ITC LTD,       401.60,       404.85,-0.8
L,MARUTI SUZUKI INDIA LTD.,     12380.60,     12476.35,-0.77
L,HINDUSTAN UNILEVER LTD.,      2244.95,      2259.30,-0.64
L,HDFC LIFE INS CO LTD,       618.40,       622.15,-0.6
L,LARSEN & TOUBRO LTD.,      3209.50,      3225.90,-0.51
L,ASIAN PAINTS LIMITED,      2213.65,      2224.75,-0.5
L,TATA CONSULTANCY SERV LT,      3612.55,      3629.55,-0.47
L,HCL TECHNOLOGIES LTD,      1629.20,      1636.10,-0.42
L,TECH MAHINDRA LIMITED,      1588.25,      1593.95,-0.36
L,BRITANNIA INDUSTRIES LTD,      4782.80,      4798.05,-0.32
L,DR. REDDY S LABORATORIES,      1125.55,      1128.15,-0.23
L,INFOSYS LIMITED,      1764.30,      1767.70,-0.19
L,ICICI BANK LTD.,      1222.45,      1224.15,-0.14
 , , , , 
 ,Nifty Next 50 Sec., , , 
 , , , , 
G,CHOLAMANDALAM IN & FIN CO,      1438.65,      1367.80,5.18
G,BAJAJ HOLDINGS & INVS LTD,     12068.65,     11642.05,3.66
G,ZOMATO LIMITED,       229.04,       225.63,1.51
G,ICICI LOMBARD GIC LIMITED,      1701.20,      1687.75,0.8
G,INFO EDGE (I) LTD,      7381.25,      7323.65,0.79
G,JINDAL STEEL & POWER LTD,       862.00,       856.80,0.61
G,ZYDUS LIFESCIENCES LTD,       886.45,       882.95,0.4
G,SHREE CEMENT LIMITED,     28306.40,     28197.45,0.39
G,INTERGLOBE AVIATION LTD,      4443.40,      4427.45,0.36
G,ADANI TOTAL GAS LIMITED,       580.75,       579.05,0.29
G,AMBUJA CEMENTS LTD,       469.80,       469.25,0.12
 , , , , 
L,HAVELLS INDIA LIMITED,      1451.25,      1547.90,-6.24
L,VARUN BEVERAGES LIMITED,       448.30,       476.50,-5.92
L,BHEL,       187.44,       194.61,-3.68
L,ADANI GREEN ENERGY LTD,       811.75,       840.65,-3.44
L,SIEMENS LTD,      4686.65,      4837.75,-3.12
L,ABB INDIA LIMITED,      5144.70,      5301.80,-2.96
L,INDIAN RAILWAY FIN CORP L,       120.36,       123.26,-2.35
L,TATA POWER CO LTD,       343.30,       351.50,-2.33
L,INDIAN RAIL TOUR CORP LTD,       694.35,       710.35,-2.25
L,NHPC LTD,        74.31,        76.01,-2.24
L,DLF LIMITED,       642.40,       656.80,-2.19
L,SAMVRDHNA MTHRSN INTL LTD,       122.90,       125.64,-2.18
L,LIFE INSURA CORP OF INDIA,       741.10,       756.55,-2.04
L,JIO FIN SERVICES LTD,       221.70,       226.32,-2.04
L,DIVI S LABORATORIES LTD,      5615.80,      5726.40,-1.93
L,INDIAN OIL CORP LTD,       116.42,       118.65,-1.88
L,CANARA BANK,        83.46,        85.02,-1.83
L,JSW ENERGY LIMITED,       458.80,       467.25,-1.81
L,LTIMINDTREE LIMITED,      4878.60,      4963.20,-1.7
L,DABUR INDIA LTD,       503.25,       510.95,-1.51
L,TORRENT PHARMACEUTICALS L,      2987.00,      3031.05,-1.45
L,HINDUSTAN AERONAUTICS LTD,      3242.65,      3287.40,-1.36
L,REC LIMITED,       378.50,       383.60,-1.33
L,BOSCH LIMITED,     26822.15,     27164.55,-1.26
L,PUNJAB NATIONAL BANK,        91.96,        93.12,-1.25
L,ICICI PRU LIFE INS CO LTD,       559.75,       566.70,-1.23
L,ADANI ENERGY SOLUTION LTD,       661.70,       669.70,-1.19
L,VEDANTA LIMITED,       404.55,       409.25,-1.15
L,POWER FIN CORP LTD.,       378.10,       381.95,-1.01
L,UNION BANK OF INDIA,       115.13,       116.29,-1
 , , , , 
 ,OTHER SECURITIES, , , 
 , , , , 
G,MANGALAM ALLOYS LIMITED,        31.60,        27.40,15.33
G,VISAMAN GLOBAL SALES LTD,        40.95,        36.00,13.75
G,ASHIANA HOUSING LTD,       331.70,       293.00,13.21
G,CREDITACCESS GRAMEEN LTD,       971.45,       866.45,12.12
G,SE RE NCD 9.35% SR.V OP2,      1160.00,      1049.99,10.48
G,FRANTEMAMC - FICRF3GP,         2.15,         1.96,9.69
G,AJOONI BIOTECH LIMITED,         7.49,         6.83,9.66
G,SEC RE NCD 10.15% SR.VII,       930.00,       850.30,9.37
G,RELIANCE CHEMOTEX IND LTD,       175.03,       160.49,9.06
G,JUSTDIAL LTD.,       892.45,       821.60,8.62
G,SEC RE NCD SR.VI,      1143.00,      1053.00,8.55
G,M.V.K. AGRO FOOD PROD LTD,        39.45,        36.60,7.79
G,SUPREME HOLDIN N HOSP I L,        96.84,        90.25,7.3
G,SHARP CHUCKS N MACHINES L,       107.90,       100.95,6.88
G,SBC EXPORTS LIMITED,        20.50,        19.21,6.72
G,AETHER INDUSTRIES LIMITED,       817.75,       769.60,6.26
G,JASH ENGINEERING LIMITED,       556.20,       523.75,6.2
G,AU SMALL FINANCE BANK LTD,       556.70,       524.25,6.19
G,BEDMUTHA INDUST LTD,       151.02,       142.55,5.94
G,PARAMOUNT DYE TEC LIMITED,        62.90,        59.50,5.71
G,MACOBS TECHNOLOGIES LTD,       167.50,       158.45,5.71
G,EMUDHRA LIMITED,       820.75,       778.35,5.45
G,SEC RE NCD 10.25% SR XII,       980.00,       933.01,5.04
G,LAMOSAIC INDIA LIMITED,        52.50,        50.00,5
G,M P TODAY MEDIA LIMITED,        31.50,        30.00,5
G,DIGIKORE STUDIOS LIMITED,       224.95,       214.25,4.99
G,BRACE PORT LOGISTICS LTD,        90.50,        86.20,4.99
G,IDENTICAL BRAINS STUDIO L,        52.70,        50.20,4.98
G,GP ECO SOLUTIONS INDIA L,       283.40,       270.00,4.96
G,JAKHARIA FABRIC LIMITED,        77.30,        73.65,4.96
 , , , , 
L,KEI INDUSTRIES LTD.,      2999.05,      3797.85,-21.03
L,MEDICO REMEDIES LIMITED,        50.54,        63.18,-20.01
L,R R KABEL LIMITED,       890.55,      1110.50,-19.81
L,SWELECT ENERGY SYS LTD,       510.10,       629.35,-18.95
L,POLYCAB INDIA LIMITED,      4679.55,      5765.60,-18.84
L,CENTURY ENKA LTD,       533.10,       597.10,-10.72
L,OMAX AUTOS LTD,        85.28,        95.13,-10.35
L,GUJ NAR VAL FER & CHEM L,       489.40,       543.90,-10.02
L,SUNLITE RECYCLING IND LTD,       120.35,       133.45,-9.82
L,AION-TECH SOLUTIONS LTD,        64.28,        71.22,-9.74
L,BAHETI RECYCLING IND LTD,       419.55,       464.70,-9.72
L,TEXMACO INFRA & HOLDG LTD,       101.68,       112.59,-9.69
L,SUPER SPINNING MILLS LTD,        10.87,        11.97,-9.19
L,NITIRAJ ENGINEERS LTD,       285.35,       314.20,-9.18
L,KEN ENTERPRISES LIMITED,        54.30,        59.70,-9.05
L,JNK INDIA LIMITED,       305.35,       335.40,-8.96
L,AATMAJ HEALTHCARE LIMITED,        16.85,        18.50,-8.92
L,GENESYS INTL CORPN LTD,       704.30,       773.10,-8.9
L,FORGE AUTO INTERNATION L,        79.35,        87.00,-8.79
L,VIJAYA DIAGNOSTIC CEN LTD,       968.75,      1061.95,-8.78
L,ENVIRO INFRA ENGINEERS L,       201.85,       221.20,-8.75
L,P. E. ANALYTICS LIMITED,       216.00,       236.45,-8.65
L,MANAK ALUMINIUM CO. LTD.,        20.82,        22.76,-8.52
L,PRECISION CAMSHAFTS LTD.,       182.75,       199.70,-8.49
L,FAIRCHEM ORGANICS LIMITED,       889.70,       969.70,-8.25
L,BIOFIL CHEM & PHARMA LTD,        45.95,        49.97,-8.04
L,CAPITAL TRUST LIMITED,        84.20,        91.55,-8.03
L,WE WIN LIMITED,        49.50,        53.81,-8.01
L,ARCHIDPLY IND. LTD,        84.57,        91.93,-8.01
L,JINDAL DRILLING IND. LTD,       803.85,       873.60,-7.98
