SECURITY,NEW,PREVIOUS,NEW_STATUS
GOI TBILL 91D-17/04/25,99.09,99.06,H
TAX FREE7.60% SR.IIB,1164.77,1163,H
SEC RE NCD 9.9% SR IV,1048.1,1032,H
TCPL PACKAGING LIMITED,4320,4225,H
2.5%GOLDBONDS2029SR-II,8815,8750,H
GOI TBILL 91D-28/03/25,99.42,99.36,H
GOI TBILL 91D-24/04/25,98.98,98.94,H
HEXAWARE TECHNOLOGIES LTD,847,840.5,H
HDFC GOLD ETF,77.3,77.05,H
ZERODHAAMC - GOLDCASE,14.2,13.97,H
SEC RED NCD SR. VII,1970,1950,H
GOI TBILL 364D-27/11/25,95.24,95.13,H
GOI TBILL 91D-03/04/25,99.33,99.2,H
SEC RE NCD SR.VI,1143,1076,H
MODERN THREADS INDIA LTD,44.65,42.63,H
CHAMBAL FERTILIZERS LTD,579,574.35,H
2.50% GOLDBONDS2025SR-III,8800,8799,H
2.50%GOLDBONDS2031SR-III,8888,8785,H
SEC RE NCD SR III,1113.56,1110,H
BLUE COAST HOTELS LIMITED,43.11,42.27,H
GOI TBILL 364D-05/06/25,98.07,97.87,H
ONECLICK LOGISTICS IND L,145.5,145,H
JALAN TRANSOLU. INDIA LTD,13.7,13.45,H
NORBEN TEA &EXPORTS LTD,45.32,44.44,H
SEC RE NCD 0% SR.VII,1060,1055,H
KARNIKA INDUSTRIES LTD,618,595,H
FRANTEMAMC - FICRF3GP,2.15,1.96,H
GOI TBILL 364D-06/03/25,99.8,99.73,H
GOI TBILL 364D-07/08/25,96.75,96.36,H
SDL GJ 7.4% 2027,101,99.22,H
GOI TBILL 364D-18/07/25,97.28,96.89,H
UNIONAMC - UNIONGOLD,88.4,86.3,H
NGL FINE CHEM LIMITED,1144.85,1115,H
ANDHRA PAPER LIMITED,74.8,75.28,L
HERANBA INDUSTRIES LTD,238.2,242.35,L
SHRENIK LIMITED,0.65,0.66,L
RAJSHREE POLYPACK LTD,25.5,26.11,L
VAIDYA SANE AYUR LAB LTD,101.4,103.5,L
STANLEY LIFESTYLES LTD,266,274.6,L
MITCON CON RS.2.50 PPD UP,26.12,27.21,L
AKUMS DRUGS AND PHARMA L,470.15,483,L
RESTAURANT BRAND ASIA LTD,65.13,66.15,L
SADHAV SHIPPING LIMITED,109.05,109.2,L
SAMMAAN CAPITAL LIMITED,111.5,113,L
SANCO INDUSTRIES LIMITED,2.75,2.8,L
SARASWATI SAREE DEPOT LTD,100.92,101.45,L
UNICOMMERCE ESOLUTIONS L,108,112.62,L
TRANSWORLD SHIP LINES LTD,248.25,252.9,L
PERFECT INFRAENGINEER LTD,11.65,12.25,L
CMM INFRAPROJECTS LIMITED,2.3,2.4,L
CONS. CONST. CONSORT LTD,14.25,14.99,L
GLOBESECURE TECHNO LTD,23.25,23.7,L
HARDWYN INDIA LIMITED,13.03,13.26,L
ADITYA BIRLA REAL EST LTD,1770,1798.25,L
SEC RE NCD 8.30% SR 3,900,940.1,L
PROTEAN EGOV TECHNO LTD,1278,1291.35,L
QUALITY POWER ELEC EQUP L,370.5,382.5,L
SHEELA FOAM LIMITED,715,716,L
SUBEX LTD,13.95,14.55,L
MIRAEAMC - EVINDIA,26.2,26.52,L
SEMAC CONSULTANTS LIMITED,377.15,1915,L
CYIENT DLM LIMITED,399.7,402.5,L
ICICIPRAMC - ICICIALPLV,24.89,25.06,L
INDIAN PHOSPHATE LIMITED,54.85,56,L
SYLVAN PLYBOARD (INDIA) L,67.5,69,L
TECHERA ENGINEER (IND) L,150.75,153.8,L
WOL 3D INDIA LIMITED,108,108.3,L
ORIENT CERATECH LIMITED,34.95,35.05,L
AGS TRANSACT TECH LTD,21.03,22.14,L
AKI INDIA LIMITED,9.13,9.32,L
IREDA 8.80NCDTR I SR II B,1101,1135,L
NTPC GREEN ENERGY LIMITED,92.6,96.2,L
KNOWLEDGE MARINE & EN W L,1511.25,1616,L
S D RETAIL LIMITED,104.25,105.5,L
READYMIX CONSTRU MACHI L,76.95,77.6,L
P S RAJ STEELS LIMITED,140,145,L
LAKSHYA POWERTECH LIMITED,186.65,193,L
NANDAN DENIM LIMITED,3.37,3.46,L
SALASAR TECHNO ENGG. LTD.,9.29,9.78,L
SHANTI OVERSEAS INDIA LTD,10.25,10.41,L
DELHIVERY LIMITED,252.05,260.45,L
ELIN ELECTRONICS LIMITED,115.98,116,L
SICAL LOGISTICS LIMITED,94.96,96.31,L
MEDICAMEN ORGANICS LTD,33.35,34.8,L
MOTISONS JEWELLERS LTD,18.15,18.57,L
SAI SILKS (KALAMANDIR) L,142,143.92,L
POPULAR VEHICLES N SER L,113.1,117.02,L
DECCAN TRANSCON LEASING L,55,55.8,L
DEEM ROLL TECH LIMITED,62.05,65,L
SAHAJ FASHIONS LIMITED,9.15,11,L
TOLINS TYRES LIMITED,121.3,124.24,L
VRAJ IRON AND STEEL LTD,156.5,156.79,L
WESTERN CARRIERS (IND) L,88.1,88.91,L
NAMAN IN-STORE (INDIA) L,82.2,82.45,L
MOTILALAMC - MOMENTUM50,45.9,45.95,L
OLA ELECTRIC MOBILITY LTD,56.37,58.58,L
ARVIND PORT AND INFRA LTD,52.25,55,L
ADDICTIVE LEARNING TECH L,188.45,196.75,L
UNILEX COLOURS AND CHEM L,60.55,62.95,L
ROSSELL TECHSYS LIMITED,266.25,274.05,L
INDEF MANUFACTURING LTD,228.9,240.95,L
DIVYADHAN RECYCLING IND L,51.75,52.5,L
KATARIA INDUSTRIES LTD,104.85,107.05,L
INTERNATIO GEMM INS (I) L,394.75,396.7,L
KBC GLOBAL LIMITED,1.15,1.18,L
ORIENTAL CARBN & CHEM LTD,170.02,173,L
KAMDHENU LIMITED,30.1,30.91,L
RAJNANDINI METAL LIMITED,5.73,5.81,L
SIGMA SOLVE LIMITED,259,265.85,L
SIGNORIA CREATION LIMITED,81,83,L
AATMAJ HEALTHCARE LIMITED,16,16.95,L
BIKEWO GREEN TECH LIMITED,18.1,18.5,L
DEEPAK BUILDERS & ENG I L,137.37,139.1,L
SUNLITE RECYCLING IND LTD,118.5,121.5,L
SURAKSHA DIAGNOSTIC LTD,277,279,L
ZENITH DRUGS LIMITED,67,69,L
AARTECH SOLONICS LIMITED,59.2,60.06,L
REDTAPE LIMITED,149.1,150.55,L
KONSTELEC ENGINEERS LTD,81,84.4,L
LAXMI DENTAL LIMITED,325.5,343.75,L
ANUH PHARMA LIMITED,157.8,158.01,L
DAM CAPITAL ADVISORS LTD,219.45,224,L
ONE MOBIKWIK SYSTEMS LTD,288.4,293.45,L
REVATHI EQUIPMENT INDIA L,1080,1117.6,L
BEST AGROLIFE LIMITED,263.6,267.1,L
SADHANA NITROCHEM LIMITED,24.77,25,L
CHAMUNDA ELECTRICAL LTD,47.25,50.25,L
SANGINITA CHEMICALS LTD,11,11.22,L
SECUREKLOUD TECH LIMITED,22.36,22.75,L
PAISALO DIGITAL LIMITED,36.6,38,L
VAKRANGEE LIMITED,13.42,14.05,L
STAR HEALTH & AL INS CO L,355.1,362.05,L
DREAMFOLKS SERVICES LTD,256.35,262.05,L
ACCENT MICROCELL LIMITED,222,224,L
RUBFILA INTERNATIONAL LTD,67.02,68.75,L
CELLO WORLD LIMITED,557.9,575.9,L
CIE AUTOMOTIVE INDIA LTD,388,397.05,L
DAVANGERE SUGAR COMPANY L,4.93,4.98,L
SONA MACHINERY LIMITED,90.25,93.65,L
PALRED TECHNOLOGIES LTD,55.5,55.81,L
VADIVARHE SPCLTY CHEM LTD,26.5,27.9,L
RAGHAV PRODUCTIVITY ENH L,484.05,499.55,L
OCCL LIMITED,68.61,73.22,L
HMA AGRO INDUSTRIES LTD,32.02,32.32,L
ENERGY MISSION MACH IND L,208.65,216.85,L
SVP GLOBAL TEXTILES LTD,3.31,3.38,L
SHANKAR LAL RAMPAL LTD,60.05,61,L
URJA GLOBAL LIMITED,11.48,11.72,L
INDIAN CARD,246.5,251,L
ENVIRO INFRA ENGINEERS L,196.5,205.05,L
ATLAS CYCLE (HARYANA) LTD,104.28,106.41,L
FILATEX FASHIONS LIMITED,0.49,0.5,L
ANKIT MET & POW LTD,2.16,2.21,L
RACL GEARTECH LIMITED,684,692.1,L
ALIVUS LIFE SCIENCES LTD,891.6,924.75,L
APEX ECOTECH LIMITED,110,111.2,L
ODIGMA CONSULTANCY SOL L,38.97,39.77,L
SURATWWALA BUS GROUP LTD,41.73,43.93,L
SPANDANA SPHOORTY FIN LTD,265,272.6,L
STERLITE TECHNOLOGIES LTD,86.92,90.43,L
TRACXN TECHNOLOGIES LTD,57.72,58,L
DHAMPUR BIO ORGANICS LTD,63.61,64.4,L
EFFWA INFRA & RESEARCH L,171.25,173,L
SULA VINEYARDS LIMITED,260,272.65,L
MANGALAM ALLOYS LIMITED,26.75,27,L
MOTILALAMC - MOREALTY,80.7,80.76,L
RISHABH INSTRUMENTS LTD,213,217,L
BAWEJA STUDIOS LIMITED,61,62,L
VALIANT LABORATORIES LTD,85.82,90.35,L
VERTOZ LIMITED,8.76,9,L
WELSPUN LIVING LIMITED,111.6,113.88,L
BEACON TRUSTEESHIP LTD,70,70.05,L
COMPUAGE INFOCOM LTD,2.1,2.22,L
R R KABEL LIMITED,888.4,1099.55,L
RASHI PERIPHERALS LIMITED,265,276.25,L
VERITAAS ADVERTISING LTD,72.55,73.9,L
KALAHRIDHAAN TRENDZ LTD,12.7,13.35,L
BASILIC FLY STUDIO LTD,285.1,290.35,L
ANMOL INDIA LIMITED,16.47,16.9,L
ECOS (INDIA) MOB & HOSP L,173.64,175.35,L
MOSCHIP TECHNOLOGIES LTD,156,161.05,L
STALLION IND FLUOROCHEM L,64,66.5,L
JIWANRAM SHEODUTTRA IND L,8.5,8.65,L
K2 INFRAGEN LIMITED,109.5,111.7,L
ROYAL ARC ELECTRODES LTD,114.25,119.5,L
ESCONET TECHNOLOGIES LTD,199.35,203.3,L
SENCO GOLD LIMITED,295.75,296.6,L
SUKHJIT STARCH & CHEM LTD,196.1,198.05,L
MASON INFRATECH LIMITED,85,88,L
YATRA ONLINE LIMITED,72.02,75.61,L
PVR INOX LIMITED,901.15,967,L
CRAYONS ADVERTISING LTD,56.55,63.65,L
THINKING HATS ENTER SOL L,30.4,32,L
JNK INDIA LIMITED,302.5,321,L
TBI CORN LIMITED,118,128,L
LORENZINI APPARELS LTD,11.76,12.34,L
KAMDHENU VENTURES LIMITED,11.3,11.39,L
LMW LIMITED,13771.6,13876.6,L
NAVKAR URBANSTRUCTURE LTD,15.68,16.14,L
CONCORD ENVIRO SYSTEMS L,415,424.05,L
USHA FINANCIAL SERVICES L,82.5,87.25,L
VENTIVE HOSPITALITY LTD,565.25,579.15,L
EDELAMC - EMULTIMQ,36.02,36.58,L
SALASAR EXTERIOR CONT LTD,12.5,13.15,L
KORE DIGITAL LIMITED,398.9,407,L
SAHASRA ELECTRONIC SOLU L,335.5,340.55,L
ABHA POWER N STEEL LTD,33.6,34.95,L
DMCC SPECIALITY CHEMICALS,294.1,299.9,L
PAR DRUGS AND CHEM LTD,110.15,115.79,L
GUJARAT THEMIS BIOSYN LTD,231.12,240.14,L
HLE GLASCOAT LIMITED,251.5,252.15,L
GO FASHION INDIA LTD,718.2,744.4,L
CLEAN SCIENCE & TECH LTD,1220,1227.1,L
SHIPPING CORP OF ILA LTD,46.8,48.15,L
SANSTAR LIMITED,89.1,91.21,L
ICICIPRAMC - ICICIFMCG,54.62,54.8,L
VINTAGE COFFEE N BVRGS L,86.14,88,L
VIPUL LIMITED,11.62,12.13,L
DELPHI WORLD MONEY LTD,157.02,160.23,L
NOIDA TOLL BRIDGE CO LTD,4.15,4.24,L
KOTAKMAMC - KOTAKALPHA,41.68,41.75,L
ART NIRMAN LIMITED,43.04,45,L
U. Y. FINCORP LIMITED,18.88,19.56,L
SANATHAN TEXTILES LIMITED,305.5,307,L
UNIMECH AEROSPACE N MFG L,922.1,966.1,L
KITEX GARMENTS LTD,169.61,172.2,L
C2C ADVANCED SYSTEMS LTD,396.75,417.6,L
ORBIT EXPORTS LIMITED,148.8,151.74,L
OSEL DEVICES LIMITED,221.4,225.9,L
SOLEX ENERGY LIMITED,785,789.3,L
PRATHAM EPC PROJECTS LTD,189.15,193,L
UNIONAMC - UNIONGOLD,84.3,84.9,L

