SYMBOL,SYMBOL P/E,ADJUSTED P/E
KAUSHALYA,2.77,2.77
JYOTHYLAB,32.77,32.77
HITECHCORP,22.04,22.97
TARIL,78.02,78.02
MANAKSIA,7.44,5.72
BIRLAMONEY,11,11
CORDSCABLE,17.58,17.58
HERCULES,23.59,23.59
SEPC,103.36,62.77
IRB,4.16,29.34
GSS,21.29,21.29
RECLTD,6.45,6.45
NESCO,16.19,16.19
TITAGARH,34.14,33.96
DIGISPICE,26.25,49.1
GOKUL,46.13,46.13
ALMONDZ,52.3,52.3
VINYLINDIA,19.32,19.32
ZFCVINDIA,47.66,47.66
JOCIL,62.61,62.61
TPHQ,22.87,22.87
MAWANASUG,3.47,8.49
MHRIL,44.33,44.33
VINATIORGA,41.5,41.5
GLOBUSSPR,143.79,143.79
EXPLEOSOL,15.96,15.96
SUNTECK,27.52,27.52
DLINKINDIA,13.73,13.73
HINDCOPPER,52.23,52.23
NESTLEIND,66.15,69.17
UNITEDTEA,10.77,10.77
THANGAMAYL,50.14,50.14
KSL,18.97,18.97
MANAPPURAM,8.8,8.8
HMVL,14.31,14.31
AHLEAST,8.66,8.66
PRAKASHSTL,3.56,97.04
DEEPAKNTR,35.04,38.12
GREENPOWER,60.02,58.5
BEDMUTHA,15.59,15.59
JWL,33.49,33.49
SHAH,6.99,38.81
RESPONIND,27.95,27.95
PENIND,20.55,20.55
KIRLOSENG,17.69,18.58
SHEKHAWATI,.58,6.14
TEXRAIL,27.25,27.25
SYMPHONY,42.79,32.69
VSTTILLERS,25.87,25.95
ASHIANA,192.76,146.15
LTF,13.01,13.01
BROOKS,153.47,153.47
VASWANI,13.59,13.59
PANAMAPET,10.45,10.45
SHAKTIPUMP,27.29,27.29
ESSARSHPNG,.9,59.02
JISLDVREQS,1.64,1.64
POLYMED,70.85,70.85
APLAPOLLO,64.07,64.07
MINDACORP,45.5,45.5
IRFC,24.64,24.64
COMPUSOFT,194.36,194.36
RHIM,,29.99
NBCC,41.2,36.45
TBZ,16.65,16.65
SWANENERGY,14.18,14.18
RTNINDIA,17.04,17.04
THEJO,38.84,38.84
KITEX,28.8,28.8
ROSSELLIND,10.14,10.08
TVSHLTD,7.39,7.39
VETO,11.52,11.52
PCJEWELLER,17.31,17.31
INDUSTOWER,8.74,8.74
JUSTDIAL,12.88,12.88
ATULAUTO,74.69,74.69
ESSENTIA,28.21,28.21
PILITA,66.13,66.13
MITCON,12.14,12.14
AGRITECH,177.5,177.5
SDBL,22.45,22.45
AGARIND,11.34,11.34
GULFOILLUB,15.45,15.45
INTELLECT,36.92,36.95
APOLSINHOT,47.83,47.83
MOLDTKPAC,26.34,26.34
GANECOS,34.76,34.76
MANAKCOAT,41.06,43.48
IMAGICAA,51.83,46.48
BYKE,59.14,59.14
PRIVISCL,38.46,38.46
NILAINFRA,17.94,17.94
ADANIENSOL,136.51,35.95
PKTEA,28.94,28.94
POWERMECH,20.04,20.01
GUJGASLTD,21.44,22.21
PERFECT,26.11,26.11
BALAXI,11.31,11.75
UMANGDAIRY,27.96,27.96
KRIDHANINF,1.14,138.69
OCCL,9,9
VIDHIING,53.7,53.7
KELLTONTEC,14.24,14.24
PDMJEPAPER,9.08,9.08
HECPROJECT,27.02,27.02
WEALTH,19.72,19.3
SAGARDEEP,48.91,48.91
UNITEDPOLY,26.29,26.29
ALBERTDAVD,12.33,12.33
NAGAFERT,.18,.18
CONTROLPR,20.95,20.95
DAMODARIND,19.92,19.92
KAYNES,105.72,105.72
NGLFINE,20.91,20.91
SABAR,4.05,4.05
FIDEL,24.05,24.05
AXITA,47.5,50.67
PLAZACABLE,155.29,155.29
SENCO,38.54,38.54
USASEEDS,17.81,17.81
TRU,14.02,14.02
RADHIKAJWE,19.84,19.84
SPLPETRO,25.49,25.49
RAMRAT,33.46,33.46
CSLFINANCE,8.5,8.5
AGNI,111.63,111.63
GOYALALUM,64.58,64.58
RUSTOMJEE,39.61,39.61
GENSOL,28.44,28.41
DBOL,47.74,40.17
KANDARP,58.06,58.06
SPORTKING,10.24,10.24
AIIL,6.35,6.35
MANORAMA,79.37,79.37
ISHAN,34.18,32.11
ARABIAN,9.91,9.91
INNOVACAP,34.89,34.89
GRMOVER,22.27,22.27
SYNCOMF,39.67,39.67
SULA,32.84,32.84
SIGNATURE,189.27,189.27
ANNAPURNA,34.58,34.58
KRITINUT,11.97,11.97
MEGAFLEX,39.38,39.38
KALAMANDIR,22.8,22.8
RAMAPHO,28.72,28.72
AVALON,99.7,99.7
CONCORDBIO,51.91,51.91
GODIGIT,76.92,76.92
GRCL,122.76,122.76
BAIDFIN,12.42,12.42
QUICKTOUCH,7.78,7.78
AMIABLE,10.33,10.33
KAMOPAINTS,41.48,41.48
DOLLEX,20.79,20.79
BLUEJET,58.94,58.94
MVGJL,11.15,11.15
SCPL,16.8,16.8
SUKHJITS,12.73,12.73
FROG,32.46,32.46
MANKIND,47.12,47.12
SKYGOLD,45.46,45.46
SATINDLTD,13.76,13.74
DIVGIITTS,52.97,52.97
PRITIKA,76.46,76.46
USK,18.12,18.12
ANLON,35.09,35.09
MOTISONS,44.17,44.59
CMNL,32.73,32.15
DIACABS,121.41,128.29
IKIO,37.69,37.69
MANOMAY,15.62,15.62
FAZE3Q,25.89,25.89
UMA,27.64,27.64
LLOYDSME,38.57,38.57
AARTIPHARM,28.26,28.26
RHL,45.32,45.32
SAHYADRI,13.97,13.97
SAHANA,43.6,43.6
NINSYS,36.34,36.34
DUCOL,31.54,31.54
SBFC,29.21,29.21
SBGLP,75.51,75.51
ASMS,165.57,190.5
HYBRIDFIN,9.89,9.25
SHERA,36.27,36.27
VIAZ,30.11,30.11
INDGN,31.98,32.16
ZAGGLE,63.65,63.65
GANDHAR,17.26,17.26
MCON,44.49,44.49
HONASA,92.39,92.39
RISHABH,48.97,48.97
IRMENERGY,20.67,20.67
SAH,275.89,275.89
QFIL,14,14
CYIENTDLM,54.65,54.65
AGUL,13.31,13.31
MASTER,32.49,32.49
YCCL,104.06,104.06
RPTECH,9.01,9.42
RATNAVEER,17.82,17.82
PATTECH,33.32,33.32
AUROIMPEX,13.63,13.63
ATAM,16.7,16.7
CRAYONS,10.17,10.17
INFOLLION,35.25,35.25
URBAN,17.51,17.51
AARTECH,40.38,40.38
KRISHCA,24.23,24.23
DOLPHIN,22.11,22.45
REMUS,31.78,31.78
NOVAAGRI,15.75,15.75
REDTAPE,51.83,51.83
PENTAGON,17.95,17.95
SEL,54.03,54.03
TRIDHYA,9.18,9.18
PROV,52.85,52.85
NETWEB,87.41,87.41
PYRAMID,22.4,22.4
EMSLIMITED,19.22,19.22
EFACTOR,17.15,17.15
VPRPL,19.19,19.19
UDS,19.36,19.36
DENTALKART,57.24,57.24
SYNOPTICS,14.19,14.19
SSFL,28.12,28.12
ATL,21.09,19.97
BALUFORGE,33.24,33.24
JSWINFRA,40.3,40.3
SANGANI,27.38,27.38
JLHL,49.29,49.73
NUVAMA,22.07,22.07
DRONE,44.44,44.44
SERVICE,37.75,37.75
KEL,40.51,40.51
NIITMTS,24.29,23.49
VINSYS,19.88,19.88
ARVINDPORT,14.97,14.97
MARINETRAN,61.38,61.38
SINDHUTRAD,30.06,30.05
UNIHEALTH,19.28,19.28
ORIANA,28.43,28.43
ASKAUTOLTD,35.68,35.68
ONDOOR,13.37,13.28
TRANSTEEL,17.99,17.91
VLEGOV,,539.5
PLADAINFO,7.55,7.55
RBZJEWEL,25.39,25.39
KARNIKA,45.93,45.93
AKANKSHA,221.36,221.36
SAAKSHI,30.94,30.94
HIGREEN,57.41,57.41
PLATIND,27.66,27.66
FLAIR,18.68,18.68
MUTHOOTMF,7.67,7.67
JIOFIN,121.56,121.56
MADHUSUDAN,18.19,18.19
GOYALSALT,18.59,18.59
WOMANCART,38.14,38.14
RCDL,31.28,31.28
BLSE,29.03,29.03
SHANTHALA,33.24,33.24
TREL,4.07,26.45
MARCO,25.34,25.34
DIAMINESQ,97.64,97.64
VISHNUINFR,19.5,19.5
KONTOR,39.13,39.13
RKSWAMY,34.74,34.74
MICROPRO,10.46,10.46
EPACK,78.47,78.47
HAPPYFORGE,30.17,30.17
IBLFL,55.94,55.94
INDIASHLTR,21.62,21.62
CELLO,35.03,35.03
CANARYS,16.54,16.54
DIGIDRIVE,18.97,18.97
DOMS,73.86,73.86
MAITREYA,43.74,43.74
DIGIKORE,22.19,22.19
LANCORHOL,25.2,25.2
AMNPLST,29.18,29.18
POLYSIL,8.58,8.58
SARTELE,37.42,37.42
VINYAS,119.64,119.64
SAIFL,9.12,9.12
JNKINDIA,55.66,55.66
PARAGON,15.03,15.03
INOXINDIA,40.14,41.24
GRAPHISAD,14.62,14.17
SHEETAL,33.91,33.91
ROXHITECH,7.36,7.36
JYOTICNC,62.79,61.4
BAJEL,114.88,93.81
DEEM,9.14,9.14
APS,49.73,49.73
ENTERO,57.48,57.48
TECHLABS,87.25,87.25
SIGNPOST,26.13,26.13
ROCKINGDCE,40.21,40.21
BABAFP,15.56,15.56
SHREEOSFM,16.05,16.05
MEGATHERM,24.12,24.12
OWAIS,35.45,35.45
KLL,14.8,14.8
ZENITHDRUG,12.29,12.44
SJLOGISTIC,20.64,20.64
PURVFLEXI,24.03,24.03
KTL,5.47,5.47
SRM,20.44,20.44
AZAD,104.51,104.51
KONSTELEC,13.21,13.21
JUNIPER,89.93,89.93
KRYSTAL,10.32,10.32
VSTL,24.82,24.82
FONEBOX,29.67,29.67
INM,23.65,23.47
ITALIANE,15.97,15.97
SUPREMEPWR,21.02,21.02
KCEIL,29.9,29.9
MAXESTATES,862.19,862.26
CGRAPHICS,30.57,30.57
ACCENTMIC,14.71,14.71
COMSYN,24.4,24.4
LAWSIKHO,32.23,32.23
SADHAV,17.33,17.33
GOPAL,43.14,43.14
DAVANGERE,34.79,34.79
MAXPOSURE,32.55,32.55
ALPEXSOLAR,35.48,38.9
VHLTD,18.32,18.49
SONAMAC,12.76,12.76
SIGNORIA,13.01,13.01
TCL,17.32,17.32
ENSER,25.7,25.7
DELAPLEX,14.08,14.08
RULKA,16.15,16.15
NAMAN,13.58,13.57
SINCLAIR,28.64,28.64
SHREEKARNI,25.26,25.26
BLUEPEBBLE,20.11,20.11
DCG,34.35,34.35
AWFIS,81.45,142.74
RADIOWALLA,1.75,1.57
RBS,15.65,15.65
ASPIRE,5.94,5.94
ESCONET,54.25,54.25
MVKAGRO,6.99,6.99
ENFUSE,87.56,87.56
AVPINFRA,20.28,20.28
SILKFLEX,12.12,12.12
VISHWAS,22.45,22.45
TGL,24.49,24.49
TAC,127,127
EMMIL,20.25,20.47
YASHOPTICS,22.12,22.12
ALUWIND,25.97,26
PRLIND,17,17.25
IEML,26.52,26.52
ABSMARINE,38.21,38.21
VERITAAS,11.93,11.93
WINSOL,47.44,47.44
HOACFOODS,87.65,87.65
POKARNA,24.1,24.1
GROBTEA,6.84,6.84
LLOYDSENGG,66.01,66.01
LTIM,32.15,32.15
GATECH,18.37,18.37
MINDTECK,22.66,21.51
SPAL,19.39,19.39
MBAPL,58.84,58.84
LTTS,38.66,38.66
CROWN,10.98,34.93
ICICIPRULI,84.1,84.1
JAIPURKURT,13.29,13.29
SAKAR,36.79,36.66
PANSARI,78.88,78.88
ARTNIRMAN,78.72,78.72
GICL,78.83,78.83
VBL,61.14,61.14
AGROPHOS,949.8,949.8
JETFREIGHT,10.17,10.17
TCIEXP,26.16,26.16
TERASOFT,28.75,28.66
LIBAS,5.7,5.7
MAHESHWARI,12.33,12.33
BHANDARI,19.83,19.83
MCL,16.36,16.36
PRICOLLTD,29.19,29.19
STEELCITY,8.71,8.71
KRISHANA,20.07,20.07
GLOBAL,10.12,10.12
NITIRAJ,26.18,26.18
SANGINITA,350.26,350.26
AKASH,28.96,28.96
RADIOCITY,47.21,47.21
INTENTECH,14.23,14.23
NRAIL,11.89,11.89
FOCUS,23.02,23.02
ASLIND,,1844.68
SIKKO,29.31,29.31
MKPL,22.99,22.99
PANACHE,115.51,49.75
PSPPROJECT,36.85,36.85
TEJASNET,20.13,20.13
ACEINTEG,43.56,43.56
DYNPRO,22.71,22.71
THEINVEST,24.96,24.96
SIS,23.11,23.11
VAISHALI,367.01,367.01
GEEKAYWIRE,11.14,11.14
SERVOTECH,96.54,96.54
PASHUPATI,178.66,178.66
BRNL,2.82,2.82
MATRIMONY,24.08,24.08
CHOLAHLDNG,6.55,6.55
MPTODAY,5.1,5.12
AARVI,15.88,15.88
DIAMONDYD,,181.86
RKEC,7.63,7.63
GATECHDVR,3.85,3.85
GOLDSTAR,78.62,78.62
TIRUPATIFL,46.11,46.11
OMFURN,30.51,30.51
MILTON,117.07,117.07
MASFIN,14.11,14.11
DPABHUSHAN,32.75,32.75
NAM-INDIA,25.63,25.63
KHADIM,108.96,108.96
VERTOZ,31.93,31.93
PULZ,12.95,12.95
SILVERTUC,43.43,43.43
ICEMAKE,41.66,41.66
SHRADHA,13.75,13.75
SHALBY,72.22,72.22
ONEPOINT,43.23,43.23
AJOONI,43.12,43.12
BCONCEPTS,72.37,72.37
SILLYMONKS,42.76,42.76
NEWGEN,43.55,43.55
SOLEX,41.27,41.27
MHHL,10.89,10.89
SOUTHWEST,34.9,36.76
GMMPFAUDLR,44.98,44.98
HINDCON,38.46,38.46
SARVESHWAR,28.61,28.61
MACPOWER,31.14,31.14
TARACHAND,20.22,20.22
BANDHANBNK,8.78,8.78
URAVIDEF,276.22,276.22
MITTAL,37.01,45.44
SANDHAR,16.69,17.53
GIRIRAJ,58.58,58.58
KAPSTON,31.5,31.5
MIDHANI,48.82,48.82
AVG,10.3,15.34
MMP,21.4,21.4
NARMADA,17.63,17.63
PIGL,28.81,28.81
CHEMFAB,149,149
BSHSL,61.05,61.05
AAKASH,16.76,16.76
SOFTTECH,183.01,183.01
E2E,106.03,106.03
SIRCA,31.82,31.82
SVLL,393.33,393.33
LATTEYS,70.47,70.46
DIL,8.38,8.62
SONAMLTD,28.77,28.77
ADANIGREEN,87.03,74.77
PRITI,25.29,25.29
ACCURACY,9.97,9.97
GAYAHWS,,1.08
RITES,25.23,25.29
GANGAFORGE,109.91,111.72
REPL,28.53,28.53
AVROIND,54.13,54.13
AARON,48.31,48.31
SIGIND,13.13,13.13
SUMIT,30.31,30.31
LAGNAM,16.04,16.04
RPPL,14.99,14.99
AKG,59.32,59.32
IRCON,20.4,20.4
AHLADA,9.63,9.63
SPECTRUM,143.28,143.28
KSHITIJPOL,,16.8
GRSE,38.63,38.63
KRITIKA,18.44,18.44
SILGO,21.09,21.09
VINNY,13.38,13.38
IRISDOREME,32.16,32.16
ATGL,97.27,97.27
UNIPARTS,16.01,16.01
TREJHARA,20.87,805.79
NILASPACES,36.96,36.96
RPSGVENT,47.31,8.83
SURANI,70.79,70.79
MSTCLTD,8.01,16.05
OSIAHYPER,15.27,15.27
ARVINDFASN,36.21,36.21
RVNL,62.39,62.39
POLYCAB,46.51,46.51
KPITTECH,45.61,45.61
SWSOLAR,191.17,191.17
CONFIPET,25.64,25.91
DGCONTENT,11.98,11.98
ATMASTCO,41.71,41.71
OAL,23.67,23.67
SATIA,6.12,6.12
WEL,175.96,175.96
CHEMCON,31.79,31.79
WESTLIFE,981.83,981.83
DOLATALGO,5.81,5.81
UJJIVANSFB,6.26,6.26
MAZDOCK,32.77,32.77
SAFARI,73.52,73.52
360ONE,40.07,37.72
HPIL,107.81,107.81
SAMHI,65.07,69.97
GOLDKART,139.01,139.01
FLUOROCHEM,89.05,89.05
GREENPANEL,48.98,48.98
APOLLOPIPE,52.29,52.29
MGEL,17.3,15.76
SBICARD,39.12,39.12
HOMEFIRST,22.03,22.03
CSBBANK,8.99,8.99
EQUITASBNK,21.46,21.46
ROSSARI,26.1,26.1
LIKHITHA,14.71,14.71
ARTEMISMED,49.5,49.5
SUMICHEM,45.85,45.85
LGHL,87.31,87.39
ASALCBR,29.41,29.41
MAHEPC,139.36,135.49
SUVENPHAR,110.14,110.14
STOVEKRAFT,66.2,66.2
BHARTIHEXA,49.95,59.33
RAJRATAN,29.77,29.77
AARTISURF,40.34,79.18
GLAND,37.37,37.37
NDRAUTO,38.94,38.94
MAXHEALTH,98.61,93.78
AAATECH,39.89,39.89
KALYANKJIL,74.25,74.25
BTML,31.13,31.13
UNIDT,34.09,34.09
SIGACHI,19.29,19.29
ADL,187.37,187.37
NIRAJ,15.87,14.93
CAMS,36.33,36.33
SURYODAY,5.92,5.92
UTIAMC,14.02,14.02
RAILTEL,37.4,35.35
BECTORFOOD,57.74,57.74
ORCHPHARMA,46.62,46.62
INDIGOPNTS,36.76,36.76
HERANBA,23.34,23.34
MTARTECH,97.57,97.57
FAIRCHEMOR,38.1,38.1
KANPRPLA,22.32,22.32
STYLAMIND,21.16,21.03
PAKKA,21.09,21.09
CLSEL,14.17,14.17
CARYSIL,24.5,24.5
SHAILY,83.19,83.19
MODISONLTD,20.15,20.44
FIBERWEB,9.24,9.24
BCLIND,11.37,11.37
BHAGCHEM,163.72,163.72
SBCL,33.04,33.04
AADHARHFC,18.81,18.81
SMCGLOBAL,5.94,5.94
QMSMEDI,16.82,16.82
ARIHANTCAP,10.15,10.54
SIDDHIKA,13.52,13.52
NAZARA,105.78,104.63
IPL,24.49,24.49
GENCON,13.51,13.51
LODHA,47.51,47.51
HLEGLAS,38.05,38.05
BESTAGRO,33.64,33.64
VMARCIND,20,20
SONACOMS,54.17,53.03
UTKARSHBNK,15.71,15.71
DRCSYSTEMS,19.18,19.18
PARAS,71.79,71.79
CRAFTSMAN,47.8,46.12
DODLA,25.77,25.77
JUBLINGREA,52.86,52.84
ROLEXRINGS,27.75,23.07
SHYAMMETL,21.9,21.9
KIMS,54.29,54.29
JSFB,6.26,6.26
TATVA,115.87,115.87
CLEAN,52.59,52.59
ALIVUS,26.35,26.35
ABSLAMC,20.28,20.28
DEEPINDS,19.11,19.17
ZOMATO,328.42,328.42
BEWLTD,13.78,13.78
PIXTRANS,17.27,17.27
MEDIASSIST,34.6,34.6
WINDLAS,27.88,27.88
CARTRADE,58.16,58.16
KRSNAA,31.64,31.64
DEVYANI,,1624.99
APTUS,21.49,21.49
SUPRIYA,29.44,29.44
ANMOL,10.76,10.76
ABCOTS,56.15,56.15
VIJAYA,76.43,76.43
AMIORG,75.97,75.82
IWEL,36.41,34.74
SANSERA,36.31,36.31
BAJAJHCARE,,45.52
PRITIKAUTO,15.13,15.13
AAREYDRUGS,19.79,19.79
GRINFRA,8.38,10.58
INTLCONV,5.21,5.21
DUGLOBAL,86.14,86.14
STEELCAS,25.94,25.94
HPAL,24.05,24.05
UGROCAP,10.82,10.82
STARHEALTH,27.31,27.31
YUKEN,42.27,42.27
SGIL,37.02,37.02
SJS,24.99,24.99
FINOPB,20.26,20.26
NYKAA,724.21,724.21
AWL,29.31,29.31
SAPPHIRE,615.03,359.4
DKEGL,9.47,9.47
EPIGRAL,20.86,20.86
TARSONS,53.59,53.59
MEDPLUS,65,65
RATEGAIN,28.99,28.99
LATENTVIEW,48.07,48.07
METROBRAND,75.24,75.24
MICEL,26.23,26.23
FOODSIN,28.98,28.98
PARADEEP,18.99,18.99
JAINAM,27.83,27.83
ABMINTLLTD,301.55,301.55
KRITI,188.62,188.62
DESTINY,40.94,40.94
GANESHBE,12.01,12.01
GVPTECH,62.31,62.31
KOTYARK,20.51,20.51
EMIL,29.22,29.22
UMAEXPORTS,17.54,17.23
DATAPATTNS,50.34,50.34
JSLL,54.25,54.25
AHL,9.17,9.17
MALLCOM,19.88,19.88
ASIANENE,40.52,38.45
SMLT,36.28,36.28
NRL,31.66,31.66
GPTHEALTH,23.37,23.37
CHOICEIN,65.29,65.29
EUROBOND,25.57,25.57
HARIOMPIPE,18.77,18.77
CAPITALSFB,10.03,10.03
DELHIVERY,789.21,438.94
EMUDHRA,76.64,76.64
DYCL,28.49,28.49
STARTECK,23.17,23.17
VIRINCHI,37.35,37.35
DHRUV,31.23,31.23
ELIN,38.02,38.02
TIMESCAN,8.21,8.21
MADHAVBAUG,27.35,27.35
SEJALLTD,48.6,48.6
RELCHEMQ,45.43,45.43
SYRMA,47.82,47.28
ZIMLAB,29.42,29.42
JTLIND,31.34,31.34
RAINBOW,56.54,56.54
TBOTEK,72.13,73.26
AETHER,95.64,56.32
ROTO,39.19,39.19
INDOBORAX,11.84,11.84
RACE,82.72,82.72
AVONMORE,21.51,21.51
DREAMFOLKS,20.85,20.85
KNAGRI,17.9,17.9
DHARMAJ,18.04,18.04
KRISHIVAL,41.55,41.55
OBCL,109.53,109.53
GMRP&UI,4.2,
INDOAMIN,16.9,16.9
KRISHNADEF,47.62,47.62
SWARAJ,14.17,14.17
AMEYA,20.44,20.44
INOXGREEN,134.52,134.52
FEDFINA,15.4,15.4
BIKAJI,59.4,59.4
SADHNANIQ,215.36,215.36
SURAJEST,15.83,15.83
SKP,375.7,375.7
RILINFRA,17.69,17.69
CHEVIOT,9.99,9.99
MUKKA,16.51,16.51
MEDICO,59.23,59.23
CMRSL,10.29,8.31
YATHARTH,28.24,28.24
DCXINDIA,55.45,55.45
THERMAX,62.57,62.57
RIIL,123.27,123.27
RAYMOND,20.53,20.15
SHREDIGCEM,27.29,27.29
SMLISUZU,13.21,13.21
SUNDRMFAST,37.03,37.03
CRISIL,48.05,48.05
LMW,124.58,124.58
NELCO,95.86,95.86
MAHSCOOTER,65.11,67.85
KECL,60.35,256.61
KCP,9.28,8.42
JBCHEPHARM,38.7,38.7
IONEXCHANG,34.98,34.98
IFBIND,35.74,35.74
GNFC,15.92,15.92
BHARATFORG,58.2,52.49
FORCEMOT,17.53,17.53
ATUL,37.48,37.48
TATAMOTORS,7.65,7.64
LINDEINDIA,124.22,124.22
ESCORTS,28.92,28.92
BAJAJHLDNG,85.59,85.59
ZUARIIND,,530.5
TATASTEEL,72,59.68
VEDL,8.97,9.97
RELIANCE,20.5,20.5
BATAINDIA,49.66,69.02
CARBORUNIV,45.1,53.33
COROMANDEL,29.51,29.51
MOTOGENFIN,44.86,44.86
RAMCOCEM,53.82,111.17
PGHL,37.58,36.22
ABREL,119.48,119.48
TATACHEM,,40.34
EPL,25.61,24.51
VLSFINANCE,4.99,4.99
SRF,71.54,71.54
AEGISLOG,37.24,37.24
UNICHEMLAB,,46.59
BBOX,37.77,29.18
SAURASHCEM,182.08,182.08
PRECOT,12.73,15.82
APOLLOHOSP,68.2,68.2
ARE&M,18.91,20.45
BALKRISIND,29.2,29.2
RAJSREESUG,12.28,12.28
GVT&D,75.23,75.23
BANARISUG,48.16,48.16
KPIL,29.79,29.79
JYOTISTRUC,54.39,54.39
JAYNECOIND,246.95,103.05
SOTL,23.44,23.44
UFLEX,,7.16
SUBROS,29.13,29.13
SIEMENS,66.67,66.67
VSTIND,14.35,19.21
TOKYOPLAST,138.79,138.79
IFCI,47.73,48.22
HLVLTD,36.2,39.78
HEIDELBERG,42.84,42.84
PIDILITIND,69.36,67.65
OSWALAGRO,19.12,19.11
RUBYMILLS,14.98,14.98
ABB,59.93,59.93
CANFINHOME,9.24,9.24
DABUR,51.2,51.2
COSMOFIRST,14.39,14.39
HDFCBANK,18.13,17.88
GMBREW,9.65,9.65
INDIANHUME,18.34,18.34
IOC,18.23,22.69
OSWALGREEN,77.5,77.5
HUHTAMAKI,16.24,24.18
KAMATHOTEL,23.12,24.49
BANCOINDIA,15,15
MANINDS,13.68,13.68
SHANTIGEAR,32.25,32.25
ONWARDTEC,29.6,29.6
ICIL,17.56,17.56
ELGIEQUIP,45.88,45.88
BBTC,6.3,6.14
LICHSGFIN,5.57,5.57
BEPL,14.39,14.39
MOREPENLAB,21.76,21.76
VENKEYS,17.17,17.17
PRUDMOULI,31.52,28.87
PRAJIND,36.23,39.45
TRANSWORLD,14.17,14.17
KEEPLEARN,133.71,133.71
PGHH,61.65,61.65
BOMDYEING,5.23,38.94
NAVNETEDUL,3.75,14.05
AGI,15.42,15.42
GLAXO,50.51,50.82
TATACONSUM,80.12,70.58
KOTAKBANK,17.56,20.15
JAYSREETEA,9.24,43.41
FOSECOIND,32.14,32.28
ANDHRAPAP,12.88,12.88
SCHAEFFLER,53.42,53.22
AMJLAND,13.77,13.77
KSB,49.51,49.51
GODFRYPHLP,36.17,34.46
INGERRAND,41.36,41.36
HINDZINC,18.33,18.21
GRASIM,20.99,19.86
EIDPARRY,7.71,7.71
HEUBACHIND,28,28
CESC,12.11,12.11
BAJFINANCE,32.79,32.79
NAVA,8.66,8.66
CORALFINAC,6.66,6.66
REMSONSIND,27.94,28.21
NATCOPHARM,7.9,7.9
TTKPRESTIG,43.52,43.52
CUBEXTUB,25.89,25.89
MOTHERSON,22.09,22.09
AARTIDRUGS,22.29,22.29
SHRIRAMFIN,11.61,13.15
ELECTHERM,2.93,3.04
JAGSNPHARM,26.97,38.64
MPHASIS,28.26,28.26
HERITGFOOD,18.69,18.3
SAREGAMA,48.34,48.34
FDC,23.77,23.77
INDUSINDBK,11.11,11.11
TRIGYN,9.33,9.04
ITDCEM,25.9,25.9
SONATSOFTW,25.85,25.85
CYBERTECH,16.65,16.65
DHANBANK,22.89,22.89
STCINDIA,20.37,11.68
IVC,48.58,48.58
ALEMBICLTD,17.81,17.81
HCLTECH,25.99,25.99
ZYDUSLIFE,19.35,19.35
RAJESHEXPO,130.79,130.79
IOB,28.06,28.06
GEPIL,58.12,58.12
BLBLIMITED,19.39,19.39
BLUESTARCO,69.3,70.51
PNC,76.84,76.84
KRBL,14.05,14.05
USHAMART,22.64,22.64
TRIDENT,46.67,46.67
SMARTLINK,12.99,12.99
JISLJALEQS,111.9,111.9
TCI,23.26,23.11
OLECTRA,73.3,76.05
TIMESGTY,71.46,71.46
NUCLEUS,15.54,15.54
GODREJIND,24.67,24.67
MARUTI,27.45,27.45
BAGFILMS,46.08,46.08
WELSPUNLIV,17.29,17.29
UNIENTER,839.82,839.82
PETRONET,12.32,12.32
MAHABANK,7.14,7.14
RKFORGE,32.79,32.72
EXCELINDUS,13.4,13.4
AMBICAAGAR,6.45,6.45
CENTEXT,19,19.26
COFORGE,59.5,60.13
GUFICBIO,44.26,44.26
WELENT,16.45,16.45
KOTARISUG,17.91,23.3
JINDALPHOT,45.46,45.46
ALLDIGI,17.04,20.45
IIFL,17.51,7.05
SSWL,4.32,13.38
SURYALAXMI,75.88,29.67
GRANULES,26.05,26.05
GEOJITFSL,11.41,11.41
MSPL,66.98,67.11
GOLDIAM,37.58,37.58
SUZLON,65.07,63.58
TRIVENI,37.66,37.66
ORIENTCER,41.74,41.74
EKC,14.95,14.66
KERNEX,282.1,282.1
ROHLTD,22.16,22.16
JAGRAN,10.24,10.24
BLKASHYAP,22.15,24.09
CENTURYPLY,79.57,77.28
GALLANTT,20.44,20.44
KKCL,19.45,19.45
GPIL,13.94,13.94
SWELECTES,25.71,173.91
RATNAMANI,31.93,31.93
JKLAKSHMI,29.66,29.66
ALLCARGO,120.32,71.6
TECHM,41.36,41.46
ATLANTAA,1.22,3.25
ANANTRAJ,44.48,44.48
GEECEE,13.58,13.58
FIEMIND,19.31,19.31
INSPIRISYS,14.62,14.62
TORNTPOWER,27.44,27.44
LTFOODS,21.88,21.88
HIRECT,49.67,49.67
TANLA,12.36,12.36
VEEDOL,20.77,19.96
AUTOIND,16.01,14.41
REDINGTON,15.86,15.86
PFC,4.24,4.24
JKTYRE,13.23,12.39
THEMISMED,46.46,46.46
NDLVENTURE,407.34,407.34
FORTIS,56.47,54.76
HILTON,92.27,92.27
NAGREEKEXP,15.78,15.78
DLF,66.27,90.71
ALPA,9.05,9.05
MOTILALOFS,10.84,10.84
MAGNUM,11.55,17.7
DELTACORP,15.8,21.2
CERA,29.25,29.25
RGL,19.96,19.96
MUNJALSHOW,17.05,17.05
HSCL,41.63,41.63
RANASUG,15.12,15.12
ARENTERP,18.88,18.88
WSI,957.7,208.4
TATAPOWER,32.2,31.06
SUNFLAG,25.19,25.19
SIMPLEXINF,11.32,11.32
WIPRO,24.38,24.38
JUBLPHARMA,24.1,19.72
TATACOMM,35.98,37.53
MURUDCERA,28.15,28.15
SANOFI,27.47,25.57
LIBERTSHOE,44.53,32.81
KAJARIACER,37.84,37.84
MODTHREAD,28.98,28.98
MANGLMCEM,44.06,44.06
PCBL,32.76,32.73
SAIL,25.68,16.55
STYRENIX,18.8,18.8
BRITANNIA,53.38,52.93
ZEEL,18.77,15.7
LYKALABS,105.53,104.72
GOLDENTOBC,10.06,11.41
GABRIEL,30.72,30.72
PRAKASH,7.82,7.82
TATAINVEST,130.95,130.95
SUDARSCHEM,58.95,85.94
HINDALCO,10.02,9.59
DCW,66.37,66.3
CGPOWER,98.12,97.47
BEL,37.89,37.89
DALMIASUG,9.75,9.75
MRF,25.93,25.93
JAYAGROGN,13.03,13.03
SAMBHAAV,55.1,64.22
KEYFINSERV,6.1,6.1
CREST,11.19,11.19
TVSSRICHAK,61.65,50.42
DYNAMATECH,53.04,104.65
ALKYLAMINE,46.42,46.42
RAMCOIND,23.76,23.76
MADRASFERT,6.05,6.23
BANKINDIA,5.45,5.45
PNBGILTS,6.7,6.78
AXISCADES,57.84,56.52
TIPSMUSIC,49.87,49.87
MARKSANS,26.93,26.93
UNITDSPR,69.54,66.43
ASAL,38.64,38.64
SURANAT&P,27.23,27.35
DIVISLAB,73.55,73.55
UCOBANK,19.63,19.63
NSIL,35.09,35.09
JAIBALAJI,15.69,15.69
UPL,796.79,30.58
MUKANDLTD,15.08,15.08
VAIBHAVGBL,27.85,27.27
POONAWALLA,125.64,125.64
DATAMATICS,16.27,18.6
APARINDS,31.54,31.54
NIITLTD,35.15,35.15
TCS,26.8,26.8
INDSWFTLTD,1.26,1.26
NTPC,14.89,14.89
JBMA,62.39,62.39
PATELENG,10.75,10.51
CONSOFINVT,5.73,5.73
SAKSOFT,22.74,22.74
WELCORP,23.9,23.65
PRIMESECU,18.85,20.37
GENUSPOWER,40.34,40.34
ALICON,22.18,22.18
DONEAR,12.23,12.23
JINDRILL,21.21,21.21
HBLENGINE,45.89,43.19
WANBURY,14.11,33.75
UNOMINDA,57.69,59.38
TTL,19.54,37.65
INDIANB,6.83,6.83
ICRA,32.88,32.88
ZENITHSTL,12.99,12.99
SRHHYPOLTD,11.1,10.62
KMSUGAR,8.42,8.42
NELCAST,31.4,35.79
MEGASOFT,84.47,84.47
CIEINDIA,18.51,18.51
POWERGRID,15.28,15.28
ENERGYDEV,,133.95
EDELWEISS,15.48,15.48
NMDC,8.8,8.78
NAHARCAP,13,13
VGUARD,47.59,47.59
DPSCLTD,82.59,82.59
BAJAJFINSV,17.74,17.74
BAJAJ-AUTO,29.27,29.27
RPGLIFE,49.02,44.63
RBL,12.26,11.98
RANEENGINE,52.5,21.94
LOTUSEYE,254.85,266.78
UBL,126.47,122.51
20MICRONS,10.43,10.31
COUNCODOS,83.89,83.89
AJMERA,23.74,23.74
EXCEL,41.13,41.13
ADANIPOWER,14.9,14.9
RTNPOWER,.48,40.75
ZYDUSWELL,31.91,32.5
SARDAEN,25.27,25.24
REFEX,36.52,36.58
AHLUCONT,13.78,24.88
GODREJPROP,38.99,38.99
BEARDSELL,14.05,14.05
WHIRLPOOL,38.12,36.55
JUBLFOOD,115.25,193.16
EMMBI,21.08,21.08
HATHWAY,32.76,32.29
MANINFRA,20.35,20.35
PERSISTENT,65.05,65.05
ISFT,14.72,14.72
KIRLOSBROS,31.37,31.02
UMESLTD,115.19,115.19
IMFA,8.38,8.38
BAJAJCON,17.24,17.24
GPPL,18.98,17.42
WELINV,67.12,67.12
KILITCH,27.9,27.9
CAREERP,10.45,10.45
CANTABIL,31.75,32.3
WABAG,32.08,31.66
PRESTIGE,64.07,64.07
IOLCP,20.08,20.08
GRAVITA,43.65,43.65
JAMNAAUTO,16.52,16.52
MOIL,17.83,17.83
A2ZINFRA,25.65,
PSB,34.11,34.11
SUMMITSEC,19.58,17.62
HINDMOTORS,15.79,15.79
EMKAYTOOLS,4.25,4.25
ARISTO,15.4,15.4
SWASTIK,35.38,35.38
VIVIANA,55.9,55.9
KORE,46.12,46
ALLETEC,34.95,34.95
BAHETI,42.76,42.76
RITEZONE,9.49,9.49
PHANTOMFX,13.9,13.9
IPSL,36.35,36.35
ARHAM,30.48,30.48
ARIHANTACA,26.68,26.68
SRIVASAVI,14.8,14.8
RBMINFRA,19.27,19.27
HOMESFY,16.73,16.35
AGARWALFT,25.76,25.76
DENEERS,21.01,21.01
NIRMAN,18.94,18.94
SYSTANGO,18.69,18.69
SPECTSTM,25.3,25.3
SHRITECH,10.72,10.72
INFINIUM,36.89,36.89
ESFL,128.97,128.97
CELLPOINT,175.3,175.3
GREENCHEF,27.95,27.95
MAGSON,36.6,36.6
MONOPHARMA,14.69,14.69
CLSL,28.44,28.44
SAHAJ,15.34,15.34
GLOBALPET,77.56,77.56
PRAMARA,27.95,27.95
ZEAL,10.78,10.78
SAROJA,26.74,26.74
CHAVDA,17.44,17.44
BAWEJA,16.7,16.7
OLIL,31.78,31.78
KODYTECH,95.6,95.6
SCML,14.09,14.09
MAL,10.57,10.57
CELLECOR,51.9,51.9
NEWJAISA,35.88,35.88
AURDIS,8.82,8.82
PROLIFE,12.47,12.47
VSCL,70.09,70.09
RMDRIP,117.07,117.07
TIRUPATI,91.84,91.84
BETA,38.92,38.92
AISL,19.19,19.19
FELIX,39.63,39.63
AMJUMBO,445.22,445.22
MDL,39.64,38.55
MAHICKRA,45.12,45.12
PARIN,221.05,221.05
KHFM,38.72,38.72
SECL,148.7,148.7
PARTYCRUS,15.52,15.52
NPST,105.11,105.11
MAKS,103.28,43.84
BMETRICS,16.13,16.13
REXPIPES,17.27,17.21
QUADPRO,16.43,16.43
DYNAMIC,24.88,24.94
PRECISION,12.03,12.03
NIDAN,,9.62
SHIGAN,20.57,20.57
SPRL,13.47,13.47
LEMERITE,214.17,214.17
KCK,171.57,171.57
PROPEQUITY,18.65,18.65
VEEKAYEM,26.99,26.99
MWL,14.14,14.14
KOLTEPATIL,124.38,124.38
COLPAL,46.89,46.89
MADHAV,421.84,421.84
KALYANIFRG,29.48,29.48
ECLERX,27.74,27.74
BRIGADE,37.16,37.16
DVL,13.44,13.44
PATINTLOG,15.56,15.56
ARIES,10.7,10.7
AMBIKCO,11.76,11.76
CEATLTD,24.34,22.33
RPOWER,6.1,
JKIL,13.42,13.42
KNRCON,4.79,4.74
NHPC,24.53,24.53
OIL,8.29,8.3
AMRUTANJAN,35.21,35.21
DEN,7.57,7.57
SHILPAMED,68.08,70.9
GILLANDERS,8051.22,
JSWENERGY,43.22,43.22
DBCORP,8.97,8.97
MMTC,79.58,75.54
TRF,13.29,13.29
MBLINFRA,2.44,
VASCONEQ,7.65,17.21
TEXMOPIPES,30.75,11.16
LGBBROSLTD,13.93,14.47
KIRLOSIND,12.6,11.95
BLISSGVS,20.75,8.89
ORISSAMINE,689.7,689.7
RAMKY,11.87,11.87
OBEROIRLTY,21.83,21.83
COALINDIA,6.55,6.55
RPPINFRA,7.05,7.05
RKDL,40.04,40.04
KICL,23.06,30.57
HFCL,34.13,34.13
MUTHOOTFIN,17.22,17.22
OMINFRAL,44.92,44.92
ELGIRUBCO,30.54,
ASAHISONG,31.43,30.98
NATHBIOGEN,7.67,7.82
IREDA,30.4,30.4
CAPLIPOINT,28.92,28.92
SUPERHOUSE,17.64,36.84
PDSL,26.04,26.5
GRPLTD,60.35,55.51
LINC,17.46,17.46
HESTERBIO,44.28,44.28
ZENTEC,44.44,44.82
AVANTIFEED,19.72,19.72
UFO,20.93,21.5
SKIPPER,36.87,36.87
SYNGENE,55.3,58.31
MUTHOOTCAP,8.55,8.55
SHK,370.33,15.67
SALZERELEC,24.83,24.83
PRECAM,111.5,129.63
BHAGERIA,24.56,24.56
KDDL,24.7,24.68
BHARATWIRE,13.51,13.51
PARAGMILK,17.94,17.94
ASPINWALL,12.17,12.17
INCREDIBLE,15.72,15.72
MGL,12.46,12.46
JGCHEM,19.14,19.14
LORDSCHLO,98.32,98.32
SECMARK,46.06,46.06
LAL,16.81,16.81
POCL,33.31,33.31
TATATECH,46,46
ASHOKAMET,4.46,4.46
PTCIL,297.06,295.01
AEROFLEX,47.84,47.84
GHCLTEXTIL,14.11,14.11
KIRLPNU,35.32,34.23
RRKABEL,48.24,48.25
SCILAL,52.6,52.6
YASHO,102.8,102.8
SANDUMA,14.23,14.23
MUFIN,65.55,63.91
MUFTI,13.49,13.49
SRGHFL,18.49,18.49
TASTYBITE,110.8,110.8
AIRAN,12.8,12.8
LAXMICOT,180.62,215.99
EIFFL,163.63,163.63
SHANKARA,18.48,18.48
CREATIVE,17.69,17.69
DEVIT,16.24,16.24
DOLLAR,23.25,23.4
INFOBEAN,21.79,21.79
BHAGYANGR,21.54,21.54
GLOBE,12.41,13.52
ERIS,47.77,47.77
GTPL,22.58,22.58
SALASAR,34.65,34.65
AVADHSUGAR,11.21,11.21
GANGESSECU,25.75,25.75
TOTAL,54.09,54.09
WEWIN,36.23,36.23
COCHINSHIP,42.96,42.96
ABCAPITAL,11.54,11.54
DIXON,100.2,126.69
CAPACITE,14.32,14.32
WORTH,12.71,12.71
DPWIRES,14.27,14.27
AIROLAM,88.7,88.7
JASH,36.42,36.39
GODREJAGRO,40.85,40.85
GICRE,9.14,9.14
IFGLEXPOR,28.3,28.3
ZODIAC,40.31,40.31
DNAMEDIA,.49,
TOUCHWOOD,19.71,19.71
MOKSH,12.67,12.67
APOLLO,64.58,64.58
SINTERCOM,300.32,300.32
ARVEE,75.33,75.33
HGINFRA,12.59,12.59
MARINE,61.42,61.63
SHRIRAMPPS,19.13,19.13
AWHCL,18.56,18.56
ANUP,47.01,47.01
PAR,9.25,9.25
METROPOLIS,55.6,55.6
NEOGEN,92.56,92.56
EMAMIPAP,10.98,10.98
PPL,10.28,10.28
INDIAMART,23.13,23.13
DCMNVL,56,163.83
AFFLE,57.96,57.96
HNDFDS,59.72,59.72
IRCTC,45.8,46.08
DCI,26.27,26.27
IIFLCAPS,9.38,9.38
KUANTUM,8.11,8.11
CHEMBOND,18.66,19.2
ROUTE,17.34,17.65
SIGMA,15.21,15.21
EASEMYTRIP,54.67,29.58
PRINCEPIPE,41.1,41.1
PARKHOTELS,44.47,44.47
PATANJALI,57.54,57.54
ATALREAL,32.1,32.1
UNIVPHOTO,7.04,7.04
BAFNAPH,41.43,38.25
POWERINDIA,159.37,159.37
KSOLVES,27.51,27.51
HAPPSTMNDS,48.98,51.09
BOROLTD,55.68,55.68
PAVNAIND,50.84,50.84
SHAREINDIA,10.72,10.72
ANGELONE,14.94,14.94
ROML,51.08,51.08
LXCHEM,37.99,37.99
ANURAS,50.83,50.83
ISGEC,28.25,28.25
KPIGREEN,29.64,29.4
ANANDRATHI,59.03,59.03
POLICYBZR,284.91,332.55
MONARCH,16.5,16.5
PRUDENT,41.14,41.14
GOCOLORS,47.05,47.05
CMSINFO,19.66,19.66
TEGA,48.1,48.1
MANORG,38.49,38.49
PVSL,35.89,35.89
PASUPTAC,10.3,10.3
MAPMYINDIA,66.36,66.36
TMB,5.74,5.74
MANYAVAR,49.57,49.57
MEDICAMEQ,103.75,103.75
SHIVALIK,57.93,57.93
MEDANTA,64.17,64.17
IRIS,48.08,48.08
RADIANTCMS,14.08,14.08
GRWRHITECH,30.3,30.3
DCMSRIND,12.16,12.16
FIVESTAR,20.4,20.4
SBC,34.7,34.7
ELDEHSG,23.82,23.82
MHLXMIRU,15.59,15.59
GATEWAY,5.25,13.63
CAMPUS,69.7,69.7
VENUSPIPES,29.32,29.32
MEGASTAR,74.48,74.48
LANDMARK,71.19,
ETHOSLTD,65.59,65.59
MSUMI,33.33,33.33
HARSHA,27.02,27.02
LICI,11.11,11.11
ACI,37.1,31.57
RITCO,19.43,19.43
HARDWYN,52.76,52.76
HMAAGRO,21.18,21.18
KFINTECH,47.5,47.5
YATRA,44.85,44.85
PFIZER,30.66,30.66
BOSCHLTD,39.59,39.61
DEEPAKFERT,15.14,15.14
MAHSEAMLES,11.43,11.43
DICIND,33.31,34.33
BEML,41.7,41.7
CENTENKA,16.22,16.22
VTL,14.7,14.7
FEDERALBNK,10.8,10.8
BIRLACABLE,91.46,91.46
RANEHOLDIN,8.68,81.93
ASHIMASYN,4.46,4.46
NEULANDLAB,49.64,62.22
BERGEPAINT,53.84,53.84
IGARASHI,68.75,68.75
PFS,12.62,12.62
VADILALIND,19.5,19.5
RELAXO,62.4,62.4
DHANUKA,21.44,21.44
RUSHIL,17.21,17.21
INVENTURE,14.16,13.03
BODALCHEM,119.17,98.77
FILATEX,14.44,14.44
APLLTD,25.83,26.27
PGEL,106.74,106.74
PAISALO,18.32,18.36
TRITURBINE,51.49,51.49
INDOTHAI,153.98,153.98
DSSL,19.8,19.8
RUPA,20.98,20.26
VIKASECO,29.17,29.17
KANANIIND,43.85,43.85
DBSTOCKBRO,19.93,19.93
SCHNEIDER,72.43,77.25
NDL,10.36,10.36
VSSL,16.22,16.22
SPECIALITY,27.84,27.84
MAYURUNIQ,14.97,14.97
DUCON,15.16,15.16
ZUARI,4.84,4.84
CARERATING,28.78,28.78
REPCOHOME,4.91,4.91
ORIENTCEM,55.96,55.96
JPOLYINVST,19.78,19.78
SREEL,24.21,24.21
CASTROLIND,23.18,23.18
BUTTERFLY,288.55,200.08
HATSUN,75.87,75.87
GOCLCORP,10.75,9.88
SHARDACROP,19.86,19.86
CIGNITITEC,24.56,24.12
MONTECARLO,17.18,17.18
FCL,23.97,23.97
GULPOLY,44.19,44.19
LAMBODHARA,15.56,15.56
GENUSPAPER,136.79,136.79
VISHNU,24.79,24.79
MENONBE,23.23,23.23
JMA,7.22,7.22
MANAKSTEEL,33.99,29.03
INOXWIND,76.55,69.87
VIPULLTD,.82,.81
TPLPLASTEH,28.73,28.73
PNCINFRA,6.28,6.28
ALANKIT,20.1,20.1
ORICONENT,109.86,103.91
AYMSYNTEX,43.34,69.33
SATIN,5.57,5.57
SHARDAMOTR,14.92,14.92
SHREEPUSHK,19.35,19.35
IDFCFIRSTB,22.35,22.35
INDIGO,28.11,28.11
TTKHLTCARE,19.91,24.34
PILANIINVS,26.52,26.52
LALPATHLAB,47.68,47.68
NH,38.2,38.2
TEAMLEASE,32.97,32.97
QUICKHEAL,80.41,80.41
NECCLTD,19.27,19.27
GOKULAGRO,16.82,16.82
SIMBHALS,6.6,6.6
INFIBEAM,23.97,23.97
THYROCARE,35.61,35.56
SHRIPISTON,17.41,17.41
BLS,31.35,31.35
SALONA,19.35,19.35
MOLDTECH,18.21,18.21
COMPINFO,.57,.57
GPTINFRA,19.09,19.09
QUESS,23.66,23.15
SOMICONVEY,24.33,24.33
ADVENZYMES,23.25,21.65
DBL,11.06,19.5
NDGL,33.97,32.77
RBLBANK,9.68,9.68
BIGBLOC,77.77,77.77
CUPID,19.1,19.1
GNA,13.77,13.77
MARATHON,13.54,13.54
HPL,35.97,35.97
ENDURANCE,32.03,32.03
MAZDA,16.09,16.09
PNBHOUSING,11.28,11.28
BANKBARODA,5.25,5.25
GAIL,9.79,11.86
SKMEGGPROD,12.4,12.4
CONCOR,32.35,31.69
KCPSUGIND,8.42,11.22
HUDCO,13.3,13.3
INDSWFTLAB,2.26,130.82
ENGINERSIN,29.19,29.19
ADROITINFO,13.01,13.01
JAICORPLTD,27.1,27.1
GMDCLTD,12.23,12.23
MAHAPEXLTD,13.73,16.55
ASAHIINDIA,47.26,50.65
J&KBANK,5.03,5.03
CUB,10.1,10.1
SOUTHBANK,5.01,5.01
ASTRAZEN,178.39,78.91
AXISBANK,11.07,11.07
CYIENT,22.46,22.46
KOKUYOCMLN,89.4,89.4
SANGHVIMOV,13.9,13.9
RSSOFTWARE,10.72,10.72
NATIONALUM,7.79,8.42
JINDALSTEL,21.41,21.41
NIPPOBATRY,2.73,2.73
BSOFT,22.14,22.14
ACCELYA,20.57,20.62
STAR,17.77,17
SHREERAMA,27.74,27.74
NRBBEARING,17.95,18.76
BIL,42.7,42.7
KTKBANK,5,5
AJANTPHARM,35.97,35.97
CALSOFT,30.33,30.33
TVSMOTOR,51.89,51.89
TAJGVK,31.47,31.47
CHENNPETRO,23.05,23.05
GAEL,15.63,15.63
MRO-TEK,43.02,43.02
KHANDSE,39.73,39.73
GODREJCP,,55.97
LUPIN,29.98,29.98
BHARTIARTL,41.42,54.24
PNB,6.73,6.73
APTECHT,41.83,37.2
OFSS,31.05,31.05
CANBK,4.48,4.48
OMAXAUTO,5.4,
RADICO,88.03,88.03
VARDHACRLC,23.61,23.61
JSL,20.48,20.47
IGL,20.43,20.43
TVTODAY,12,11.52
SIL,141.03,141.03
PTC,7.45,7.3
BIOCON,32.25,33.52
XPROINDIA,56.62,54.36
CCL,28.8,28.8
LT,26.79,26.91
ULTRACEMCO,50.7,50.48
GULFPETRO,8.68,8.68
ASTRAMICRO,48.16,48.16
SUPRAJIT,41.42,41.42
XCHANGING,22.72,22.72
JSWSTEEL,67.41,62.5
EVEREADY,29.26,29.26
GOKEX,41.48,41.48
SHOPERSTOP,179.49,161.07
JKPAPER,8.16,8.16
YESBANK,25.71,25.71
SPLIL,10.39,10.38
FCSSOFT,199.31,53.63
IMPAL,14.58,14.58
AURIONPRO,41.89,41.89
AIAENG,29.23,29.25
NAHARINDUS,20.73,19.36
VIMTALABS,35.13,35.13
NITINSPIN,10.69,10.69
ENIL,78.42,78.42
KINGFA,24.46,24.46
PODDARMENT,12.03,12.03
NBIFIN,76.44,76.44
SFL,55.75,95.01
LAURUSLABS,151.47,151.47
ITDC,62.75,62.69
HISARMETAL,24.82,24.82
CAPTRUST,95.88,95.88
BSE,88.23,88.23
KALYANI,6.19,6.19
JITFINFRA,29.49,52.41
DMART,84.48,84.48
ARIHANTSUP,25.67,25.67
CLEDUCATE,63.9,58.87
WIPL,86.19,86.19
SCHAND,13.3,13.3
STARCEMENT,65.72,65.72
CDSL,45.52,45.52
AUBANK,19.78,19.17
STEELXIND,23.65,23.65
MAGADSUGAR,8.49,8.49
OPTIEMUS,72.34,72.34
SMSLIFE,15.77,15.77
APEX,418.57,418.57
ICICIGI,67.22,67.22
SBILIFE,61.18,61.18
TCPLPACK,28.2,28.2
TIINDIA,43.11,42.93
NIACL,25.61,25.61
5PAISA,17.65,17.65
SHIVATEX,23.44,23.44
GALAXYSURF,26.01,26.01
ASTERDM,67.41,63.89
BDL,66.34,66.34
SUNDARMHLD,24.82,24.82
HAL,25.38,25.4
ISEC,12.6,12.6
LEMONTREE,45.78,45.78
ORIENTELEC,68.33,68.33
INDOSTAR,36.01,36.01
FINEORG,26.42,26.4
VARROC,70.1,34.29
HDFCAMC,34.07,34.07
CREDITACC,15.69,15.69
AAVAS,23.88,23.88
DALBHARAT,55.88,47.57
PENINLAND,46.94,46.05
WHEELS,14.07,14.07
PREMIERPOL,27.22,27.22
SESHAPAPER,13.92,13.92
FACT,,552.62
EXIDEIND,38.75,38.75
ELECON,27.61,27.61
PEL,42.15,
MASTEK,18.73,19.27
LUMAXIND,40.58,40.58
TRENT,97.66,137.12
CUMMINSIND,44.26,44.26
JAYBARMARU,32.18,32.18
INFY,26.51,26.51
INDIAGLYCO,20.61,20.61
IGPL,13.75,13.75
HIMATSEIDE,17.84,17.84
BPCL,8.31,8.14
BASF,31.16,31.68
ARVIND,27.08,27.08
ACC,13.27,14.6
SCI,7.79,7.79
MRPL,24.99,24.78
HINDPETRO,10.38,10.38
RELINFRA,37.39,
ASHOKLEY,21.92,22.22
VOLTAS,50.24,50.24
TITAN,87.75,87.75
SUNDARMFIN,30.2,29.06
SPIC,19.23,12.98
SBIN,7.85,7.85
NOCIL,25.32,25.32
DRREDDY,17.34,17.34
CHAMBLFERT,15.03,15.03
HINDOILEXP,15.42,18.99
BALMLAWRIE,14.12,14.12
VINDHYATEL,16.88,16.88
ASIANPAINT,51.53,49.97
ADORWELD,27.51,24.9
TORNTPHARM,55.09,55.09
ATFL,352.36,315.37
SUPREMEIND,50.82,50.82
BALRAMCHIN,24.07,24.07
WEIZMANIND,21.88,21.88
JTEKTINDIA,37.61,37.85
SUNPHARMA,33.71,32.68
SHREYANIND,5.54,5.54
HCC,17.29,
IVP,12.92,12.92
INDBANK,16.21,16.21
GINNIFILA,,143.7
ONGC,7.25,7.02
TIL,8.45,177.53
TAINWALCHM,55.42,55.42
JINDALPOLY,11.37,19.26
BSL,16.77,16.77
NKIND,894.73,894.73
APCOTEXIND,31.76,31.76
RCF,26.32,27.99
KARURVYSYA,8.95,8.95
DECCANCE,455.96,79.94
ADVANIHOTR,21.53,21.53
THOMASCOOK,24.7,24.37
SPMLINFRA,38.44,40.42
BHARATRAS,27.87,27.88
UNIVCABLES,40.01,40.01
SOMANYCERA,24.58,25.02
M&M,28.4,28.4
KABRAEXTRU,34,34
POLYPLEX,9.06,9.06
3PLAND,37.8,37.8
HONDAPOWER,35.68,38.09
JINDALSAW,8.41,8.41
GRAPHITE,18.39,18.39
BBL,23.69,23.69
ELECTCAST,8.02,8.02
DCMSHRIRAM,27.3,27.3
CIPLA,23.63,23.63
HEROMOTOCO,17.18,17.18
HARRMALAYA,2547.28,47.23
GIPCL,12.47,12.47
ITC,25.07,25.06
HINDCOMPOS,18.3,18.3
RICOAUTO,30.62,30.08
IFBAGRO,24.97,24.97
APOLLOTYRE,19.64,18.58
SIYSIL,15.01,15.01
PRECWIRE,29.91,29.91
NILKAMAL,24.29,24.29
NCC,13.68,13.35
SEAMECLTD,24.07,26.24
AUROPHARMA,17.94,17.61
EIHOTEL,27.99,28.25
GICHSGFIN,5.18,5.18
BANARBEADS,25.32,25.32
WSTCSTPAPR,6.58,6.58
21STCENMGM,1.81,1.81
GHCL,9.7,9.7
HIL,,59.29
BPL,22.89,22.89
VESUVIUS,31.36,31.36
TFCILTD,14.54,14.54
GTL,1.22,19.35
CHOLAFIN,28.4,28.4
FMGOETZE,12.33,12.33
ORIENTHOT,61.52,61.52
KANSAINER,16.67,30.38
3MINDIA,51.66,51.66
RALLIS,31.98,31.98
MFSL,111.29,111.29
HEG,33.86,33.86
VARDMNPOLY,33.24,33.24
SURYAROSNI,15.26,15.26
TIMKEN,47.53,47.53
SHREECEM,83.08,83.08
SAKHTISUG,2.58,
AKZOINDIA,35.18,35.18
HINDUNILVR,49.32,51.18
FINPIPE,14.33,25.01
FINCABLES,20.36,28.16
DCM,19.47,19.47
BHEL,148.48,148.48
PVP,819.14,863.17
GREENPLY,29.22,30.12
KHAITANLTD,7.54,7.54
GARFIBRES,32.51,32.51
ANDHRSUGAR,31.81,28.75
STARPAPER,5.15,5.15
SKFINDIA,34.85,34.85
EIMCOELECO,17.66,17.66
SILINV,14.2,14.2
BIOFILCHEM,133.99,133.99
SUNDRMBRAK,76.88,76.88
SOMATEX,1.47,
STERTOOLS,20.42,20.42
HITECHGEAR,26.1,26.08
DENORA,99.01,99.01
MIRZAINT,216.13,216.13
GUJAPOLLO,33.75,33.75
GANESHHOUC,18.03,18.03
JCHAC,88.33,85.43
KOTHARIPET,13.76,13.69
GSPL,7.85,8.02
GVKPIL,.98,11.84
SAKUMA,12.61,12.61
KEC,43.63,43.63
JKCEMENT,48.39,56.54
INDOTECH,34.64,34.64
M&MFIN,13.89,13.89
KEI,56.84,56.83
VAKRANGEE,252.43,240.33
SOLARINDS,68.38,68.38
UTTAMSUGAR,11.76,11.76
SUNTV,13.71,13.71
RSYSTEMS,31.36,31.36
LOKESHMACH,63.18,63.18
BALPHARMA,20.7,20.7
KAMDHENU,14.44,14.44
PIONEEREMB,25.86,25.86
MUNJALAU,10.81,13.34
EMAMILTD,29.88,29.88
GRINDWELL,45,45
VOLTAMP,30.93,30.93
SELAN,11.49,11.49
ACE,35.06,35.06
HOVS,18.3,18.3
BINANIIND,6.98,
TALBROAUTO,13.86,19.42
DCBBANK,5.68,5.68
NAUKRI,112.68,115.15
GESHIP,4.37,4.37
RUCHIRA,5.96,5.96
VENUSREM,12,15
NFL,26.16,26.16
PARACABLES,18.61,18.61
AVTNPL,21,21
SARLAPOLY,10.21,10.21
PTL,15.5,15.5
GANDHITUBE,12.66,12.66
IZMO,7.82,7.51
TIIL,23.26,22.64
ORIENTBELL,86.65,86.65
FSL,43.5,44.04
SMSPHARMA,27.5,27.5
LAOPALA,25.69,25.69
AMDIND,86.69,86.69
NAHARPOLY,23.99,23.99
BALAMINES,23.48,23.48
BANSWRAS,19.89,19.89
BFUTILITIE,10.17,10.17
ALPHAGEO,90.44,20.63
WEBELSOLAR,91.49,83.16
INSECTICID,12.57,12.58
NAVINFLUOR,71.54,71.54
V2RETAIL,87.28,87.28
ADSL,22.63,22.63
CENTRALBK,11.2,11.2
KPRMILL,33.61,33.61
NAGREEKCAP,1.1,1.1
MANGCHEFER,12.99,12.99
MAANALU,27.97,27.97
BAJAJELEC,68.99,68.99
RELIGARE,36.66,252.86
ADANIPORTS,23.07,21.95
EIHAHOTELS,25.47,24.48
IDBI,10.78,10.78
DHAMPURSUG,14.74,14.74
INDHOTEL,56.85,66.29
GILLETTE,56.55,56.55
ESABINDIA,41.65,41.65
AARTIIND,39.73,40.08
KOPRAN,18.43,18.43
IPCALAB,49.62,49.05
GSFC,13.64,13.81
AMBUJACEM,21.42,21.78
BIRLACORPN,33.38,34.34
ASHAPURMIN,14.68,18.13
TNPL,62.79,62.79
AUTOAXLES,16.44,16.44
SWARAJENG,21.56,21.56
TNPETRO,14.76,16.64
AUSOMENT,12.45,12.45
MARICO,49.32,49.32
SANGAMIND,46,39.8
WENDT,50.95,50.95
PUNJABCHEM,24.55,24.55
MMFL,13,13.05
GUJRAFFIA,44.78,44.78
INDRAMEDCO,23.65,23.65
INDNIPPON,17.77,17.77
ICICIBANK,16.61,16.61
NLCINDIA,12.45,12.45
HAVELLS,69.32,69.32
HIKAL,56.71,56.71
GOLDTECH,29.2,
MPSLTD,31.87,31.87
PONNIERODE,9.2,9.2
UNIONBANK,5.47,5.47
GENESYS,59.29,59.29
JPPOWER,7.68,6.18
MANGALAM,15.48,15.48
JSWHL,106.47,106.47
NECLIFE,37.15,37.15
SASKEN,44.33,44.33
JMFINANCIL,,11.25
AARVEEDEN,20.22,20.22
MANALIPETC,51.75,45.72
SOBHA,208.67,208.69
PLASTIBLEN,15.11,15.11
LUMAXTECH,18.46,18.46
PITTIENG,27.28,27.28
PGIL,30.22,30.3
TFL,178.95,178.95
PAGEIND,69.46,69.46
ASTRAL,71.46,71.46
NCLIND,20.78,18.15
PHOENIXLTD,41.57,42
TIMETECHNO,23.23,23.23
TARMAT,,95.55
INDOWIND,33.31,33.31
KSCL,17.29,17.29
BVCL,30.46,30.46
SJVN,35.08,38.31
TI,24.57,23.54
IITL,20.16,20.91
ADFFOODS,33.73,33.73
SASTASUNDR,,8.89
ASHOKA,3.47,3.65
CGCL,35.89,35.89
JINDWORLD,91.45,91.45
ZEELEARN,1.39,6.31
SURANASOL,272.42,272.42
STEL,43.58,43.58
DHUNINV,10.17,10.2
PIIND,27.63,27.63
MAITHANALL,3.18,3.18
TDPOWERSYS,34.06,34.06
WONDERLA,32.95,32.95
SNOWMAN,204.85,204.85
GOODLUCK,13.5,13.5
CCHHL,167.78,167.78
GREENLAM,57.03,57.03
MANAKALUCO,26.54,26.54
LFIC,6.69,6.69
VRLLOG,31.14,31.14
ARROWGREEN,14.06,14.06
RAMASTEEL,69.79,69.79
ARVSMART,28.23,28.23
LUXIND,23.89,23.89
LINCOLN,12.61,12.61
ALKEM,24.83,24.72
HITECH,34.21,34.21
SEQUENT,170.22,182.1
HCG,111.17,116.3
CROMPTON,40.59,40.59
ARMANFIN,15.15,15.15
PREMEXPLN,61.09,61.09
IEX,37.41,37.41
HDFCLIFE,76.66,76.66
AMBER,81.06,81.06
TECHNOE,34.61,34.61
CHALET,155.28,155.28
HONAUT,55.82,55.82
TATAELXSI,43.83,43.83
SANDESH,6.45,6.48
ADANIENT,63.25,60.13
EICHERMOT,35.45,35.45
ZENSARTECH,28.23,28.23
BLUEDART,53.25,53.25
