SERIES,SYMBOL,SECURITY,RECORD_DT,BC_STRT_DT,BC_END_DT,EX_DT,ND_STRT_DT,ND_END_DT,PURPOSE
18,SAMMAANCAP,Sec Re NCD 8.70% Sr.VIII,13/03/2025, , ,13/03/2025, , ,INTEREST PAYMENT         
19,SAMMAANCAP,Sec Re NCD 9.15% Sr.VIII,13/03/2025, , ,13/03/2025, , ,INTEREST PAYMENT         
BE,IOLCP,IOL Chem and Pharma Ltd,11/03/2025, , ,11/03/2025, , ,FVSPLT FRM RS 10 TO RS 2 
BE,SUNTV,Sun TV Network Limited,13/03/2025, , ,13/03/2025, , ,INTDIV - RS 2.50 PER SH  
BE,IRISDOREME,Iris Clothings Limited,13/03/2025, , ,13/03/2025, , ,RIGHTS 1:6 @ PRM RS 33/- 
BE,HUDCO,Hsg & Urban Dev Corpn Ltd,14/03/2025, , ,13/03/2025, , ,INTDIV - RS 1.05 PER SH  
BE,BEL,Bharat Electronics Ltd,11/03/2025, , ,11/03/2025, , ,INTDIV - RS 1.50 PER SH  
BE,GRINFRA,G R Infraprojects Limited,13/03/2025, , ,13/03/2025, , ,INTDIV - RS 12.50 PER SH 
D1,CHOLAFIN,Cholamandalam In & Fin Co,13/03/2025, , ,13/03/2025, , ,INTEREST PAYMENT         
EQ,IOLCP,IOL Chem and Pharma Ltd,11/03/2025, , ,11/03/2025, , ,FVSPLT FRM RS 10 TO RS 2 
EQ,GRINFRA,G R Infraprojects Limited,13/03/2025, , ,13/03/2025, , ,INTDIV - RS 12.50 PER SH 
EQ,HUDCO,Hsg & Urban Dev Corpn Ltd,14/03/2025, , ,13/03/2025, , ,INTDIV - RS 1.05 PER SH  
EQ,BEL,Bharat Electronics Ltd,11/03/2025, , ,11/03/2025, , ,INTDIV - RS 1.50 PER SH  
EQ,SUNTV,Sun TV Network Limited,13/03/2025, , ,13/03/2025, , ,INTDIV - RS 2.50 PER SH  
EQ,IRISDOREME,Iris Clothings Limited,13/03/2025, , ,13/03/2025, , ,RIGHTS 1:6 @ PRM RS 33/- 
GB,SGBMAR25,2.50%GOLDBONDS 2025Tr-VII,13/03/2025, , , , , ,REDEMPTION               
GS,GS200325C,GOI STRIPS C 200325,18/03/2025, , , , , ,REDEMPTION               
GS,668GS2031,GOI LOAN 6.68% 2031,15/03/2025, , ,13/03/2025, , ,INTEREST PAYMENT         
GS,GS150325C,GOI STRIPS C 150325,12/03/2025, , , , , ,REDEMPTION               
M3,IBULHSG,Sec Re NCD 9.25% Sr II,12/03/2025, , ,12/03/2025, , ,INTEREST PAYMENT         
MD,IBULHSG,Sec Re NCD 9.25% Sr VIII,12/03/2025, , ,12/03/2025, , ,INTEREST PAYMENT         
MG,IBULHSG,Sec Re NCD 9.71% Sr VIII,12/03/2025, , ,12/03/2025, , ,INTEREST PAYMENT         
MM,IBULHSG,Sec Re NCD 10.25% Sr XII,12/03/2025, , ,12/03/2025, , ,INTEREST PAYMENT         
MO,SAMMAANCAP,Sec Re NCD 8.20% Sr.VI,13/03/2025, , ,13/03/2025, , ,INTEREST PAYMENT         
MP,SAMMAANCAP,Sec Re NCD 8.66% Sr.VI,13/03/2025, , ,13/03/2025, , ,INTEREST PAYMENT         
MQ,IBULHSG,Sec Re NCD 9.25% Sr II,11/03/2025, , ,11/03/2025, , ,INTEREST PAYMENT         
MS,IBULHSG,Sec Re NCD 9.4% Sr IV,11/03/2025, , ,11/03/2025, , ,INTEREST PAYMENT         
MS,SAMMAANCAP,Sec Re NCD 8.43% Sr.VIII,13/03/2025, , ,13/03/2025, , ,INTEREST PAYMENT         
MT,SAMMAANCAP,Sec Re NCD 8.89% Sr.VIII,13/03/2025, , ,13/03/2025, , ,INTEREST PAYMENT         
MU,IBULHSG,Sec Re NCD 9.02% Sr V,11/03/2025, , ,11/03/2025, , ,INTEREST PAYMENT         
MV,IBULHSG,Sec Re NCD 9.48% Sr V,11/03/2025, , ,11/03/2025, , ,INTEREST PAYMENT         
MZ,IBULHSG,Sec Re NCD 9.25% Sr VIII,11/03/2025, , ,11/03/2025, , ,INTEREST PAYMENT         
N1,1025SCL34Z,Sammaan Capital Limited,12/03/2025, , ,12/03/2025, , ,INTEREST PAYMENT         
N1,89IHFL29,IIFL Home Finance Limited,14/03/2025, , ,13/03/2025, , ,INTEREST PAYMENT         
N1,925SCL26W,Sammaan Capital Limited,12/03/2025, , ,12/03/2025, , ,INTEREST PAYMENT         
N1,888SCL26X,Sammaan Capital Limited,12/03/2025, , ,12/03/2025, , ,INTEREST PAYMENT         
N1,1003SCL31P,Sammaan Capital Limited,12/03/2025, , ,12/03/2025, , ,INTEREST PAYMENT         
N1,948SCL27R,Sammaan Capital Limited,12/03/2025, , ,12/03/2025, , ,INTEREST PAYMENT         
N1,865IHFL27,IIFL Home Finance Limited,14/03/2025, , ,13/03/2025, , ,INTEREST PAYMENT         
N1,971SCL29T,Sammaan Capital Limited,12/03/2025, , ,12/03/2025, , ,INTEREST PAYMENT         
N2,SHFL,SHFL 7.95% 2034 Sr 339,12/03/2025, , ,12/03/2025, , ,INTEREST PAYMENT         
N3,IBULHSG,Sec Re NCD 9.80% Sr XII,11/03/2025, , ,11/03/2025, , ,INTEREST PAYMENT         
N3,SIDBI,SIDBI 7.68% 2027 Sr IX,11/03/2025, , ,11/03/2025, , ,INTEREST PAYMENT         
N4,IBULHSG,Sec Re NCD 10.25% Sr XII,11/03/2025, , ,11/03/2025, , ,INTEREST PAYMENT         
N5,IIHFL,Unsec Re NCD 9.60% Sr.II,14/03/2025, , ,13/03/2025, , ,INTEREST PAYMENT         
N5,IBULHSG,Sec Re NCD 9.25% Sr II,11/03/2025, , ,11/03/2025, , ,INTEREST PAYMENT         
N7,UGROCAP,Sec Red NCD 10.50% Sr.III,11/03/2025, , ,11/03/2025, , ,INTEREST PAYMENT         
N8,UGROCAP,Sec Re NCD 10.25% Sr I,12/03/2025, , ,12/03/2025, , ,INTEREST PAYMENT         
N8,IBULHSG,Sec Re NCD 9.02% Sr V,11/03/2025, , ,11/03/2025, , ,INTEREST PAYMENT         
N9,IIHFL,Sec Re NCD 8.20% Sr.III,14/03/2025, , ,13/03/2025, , ,INTEREST PAYMENT         
N9,IBULHSG,Sec Re NCD 9.48% Sr V,11/03/2025, , ,11/03/2025, , ,INTEREST PAYMENT         
NC,IBULHSG,Sec Re NCD 9.57% Sr X,11/03/2025, , ,11/03/2025, , ,INTEREST PAYMENT         
NC,IREDA,IREDA 7.59% 2034 Sr XV H,11/03/2025, , ,11/03/2025, , ,INTEREST PAYMENT         
NC,IIHFL,Sec Re NCD 8.43% Sr.VI,14/03/2025, , ,13/03/2025, , ,INTEREST PAYMENT         
ND,IBULHSG,Sec Re NCD 10.03% Sr X,11/03/2025, , ,11/03/2025, , ,INTEREST PAYMENT         
NL,MUTHOOTFIN,MFL Repo Rate Link 2027,11/03/2025, , ,11/03/2025, , ,INTEREST PAYMENT         
S1,CHOLAFIN,Cholamandalam In & Fin Co,13/03/2025, , ,13/03/2025, , ,INTEREST PAYMENT         
SG,664BR25,SDL BR 6.64% 2025,13/03/2025, , , , , ,REDEMPTION               
SG,738MP25,SDL MP 7.38% 2025,12/03/2025, , , , , ,REDEMPTION               
SG,695PN25,SDL PN 6.95% 2025,27/03/2025, , , , , ,REDEMPTION               
SG,688TS25,SDL TS 6.88% 2025,27/03/2025, , , , , ,REDEMPTION               
SG,669MP25,SDL MP 6.69% 2025,13/03/2025, , , , , ,REDEMPTION               
SG,588GJ25,SDL GJ 5.88% 2025,27/03/2025, , , , , ,REDEMPTION               
U1,865IHFL27,IIFL Home Finance Limited,14/03/2025, , ,13/03/2025, , ,INTEREST PAYMENT         
U1,1025SCL34Z,Sammaan Capital Limited,12/03/2025, , ,12/03/2025, , ,INTEREST PAYMENT         
U1,925SCL26W,Sammaan Capital Limited,12/03/2025, , ,12/03/2025, , ,INTEREST PAYMENT         
U1,888SCL26X,Sammaan Capital Limited,12/03/2025, , ,12/03/2025, , ,INTEREST PAYMENT         
U1,948SCL27R,Sammaan Capital Limited,12/03/2025, , ,12/03/2025, , ,INTEREST PAYMENT         
U1,971SCL29T,Sammaan Capital Limited,12/03/2025, , ,12/03/2025, , ,INTEREST PAYMENT         
U1,89IHFL29,IIFL Home Finance Limited,14/03/2025, , ,13/03/2025, , ,INTEREST PAYMENT         
U1,1003SCL31P,Sammaan Capital Limited,12/03/2025, , ,12/03/2025, , ,INTEREST PAYMENT         
U2,SHFL,SHFL 7.95% 2034 Sr 339,12/03/2025, , ,12/03/2025, , ,INTEREST PAYMENT         
U3,IBULHSG,Sec Re NCD 9.80% Sr XII,11/03/2025, , ,11/03/2025, , ,INTEREST PAYMENT         
U3,SIDBI,SIDBI 7.68% 2027 Sr IX,11/03/2025, , ,11/03/2025, , ,INTEREST PAYMENT         
U5,IIHFL,Unsec Re NCD 9.60% Sr.II,14/03/2025, , ,13/03/2025, , ,INTEREST PAYMENT         
U5,IBULHSG,Sec Re NCD 9.25% Sr II,11/03/2025, , ,11/03/2025, , ,INTEREST PAYMENT         
U7,UGROCAP,Sec Red NCD 10.50% Sr.III,11/03/2025, , ,11/03/2025, , ,INTEREST PAYMENT         
U8,IBULHSG,Sec Re NCD 9.02% Sr V,11/03/2025, , ,11/03/2025, , ,INTEREST PAYMENT         
U8,UGROCAP,Sec Re NCD 10.25% Sr I,12/03/2025, , ,12/03/2025, , ,INTEREST PAYMENT         
U9,IIHFL,Sec Re NCD 8.20% Sr.III,14/03/2025, , ,13/03/2025, , ,INTEREST PAYMENT         
U9,IBULHSG,Sec Re NCD 9.48% Sr V,11/03/2025, , ,11/03/2025, , ,INTEREST PAYMENT         
UC,IIHFL,Sec Re NCD 8.43% Sr.VI,14/03/2025, , ,13/03/2025, , ,INTEREST PAYMENT         
UC,IREDA,IREDA 7.59% 2034 Sr XV H,11/03/2025, , ,11/03/2025, , ,INTEREST PAYMENT         
UC,IBULHSG,Sec Re NCD 9.57% Sr X,11/03/2025, , ,11/03/2025, , ,INTEREST PAYMENT         
UD,IBULHSG,Sec Re NCD 10.03% Sr X,11/03/2025, , ,11/03/2025, , ,INTEREST PAYMENT         
UL,MUTHOOTFIN,MFL Repo Rate Link 2027,11/03/2025, , ,11/03/2025, , ,INTEREST PAYMENT         
Y3,IBULHSG,Sec Re NCD 9.25% Sr II,12/03/2025, , ,12/03/2025, , ,INTEREST PAYMENT         
YD,IBULHSG,Sec Re NCD 9.25% Sr VIII,12/03/2025, , ,12/03/2025, , ,INTEREST PAYMENT         
YG,IBULHSG,Sec Re NCD 9.71% Sr VIII,12/03/2025, , ,12/03/2025, , ,INTEREST PAYMENT         
YM,IBULHSG,Sec Re NCD 10.25% Sr XII,12/03/2025, , ,12/03/2025, , ,INTEREST PAYMENT         
YO,SAMMAANCAP,Sec Re NCD 8.20% Sr.VI,13/03/2025, , ,13/03/2025, , ,INTEREST PAYMENT         
YP,SAMMAANCAP,Sec Re NCD 8.66% Sr.VI,13/03/2025, , ,13/03/2025, , ,INTEREST PAYMENT         
YQ,IBULHSG,Sec Re NCD 9.25% Sr II,11/03/2025, , ,11/03/2025, , ,INTEREST PAYMENT         
YS,IBULHSG,Sec Re NCD 9.4% Sr IV,11/03/2025, , ,11/03/2025, , ,INTEREST PAYMENT         
YS,SAMMAANCAP,Sec Re NCD 8.43% Sr.VIII,13/03/2025, , ,13/03/2025, , ,INTEREST PAYMENT         
YT,SAMMAANCAP,Sec Re NCD 8.89% Sr.VIII,13/03/2025, , ,13/03/2025, , ,INTEREST PAYMENT         
YU,IBULHSG,Sec Re NCD 9.02% Sr V,11/03/2025, , ,11/03/2025, , ,INTEREST PAYMENT         
YV,IBULHSG,Sec Re NCD 9.48% Sr V,11/03/2025, , ,11/03/2025, , ,INTEREST PAYMENT         
YZ,IBULHSG,Sec Re NCD 9.25% Sr VIII,11/03/2025, , ,11/03/2025, , ,INTEREST PAYMENT         
Z4,SAMMAANCAP,Sec Red NCD Sr. II,13/03/2025, , ,13/03/2025, , ,INTEREST PAYMENT         
Z5,SAMMAANCAP,Sec Red NCD 8.75% Sr. III,13/03/2025, , ,13/03/2025, , ,INTEREST PAYMENT         
Z8,SAMMAANCAP,Sec Red NCD 8.65% Sr. V,13/03/2025, , ,13/03/2025, , ,INTEREST PAYMENT         
Z9,SAMMAANCAP,Sec Red NCD 8.85% Sr. VI,13/03/2025, , ,13/03/2025, , ,INTEREST PAYMENT         

