SYMBOL,SERIES,SECURITY,HIGH/LOW,INDEX FLAG
21STCENMGM,BE,21ST CENTURY MGMT SERVICE,H
AGARWALFT,ST,AGARWAL FLOAT GLASS I LTD,H
ALPSINDUS,BE,ALPS INDUSTRIES LTD.,H
ANKITMETAL,BZ,ANKIT MET & POW LTD,H
ANTGRAPHIC,EQ,ANTARCTICA LTD,H
ARSSINFRA,BE,ARSS INFRA PROJ. LTD,H
ASTRON,EQ,ASTRON PAPER BORD MIL LTD,H
AXISCADES,BE,AXISCADES TECH LTD,H
BLUECHIP,BE,BLUE CHIP INDIA LIMITED,H
CALSOFT,BE,CALIFORNIA SOFTWARE CO LT,H
CALSOFTPP,X1,CALSOFT RS.2.50 PPD UP,H
CMMIPL,SZ,CMM INFRAPROJECTS LIMITED,H
CPS,ST,C P S SHAPERS LIMITED,H
DHRUV,BE,DHRUV CONSULTANCY SER LTD,H
ENSER,ST,ENSER COMMUNICATIONS LTD,H
ESCONET,ST,ESCONET TECHNOLOGIES LTD,H
FEL,BZ,FUTURE ENTERPRISES LTD,H
FELDVR,BE,FUTURE ENTERPRISES LTD,H
FICRF3GP,MF,FRANTEMAMC - FICRF3GP,H
FSC,BZ,FUTURE SUPP CHAIN SOL LTD,H
GAJANAND,ST,GAJANAND INTERNATIONAL L,H
GATECH,EQ,GACM TECHNOLOGIES LIMITED,H
GAYAHWS,BE,GAYATRI HIGHWAYS LIMITED,H
GIRIRAJ,ST,GIRIRAJ CIVIL DEVP LTD,H
GOENKA,BZ,GOENKA DIAMOND&JEWELS LTD,H
GRETEX,ST,GRETEX INDUSTRIES LTD.,H
HBSL,EQ,HB STOCKHOLDINGS LIMITED,H
HEADSUP,BE,HEADS UP VENTURES LIMITED,H
INFOMEDIA,BE,INFOMEDIA PRESS LIMITED,H
ITALIANE,SM,ITALIAN EDIBLES LIMITED,H
LAL,BE,LORENZINI APPARELS LTD,H
LATTEYS,BE,LATTEYS INDUSTRIES LTD,H
LCCINFOTEC,BE,LCC INFOTECH LTD,H
MAKS,ST,MAKS ENERGY SOL INDIA LTD,H
MASKINVEST,BE,MASK INVESTMENTS LIMITED,H
MFML,BE,MAHALAXMI FABRIC MILLS LT,H
MONOPHARMA,SM,MONO PHARMACARE LIMITED,H
MTEDUCARE,BE,MT EDUCARE LTD,H
NEPHROCARE,SM,NEPHRO CARE INDIA LIMITED,H
NITIRAJ,EQ,NITIRAJ ENGINEERS LTD,H
OILCOUNTUB,EQ,OIL COUNTRY TUBULAR LTD,H
OMKARCHEM,BZ,OMKAR SPL CHEM LTD,H
ONYX,ST,ONYX BIOTEC LIMITED,H
PASUPTAC,EQ,PASUPATI ACRYLON LIMITED,H
PERFECT,ST,PERFECT INFRAENGINEER LTD,H
POLYSIL,ST,POLYSIL IRRIGATION SYST L,H
RADAAN,BE,RADAAN MEDIAWORKS (I) LTD,H
RAJRILTD,BE,RAJ RAYON INDUSTRIES LTD,H
RHFL,BE,RELIANCE HOME FINANCE LTD,H
SANWARIA,BZ,SANWARIA CONSUMER LIMITED,H
SELMC,EQ,SEL MANUFACTURING CO LTD,H
SETUINFRA,BZ,SETUBANDHAN INFRA LTD,H
SHANTHALA,ST,SHANTHALA FMCG PRODUCTS L,H
SHANTI,EQ,SHANTI OVERSEAS INDIA LTD,H
SIMBHALS,BE,SIMBHAOLI SUGARS LTD.,H
SITINET,BZ,SITI NETWORKS LIMITED,H
SOTAC,SM,SOTAC PHARMACEUTICALS LTD,H
SPCENET,BE,SPACENET ENTERS IND LTD,H
SPRL,SM,SP REFRACTORIES LIMITED,H
SRM,BE,SRM CONTRACTORS LIMITED,H
SRPL,BZ,SHREE RAM PROTEINS LTD.,H
SUMIT,EQ,SUMIT WOODS LIMITED,H
SUULD,BZ,SUUMAYA INDUSTRIES LTD,H
SVLL,EQ,SHREE VASU LOGISTICS LTD,H
TECHLABS,ST,TRIDENT TECHLABS LIMITED,H
UNITEDPOLY,EQ,UNITED POLYFAB GUJ. LTD.,H
VERTEXPLUS,SM,VERTEXPLUS TECHNOLOGIES L,H
VSCL,ST,VADIVARHE SPCLTY CHEM LTD,H
WINSOME,BZ,WINSOME YARNS LIMITED,H
ZTECH,ST,Z-TECH (INDIA) LIMITED,H
21STCENMGM,BE,21ST CENTURY MGMT SERVICE,L
965SCL25F,NZ,SEC RE NCD 10.25% SR XII,L
A2ZINFRA,BE,A2Z INFRA ENGINEERING LTD,L
AARTECH,BE,AARTECH SOLONICS LIMITED,L
ABSMARINE,ST,ABS MARINE SERVICES LTD,L
ACMESOLAR,EQ,ACME SOLAR HOLDINGS LTD,L
AGNI,ST,AGNI GREEN POWER LTD,L
AGSTRA,BE,AGS TRANSACT TECH LTD,L
AISL,SM,ANI INTEGRATED SERV LTD.,L
AKI,BE,AKI INDIA LIMITED,L
ALMONDZ,EQ,ALMONDZ GLOBAL SEC LTD,L
ANSALAPI,BZ,ANSAL PROP & INFRA LTD,L
APRAMEYA,ST,APRAMEYA ENGINEERING LTD,L
ATLASCYCLE,BE,ATLAS CYCLE (HARYANA) LTD,L
AVG,BE,AVG LOGISTICS LIMITED,L
AVONMORE,BE,AVONMORE CAP&MGT SERV LTD,L
AVPINFRA,ST,AVP INFRACON LIMITED,L
BAGFILMS,BE,B.A.G FILMS AND MEDIA LTD,L
BBOX,EQ,BLACK BOX LIMITED,L
BESTAGRO,BE,BEST AGROLIFE LIMITED,L
BGRENERGY,BE,BGR ENERGY SYSTEMS LTD,L
BIL,BE,BHARTIYA INETRNATIONAL LT,L
BIRLAMONEY,BE,ADITYA BIRLA MONEY LTD,L
BLACKBUCK,EQ,ZINKA LOGISTICS SOL LTD,L
BLUECHIP,BE,BLUE CHIP INDIA LIMITED,L
C2C,ST,C2C ADVANCED SYSTEMS LTD,L
CALSOFTPP,X1,CALSOFT RS.2.50 PPD UP,L
CEREBRAINT,BZ,CEREBRA INT TECH LTD,L
CMMIPL,SZ,CMM INFRAPROJECTS LIMITED,L
COFFEEDAY,BE,COFFEE DAY ENTERPRISE LTD,L
COMMITTED,ST,COMMITTED CARGO CARE LTD,L
COMPINFO,BZ,COMPUAGE INFOCOM LTD,L
CONTI,ST,CONTINENTAL SEED CHEM LTD,L
CTE,EQ,CAMBRIDGE TECH ENTER LTD,L
CYBERMEDIA,BE,CYBER MEDIA (INDIA) LTD.,L
DELPHIFX,BE,DELPHI WORLD MONEY LTD,L
DHTL,SM,DOCMODE HEALTH TECH LTD,L
DIACABS,BE,DIAMOND POWER INFRA LTD,L
DYNAMIC,ST,DYNAMIC SRVCS & SEC LTD,L
E2E,EQ,E2E NETWORKS LIMITED,L
ELGIRUBCO,BE,ELGI RUBBER CO. LTD,L
EMAMIREAL,BE,EMAMI REALTY LIMITED,L
ENFUSE,SM,ENFUSE SOLUTIONS LIMITED,L
ENSER,ST,ENSER COMMUNICATIONS LTD,L
ESCONET,ST,ESCONET TECHNOLOGIES LTD,L
ESSARSHPNG,BE,ESSAR SHIPPING LTD,L
EVERESTIND,BE,EVEREST INDUSTRIES LTD,L
FELDVR,BE,FUTURE ENTERPRISES LTD,L
FELIX,SM,FELIX INDUSTRIES LTD.,L
FLEXITUFF,BE,FLEXITUFF VENTURES INT L,L
FLFL,BZ,FUT LIFESTYLE FASH LTD,L
FRESHARA,ST,FRESHARA AGRO EXPORTS LTD,L
GAJANAND,ST,GAJANAND INTERNATIONAL L,L
GANGAFORGE,EQ,GANGA FORGING LIMITED,L
GAYAHWS,BE,GAYATRI HIGHWAYS LIMITED,L
GAYAPROJ,BZ,GAYATRI PROJECTS LTD,L
GENSOL,EQ,GENSOL ENGINEERING LTD,L
GGBL,ST,GANESH GREEN BHARAT LTD,L
GLOBALE,BE,GLOBALE TESSILE LIMITED,L
GLOBE,EQ,GLOBE TEXTILES (I) LTD.,L
GODAVARIB,BE,GODAVARI BIOREFINERIES L,L
GODHA,BE,GODHA CABCON INSULAT LTD,L
GOLDENTOBC,BZ,GOLDEN TOBACCO LIMITED,L
GRAPHISAD,SM,GRAPHISADS LIMITED,L
GSMFOILS,ST,GSM FOILS LIMITED,L
GSTL,ST,GLOBESECURE TECHNO LTD,L
GTECJAINX,BE,G-TEC JAINX EDUCATION LTD,L
GUJRAFFIA,BE,GUJARAT RAFFIA INDUST LTD,L
GVKPIL,BE,GVK POW. & INFRA LTD.,L
GVPTECH,EQ,GVP INFOTECH LIMITED,L
HARDWYN,BE,HARDWYN INDIA LIMITED,L
HERANBA,BE,HERANBA INDUSTRIES LTD,L
HERCULES,EQ,HERCULES HOI. LTD.,L
HINDCON,BE,HINDCON CHEMICALS LIMITED,L
HOMESFY,SM,HOMESFY REALTY LIMITED,L
HUBTOWN,EQ,HUBTOWN LIMITED,L
IGIL,EQ,INTERNATIO GEMM INS (I) L,L
IL&FSENGG,BZ,IL&FS ENG AND CONS CO LTD,L
INDOTECH,EQ,INDO TECH TRANSFORM LTD.,L
INDOUS,BE,INDO US BIOTECH LTD,L
ISHAN,SM,ISHAN INTERNATIONAL LTD,L
IZMO,BE,IZMO LIMITED,L
JAICORPLTD,EQ,JAI CORP LIMITED,L
JETFREIGHT,BE,JET FREIGHT LOGISTICS LTD,L
JITFINFRA,BE,JITF INFRALOGISTICS LTD,L
JPASSOCIAT,BE,JAIPRAKASH ASSOCIATES LTD,L
JSWHL,EQ,JSW HOLDINGS LIMITED,L
K2INFRA,ST,K2 INFRAGEN LIMITED,L
KALYANIFRG,BE,KALYANI FORGE LIMITED,L
KAMOPAINTS,BE,KAMDHENU VENTURES LIMITED,L
KANDARP,SM,KANDARP DG SMART BPO LTD,L
KAVVERITEL,BE,KAVVERI TEL. LTD.,L
KCEIL,ST,KAY CEE ENERGY & INFRA L,L
KDL,ST,KORE DIGITAL LIMITED,L
KEEPLEARN,BE,DSJ KEEP LEARNING LTD,L
KERNEX,BE,KERNEX MICROSYS(I) LTD,L
KESORAMIND,BE,KESORAM INDUSTRIES LTD,L
KITEX,EQ,KITEX GARMENTS LTD,L
KONTOR,SM,KONTOR SPACE LIMITED,L
KORE,ST,JAY JALARAM TECHNO LTD,L
KOTHARIPRO,BE,KOTHARI PRODUCTS,L
KOTYARK,ST,KOTYARK INDUSTRIES LTD,L
KRITI,EQ,KRITI INDUSTRIES IND LTD,L
KRITIKA,BE,KRITIKA WIRES LIMITED,L
KSHITIJPOL,BE,KSHITIJ POLYLINE LIMITED,L
KTL,ST,KALAHRIDHAAN TRENDZ LTD,L
LAKPRE,BZ,LAKSHMI PRE SCRE LTD,L
LAWSIKHO,ST,ADDICTIVE LEARNING TECH L,L
LPDC,BE,LANDMARK PR.DEV.CO.LTD,L
LRRPL,ST,LEAD REC AND RUB PROD LTD,L
MACPOWER,BE,MACPOWER CNC MACHINES LTD,L
MAITREYA,SM,MAITREYA MEDICARE LIMITED,L
MANAKCOAT,BE,MAN COAT METAL & IND LTD,L
MARINE,BE,MARINE ELECTRICAL (I) LTD,L
MARINETRAN,ST,MARINETRANS INDIA LIMITED,L
MCLEODRUSS,BE,MCLEOD RUSSEL INDIA LTD.,L
MEGASOFT,BE,MEGASOFT LTD,L
MEP,BZ,MEP INFRA. DEVELOPERS LTD,L
MFML,BE,MAHALAXMI FABRIC MILLS LT,L
MICEL,EQ,MIC ELECTRONICS LTD,L
MIEL,ST,MANGLAM INFRA & ENG LTD,L
MODTHREAD,EQ,MODERN THREADS INDIA LTD,L
MPTODAY,SM,M P TODAY MEDIA LIMITED,L
MTEDUCARE,BE,MT EDUCARE LTD,L
NAMAN,ST,NAMAN IN-STORE (INDIA) L,L
NECLIFE,EQ,NECTAR LIFESCIENCES LTD.,L
NEPHROCARE,SM,NEPHRO CARE INDIA LIMITED,L
NEWJAISA,ST,NEWJAISA TECHNOLOGIES LTD,L
NILASPACES,BE,NILA SPACES LIMITED,L
NITCO,BE,NITCO LIMITED,L
NMSTEEL,ST,NEWMALAYALAM STEEL LTD,L
ODIGMA,BE,ODIGMA CONSULTANCY SOL L,L
ONDOOR,ST,ON DOOR CONCEPTS LIMITED,L
ONELIFECAP,BE,ONELIFE CAP ADVISORS LTD,L
OPTIEMUS,EQ,OPTIEMUS INFRACOM LTD,L
ORBTEXP,BE,ORBIT EXPORTS LIMITED,L
ORCHPHARMA,EQ,ORCHID PHARMA LIMITED,L
ORIANA,SM,ORIANA POWER LIMITED,L
OSELDEVICE,ST,OSEL DEVICES LIMITED,L
OSIAHYPER,EQ,OSIA HYPER RETAIL LIMITED,L
PANACHE,BE,PANACHE DIGILIFE LIMITED,L
PARASPETRO,EQ,PARAS PETROFILS LTD.,L
PARSVNATH,BE,PARSVNATH DEVELOPER LTD,L
PATTECH,SM,PATTECH FITWELL TUB COM L,L
PERFECT,ST,PERFECT INFRAENGINEER LTD,L
PIGL,BE,POWER INSTRUMENT (G) LTD,L
PREMIER,BE,PREMIER LIMITED,L
PRITIKA,ST,PRITIKA ENG COMPO LTD,L
PRIZOR,SM,PRIZOR VIZTECH LIMITED,L
QUESTLAB,ST,QUEST LABORATORIES LTD,L
QVCEL,ST,QVC EXPORTS LIMITED,L
RAJRILTD,BE,RAJ RAYON INDUSTRIES LTD,L
RAMANEWS,BE,SHREE RAMA NEWSPRINT LTD,L
RBMINFRA,ST,RBM INFRACON LIMITED,L
REFRACTORY,ST,REFRACTORY SHAPES LIMITED,L
REPL,BE,RUDRABHISHEK ENTERP LTD,L
REXPIPES,SM,REX PIPES AND CABLES LTD,L
RKEC,EQ,RKEC PROJECTS LIMITED,L
RNFI,ST,RNFI SERVICES LIMITED,L
ROLLT,BE,ROLLATAINERS LIMITED,L
ROLTA,BZ,ROLTA INDIA LTD,L
ROSSELLIND,BE,ROSSELL INDIA LIMITED,L
RPPINFRA,BE,R.P.P INFRA PROJECTS LTD.,L
RSSOFTWARE,BE,R. S. SOFTWARE (INDIA) LI,L
SADBHAV,BE,SADBHAV ENGINEERING LTD,L
SADHNANIQ,BE,SADHANA NITROCHEM LIMITED,L
SAHANA,ST,SAHANA SYSTEM LIMITED,L
SAHASRA,ST,SAHASRA ELECTRONIC SOLU L,L
SAJHOTELS,ST,SAJ HOTELS LIMITED,L
SANCO,BZ,SANCO INDUSTRIES LIMITED,L
SANWARIA,BZ,SANWARIA CONSUMER LIMITED,L
SATECH,ST,S A TECH SOFTWARE INDIA L,L
SBGLP,BE,SURATWWALA BUS GROUP LTD,L
SEL,ST,SUNGARNER ENERGIES LTD,L
SELMC,EQ,SEL MANUFACTURING CO LTD,L
SETCO,BE,SETCO AUTOMOTIVE LTD,L
SETUINFRA,BZ,SETUBANDHAN INFRA LTD,L
SEYAIND,BE,SEYA INDUSTRIES LIMITED,L
SGIL,BE,SYNERGY GREEN IND. LTD,L
SHAKTIPUMP,BE,SHAKTI PUMPS (I) LTD,L
SHANTHALA,ST,SHANTHALA FMCG PRODUCTS L,L
SHEKHAWATI,BE,SHEKHAWATI INDUSTRIES LTD,L
SHRADHA,BE,SHRADHA INFRAPROJECTS LTD,L
SHUBHLAXMI,SM,SHUBHLAXMI JEWEL ART LTD,L
SIGNORIA,ST,SIGNORIA CREATION LIMITED,L
SIGNPOST,BE,SIGNPOST INDIA LIMITED,L
SITINET,BZ,SITI NETWORKS LIMITED,L
SONUINFRA,ST,SONU INFRATECH LIMITED,L
SPCENET,BE,SPACENET ENTERS IND LTD,L
SPCL,ST,SHIVALIC POWER CONTROL L,L
SPMLINFRA,BE,SPML INFRA LIMITED,L
SRPL,BZ,SHREE RAM PROTEINS LTD.,L
SVPGLOB,BE,SVP GLOBAL TEXTILES LTD,L
SWELECTES,BE,SWELECT ENERGY SYS LTD,L
TAC,ST,TAC INFOSEC LIMITED,L
TAKE,BZ,TAKE SOLUTIONS LTD,L
TBI,SM,TBI CORN LIMITED,L
TCIFINANCE,BE,TCIFINANCELTD-ROLL SETT,L
TERASOFT,BE,TERA SOFTWARE LIMITED,L
TGL,ST,TEERTH GOPICON LIMITED,L
TIJARIA,BE,TIJARIA POLYPIPES LTD,L
TIRUPATI,SM,SHREE TIRUPATI BALAJEE,L
TIRUPATIFL,BE,TIRUPATI FORGE LIMITED,L
TOUCHWOOD,BE,TOUCHWOOD ENTERTAIN LTD.,L
TPHQ,BE,TEAMO PRODUCTIONS HQ LTD,L
TRU,BE,TRUCAP FINANCE LIMITED,L
UNITECH,BZ,UNITECH LIMITED,L
URBAN,SM,URBAN ENVIRO WASTE MGMT L,L
URJA,BE,URJA GLOBAL LIMITED,L
V2RETAIL,BE,V2 RETAIL LIMITED,L
VELS,ST,VELS FILM INTERNATIONAL L,L
VERTEXPLUS,SM,VERTEXPLUS TECHNOLOGIES L,L
VERTOZ,BE,VERTOZ LIMITED,L
VIPULLTD,BE,VIPUL LIMITED,L
VISASTEEL,BE,VISA STEEL LIMITED,L
VIVIANA,ST,VIVIANA POWER TECH LTD,L
VLEGOV,BE,VL E GOV AND IT SOL LTD,L
VMARCIND,ST,V MARC INDIA LIMITED,L
WALCHANNAG,EQ,WALCHANDNAGAR INDUSTRIES,L
WEBELSOLAR,BE,WEBSOL ENERGY SYSTEM LTD,L
WEWIN,BE,WE WIN LIMITED,L
WINSOME,BZ,WINSOME YARNS LIMITED,L
WTICAB,ST,WISE TRAVEL INDIA LIMITED,L
YAARI,BE,YAARI DIGI INT SER LTD,L
YUDIZ,SM,YUDIZ SOLUTIONS LIMITED,L
ZAGGLE,EQ,ZAGGLE PREPA OCEAN SER L,L
ZEELEARN,EQ,ZEE LEARN LIMITED,L
ZENITHEXPO,BE,ZENITH EXPORTS LTD,L
ZTECH,ST,Z-TECH (INDIA) LIMITED,L
