GAIN_LOSS,SECURITY,CLOSE_PRIC,PREV_CL_PR,PERCENT_CG
 ,Nifty 50 Sec., , , 
 , , , , 
G,TRENT LTD,      4995.45,      4799.70,4.08
G,BHARAT PETROLEUM CORP  LT,       264.58,       256.93,2.98
G,SUN PHARMACEUTICAL IND L,      1655.30,      1611.50,2.72
G,ICICI BANK LTD.,      1245.40,      1214.85,2.51
G,SHRIRAM FINANCE LIMITED,       638.25,       625.60,2.02
G,BHARTI AIRTEL LIMITED,      1662.95,      1630.95,1.96
G,HERO MOTOCORP LIMITED,      3650.65,      3582.85,1.89
G,BHARAT ELECTRONICS LTD,       277.18,       272.33,1.78
G,HDFC LIFE INS CO LTD,       636.95,       625.90,1.77
G,OIL AND NATURAL GAS CORP.,       226.72,       223.19,1.58
G,BAJAJ AUTO LIMITED,      7499.95,      7383.40,1.58
G,GRASIM INDUSTRIES LTD,      2413.55,      2383.95,1.24
G,HCL TECHNOLOGIES LTD,      1567.85,      1549.30,1.2
G,COAL INDIA LTD,       379.05,       375.15,1.04
G,ADANI ENTERPRISES LIMITED,      2250.60,      2228.30,1
G,HINDALCO  INDUSTRIES  LTD,       695.50,       689.15,.92
G,RELIANCE INDUSTRIES LTD,      1247.30,      1238.40,.72
G,KOTAK MAHINDRA BANK LTD,      1935.20,      1921.75,.7
G,TITAN COMPANY LIMITED,      3046.40,      3026.80,.65
G,LARSEN & TOUBRO LTD.,      3195.45,      3177.70,.56
G,MARUTI SUZUKI INDIA LTD.,     11646.95,     11586.05,.53
G,BRITANNIA INDUSTRIES LTD,      4762.05,      4737.70,.51
G,JSW STEEL LIMITED,      1018.65,      1013.50,.51
G,ASIAN PAINTS LIMITED,      2287.40,      2278.60,.39
G,ITC LTD,       406.20,       405.00,.3
G,NTPC LTD,       330.30,       329.40,.27
G,TATA CONSUMER PRODUCT LTD,       959.85,       957.30,.27
G,NESTLE INDIA LIMITED,      2251.40,      2248.40,.13
G,STATE BANK OF INDIA,       729.85,       728.90,.13
 , , , , 
L,INDUSIND BANK LIMITED,       655.95,       900.50,-27.16
L,INFOSYS LIMITED,      1661.60,      1701.45,-2.34
L,MAHINDRA & MAHINDRA LTD,      2645.60,      2702.60,-2.11
L,BAJAJ FINSERV LTD.,      1805.40,      1840.35,-1.9
L,POWER GRID CORP. LTD.,       267.30,       271.30,-1.47
L,HINDUSTAN UNILEVER LTD.,      2216.95,      2247.75,-1.37
L,CIPLA LTD,      1445.75,      1462.75,-1.16
L,WIPRO LTD,       277.75,       280.90,-1.12
L,AXIS BANK LIMITED,      1025.65,      1035.85,-0.98
L,ULTRATECH CEMENT LIMITED,     10439.25,     10520.10,-0.77
L,ADANI PORT & SEZ LTD,      1135.00,      1142.90,-0.69
L,TECH MAHINDRA LIMITED,      1479.20,      1486.85,-0.51
L,TATA CONSULTANCY SERV LT,      3575.30,      3589.65,-0.4
L,DR. REDDY S LABORATORIES,      1116.65,      1120.20,-0.32
L,APOLLO HOSPITALS ENTER. L,      6134.80,      6149.60,-0.24
L,TATA STEEL LIMITED,       150.75,       151.05,-0.2
L,SBI LIFE INSURANCE CO LTD,      1417.25,      1419.45,-0.15
L,HDFC BANK LTD,      1685.50,      1687.50,-0.12
L,EICHER MOTORS LTD,      4985.55,      4990.55,-0.1
L,BAJAJ FINANCE LIMITED,      8340.45,      8342.60,-0.03
L,TATA MOTORS LIMITED,       648.05,       648.15,-0.02
 , , , , 
 ,Nifty Next 50 Sec., , , 
 , , , , 
G,MACROTECH DEVELOPERS LTD,      1132.35,      1075.70,5.27
G,DLF LIMITED,       674.10,       647.10,4.17
G,INDIAN OIL CORP LTD,       124.82,       121.59,2.66
G,REC LIMITED,       402.60,       394.20,2.13
G,CHOLAMANDALAM IN & FIN CO,      1448.75,      1419.55,2.06
G,JSW ENERGY LIMITED,       513.75,       505.35,1.66
G,INFO EDGE (I) LTD,      6697.10,      6588.10,1.65
G,TVS MOTOR COMPANY  LTD,      2288.85,      2257.25,1.4
G,POWER FIN CORP LTD.,       399.40,       394.25,1.31
G,HINDUSTAN AERONAUTICS LTD,      3459.85,      3417.90,1.23
G,AMBUJA CEMENTS LTD,       495.55,       489.60,1.22
G,GAIL (INDIA) LTD,       156.78,       155.14,1.06
G,BHEL,       194.12,       192.11,1.05
G,NHPC LTD,        76.58,        75.80,1.03
G,ADANI POWER LTD,       510.15,       505.05,1.01
G,CANARA BANK,        83.28,        82.49,0.96
G,VEDANTA LIMITED,       441.55,       437.40,0.95
G,DABUR INDIA LTD,       497.55,       493.35,0.85
G,AVENUE SUPERMARTS LIMITED,      3631.65,      3603.75,0.77
G,ZYDUS LIFESCIENCES LTD,       899.85,       893.70,0.69
G,VARUN BEVERAGES LIMITED,       485.20,       481.90,0.68
G,BOSCH LIMITED,     26982.55,     26799.35,0.68
G,UNION BANK OF INDIA,       114.85,       114.18,0.59
G,DIVI S LABORATORIES LTD,      5546.25,      5514.25,0.58
G,INTERGLOBE AVIATION LTD,      4651.45,      4627.55,0.52
G,UNITED SPIRITS LIMITED,      1319.85,      1313.10,0.51
G,JIO FIN SERVICES LTD,       217.56,       216.50,0.49
G,LIFE INSURA CORP OF INDIA,       754.25,       752.05,0.29
G,ICICI PRU LIFE INS CO LTD,       546.15,       544.65,0.28
G,ADANI ENERGY SOLUTION LTD,       761.05,       759.10,0.26
 , , , , 
L,BAJAJ HOLDINGS & INVS LTD,     11384.55,     11637.20,-2.17
L,ZOMATO LIMITED,       208.07,       211.28,-1.52
L,ADANI TOTAL GAS LIMITED,       597.20,       605.75,-1.41
L,SAMVRDHNA MTHRSN INTL LTD,       124.56,       125.80,-0.99
L,BANK OF BARODA,       202.56,       204.03,-0.72
L,SIEMENS LTD,      4942.05,      4974.55,-0.65
L,ABB INDIA LIMITED,      5129.30,      5160.30,-0.6
L,PUNJAB NATIONAL BANK,        88.17,        88.60,-0.49
L,GODREJ CONSUMER PRODUCTS,      1039.15,      1044.00,-0.46
L,TORRENT PHARMACEUTICALS L,      3057.95,      3071.10,-0.43
L,INDIAN RAILWAY FIN CORP L,       119.30,       119.75,-0.38
L,PIDILITE INDUSTRIES LTD,      2722.30,      2732.50,-0.37
L,LTIMINDTREE LIMITED,      4654.45,      4670.95,-0.35
L,ADANI GREEN ENERGY LTD,       824.20,       826.05,-0.22
L,JINDAL STEEL & POWER LTD,       904.85,       905.30,-0.05
 , , , , 
 ,OTHER SECURITIES, , , 
 , , , , 
G,PASUPATI ACRYLON LIMITED,        51.16,        42.75,19.67
G,ITALIAN EDIBLES LIMITED,        36.50,        31.15,17.17
G,INDEGENE LIMITED,       577.55,       505.65,14.22
G,SEC RE NCD 10.30% SR.VII,       899.00,       791.00,13.65
G,OCCL LIMITED,        77.64,        68.92,12.65
G,THANGAMAYIL JEWELLERY LTD,      1854.85,      1649.20,12.47
G,SAR TELEVENTURE LIMITED,       219.35,       195.35,12.29
G,TRANSINDIA REAL ESTATE L,        31.12,        28.02,11.06
G,KOLTE PATIL DEV. LTD.,       317.40,       285.90,11.02
G,HINDUSTAN MEDIA VENT LTD,        82.91,        74.89,10.71
G,2.50%GOLDBONDS2026SR-IV,      9513.00,      8649.00,9.99
G,FRANTEMAMC - FICRF3GP,         4.53,         4.12,9.95
G,NITIRAJ ENGINEERS LTD,       401.55,       366.20,9.65
G,SEC RE NCD 9.71% SR VIII,       900.00,       820.83,9.65
G,JINDAL DRILLING IND. LTD,       944.75,       863.15,9.45
G,VADILAL INDUSTRIES LTD,      4906.60,      4511.75,8.75
G,TATA COMMUNICATIONS LTD,      1492.35,      1373.20,8.68
G,NDR AUTO COMPONENTS LTD,       678.20,       624.75,8.56
G,BHARTI HEXACOM LIMITED,      1449.65,      1335.55,8.54
G,MANOMAY TEX INDIA LTD,       175.11,       162.18,7.97
G,DEE DEVELOPMENT ENG LTD,       238.06,       220.88,7.78
G,KARMA ENERGY LIMITED,        56.64,        52.67,7.54
G,CHENNAI PETROLEUM CORP LT,       551.50,       513.05,7.49
G,CONSO. FIN. & HOLD. LTD.,       185.93,       173.23,7.33
G,ONE 97 COMMUNICATIONS LTD,       713.35,       665.25,7.23
G,ARCHIDPLY DECOR LIMITED,        69.14,        64.58,7.06
G,THE PHOENIX MILLS LTD,      1656.85,      1551.70,6.78
G,GRAPHITE INDIA LTD,       426.80,       400.45,6.58
G,OSWAL AGRO MILLS LTD,        65.84,        61.79,6.55
G,SILLY MONKS ENTERTAIN LTD,        18.43,        17.32,6.41
 , , , , 
L,SEC RE NCD 10.03% SR X,       825.00,      1000.00,-17.5
L,SAHAJ FASHIONS LIMITED,         9.45,        11.30,-16.37
L,TAX FREE 7.07% SR. 102,      1030.00,      1199.90,-14.16
L,SEC RE NCD 10.03% SR X,       830.20,       960.00,-13.52
L,P S RAJ STEELS LIMITED,       131.00,       149.90,-12.61
L,VDEAL SYSTEM LIMITED,       111.95,       127.50,-12.2
L,SHREE TIRUPATI BALAJEE,       859.60,       953.90,-9.89
L,HERCULES HOI. LTD.,       141.11,       155.82,-9.44
L,DHARIWALCORP LIMITED,        91.25,       100.50,-9.2
L,PRECISION METALIKS LTD,        27.20,        29.95,-9.18
L,SEC RE NCD 10.25% SR XII,       837.85,       920.00,-8.93
L,RITE ZONE CHEMCON IND LTD,        25.10,        27.50,-8.73
L,GVP INFOTECH LIMITED,         8.20,         8.98,-8.69
L,HI-TECH PIPES LIMITED,        98.84,       108.23,-8.68
L,THINKING HATS ENTER SOL L,        28.20,        30.80,-8.44
L,E FACTOR EXPERIENCES LTD,       147.70,       161.00,-8.26
L,GEOJIT FINANCIAL SER L,        67.06,        73.04,-8.19
L,GINNI FILAMENTS LTD,        20.88,        22.74,-8.18
L,SE RE NCD 9.35% SR.V OP2,      1056.00,      1150.00,-8.17
L,UNSEC RED NCD 10.5% SR.VI,       920.00,       999.00,-7.91
L,MADHAV MARBLE & GRANITE,        42.81,        46.39,-7.72
L,SHIVALIK RASAYAN LIMITED,       588.65,       637.55,-7.67
L,SATI POLY PLAST LIMITED,       103.00,       111.50,-7.62
L,NEELAM LINENS & GAR (I) L,        25.70,        27.80,-7.55
L,SEC RE NCD 9.48% SR V,       900.00,       970.00,-7.22
L,NUVAMA WEALTH MANAGE LTD,      5131.40,      5529.65,-7.2
L,SERENCD8.84%SRVICIII&IV,       930.00,      1000.00,-7
L,CELEBRITY FASHIONS LTD,        10.93,        11.74,-6.9
L,EXCELLENT WIRES N PACK L,        49.00,        52.60,-6.84
L,ARISTO BIO T AND LIFESC L,        91.30,        98.00,-6.84
