SECURITY,NEW,PREVIOUS,NEW_STATUS
AXISCADES TECH LTD,902.9,859.95,H
SEC RE NCD 8.5% SR.III,1025.8,1023.6,H
GOI TBILL 364D-16/10/25,96.15,95.59,H
GOI TBILL 182D-31/07/25,97.46,97.45,H
GOI TBILL 364D-12/02/26,94.3,94.28,H
GOI TBILL 91D-17/04/25,99.4,99.39,H
ONECLICK LOGISTICS IND L,171,168,H
SEC RE NCD 9.90% SR VII,1058.99,1056,H
TAX FREE7.60% SR.IIB,1167,1165,H
GOI TBILL 364D-22/01/26,94.53,94.51,H
SP REFRACTORIES LIMITED,139.2,136.8,H
GOI TBILL 364D-15/01/26,94.74,94.27,H
SEC RE NCD 11% SR.V,1087.75,1084.75,H
CALSOFT RS.2.50 PPD UP,4.86,4.63,H
GOI TBILL 182D-07/08/25,97.38,97.36,H
NITIRAJ ENGINEERS LTD,402.8,366.4,H
BLUE COAST HOTELS LIMITED,50.47,49.49,H
GOI TBILL 364D-08/01/26,94.15,94.07,H
MOHIT INDUSTRIES LTD,29.84,7.5,H
ANZEN IND ENE YLD PLU TRU,105.32,105.23,H
SEC RE NCD SR.V,1274.9,1273.41,H
GOI TBILL 364D-08/05/25,98.8,98.28,H
JSW HOLDINGS LIMITED,20800,20391.2,H
STEELCAST LIMITED,1022.9,999.9,H
FRANTEMAMC - FICRF3GP,4.53,4.12,H
COMMITTED CARGO CARE LTD,194.5,137.3,H
KARNIKA INDUSTRIES LTD,648.95,635,H
GOI TBILL 364D-23/10/25,96.02,95.69,H
GOI TBILL 182D-10/07/25,97.79,97.77,H
KANDARP DG SMART BPO LTD,83.45,81.25,H
SEC RE NCD 8.85% SR I,1060,1056.1,H
GOI TBILL 364D-04/09/25,96.49,96.34,H
GOI TBILL 182D-17/07/25,97.67,97.51,H
GOI TBILL 182D-24/07/25,97.56,97.33,H
ENFUSE SOLUTIONS LIMITED,270,269.55,H
NGL FINE CHEM LIMITED,1225,1195.1,H
LINC LIMITED,97.23,100,L
GLOBESECURE TECHNO LTD,17.65,18.55,L
EXXARO TILES LIMITED,7.25,7.3,L
BOMBAY METRICS S C LTD,45.8,46,L
JTL INDUSTRIES LIMITED,73.99,76.61,L
VITAL CHEMTECH LIMITED,66.65,67.05,L
LAMOSAIC INDIA LIMITED,47.95,48.9,L
GVP INFOTECH LIMITED,8.08,8.53,L
IBL FINANCE LIMITED,47.2,47.7,L
SADHAV SHIPPING LIMITED,95.5,100.05,L
RAYMOND LIFESTYLE LIMITED,1027.05,1032.1,L
TROM INDUSTRIES LIMITED,148,148.3,L
ALLCARGO GATI LIMITED,56.9,58.41,L
RADIOWALLA NETWORK LTD,75.5,78.45,L
CONS. CONST. CONSORT LTD,13.63,13.85,L
CMM INFRAPROJECTS LIMITED,1.75,1.8,L
VDEAL SYSTEM LIMITED,108.05,116.2,L
MAGELLANIC CLOUD LIMITED,49.66,51.48,L
CAPITAL INFRA TRUST,88.8,90,L
ROSSELL TECHSYS LIMITED,268.55,270.15,L
INDEF MANUFACTURING LTD,222,233.7,L
QUALITY POWER ELEC EQUP L,330,336,L
GP ECO SOLUTIONS INDIA L,248.05,253.1,L
SHEELA FOAM LIMITED,696,702,L
CYBER MEDIA RES & SER LTD,72,74,L
AKI INDIA LIMITED,8.44,8.7,L
SEMAC CONSULTANTS LIMITED,332.1,338.85,L
ON DOOR CONCEPTS LIMITED,138.05,145.25,L
TECHERA ENGINEER (IND) L,133.65,136.35,L
AGS TRANSACT TECH LTD,13.91,14.65,L
DURLAX TOP SURFACE LTD,38.7,39.7,L
EXCELLENT WIRES N PACK L,49,50,L
FALCON TECHNOPROJ IND LTD,30,30.5,L
FORCAS STUDIO LIMITED,71,75,L
DOCMODE HEALTH TECH LTD,42.35,42.9,L
SEC RE NCD 9.48% SR.V,500,520,L
HP TELECOM INDIA LIMITED,110,110.5,L
HERANBA INDUSTRIES LTD,214.13,225.4,L
CUPID LIMITED,62.89,64.1,L
SALASAR TECHNO ENGG. LTD.,8.1,8.31,L
VEDANT FASHIONS LIMITED,760,780,L
UNIINFO TELECOM SERVI LTD,18.75,18.92,L
3I INFOTECH LIMITED,21.6,22.5,L
NEWJAISA TECHNOLOGIES LTD,44.55,46.1,L
KATARIA INDUSTRIES LTD,102,103,L
POPULAR VEHICLES N SER L,96.5,99.4,L
MARSHALL MACHINES LTD,16.04,16.37,L
OLA ELECTRIC MOBILITY LTD,50.67,53.25,L
RUDRABHISHEK ENTERP LTD,180.63,188.4,L
WESTERN CARRIERS (IND) L,82.99,83.58,L
INDO US BIOTECH LTD,171.07,180,L
INTERNATIO GEMM INS (I) L,296.85,312.45,L
DIVYADHAN RECYCLING IND L,40.4,41,L
MARINETRANS INDIA LIMITED,16.1,16.95,L
VOLER CAR LIMITED,80.2,83,L
RAJNANDINI METAL LIMITED,4.71,4.76,L
RITE ZONE CHEMCON IND LTD,25,25.5,L
BAID FINSERV LIMITED,9.41,9.99,L
UTKARSH SMALL FIN BANK L,21.8,22.05,L
YUDIZ SOLUTIONS LIMITED,39,40.35,L
SIGNORIA CREATION LIMITED,66.55,67,L
KONSTELEC ENGINEERS LTD,64.6,67.15,L
S A TECH SOFTWARE INDIA L,54.25,56.05,L
FLAIR WRITING INDUST LTD,194.03,200.26,L
ONE MOBIKWIK SYSTEMS LTD,261.1,261.35,L
BULKCORP INTERNATIONAL L,54,60.05,L
DRONE DESTINATION LIMITED,118.35,120.75,L
VIBHOR STEEL TUBES LTD,134.99,140,L
P N GADGIL JEWELLERS LTD,495.85,496.1,L
AVG LOGISTICS LIMITED,217,220.65,L
MEP INFRA. DEVELOPERS LTD,1.82,1.89,L
SUPREME FACILITY MGMT LTD,34.15,35.75,L
SEC RE NCD 10.40% SR.II,858,950,L
SEC RE NCD 10.15% SR VII,851,858,L
ATLANTAA LIMITED,31.44,32,L
COOL CAPS INDUSTRIES LTD,768.35,781.1,L
DCG CABLES & WIRES LTD,62.5,62.7,L
ABANS HOLDINGS LIMITED,192.32,196.25,L
NEELAM LINENS & GAR (I) L,25.5,26.65,L
P S RAJ STEELS LIMITED,123.05,138.35,L
VAKRANGEE LIMITED,12.63,12.82,L
SANGINITA CHEMICALS LTD,9.95,10.07,L
STAR HEALTH & AL INS CO L,353.15,353.6,L
DREAMFOLKS SERVICES LTD,229,236.2,L
SVP GLOBAL TEXTILES LTD,2.78,2.86,L
FUT LIFESTYLE FASH LTD,1.52,1.58,L
SHREE TIRUPATI BALAJEE L,47.36,48.27,L
SHUBHSHREE BIOFUELS ENE L,319.6,324.5,L
ENERGY MISSION MACH IND L,193,198,L
RAJPUTANA BIODIESEL LTD,219.1,229,L
BABA FOOD PROCESSING,45.5,45.7,L
APEX ECOTECH LIMITED,93.2,98,L
MANGLAM INFRA & ENG LTD,24.05,25,L
TWAMEV CONS AND INFRA LTD,34.07,35.09,L
SEC RE NCD 10.25% SR XII,736,910.2,L
DELTA AUTOCORP LIMITED,77.25,78.65,L
SURATWWALA BUS GROUP LTD,27.66,29.12,L
MAXVOLT ENERGY INDUS L,168,169,L
SPANDANA SPHOORTY FIN LTD,245.45,247,L
TRACXN TECHNOLOGIES LTD,49.76,50.46,L
GENSOL ENGINEERING LTD,290.55,305.8,L
8.75% TAX FREE TR I S IIB,1116.21,1116.3,L
BAWEJA STUDIOS LIMITED,53,54,L
SATI POLY PLAST LIMITED,100,111.5,L
ELECTRO FORCE (INDIA) LTD,37.2,37.5,L
TRUCAP FINANCE LIMITED,9.91,10.06,L
KALAHRIDHAAN TRENDZ LTD,8.5,8.95,L
DHARIWALCORP LIMITED,91,99,L
WISE TRAVEL INDIA LIMITED,133.6,140.6,L
SEC RE NCD 9.71% SR VIII,900,900.3,L
SHANTHALA FMCG PRODUCTS L,20.4,21.45,L
INDIAN EMULSIFIERS LTD,118,118.1,L
INDUS INFRA TRUST,103,106,L
SOLVE PLASTIC PRODUCTS L,30.85,33.45,L
BRACE PORT LOGISTICS LTD,77.9,79.45,L
DIGIKORE STUDIOS LIMITED,210.7,213.8,L
SIS LIMITED,295.5,300.05,L
VALIANT ORGANICS LIMITED,245.05,250,L
WE WIN LIMITED,40.08,41.05,L
SENCO GOLD LIMITED,269,274,L
SHIVALIC POWER CONTROL L,127.5,134.2,L
MUTHOOT MICROFIN LIMITED,123.65,126.41,L
NAVKAR URBANSTRUCTURE LTD,15.02,15.58,L
R K SWAMY LIMITED,192,193.99,L
SRI HAVISHA HOSP & INFR L,1.83,1.86,L
TBI CORN LIMITED,97,98,L
THINKING HATS ENTER SOL L,28.2,30.35,L
CHEMCON SPECIAL CHEM LTD,180.97,181.31,L
QUALITY FOILS (INDIA) LTD,70.15,72.4,L
NOIDA TOLL BRIDGE CO LTD,3.49,3.57,L
C2C ADVANCED SYSTEMS LTD,263.3,277.15,L
DELPHI WORLD MONEY LTD,127.32,129.55,L
ANSAL PROP & INFRA LTD,4.49,4.73,L
URAVI DEFENCE &TECH LTD,372.9,375,L
ADITYA ULTRA STEEL LTD,28,28.5,L
UNIONAMC - UNIONGOLD,82,84,L
DJ MEDIAPRINT & LOG LTD,112.98,115.29,L
UNITED HEAT TRANSFER LTD,58.05,61,L
DIFFUSION ENGINEERS LTD,281.67,287.42,L
ELEGANZ INTERIORS LIMITED,100,104,L
TRUST FINTECH LIMITED,84.4,86.1,L

