SYMBOL,SYMBOL P/E,ADJUSTED P/E
PENINLAND,53.53,52.51
THERMAX,65.15,65.15
WHEELS,13.73,13.73
ZODIACLOTH,,
RIIL,120.66,120.66
PREMIERPOL,23.55,23.55
RAYMOND,18.83,18.47
RSWM,,
SHREDIGCEM,26.65,26.65
SESHAPAPER,13.27,13.27
SMLISUZU,14.00,14.00
SUPERSPIN,,
SUNDRMFAST,36.19,36.19
FACT,,489.37
EXIDEIND,36.94,36.94
EUROTEXIND,,
ELECON,25.60,25.60
CRISIL,47.23,47.23
LMW,139.85,139.85
ORIENTPPR,,
PEL,41.92,
NELCO,95.12,95.12
MASTEK,19.04,19.59
MAHSCOOTER,65.99,68.77
LUMAXIND,41.08,41.08
TRENT,94.51,132.69
KECL,68.85,292.74
CUMMINSIND,45.47,45.47
KCP,9.13,8.28
JAYBARMARU,31.10,31.10
JBCHEPHARM,38.69,38.69
INFY,25.52,25.52
INDIAGLYCO,20.25,20.25
IONEXCHANG,32.44,32.44
IFBIND,34.69,34.69
IGPL,13.31,13.31
HIMATSEIDE,18.31,18.31
GNFC,14.69,14.69
GFLLIMITED,,
BPCL,8.59,8.42
BHARATFORG,59.52,53.68
BASF,33.06,33.61
FORCEMOT,19.40,19.40
ATUL,40.41,40.41
ARVIND,27.06,27.06
ACC,13.46,14.81
TATAMOTORS,7.50,7.48
SCI,7.65,7.65
MRPL,24.32,24.12
LINDEINDIA,119.32,119.32
HINDPETRO,10.92,10.92
ESCORTS,28.83,28.83
RELINFRA,35.97,
BAJAJHLDNG,85.55,85.55
ASHOKLEY,19.94,20.22
ZUARIIND,,494.89
VOLTAS,54.96,54.96
TITAN,83.03,83.03
TATASTEEL,79.35,65.76
SUNDARMFIN,29.69,28.57
SPIC,19.00,12.82
VEDL,9.58,10.65
SBIN,8.05,8.05
RELIANCE,21.08,21.08
PFIZER,30.83,30.83
NOCIL,24.49,24.49
BOSCHLTD,39.06,39.08
DRREDDY,17.22,17.22
BATAINDIA,44.87,62.36
DEEPAKFERT,15.62,15.62
CHAMBLFERT,15.29,15.29
CARBORUNIV,49.48,58.51
MAHSEAMLES,11.17,11.17
HINDOILEXP,13.67,16.84
DICIND,32.69,33.68
COROMANDEL,30.54,30.54
BALMLAWRIE,15.08,15.08
WILLAMAGOR,,
VINDHYATEL,15.79,15.79
MOTOGENFIN,44.79,44.79
MARALOVER,,
ASIANPAINT,52.78,51.18
RAMCOCEM,54.63,112.84
INDIACEM,,
PGHL,36.94,35.60
ABREL,120.62,120.62
BEML,40.87,40.87
ADORWELD,27.24,24.65
CENTENKA,14.14,14.14
TATACHEM,,39.68
TORNTPHARM,55.82,55.82
VTL,13.99,13.99
ATFL,538.82,482.26
FEDERALBNK,10.82,10.82
EPL,24.84,23.77
VLSFINANCE,4.37,4.37
VIPIND,,
SUPREMEIND,47.18,47.18
SRF,75.94,75.94
BIRLACABLE,84.72,84.72
BALRAMCHIN,24.14,24.14
ANSALAPI,,
AEGISLOG,37.31,37.31
WEIZMANIND,20.76,20.76
UNITECH,,
UNICHEMLAB,,48.89
BBOX,32.65,25.23
HONAUT,57.36,57.36
JTEKTINDIA,36.68,36.92
SAURASHCEM,173.27,173.27
RANEHOLDIN,8.51,80.28
PRECOT,13.47,16.75
TATAELXSI,42.35,42.35
SUNPHARMA,33.66,32.64
KOHINOOR,,
OILCOUNTUB,,
SHREYANIND,5.12,5.12
SHALPAINTS,,
SANDESH,6.01,6.03
HCC,16.21,
BAJAJHIND,,
ASHIMASYN,4.15,4.15
APOLLOHOSP,67.09,67.09
ARE&M,17.99,19.46
ADANIENT,66.18,62.91
IVP,13.62,13.62
BALKRISIND,27.86,27.86
TIRUMALCHM,,
INDBANK,15.95,15.95
GINNIFILA,,143.38
EICHERMOT,35.45,35.45
RAJSREESUG,11.52,11.52
GVT&D,75.80,75.80
NEULANDLAB,48.78,61.15
ONGC,6.95,6.72
ITI,,
ZENSARTECH,25.51,25.51
TIL,7.74,162.48
TAINWALCHM,53.46,53.46
BERGEPAINT,54.22,54.22
BANARISUG,45.13,45.13
JINDALPOLY,11.08,18.76
ANIKINDS,,
KPIL,29.92,29.92
JYOTISTRUC,52.21,52.21
IGARASHI,62.44,62.44
BSL,17.43,17.43
BLUEDART,49.78,49.78
JAYNECOIND,246.43,102.84
MUNJALSHOW,16.04,16.04
APCOTEXIND,30.83,30.83
SOTL,24.41,24.41
HSCL,39.43,39.43
RCF,24.78,26.35
RANASUG,9.60,9.60
KARURVYSYA,8.53,8.53
DECCANCE,458.98,80.47
ARENTERP,18.84,18.84
TECILCHEM,,
WSI,970.40,211.17
UFLEX,,7.14
TATAPOWER,32.29,31.14
ADVANIHOTR,22.79,22.79
THOMASCOOK,26.78,26.43
SUNFLAG,26.49,26.49
SUBROS,26.85,26.85
SPMLINFRA,39.60,41.65
SIMPLEXINF,10.29,10.29
SIEMENS,68.55,68.55
BHARATRAS,28.54,28.55
WIPRO,23.51,23.51
VSTIND,13.53,18.12
JUBLPHARMA,22.67,18.55
UNIVCABLES,37.43,37.43
UCAL,,
TATACOMM,35.15,36.67
TOKYOPLAST,138.64,138.64
SOMANYCERA,24.35,24.78
MURUDCERA,27.29,27.29
IFCI,45.17,45.63
HLVLTD,35.20,38.68
SANOFI,34.46,32.29
M&M,27.63,27.63
LIBERTSHOE,39.90,29.40
KREBSBIO,,
KAKATCEM,,
KAJARIACER,38.00,38.00
KABRAEXTRU,30.55,30.55
HEIDELBERG,42.58,42.58
MODTHREAD,28.97,28.97
MODIRUBBER,,
MIRCELECTR,,
MANGLMCEM,44.26,44.26
PRSMJOHNSN,,
PREMIER,,
POLYPLEX,9.13,9.13
PIDILITIND,70.29,68.55
PCBL,32.53,32.50
3PLAND,35.76,35.76
OSWALAGRO,18.37,18.37
EIHAHOTELS,24.11,23.17
HONDAPOWER,33.45,35.72
JINDALSAW,8.91,8.91
SAIL,25.95,16.73
RUBYMILLS,15.83,15.83
STYRENIX,20.67,20.67
ABB,58.33,58.33
ABAN,,
IDBI,11.12,11.12
GRAPHITE,18.37,18.37
CANFINHOME,9.96,9.96
BRITANNIA,52.70,52.26
BBL,22.33,22.33
ELECTCAST,7.99,7.99
DHAMPURSUG,14.41,14.41
DCMSHRIRAM,29.24,29.24
DABUR,49.43,49.43
COSMOFIRST,13.07,13.07
CIPLA,23.62,23.62
HEROMOTOCO,16.08,16.08
HDFCBANK,18.19,17.94
HARRMALAYA,2419.18,44.86
GMBREW,9.63,9.63
GIPCL,12.00,12.00
ITC,25.08,25.07
INDIANHUME,15.97,15.97
HINDCOMPOS,17.82,17.82
IOC,18.68,23.25
WALCHANNAG,,
OSWALGREEN,73.06,73.06
HUHTAMAKI,16.68,24.83
RICOAUTO,28.15,27.66
KAMATHOTEL,24.54,25.99
IFBAGRO,22.90,22.90
BANCOINDIA,15.72,15.72
DELTAMAGNT,,
MANINDS,15.47,15.47
APOLLOTYRE,20.12,19.04
SIYSIL,15.57,15.57
SHANTIGEAR,35.20,35.20
PRECWIRE,30.31,30.31
ONWARDTEC,25.55,25.55
NILKAMAL,23.19,23.19
NCC,13.82,13.49
ICIL,16.03,16.03
SEAMECLTD,24.00,26.17
ELGIEQUIP,43.11,43.11
AUROPHARMA,18.14,17.80
BBTC,6.02,5.87
EIHOTEL,29.99,30.27
KANORICHEM,,
LICHSGFIN,5.65,5.65
GICHSGFIN,4.99,4.99
BEPL,14.42,14.42
RAIN,,
BANARBEADS,25.26,25.26
MOREPENLAB,20.29,20.29
WSTCSTPAPR,6.56,6.56
21STCENMGM,1.78,1.78
TNTELE,,
VENKEYS,16.70,16.70
GHCL,10.25,10.25
S&SPOWER,,
PRUDMOULI,26.65,24.41
PRAJIND,34.09,37.12
HIL,,60.28
EVERESTIND,,
BPL,21.32,21.32
TRANSWORLD,14.33,14.33
KEEPLEARN,115.36,115.36
PGHH,60.74,60.74
VESUVIUS,33.65,33.65
TFCILTD,14.35,14.35
BOMDYEING,5.02,37.37
GTL,1.18,18.63
NAVNETEDUL,3.68,13.79
GUJALKALI,,
AGI,15.18,15.18
GLAXO,52.46,52.78
TATACONSUM,76.33,67.24
ZEEL,20.22,16.92
CHOLAFIN,29.47,29.47
INDHOTEL,58.14,67.79
FMGOETZE,11.82,11.82
KOTAKBANK,17.15,19.68
LYKALABS,99.49,98.73
ORIENTHOT,63.13,63.13
JAYSREETEA,8.90,41.79
GILLETTE,54.12,54.12
HMT,,
GOLDENTOBC,9.83,11.15
KANSAINER,16.63,30.32
FOSECOIND,31.37,31.37
ESABINDIA,40.13,40.13
3MINDIA,53.58,53.58
ANDHRAPAP,12.17,12.17
GABRIEL,31.50,31.50
SCHAEFFLER,54.59,54.59
AARTIIND,38.63,38.96
RALLIS,30.62,30.62
AMJLAND,14.13,14.13
PRAKASH,7.59,7.59
MFSL,113.93,113.93
KSB,49.57,49.57
KOPRAN,17.08,17.08
HEG,38.33,38.33
GREAVESCOT,,
GODFRYPHLP,32.70,31.15
VARDMNPOLY,29.38,29.38
SURYAROSNI,16.13,16.13
TATAINVEST,132.28,132.28
GLFL,244.77,244.77
TIMKEN,48.32,48.32
ROLTA,,
SUDARSCHEM,65.64,95.70
SHREECEM,82.16,82.16
SAKHTISUG,2.55,
IPCALAB,46.46,45.92
INGERRAND,40.48,40.48
AKZOINDIA,34.90,34.90
HINDALCO,11.15,10.66
HINDZINC,19.19,19.07
HINDUNILVR,49.06,50.92
GSFC,13.05,13.21
GRASIM,21.03,19.90
AMBUJACEM,22.35,22.72
FINPIPE,14.36,25.07
FINCABLES,18.39,25.44
EIDPARRY,7.72,7.72
DCW,64.42,64.35
DCM,18.90,18.90
CGPOWER,97.84,97.19
HEUBACHIND,28.38,28.38
CESC,12.67,12.67
BIRLACORPN,33.55,34.52
BHEL,146.57,146.57
BHARATGEAR,,
BEL,40.20,40.20
BAJFINANCE,32.23,32.23
ASHAPURMIN,12.02,14.85
PVP,717.75,756.33
NAVA,8.89,8.89
KESORAMIND,,
CORALFINAC,6.93,6.93
GREENPLY,28.46,29.34
TNPL,63.69,63.69
PARASPETRO,,
AUTOAXLES,15.89,15.89
PEARLPOLY,,
REMSONSIND,27.75,28.02
DALMIASUG,9.35,9.35
NATCOPHARM,7.80,7.80
KHAITANLTD,6.50,6.50
SWARAJENG,23.64,23.64
MTNL,,
MRF,25.80,25.80
GARFIBRES,33.67,33.67
ANDHRSUGAR,29.69,26.83
TNPETRO,14.15,15.95
TTKPRESTIG,40.26,40.26
STARPAPER,5.07,5.07
SANGHIIND,,
SKFINDIA,34.35,34.35
AUSOMENT,12.27,12.27
EIMCOELECO,17.21,17.21
PANACEABIO,,
JAYAGROGN,12.52,12.52
ALPSINDUS,,
CUBEXTUB,24.27,24.27
MARICO,48.18,48.18
SILINV,15.50,15.50
REGENCERAM,,
BIOFILCHEM,122.92,122.92
KEYFINSERV,6.94,6.94
ZENITHEXPO,,
SUNDRMBRAK,69.51,69.51
SANGAMIND,48.83,42.25
MOTHERSON,22.12,22.12
SOMATEX,1.43,
VISAKAIND,,
AARTIDRUGS,21.73,21.73
STERTOOLS,18.10,18.10
CREST,12.27,12.27
INDIANCARD,1.85,13.06
HITECHGEAR,22.93,22.91
WENDT,48.56,48.56
DENORA,99.11,99.11
TVSSRICHAK,59.27,48.47
SHRIRAMFIN,12.65,14.33
SAGCEM,,
PUNJABCHEM,30.86,30.86
MIRZAINT,199.82,199.82
DYNAMATECH,52.09,102.77
GUJAPOLLO,32.43,32.43
GANESHHOUC,15.35,15.35
MMFL,14.12,14.18
JAGSNPHARM,27.00,38.68
ALKYLAMINE,47.37,47.37
JCHAC,88.36,85.46
MPHASIS,26.10,26.10
SKIL,6.45,6.45
GUJRAFFIA,38.27,38.27
RUCHINFRA,,
ATLASCYCLE,3.96,3.96
RAMCOIND,24.11,24.11
KOTHARIPET,13.35,13.28
HERITGFOOD,18.30,17.92
INDRAMEDCO,19.81,19.81
BANKBARODA,5.23,5.23
BLUECHIP,,
MADRASFERT,5.79,5.96
GAIL,9.45,11.45
INDNIPPON,17.31,17.31
SKMEGGPROD,11.57,11.57
TCIFINANCE,,
BANKINDIA,5.25,5.25
CONCOR,30.72,30.10
DCMFINSERV,,
ICICIBANK,16.48,16.48
KCPSUGIND,8.12,10.82
HUDCO,13.35,13.35
INDSWFTLAB,2.35,135.97
SAREGAMA,47.26,47.26
FDC,22.87,22.87
ENGINERSIN,27.57,27.57
ADROITINFO,12.05,12.05
JAICORPLTD,26.48,26.48
ANTGRAPHIC,,
GMDCLTD,12.17,12.17
MAHAPEXLTD,13.13,15.82
INDUSINDBK,9.67,9.67
ASAHIINDIA,42.34,45.38
TRIGYN,8.64,8.37
J&KBANK,4.85,4.85
KOTHARIPRO,,
CUB,10.52,10.52
SOUTHBANK,5.12,5.12
ARCHIES,,
ASTRAZEN,196.60,86.97
ITDCEM,26.60,26.60
AXISBANK,11.36,11.36
CYIENT,21.21,21.21
SONATSOFTW,24.60,24.60
CYBERTECH,14.89,14.89
KOKUYOCMLN,84.22,84.22
GOACARBON,,
DHANBANK,23.06,23.06
SANGHVIMOV,12.98,12.98
STCINDIA,18.64,10.69
MANUGRAPH,,
RSSOFTWARE,9.60,9.60
VIPCLOTHNG,,
NATIONALUM,8.11,8.76
IVC,46.29,46.29
JINDALSTEL,22.62,22.62
ALEMBICLTD,17.33,17.33
NIPPOBATRY,2.51,2.51
ICDSLTD,64.34,64.34
BSOFT,19.81,19.81
HCLTECH,24.61,24.61
ACCELYA,20.42,20.47
STAR,16.49,15.78
HAVISHA,,
ZYDUSLIFE,19.58,19.58
GLENMARK,,
RAJESHEXPO,121.98,121.98
CINEVISTA,,
WOCKPHARMA,,
LCCINFOTEC,,
NRBBEARING,17.46,18.25
IOB,26.35,26.35
RAMCOSYS,,
GEPIL,56.17,56.17
BIL,43.72,43.72
HCL-INSYS,,
CREATIVEYE,,
KTKBANK,5.19,5.19
MAHLIFE,,
MUKTAARTS,,
BLBLIMITED,16.99,16.99
AJANTPHARM,35.09,35.09
BLUESTARCO,76.80,78.13
CALSOFT,33.76,33.76
TVSMOTOR,49.62,49.62
PNBGILTS,6.01,6.08
PNC,68.68,68.68
TAJGVK,32.61,32.61
NLCINDIA,12.98,12.98
REPRO,,
CHENNPETRO,24.05,24.05
AKSHOPTFBR,,
TTML,,
KRBL,13.96,13.96
HAVELLS,65.79,65.79
GAEL,15.91,15.91
USHAMART,24.98,24.98
AXISCADES,69.22,67.64
BALAJITELE,,
MRO-TEK,37.44,37.44
TIPSMUSIC,50.26,50.26
QUINTEGRA,,
STLTECH,,
KHANDSE,38.94,38.94
HIKAL,61.30,61.30
TRIDENT,43.25,43.25
MARKSANS,24.33,24.33
ACLGATI,,
NEXTMEDIA,,
GOLDTECH,25.10,
SMARTLINK,11.66,11.66
GODREJCP,,55.28
SUVEN,,
JISLJALEQS,110.04,110.04
LUPIN,31.74,31.74
UNITDSPR,67.83,64.80
FEL,,
TCI,23.93,23.77
MPSLTD,35.31,35.31
BHARTIARTL,41.15,53.89
ASAL,38.96,38.96
OLECTRA,69.34,71.94
PONNIERODE,9.25,9.25
PNB,6.41,6.41
APTECHT,44.33,39.43
SURANAT&P,28.86,28.99
TIMESGTY,75.91,75.91
OFSS,27.95,27.95
UNIONBANK,5.37,5.37
NUCLEUS,15.03,15.03
CANBK,4.35,4.35
GENESYS,54.11,54.11
OMAXAUTO,5.12,
GODREJIND,25.55,25.55
RADAAN,4.89,4.89
DIVISLAB,70.82,70.82
RADICO,94.23,94.23
INDORAMA,,
MARUTI,25.49,25.49
VARDHACRLC,21.64,21.64
UCOBANK,18.72,18.72
BAGFILMS,42.26,42.26
JSL,21.89,21.88
NSIL,36.93,36.93
WELSPUNLIV,18.00,18.00
JAIBALAJI,17.68,17.68
TVSELECT,,
IGL,18.86,18.86
DREDGECORP,,
TVTODAY,11.78,11.31
UNIENTER,821.92,821.92
UPL,757.35,29.06
SIL,135.78,135.78
MUKANDLTD,14.46,14.46
PETRONET,11.75,11.75
PTC,7.81,7.65
VAIBHAVGBL,26.79,26.23
BIOCON,32.95,34.24
MAHABANK,6.99,6.99
POONAWALLA,131.49,131.49
XPROINDIA,56.20,53.96
RKFORGE,32.73,32.67
DATAMATICS,16.24,18.56
NDTV,,
CCL,28.68,28.68
JPASSOCIAT,,
EXCELINDUS,14.28,14.28
LT,26.39,26.50
APARINDS,28.31,28.31
AMBICAAGAR,7.16,7.16
CENTEXT,19.96,20.24
NIITLTD,34.33,34.33
ULTRACEMCO,48.65,48.44
TCS,26.50,26.50
COFORGE,58.72,59.35
TEXINFRA,,
GULFPETRO,7.94,7.94
GUFICBIO,43.35,43.35
INDSWFTLTD,1.23,1.23
ASTRAMICRO,50.42,50.42
WELENT,16.51,16.51
NTPC,15.39,15.39
SALSTEEL,,
KOTARISUG,17.52,22.79
JBMA,56.27,56.27
DWARKESH,,
INDOCO,,
IMPEXFERRO,,
SUPRAJIT,42.82,42.82
PATELENG,10.32,10.09
XCHANGING,21.76,21.76
JSWSTEEL,71.26,66.07
CONSOFINVT,5.51,5.51
JINDALPHOT,45.14,45.14
JPPOWER,7.75,6.24
EVEREADY,27.30,27.30
GOKEX,37.43,37.43
SAKSOFT,20.63,20.63
ALLDIGI,16.25,19.50
IIFL,17.58,7.08
MANGALAM,12.77,12.77
SHOPERSTOP,170.35,152.87
WELCORP,24.87,24.61
SSWL,4.23,13.11
CYBERMEDIA,,
SHAHALLOYS,,
SURYALAXMI,70.48,27.56
JKPAPER,8.28,8.28
PRIMESECU,19.10,20.63
63MOONS,,
GRANULES,24.22,24.22
JSWHL,125.74,125.74
VHL,,
GEOJITFSL,10.97,10.97
GENUSPOWER,36.91,36.91
YESBANK,23.88,23.88
MSPL,73.38,73.53
NECLIFE,36.62,36.62
SPLIL,9.89,9.89
MCLEODRUSS,,
GOLDIAM,38.70,38.70
RML,,
HTMEDIA,,
SASKEN,40.48,40.48
FCSSOFT,185.46,49.90
IMPAL,14.58,14.58
SUZLON,63.47,62.02
AURIONPRO,44.03,44.03
RENUKA,,
BASML,,
TRIVENI,37.99,37.99
AIAENG,28.53,28.55
NAHARINDUS,19.78,18.47
ORIENTCER,37.80,37.80
EKC,13.86,13.60
VIMTALABS,37.68,37.68
KERNEX,267.01,267.01
PVRINOX,,
CELEBRITY,,
EDUCOMP,,
NITINSPIN,11.21,11.21
ROHLTD,22.22,22.22
ENIL,73.40,73.40
GSPL,7.85,8.02
JAGRAN,10.21,10.21
GVKPIL,0.95,11.49
SADBHAV,,
RCOM,,
SAKUMA,13.21,13.21
KEC,40.91,40.91
JKCEMENT,46.51,54.34
INDOTECH,33.25,33.25
M&MFIN,13.95,13.95
BLKASHYAP,20.19,21.96
VISASTEEL,,
NITCO,,
CENTURYPLY,77.75,75.51
KEI,45.36,45.35
SANWARIA,,
VAKRANGEE,235.46,224.17
SOLARINDS,75.83,75.83
GALLANTT,20.61,20.61
MALUPAPER,,
GANGOTRI,,
UTTAMSUGAR,11.17,11.17
SGL,,
KKCL,18.45,18.45
SUNTV,12.76,12.76
GPIL,14.99,15.00
RSYSTEMS,31.99,31.99
LOKESHMACH,55.74,55.74
BALPHARMA,18.64,18.64
SWELECTES,20.30,137.30
KAMDHENU,15.22,15.22
RATNAMANI,33.62,33.62
PIONEEREMB,23.25,23.25
JKLAKSHMI,30.36,30.36
PFOCUS,,
ALLCARGO,111.36,66.27
MUNJALAU,10.90,13.45
EMAMILTD,31.00,31.00
GMRAIRPORT,,
TECHM,38.58,38.68
GRINDWELL,47.81,47.81
RAMANEWS,,
VOLTAMP,29.85,29.85
LAKPRE,,
SELAN,11.65,11.65
ACE,34.71,34.71
ANANTRAJ,42.49,42.49
HOVS,15.38,15.38
BINANIIND,6.34,
TALBROAUTO,13.66,19.14
ALICON,21.15,21.15
GEECEE,13.14,13.14
MADHUCON,,
JMFINANCIL,,10.33
INFOMEDIA,,
FIEMIND,18.78,18.78
JHS,,
DCBBANK,5.77,5.77
GLOBALVECT,,
INSPIRISYS,14.23,14.23
SHYAMTEL,,
GTLINFRA,,
SHIVAMAUTO,,
NAUKRI,101.36,103.58
AARVEEDEN,19.94,19.94
GESHIP,4.42,4.42
TORNTPOWER,28.01,28.01
PARSVNATH,,
MANALIPETC,54.20,47.88
SUTLEJTEX,,
LTFOODS,21.38,21.38
DONEAR,11.54,11.54
RUCHIRA,6.04,6.04
SOBHA,212.13,212.15
VENUSREM,11.44,14.30
JINDRILL,20.96,20.96
HIRECT,47.05,47.05
NFL,24.36,24.36
PLASTIBLEN,13.88,13.88
PRAENG,,
PARACABLES,16.85,16.85
HBLENGINE,43.06,40.53
TANLA,11.66,11.66
AVTNPL,19.57,19.57
ZEEMEDIA,,
SITINET,,
VEEDOL,20.53,19.73
LUMAXTECH,17.71,17.71
SARLAPOLY,10.62,10.62
PTL,15.62,15.62
WANBURY,15.39,36.82
AUTOIND,15.65,14.09
GANDHITUBE,12.66,12.66
PITTIENG,27.35,27.35
NETWORK18,,
UNOMINDA,57.87,59.56
IZMO,8.32,8.00
HUBTOWN,,
CTE,,
TIIL,21.06,20.50
ORIENTBELL,80.32,80.32
PGIL,31.57,31.65
REDINGTON,15.60,15.60
TTL,17.31,33.35
FSL,41.78,42.29
PFC,4.38,4.38
TFL,147.70,147.70
SMSPHARMA,25.82,25.82
INDIANB,6.65,6.65
ORIENTALTL,,
IDEA,,
PAGEIND,66.06,66.06
LAOPALA,24.87,24.87
RAJTV,,
AMDIND,75.15,75.15
JKTYRE,12.60,11.80
ASTRAL,66.30,66.30
EMBDL,,
NAHARSPING,,
NAHARPOLY,24.12,24.12
THEMISMED,41.35,41.35
NCLIND,20.31,17.74
BALAMINES,21.97,21.97
BANSWRAS,19.76,19.76
ICRA,31.87,31.87
DISHTV,,
PHOENIXLTD,41.28,41.71
AROGRANITE,,
NDLVENTURE,376.64,376.64
ZENITHSTL,12.63,12.63
BFUTILITIE,9.61,9.61
FORTIS,57.67,55.93
SRHHYPOLTD,10.10,9.66
ALPHAGEO,93.50,21.32
WEBELSOLAR,85.15,77.40
TGBHOTELS,,
HILTON,75.11,75.11
INSECTICID,12.38,12.39
KMSUGAR,8.23,8.23
NAVINFLUOR,76.62,76.62
TIMETECHNO,22.70,22.70
NAGREEKEXP,14.93,14.93
HGS,,
NELCAST,25.94,29.56
V2RETAIL,85.56,85.56
DLF,65.29,89.37
TARMAT,,77.50
SPARC,,
MEGASOFT,83.92,83.92
HDIL,,
ADSL,20.47,20.47
ALPA,8.97,8.97
OMAXE,,
CENTRALBK,10.37,10.37
ASIANTILES,,
TAKE,,
KPRMILL,35.87,35.87
CIEINDIA,18.27,18.27
PURVA,,
MOTILALOFS,10.76,10.76
INDOWIND,31.79,31.79
NAGREEKCAP,1.17,1.17
MAGNUM,10.84,16.60
KSCL,17.94,17.94
CENTUM,,
POWERGRID,16.21,16.21
MANGCHEFER,12.56,12.56
MAANALU,27.23,27.23
IL&FSENGG,,
DELTACORP,15.46,20.75
BAJAJELEC,67.58,67.58
ENERGYDEV,,121.54
CERA,29.83,29.83
RELIGARE,36.30,250.41
BVCL,30.97,30.97
ADANIPORTS,24.41,23.22
EDELWEISS,15.10,15.10
RGL,18.61,18.61
KOLTEPATIL,137.01,137.01
KAUSHALYA,2.72,2.72
COLPAL,45.41,45.41
JYOTHYLAB,32.27,32.27
MADHAV,458.62,458.62
KALYANIFRG,30.71,30.71
HITECHCORP,20.10,20.95
ECLERX,24.78,24.78
TARIL,72.19,72.19
BRIGADE,36.44,36.44
BGRENERGY,,
MANAKSIA,6.97,5.37
DVL,13.19,13.19
PATINTLOG,13.68,13.68
PPAP,,
ARIES,10.29,10.29
AMBIKCO,11.43,11.43
KAVVERITEL,43.97,43.97
CEATLTD,23.22,21.31
BIRLAMONEY,10.71,10.71
RPOWER,5.75,
JKIL,13.50,13.50
CORDSCABLE,16.37,16.37
KNRCON,4.44,4.40
HERCULES,21.52,21.52
ONMOBILE,,
SEPC,96.73,58.74
BANG,,
IRB,3.92,27.61
NMDC,8.96,8.93
GSS,17.62,17.62
NAHARCAP,12.88,12.88
RECLTD,6.63,6.63
VGUARD,48.29,48.29
DHANI,,
NESCO,16.08,16.08
DPSCLTD,74.34,74.34
TITAGARH,31.15,30.98
KIRIINDUS,,
BAJAJFINSV,17.41,17.41
BAJAJ-AUTO,25.67,25.67
DIGISPICE,24.37,45.58
GOKUL,45.46,45.46
RPGLIFE,43.34,39.45
ALMONDZ,52.26,52.26
RBL,11.60,11.34
RANEENGINE,48.25,20.17
ARCHIDPLY,,
LOTUSEYE,235.49,246.52
VINYLINDIA,18.72,18.72
UBL,117.91,114.22
LPDC,,
ZFCVINDIA,49.30,49.30
20MICRONS,11.87,11.73
JOCIL,57.78,57.78
ALKALI,,
COUNCODOS,82.08,82.08
TPHQ,22.39,22.39
FELDVR,,
MAWANASUG,3.49,8.53
HINDNATGLS,9.73,1.51
AJMERA,23.83,23.83
MHRIL,44.55,44.55
GKWLIMITED,,
VINATIORGA,42.68,42.68
EXCEL,43.17,43.17
ADANIPOWER,15.11,15.11
NHPC,24.46,24.46
GLOBUSSPR,164.90,164.90
OIL,8.08,8.09
EXPLEOSOL,14.06,14.06
RTNPOWER,0.49,41.55
AMRUTANJAN,34.81,34.81
SUNTECK,28.19,28.19
ZYDUSWELL,31.58,32.17
DEN,7.33,7.33
ASTEC,,
SHILPAMED,70.04,72.93
SARDAEN,26.71,26.68
REFEX,37.09,37.14
ARSHIYA,,
GILLANDERS,7583.89,
AHLUCONT,15.35,27.70
DLINKINDIA,13.93,13.93
JSWENERGY,46.75,46.75
GODREJPROP,38.74,38.74
DBCORP,8.93,8.93
HINDCOPPER,52.22,52.22
BEARDSELL,13.04,13.04
MMTC,78.11,74.15
NESTLEIND,66.10,69.11
TRF,12.73,12.73
WHIRLPOOL,37.84,36.29
UNITEDTEA,10.45,10.45
MBLINFRA,2.10,
JUBLFOOD,101.77,170.57
VASCONEQ,7.02,15.79
THANGAMAYL,44.39,44.39
EMMBI,19.10,19.10
DBREALTY,,
HATHWAY,32.40,31.95
ORIENTLTD,,
ARSSINFRA,50.06,50.06
TEXMOPIPES,28.74,10.43
MANINFRA,18.74,18.74
IL&FSTRANS,,
LGBBROSLTD,13.62,14.16
PERSISTENT,61.02,61.02
ASIANHOTNR,,
ISFT,13.04,13.04
GOENKA,,
KIRLOSBROS,30.61,30.27
KSL,19.18,19.18
SJVN,33.62,36.72
SUNDARAM,,
KIRLOSIND,12.91,12.24
MANAPPURAM,8.82,8.82
UMESLTD,107.19,107.19
TI,26.21,25.10
HMVL,12.80,12.80
IMFA,8.59,8.59
BLISSGVS,18.61,7.98
EMAMIREAL,,
AHLEAST,8.48,8.48
IITL,16.63,17.25
BAJAJCON,16.93,16.93
UGARSUGAR,,
PRAKASHSTL,3.37,91.76
GPPL,18.99,17.43
ADFFOODS,32.50,32.50
WELINV,83.67,83.67
KILITCH,27.41,27.41
ORISSAMINE,698.65,698.65
DEEPAKNTR,35.42,38.54
SASTASUNDR,,8.46
CAREERP,10.47,10.47
EROSMEDIA,,
GREENPOWER,58.70,57.21
RAMKY,12.40,12.40
CANTABIL,30.44,30.96
WABAG,31.41,31.00
ASHOKA,3.26,3.43
BEDMUTHA,17.59,17.59
JWL,32.73,32.73
OBEROIRLTY,21.56,21.56
PRESTIGE,60.42,60.42
SHAH,6.53,36.25
CGCL,34.35,34.35
RESPONIND,27.38,27.38
COALINDIA,6.80,6.80
IOLCP,104.29,104.29
GRAVITA,43.89,43.89
JINDWORLD,78.33,78.33
PENIND,20.38,20.38
RPPINFRA,7.67,7.67
JAMNAAUTO,15.56,15.56
MOIL,18.19,18.19
ZEELEARN,1.34,6.09
A2ZINFRA,25.44,
KIRLOSENG,18.93,19.89
RKDL,42.00,42.00
PSB,32.26,32.26
SURANASOL,270.49,270.49
SHEKHAWATI,0.57,6.05
BFINVEST,,
KICL,23.57,31.25
SUMMITSEC,20.08,18.07
STEL,47.52,47.52
OMKARCHEM,,
HINDMOTORS,16.06,16.06
TEXRAIL,25.60,25.60
HFCL,31.76,31.76
INDTERRAIN,,
DHUNINV,10.01,10.04
LOVABLE,,
PFS,11.41,11.41
MUTHOOTFIN,17.23,17.23
VADILALIND,22.90,22.90
SYMPHONY,43.24,33.04
PIIND,29.14,29.14
RELAXO,59.83,59.83
OMINFRAL,47.31,47.31
VSTTILLERS,23.82,23.90
ESTER,,
DELPHIFX,112.21,11.33
KARMAENG,,
ASHIANA,199.83,151.51
DHANUKA,18.03,18.03
MAITHANALL,3.31,3.31
RUSHIL,15.19,15.19
BGLOBAL,,
INVENTURE,13.80,12.70
ELGIRUBCO,27.70,
LTF,13.62,13.62
WINDMACHIN,,
YAARI,,
BODALCHEM,137.39,113.87
GAYAPROJ,,
WINSOME,,
TREEHOUSE,,
ASAHISONG,34.97,34.47
FILATEX,13.46,13.46
BROOKS,142.85,142.85
TDPOWERSYS,36.26,36.26
TECHIN,,
APLLTD,26.93,27.39
VASWANI,12.51,12.51
PGEL,117.77,117.77
PANAMAPET,11.07,11.07
SETUINFRA,,
TIJARIA,,
PAISALO,16.95,16.98
ONELIFECAP,,
FLEXITUFF,,
SHAKTIPUMP,28.29,28.29
TRITURBINE,52.97,52.97
INDOTHAI,151.90,151.90
ESSARSHPNG,0.91,59.48
DSSL,18.93,18.93
JISLDVREQS,1.58,1.58
POLYMED,74.82,74.82
RUPA,19.61,18.93
VIKASECO,29.17,29.17
APLAPOLLO,62.76,62.76
KANANIIND,45.16,45.16
MINDACORP,46.10,46.10
DBSTOCKBRO,18.70,18.70
IRFC,23.94,23.94
COMPUSOFT,210.13,210.13
RHIM,,31.12
SCHNEIDER,66.65,71.09
NDL,9.90,9.90
NBCC,41.17,36.42
MTEDUCARE,,
HEXATRADEX,,
TBZ,15.71,15.71
VSSL,15.45,15.45
SWANENERGY,14.06,14.06
SPECIALITY,27.41,27.41
CINELINE,,
SAMPANN,,
RTNINDIA,16.02,16.02
PROZONER,,
MORARJEE,,
THEJO,36.81,36.81
KITEX,26.49,26.49
MAYURUNIQ,14.55,14.55
ROSSELLIND,11.08,11.01
DUCON,14.24,14.24
TVSHLTD,7.42,7.42
ZUARI,4.71,4.71
VETO,11.33,11.33
CARERATING,28.68,28.68
PCJEWELLER,19.48,19.48
INDUSTOWER,8.71,8.71
VMART,,
ANKITMETAL,,
MOHITIND,,
REPCOHOME,4.74,4.74
NIBL,,
VIVIDHA,,
JUSTDIAL,13.19,13.19
CEREBRAINT,,
ATULAUTO,71.06,71.06
FCONSUMER,,
ORIENTCEM,59.46,59.46
ABFRL,,
SAMMAANCAP,,
ESSENTIA,28.00,27.99
FLFL,,
PILITA,62.75,62.75
LYPSAGEMS,,
MITCON,11.56,11.56
ORBTEXP,11.23,11.23
JPOLYINVST,19.69,19.69
SREEL,24.06,24.06
NATHBIOGEN,7.30,7.44
AGRITECH,150.77,150.77
SECURKLOUD,,
SANCO,,
CASTROLIND,25.05,25.05
SDBL,23.53,23.53
IREDA,25.22,25.22
BUTTERFLY,270.96,187.89
WONDERLA,33.52,33.52
AGARIND,12.37,12.37
HATSUN,68.36,68.36
CAPLIPOINT,28.04,28.04
GOCLCORP,10.30,9.46
GULFOILLUB,16.67,16.67
SNOWMAN,199.00,199.00
SHARDACROP,20.34,20.34
SUPERHOUSE,15.68,32.75
SHEMAROO,,
CIGNITITEC,24.41,23.97
PDSL,27.22,27.71
INTELLECT,33.90,33.92
MONTECARLO,16.51,16.51
GOODLUCK,13.95,13.95
FCL,21.95,21.95
DTIL,,
CAMLINFINE,,
GULPOLY,42.13,42.13
APOLSINHOT,45.43,45.43
CCHHL,193.18,193.18
LAMBODHARA,15.08,15.08
GRPLTD,52.10,47.92
GENUSPAPER,146.80,146.80
MOLDTKPAC,24.52,24.52
GREENLAM,57.07,57.07
VISHNU,24.54,24.54
GANECOS,33.90,33.90
LINC,16.09,16.09
MENONBE,22.08,22.08
HESTERBIO,38.31,38.31
JMA,7.14,7.14
ORTEL,,
MANAKALUCO,26.94,26.94
MANAKSTEEL,34.31,29.30
MANAKCOAT,40.05,42.41
ZENTEC,48.24,48.65
IMAGICAA,53.02,47.55
INOXWIND,76.06,69.42
LFIC,6.57,6.57
BYKE,56.64,56.64
AVANTIFEED,21.90,21.90
VIPULLTD,0.86,0.85
VRLLOG,31.56,31.56
MEP,,
PRIVISCL,38.76,38.76
UFO,19.02,19.53
TPLPLASTEH,25.74,25.74
NILAINFRA,16.73,16.73
ARROWGREEN,13.18,13.18
PNCINFRA,5.86,5.86
SKIPPER,36.33,36.33
ALANKIT,18.95,18.95
ORICONENT,109.56,103.63
SHYAMCENT,,
BALKRISHNA,,
ADANIENSOL,154.74,40.75
SYNGENE,54.39,57.36
AYMSYNTEX,36.18,57.87
EMKAYTOOLS,3.99,3.99
KAYA,,
RAMASTEEL,66.33,66.33
AURUM,,
PKTEA,28.86,28.86
MUTHOOTCAP,8.61,8.61
SATIN,5.53,5.53
ARVSMART,26.04,26.04
POWERMECH,21.23,21.20
SHARDAMOTR,13.51,13.51
NAVKARCORP,,
SHREEPUSHK,17.54,17.54
GUJGASLTD,20.87,21.62
SADBHIN,,
IDFCFIRSTB,21.42,21.42
COFFEEDAY,,15.21
INDIGO,29.38,29.38
SHK,386.88,16.37
PERFECT,26.11,26.11
BALAXI,14.62,15.19
LUXIND,22.37,22.37
TTKHLTCARE,19.46,23.78
UMANGDAIRY,28.38,28.38
SALZERELEC,22.70,22.70
PILANIINVS,24.82,24.82
KRIDHANINF,1.10,134.56
LINCOLN,12.20,12.20
LALPATHLAB,51.52,51.52
ALKEM,25.21,25.10
NH,41.26,41.26
OCCL,8.65,8.65
PRECAM,88.77,103.21
TEAMLEASE,33.49,33.49
QUICKHEAL,70.83,70.83
HITECH,33.09,33.09
VIDHIING,52.68,52.68
BHAGERIA,22.90,22.90
NECCLTD,18.79,18.79
KELLTONTEC,12.90,12.90
SEQUENT,156.50,167.43
GOKULAGRO,13.83,13.83
SIMBHALS,6.48,6.48
KDDL,25.36,25.34
PDMJEPAPER,8.44,8.44
HCG,108.39,113.40
HECPROJECT,27.10,27.10
WEALTH,19.40,18.98
BHARATWIRE,16.84,16.84
INFIBEAM,23.20,23.20
PALREDTEC,,
THYROCARE,33.98,33.93
CROMPTON,42.24,42.24
SAGARDEEP,47.64,47.64
PARAGMILK,18.90,18.90
SHRIPISTON,16.58,16.58
UNITEDPOLY,21.35,21.35
ARMANFIN,14.49,14.49
ALBERTDAVD,12.17,12.17
BLS,28.36,28.36
ASPINWALL,10.83,10.83
NAGAFERT,0.16,0.16
SALONA,17.87,17.87
PREMEXPLN,57.20,57.20
CONTROLPR,19.32,19.32
INCREDIBLE,16.20,16.20
SETCO,,
DAMODARIND,19.70,19.70
MGL,12.08,12.08
MOLDTECH,16.58,16.58
POKARNA,25.82,25.82
COMPINFO,0.55,0.55
VIJIFIN,,
GPTINFRA,18.20,18.20
QUESS,23.97,23.46
GROBTEA,6.36,6.36
KKVAPOW,59.47,59.47
SOMICONVEY,32.91,32.91
LLOYDSENGG,62.94,62.94
LTIM,30.26,30.26
GATECH,17.62,17.62
MINDTECK,21.08,20.01
ADVENZYMES,23.09,21.50
DBL,11.83,20.87
SPAL,18.57,18.57
NDGL,34.45,33.23
RBLBANK,9.84,9.84
BIGBLOC,77.68,77.68
MBAPL,59.72,59.72
CUPID,18.19,18.19
LTTS,38.05,38.05
GNA,13.33,13.33
CROWN,10.73,34.13
ICICIPRULI,80.83,80.83
MARATHON,11.65,11.65
HPL,34.89,34.89
JAIPURKURT,13.15,13.15
MASKINVEST,,
SAKAR,37.68,37.55
PANSARI,87.17,87.17
DRL,28.90,28.90
ARTNIRMAN,79.92,79.92
ENDURANCE,33.04,33.04
MAZDA,16.24,16.24
PNBHOUSING,11.20,11.20
VBL,61.83,61.83
KINGFA,23.70,23.70
AGROPHOS,862.43,862.43
PODDARMENT,11.90,11.90
ROLLT,,
NBIFIN,79.84,79.84
CMICABLES,,
KIOCL,,
JETFREIGHT,8.87,8.88
SFL,54.12,92.23
HEADSUP,,
TCIEXP,25.86,25.86
LAURUSLABS,153.91,153.91
TERASOFT,29.30,29.20
ITDC,64.21,64.15
HISARMETAL,27.73,27.73
RHFL,8.76,
LIBAS,5.72,5.72
PROLIFE,11.56,11.56
SPCENET,46.64,46.64
CAPTRUST,98.54,98.54
MAHESHWARI,12.24,12.24
BHANDARI,17.63,17.63
BSE,64.13,64.13
MCL,17.04,17.04
PRICOLLTD,30.15,30.15
STEELCITY,8.00,8.00
JITFINFRA,28.13,49.98
KRISHANA,21.17,21.17
GLOBAL,9.60,9.60
NITIRAJ,30.51,30.51
SANGINITA,308.76,308.76
AKASH,27.26,27.26
RADIOCITY,47.89,47.89
DMART,86.22,86.22
TASTYBITE,97.69,97.69
INTENTECH,13.94,13.94
AIRAN,12.94,12.94
AKSHARCHEM,,
ARIHANTSUP,25.03,25.03
URJA,454.32,454.32
LAXMICOT,192.47,230.16
CLEDUCATE,58.40,53.80
EIFFL,153.03,153.03
NRAIL,9.75,9.75
SHANKARA,18.82,18.82
NACLIND,,
PODDARHOUS,,
APCL,,
CREATIVE,16.24,16.24
WIPL,77.59,77.59
FOCUS,20.44,20.44
DEVIT,14.72,14.72
ASLIND,,1903.24
SIKKO,28.81,28.81
MKPL,22.46,22.46
DOLLAR,22.84,22.99
PANACHE,119.08,51.29
INFOBEAN,21.02,21.02
SCHAND,12.47,12.47
ZOTA,,
BHAGYANGR,19.97,19.97
PSPPROJECT,36.77,36.77
STARCEMENT,63.87,63.87
GLOBE,11.58,12.60
TEJASNET,18.58,18.58
ERIS,49.14,49.14
CDSL,41.96,41.96
GTPL,23.78,23.78
AUBANK,20.33,19.71
ACEINTEG,41.37,41.37
SHRENIK,,
DYNPRO,21.97,21.97
STEELXIND,23.68,23.68
SALASAR,29.51,29.51
UNIVASTU,0.00,0.00
AVADHSUGAR,10.96,10.96
PALASHSECU,,
MAGADSUGAR,8.49,8.49
GANGESSECU,25.35,25.35
THEINVEST,23.06,23.06
SHANTI,,
TOTAL,50.44,50.44
GTECJAINX,,
OPTIEMUS,65.32,65.32
WEWIN,28.41,28.41
SIS,23.03,23.03
COCHINSHIP,42.85,42.85
SMSLIFE,15.13,15.13
VAISHALI,334.14,334.14
LEXUS,,
GEEKAYWIRE,10.48,10.48
SERVOTECH,94.88,94.88
ABCAPITAL,11.97,11.97
APEX,454.11,454.11
PASHUPATI,180.91,180.91
BRNL,2.60,2.60
MANAV,12.94,12.94
DIXON,92.98,117.55
DCAL,,
LASA,,
MATRIMONY,23.63,23.63
CHOLAHLDNG,6.78,6.78
CAPACITE,14.74,14.74
ICICIGI,67.70,67.70
WORTH,12.16,12.16
SBILIFE,59.01,59.01
CADSYS,,
DPWIRES,12.96,12.96
AARVI,15.73,15.73
DIAMONDYD,,180.01
TIRUPATI,91.39,91.39
AIROLAM,84.51,84.51
RKEC,7.96,7.96
GATECHDVR,3.72,3.72
GOLDSTAR,75.89,75.89
JASH,39.83,39.80
CMMIPL,,
BETA,39.77,39.77
TIRUPATIFL,47.95,47.95
OMFURN,23.60,23.60
GODREJAGRO,40.81,40.81
TCPLPACK,30.30,30.30
MILTON,93.12,93.12
MASFIN,14.59,14.59
IEX,35.79,35.79
DPABHUSHAN,29.30,29.30
GICRE,8.82,8.82
TIINDIA,45.10,44.90
NAM-INDIA,24.88,24.88
MAHLOG,,
NIACL,24.12,24.12
SECURCRED,1.70,1.70
IFGLEXPOR,27.38,27.38
KHADIM,100.04,100.04
5PAISA,16.84,16.84
HDFCLIFE,77.13,77.13
AISL,18.27,18.27
VERTOZ,37.00,37.00
PULZ,10.77,10.77
SILVERTUC,41.48,41.48
ZODIAC,38.49,38.49
FELIX,40.44,40.44
ICEMAKE,50.71,50.71
DNAMEDIA,0.46,
SHRADHA,12.80,12.80
SHALBY,72.70,72.70
FSC,,
TOUCHWOOD,17.74,17.74
ONEPOINT,41.14,41.14
SHIVATEX,21.67,21.67
ASTRON,,
AJOONI,44.70,44.70
MOKSH,12.75,12.75
BCONCEPTS,64.80,64.80
SILLYMONKS,39.76,39.76
APOLLO,64.76,64.76
NEWGEN,42.65,42.65
AMBER,86.54,86.54
PRAXIS,,
SOLEX,39.34,39.34
SRPL,,
GALAXYSURF,24.73,24.73
SINTERCOM,322.27,322.27
MHHL,10.72,10.72
SOUTHWEST,33.18,34.95
SHIVAMILLS,,
ARVEE,72.82,72.82
ASTERDM,69.31,65.69
BANKA,,
GMMPFAUDLR,45.71,45.71
HGINFRA,12.38,12.38
HINDCON,37.15,37.15
SARVESHWAR,29.59,29.59
UNIINFO,,
MACPOWER,27.75,27.75
TARACHAND,19.79,19.79
BDL,74.10,74.10
MDL,41.40,40.25
SUNDARMHLD,25.62,25.62
BANDHANBNK,9.60,9.60
HAL,26.39,26.41
URAVIDEF,273.78,273.78
MITTAL,35.46,43.54
SANDHAR,16.29,17.11
GIRIRAJ,53.35,53.35
ISEC,12.33,12.33
KAPSTON,30.54,30.54
CENTRUM,,
MIDHANI,48.38,48.38
CONTI,18.38,
LEMONTREE,46.01,46.01
AVG,8.70,12.97
MMP,18.74,18.74
NARMADA,16.92,16.92
PIGL,21.83,21.83
CHEMFAB,144.97,144.97
BSHSL,55.54,55.54
MAHICKRA,47.60,47.60
AAKASH,16.94,16.94
GODHA,16.73,16.73
ORIENTELEC,71.18,71.18
E2E,97.39,97.39
INDOSTAR,34.84,34.84
BORORENEW,,
SIRCA,30.11,30.11
SUULD,,
SVLL,382.43,382.43
LATTEYS,71.15,71.14
DIL,7.43,7.64
SONAMLTD,29.09,29.09
ADANIGREEN,85.52,73.47
OSWALSEEDS,,
PRITI,22.85,22.85
ACCURACY,9.88,9.88
SOLARA,,
GAYAHWS,,1.16
FINEORG,26.30,26.27
RITES,25.12,25.18
VARROC,68.32,33.42
GANGAFORGE,106.18,107.93
REPL,23.85,23.85
HBSL,,
AVROIND,52.92,52.92
HDFCAMC,33.93,33.93
UCL,,
CREDITACC,16.97,16.97
AARON,47.19,47.19
SIGIND,11.30,11.30
DANGEE,,
SUMIT,31.44,31.44
LAGNAM,15.45,15.45
RPPL,13.70,13.70
AKG,55.76,55.76
IRCON,19.64,19.64
AHLADA,9.49,9.49
SPECTRUM,116.33,116.33
RAJMET,,
AAVAS,24.64,24.64
KSHITIJPOL,,15.24
GRSE,39.48,39.48
KRITIKA,21.42,21.42
PARIN,219.00,219.00
SILGO,19.42,19.42
VINNY,15.65,15.65
BBTCL,,
MARINE,61.84,62.06
IRISDOREME,35.06,35.06
ATGL,101.75,101.75
TECHNOE,32.68,32.68
SHUBHLAXMI,17.35,17.35
UNIPARTS,15.33,15.33
SHRIRAMPPS,17.63,17.63
TREJHARA,19.77,763.19
NILASPACES,38.44,38.44
AWHCL,17.56,17.56
DALBHARAT,54.13,46.07
RPSGVENT,47.80,8.92
SPENCERS,,
SURANI,60.24,60.24
XELPMOC,,
CHALET,171.43,171.43
MSTCLTD,7.93,15.89
OSIAHYPER,14.64,14.64
ANUP,46.51,46.51
ARVINDFASN,35.18,35.18
PAR,7.96,7.96
RVNL,57.62,57.62
POLYCAB,39.86,39.86
METROPOLIS,55.83,55.83
KPITTECH,44.49,44.49
SWSOLAR,177.02,177.02
NEOGEN,87.06,87.06
VIKASLIFE,,
EMAMIPAP,11.20,11.20
VCL,,
CONFIPET,22.80,23.04
PPL,10.33,10.33
INDIAMART,23.22,23.22
ATMASTCO,36.80,36.80
OAL,23.96,23.96
SEYAIND,,
DCMNVL,54.46,159.34
SATIA,5.69,5.69
GFSTEELS,,
WEL,174.17,174.17
AFFLE,54.83,54.83
CHEMCON,29.67,29.67
SPANDANA,,
WESTLIFE,955.93,955.93
DOLATALGO,5.20,5.20
HNDFDS,58.59,58.59
UJJIVANSFB,7.01,7.01
MAZDOCK,35.54,35.54
IRCTC,44.47,44.74
SECL,129.48,129.48
SAFARI,65.10,65.10
DCI,23.43,23.43
360ONE,34.89,32.84
IIFLCAPS,8.30,8.30
HPIL,103.72,103.72
SAMHI,63.38,68.16
VISHWARAJ,,
FLUOROCHEM,91.97,91.97
GREENPANEL,42.41,42.41
KUANTUM,7.49,7.49
RBA,,
APOLLOPIPE,47.83,47.83
CHEMBOND,18.56,19.10
MGEL,17.43,15.88
ROUTE,16.65,16.95
SBICARD,39.24,39.24
HOMEFIRST,25.01,25.01
SIGMA,14.68,14.68
CSBBANK,9.08,9.08
EQUITASBNK,21.14,21.14
EASEMYTRIP,53.42,28.90
ROSSARI,27.18,27.18
HINDWAREAP,,
PRINCEPIPE,40.23,40.23
ESAFSFB,,
LIKHITHA,15.50,15.50
PARKHOTELS,40.79,40.79
ARTEMISMED,43.24,43.24
PATANJALI,55.21,55.21
SUMICHEM,47.52,47.52
LGHL,90.41,90.48
ATALREAL,32.00,32.00
ASALCBR,33.18,33.18
MAHEPC,127.70,124.15
UNIVPHOTO,7.02,7.02
ALOKINDS,,
BARBEQUE,,
BAFNAPH,44.77,41.34
SUVENPHAR,105.38,105.38
POWERINDIA,171.75,171.75
STOVEKRAFT,63.76,63.76
BHARTIHEXA,53.51,63.56
KSOLVES,24.09,24.09
RAJRATAN,25.50,25.50
HAPPSTMNDS,47.61,49.65
AARTISURF,40.50,79.51
GLAND,38.70,38.70
BOROLTD,60.52,60.52
NDRAUTO,36.85,36.85
MAXHEALTH,92.96,88.41
PAVNAIND,46.20,46.20
AAATECH,37.35,37.35
KALYANKJIL,63.29,63.29
MAXIND,,
BTML,27.36,27.36
SHAREINDIA,8.94,8.94
UNIDT,32.67,32.67
SIGACHI,18.28,18.28
ANGELONE,13.80,13.80
ADL,167.66,167.66
NIRAJ,14.28,13.43
VALIANTORG,,
CAMS,36.36,36.36
SURYODAY,5.49,5.49
ROML,44.96,44.96
UTIAMC,13.54,13.54
RAILTEL,35.53,33.58
HEMIPROP,,
BECTORFOOD,63.48,63.48
KHAICHEM,,
ORCHPHARMA,42.31,42.31
SUBEXLTD,,
NURECA,,
INDIGOPNTS,35.18,35.18
HERANBA,20.89,20.89
LXCHEM,37.04,37.04
TARC,,
RVHL,,
MTARTECH,92.12,92.12
FAIRCHEMOR,35.90,35.90
ANURAS,62.99,62.99
KANPRPLA,23.22,23.22
ISGEC,28.11,28.11
STYLAMIND,21.74,21.61
PAKKA,20.35,20.35
CLSEL,14.67,14.67
PARTYCRUS,14.41,14.41
CARYSIL,23.79,23.79
SHAILY,97.08,97.08
MODISONLTD,19.90,20.18
FIBERWEB,8.66,8.66
BCLIND,11.60,11.60
BHAGCHEM,171.94,171.94
SBCL,34.52,34.52
AADHARHFC,21.19,21.19
SMCGLOBAL,5.52,5.52
QMSMEDI,16.22,16.22
NPST,91.38,91.38
SVPGLOB,,
ARIHANTCAP,9.47,9.84
SIDDHIKA,14.42,14.42
NAZARA,109.30,108.12
IPL,24.83,24.83
GENCON,15.28,15.28
LODHA,51.59,49.30
HLEGLAS,34.99,34.99
BESTAGRO,37.84,37.84
VMARCIND,19.66,19.66
SONACOMS,54.52,53.38
UTKARSHBNK,13.63,13.63
DRCSYSTEMS,19.80,19.80
PARAS,73.88,73.88
CRAFTSMAN,58.59,56.53
DODLA,26.87,26.87
EXXARO,,
JUBLINGREA,51.83,51.80
ROLEXRINGS,26.79,22.27
ORTINGLOBE,,
SHYAMMETL,25.06,25.07
KIMS,54.08,54.08
SUVIDHAA,,
MAKS,88.53,37.58
JSFB,6.81,6.81
TATVA,114.50,114.50
CLEAN,50.10,50.10
AILIMITED,46.92,46.92
ALIVUS,28.76,28.76
ABSLAMC,18.73,18.73
DEEPINDS,17.53,17.58
ZOMATO,307.53,307.53
CHEMPLASTS,,
BEWLTD,12.69,12.69
PIXTRANS,17.44,17.44
MEDIASSIST,32.86,32.86
WINDLAS,31.11,31.11
CARTRADE,60.49,60.49
KRSNAA,31.30,31.30
EQUIPPP,,
DEVYANI,,1472.93
APTUS,21.51,21.51
SUPRIYA,28.69,28.69
ANMOL,10.85,10.85
BMETRICS,14.83,14.83
ABCOTS,55.09,55.09
VIJAYA,74.17,74.17
AMIORG,76.70,76.54
IWEL,36.41,34.74
VINEETLAB,,
MOL,,
SANSERA,35.08,35.08
BAJAJHCARE,,45.68
PRITIKAUTO,14.24,14.24
AAREYDRUGS,19.50,19.50
GRINFRA,8.42,10.63
INTLCONV,5.23,5.23
DUGLOBAL,76.09,76.09
PAYTM,,
REXPIPES,15.66,15.61
STEELCAS,30.33,30.33
HPAL,22.20,22.20
UGROCAP,11.09,11.09
STARHEALTH,27.21,27.21
KPIGREEN,28.78,28.55
YUKEN,43.21,43.21
SGIL,36.63,36.63
ANANDRATHI,52.61,52.61
SJS,24.27,24.27
FINOPB,19.73,19.73
POLICYBZR,269.75,314.85
NYKAA,721.30,721.30
AWL,28.75,28.75
MONARCH,15.40,15.40
SAPPHIRE,626.51,366.10
QUADPRO,15.02,15.02
PRUDENT,42.30,42.30
EPIGRAL,22.08,22.08
NUVOCO,,
GOCOLORS,44.15,44.15
NGIL,,
TRACXN,,
CMSINFO,20.33,20.33
FUSION,,
COASTCORP,,
TARSONS,53.83,53.83
MEDPLUS,63.31,63.31
TEGA,48.50,48.50
RATEGAIN,28.26,28.26
MANORG,36.48,36.48
LATENTVIEW,44.87,44.87
METROBRAND,72.99,72.99
PVSL,31.50,31.50
MICEL,27.71,27.71
PASUPTAC,10.41,10.41
FOODSIN,27.08,27.08
PARADEEP,18.10,18.10
JAINAM,28.03,28.03
MAPMYINDIA,64.60,64.60
ABMINTLLTD,304.81,304.81
3IINFOLTD,,
TMB,5.76,5.76
KRITI,164.73,164.73
DYNAMIC,17.25,17.29
MANYAVAR,47.22,47.22
GANESHBE,13.29,13.29
GVPTECH,56.69,56.69
KOTYARK,17.42,17.42
MEDICAMEQ,85.10,85.10
FOCE,41.32,41.32
EMIL,28.05,28.05
SHIVALIK,50.79,50.79
PRECISION,11.62,11.62
UMAEXPORTS,16.95,16.65
DATAPATTNS,51.06,51.06
JSLL,49.75,49.75
MEDANTA,64.01,64.01
MALLCOM,18.41,18.41
NIDAN,,9.40
IRIS,52.54,52.54
ASIANENE,38.67,36.70
DIGJAMLMTD,,
SMLT,36.38,36.38
NRL,26.06,26.06
RADIANTCMS,13.19,13.19
GPTHEALTH,22.88,22.88
CHOICEIN,65.52,65.52
EUROBOND,23.27,23.27
SELMC,,
HARIOMPIPE,18.30,18.30
GRWRHITECH,30.57,30.57
CAPITALSFB,9.81,9.81
DELHIVERY,755.82,420.37
DCMSRIND,11.78,11.78
VERANDA,,
RAJRILTD,,
EMUDHRA,83.02,83.02
DYCL,27.03,27.03
FIVESTAR,19.18,19.18
STARTECK,24.24,24.24
VIRINCHI,35.41,35.41
SBC,38.07,38.07
DHRUV,33.82,33.82
ELDEHSG,23.63,23.63
ELIN,37.55,37.55
SHIGAN,22.31,22.31
TIMESCAN,7.59,7.59
MADHAVBAUG,26.85,26.85
SEJALLTD,49.87,49.87
MHLXMIRU,14.44,14.44
LOYALTEX,,
RELCHEMQ,46.16,46.16
GATEWAY,4.92,12.79
SYRMA,47.85,47.30
ZIMLAB,27.05,27.05
UDAICEMENT,,
JTLIND,27.19,27.19
CAMPUS,66.60,66.60
RAINBOW,54.29,54.29
TBOTEK,67.03,68.07
VENUSPIPES,30.72,30.72
AETHER,112.05,65.98
ROTO,40.22,40.22
SPRL,13.33,13.33
MEGASTAR,74.13,74.13
GSTL,28.41,28.41
INDOBORAX,12.12,12.12
LANDMARK,67.53,
RACE,75.78,75.78
AVONMORE,19.72,19.72
ETHOSLTD,64.68,64.68
DREAMFOLKS,18.63,18.63
AGSTRA,,
SONUINFRA,15.12,15.12
MSUMI,36.89,36.89
KNAGRI,16.48,16.48
LEMERITE,213.40,213.40
DHARMAJ,19.85,19.85
HARSHA,28.42,28.42
KRISHIVAL,40.24,40.24
OBCL,104.37,104.37
GMRP&UI,4.10,
KCK,170.46,170.46
LICI,11.05,11.05
INDOAMIN,15.97,15.97
KRISHNADEF,45.93,45.93
PROPEQUITY,18.06,18.06
TVSSCS,,
SWARAJ,16.12,16.12
AMEYA,19.23,19.23
INOXGREEN,130.45,130.45
FEDFINA,15.04,15.04
ACI,39.38,33.51
BIKAJI,59.48,59.48
RITCO,18.53,18.53
SADHNANIQ,203.94,203.94
SURAJEST,14.51,14.51
SKP,353.24,353.24
RILINFRA,18.79,18.79
HARDWYN,48.80,48.80
CHEVIOT,9.36,9.36
MUKKA,16.98,16.98
HMAAGRO,20.49,20.49
MWL,15.13,15.13
MEDICO,56.45,56.45
CMRSL,8.79,7.10
KFINTECH,47.98,47.98
YATHARTH,27.29,27.29
DCXINDIA,50.96,50.96
YATRA,40.07,40.07
AKSHAR,,
ARISTO,14.65,14.65
KAYNES,106.43,106.43
NGLFINE,22.59,22.59
SABAR,3.47,3.47
SWASTIK,32.54,32.54
FIDEL,24.38,24.38
AXITA,45.94,49.00
PLAZACABLE,148.18,148.18
SENCO,36.71,36.71
USASEEDS,16.54,16.54
TRU,13.77,13.77
RADHIKAJWE,17.68,17.68
TIPSFILMS,,
SPLPETRO,26.00,26.00
RAMRAT,31.37,31.37
VIVIANA,51.17,51.17
CSLFINANCE,8.60,8.60
AGNI,102.86,102.86
KORE,38.01,37.90
GOYALALUM,64.65,64.65
RUSTOMJEE,41.05,41.05
GENSOL,15.35,15.33
DBOL,44.86,37.74
KANDARP,73.95,73.95
GSLSU,,
SPORTKING,10.61,10.61
ALLETEC,31.85,31.85
AIIL,6.21,6.21
MANORAMA,70.87,70.87
ISHAN,30.51,28.67
ARABIAN,9.56,9.56
INNOVACAP,35.18,35.18
GRMOVER,25.58,25.58
SYNCOMF,38.76,38.76
CLOUD,1.39,1.39
BAHETI,39.11,39.11
SULA,31.19,31.19
SIGNATURE,182.74,182.74
ANNAPURNA,29.83,29.83
KRITINUT,12.19,12.19
KALAMANDIR,20.85,20.85
VITAL,,
RAMAPHO,28.78,28.78
PPLPHARMA,,
TAPIFRUIT,,
AVALON,96.72,96.72
RITEZONE,8.61,8.61
CONCORDBIO,53.45,53.45
GODIGIT,79.51,79.51
GRCL,116.34,116.34
BAIDFIN,11.15,11.15
LLOYDS,,
PHANTOMFX,13.59,13.59
QUICKTOUCH,8.18,8.18
AMIABLE,10.57,10.57
KAMOPAINTS,42.96,42.96
DOLLEX,20.62,20.62
BLUEJET,61.35,61.35
MVGJL,10.60,10.60
SCPL,16.98,16.98
SUKHJITS,11.94,11.94
ARHAM,25.67,25.67
FROG,30.13,30.13
MANKIND,45.45,45.45
SKYGOLD,48.79,48.79
BLAL,,
ARIHANTACA,30.49,30.49
SATINDLTD,13.14,13.13
DIVGIITTS,50.93,50.93
PRITIKA,79.06,79.06
USK,17.15,17.15
ANLON,32.94,32.94
MOTISONS,40.95,41.34
VELS,,
VERTEXPLUS,,
CMNL,32.03,31.45
SRIVASAVI,16.07,16.07
DIACABS,117.41,124.06
IKIO,36.80,36.80
MANOMAY,14.65,14.65
FAZE3Q,27.23,27.23
UMA,26.00,26.00
NSLNISP,,
RBMINFRA,15.87,15.87
LLOYDSME,39.65,39.65
AARTIPHARM,27.17,27.17
RHL,42.06,42.06
SAHYADRI,14.30,14.30
SAHANA,39.86,39.86
NINSYS,37.08,37.08
DUCOL,29.36,29.36
HOMESFY,15.73,15.38
SBFC,28.78,28.78
SBGLP,50.05,50.05
ASMS,161.54,185.86
HYBRIDFIN,10.29,9.63
SHERA,33.82,33.82
VIAZ,29.77,29.77
INDGN,31.57,31.75
ZAGGLE,61.80,61.80
GANDHAR,16.60,16.60
AGARWALFT,22.79,22.79
MCON,44.05,44.05
HONASA,90.98,90.98
RISHABH,48.60,48.60
IRMENERGY,19.44,19.44
SAH,322.68,322.68
DENEERS,19.49,19.49
JGCHEM,18.84,18.84
QFIL,13.89,13.89
CYIENTDLM,54.65,54.65
NIRMAN,15.65,15.65
AKI,37.03,51.29
YCCL,102.16,102.16
RPTECH,9.07,9.48
LORDSCHLO,98.54,98.54
SYSTANGO,16.76,16.76
RATNAVEER,18.15,18.15
PATTECH,28.14,28.14
MOS,56.40,56.40
SECMARK,42.46,42.46
AUROIMPEX,14.33,14.33
SOTAC,24.69,24.18
SPECTSTM,24.46,24.46
ATAM,15.62,15.62
IDEAFORGE,,
CRAYONS,9.09,9.09
SHRITECH,11.88,11.88
INFOLLION,35.38,35.38
LAL,17.48,17.48
URBAN,12.82,12.82
INFINIUM,35.57,35.57
AARTECH,40.38,40.38
POCL,27.99,27.99
KRISHCA,23.35,23.35
ESFL,115.84,115.84
AATMAJ,,
TATATECH,41.13,41.13
REMUS,29.18,29.18
NOVAAGRI,15.46,15.46
REDTAPE,44.72,44.72
ASHOKAMET,4.29,4.29
SICALLOG,,
YUDIZ,,
PENTAGON,17.83,17.83
CELLPOINT,166.76,166.76
SEL,47.27,47.27
TRIDHYA,8.08,8.08
ACL,,
GREENCHEF,26.56,26.56
PROV,43.14,43.14
PTCIL,358.40,355.94
NETWEB,85.56,85.56
PYRAMID,19.81,19.81
VILINBIO,,
MAGSON,37.64,37.64
AEROFLEX,41.62,41.62
EMSLIMITED,19.35,19.35
EFACTOR,14.16,14.16
GHCLTEXTIL,14.49,14.49
MONOPHARMA,16.13,16.13
VPRPL,18.36,18.36
UDS,17.12,17.12
DENTALKART,57.01,57.01
SYNOPTICS,13.14,13.14
CLSL,30.91,30.91
SSFL,27.50,27.50
KIRLPNU,33.47,32.44
DHTL,,
ATL,18.80,17.80
BALUFORGE,30.36,30.36
RRKABEL,39.32,39.32
JSWINFRA,41.39,41.39
SANGANI,24.15,24.15
JLHL,50.35,50.79
SCILAL,48.76,48.76
SAHAJ,15.76,15.76
NUVAMA,21.88,21.88
GLOBALPET,74.74,74.74
YASHO,106.46,106.46
SERVICE,36.15,36.15
KEL,36.80,36.80
PRAMARA,27.64,27.64
NIITMTS,24.34,23.53
VINSYS,19.82,19.82
VALIANTLAB,,
ZEAL,10.80,10.80
ARVINDPORT,14.70,14.70
MARINETRAN,50.62,50.62
SAROJA,27.11,27.11
SINDHUTRAD,28.35,28.34
UNIHEALTH,18.90,18.90
ORIANA,25.87,25.87
ASKAUTOLTD,34.32,34.32
CHAVDA,15.96,15.96
ONDOOR,9.71,9.65
BAWEJA,15.23,15.23
TRANSTEEL,17.69,17.62
SANDUMA,16.16,16.16
VLEGOV,,373.74
PLADAINFO,7.97,7.97
OLIL,37.74,37.74
SUNREST,,
RBZJEWEL,16.99,16.99
KODYTECH,80.13,80.13
KARNIKA,48.82,48.82
AKANKSHA,233.34,233.34
SCML,15.12,15.12
SAAKSHI,28.95,28.95
MUFIN,64.01,62.42
MAL,13.02,13.02
HIGREEN,50.37,50.37
PLATIND,27.20,27.20
MUFTI,13.14,13.14
FLAIR,18.25,18.25
CELLECOR,53.10,53.10
MUTHOOTMF,7.37,7.37
SRGHFL,17.49,17.49
JIOFIN,116.29,116.29
MADHUSUDAN,19.82,19.82
NEWJAISA,26.21,26.21
GOYALSALT,17.06,17.06
TICL,,
WOMANCART,39.63,39.63
RCDL,29.54,29.54
BLSE,26.63,26.63
HOLMARC,43.42,43.42
SHANTHALA,24.46,24.46
TREL,3.79,24.64
MARCO,25.77,25.77
DIAMINESQ,95.61,95.61
VISHNUINFR,18.15,18.15
KONTOR,32.79,32.79
RKSWAMY,31.99,31.99
MICROPRO,10.01,10.01
INSPIRE,,
EPACK,71.23,71.23
HAPPYFORGE,29.43,29.43
IBLFL,52.62,52.62
INDIASHLTR,23.19,23.19
CELLO,32.76,32.76
CANARYS,17.19,17.19
DIGIDRIVE,16.86,16.86
DOMS,80.28,80.28
MAITREYA,39.01,39.01
GLOSTERLTD,,
LANCORHOL,27.33,27.33
AMNPLST,28.95,28.95
POLYSIL,8.58,8.58
SARTELE,33.35,33.35
VINYAS,137.22,137.22
SAIFL,8.63,8.63
JNKINDIA,53.35,53.35
INOXINDIA,42.99,44.16
GRAPHISAD,14.65,14.19
SHEETAL,34.57,34.57
ROXHITECH,6.46,6.46
JYOTICNC,72.95,71.33
BAJEL,109.51,89.42
EFORCE,,
DEEM,8.58,8.58
APS,50.06,50.06
ENTERO,55.68,55.68
TECHLABS,101.32,101.32
SIGNPOST,24.56,24.56
ROCKINGDCE,37.37,37.37
BABAFP,14.63,14.63
SUNCLAY,,
SHREEOSFM,13.45,13.45
PRESSTONIC,,
HRHNEXT,33.05,33.19
EXICOM,,
MEGATHERM,24.22,24.22
OWAIS,31.85,31.85
VR,62.49,62.02
KLL,14.95,14.95
ZENITHDRUG,10.75,10.88
SJLOGISTIC,21.01,21.01
CBAZAAR,,
PURVFLEXI,23.91,23.91
KTL,3.67,3.67
SRM,19.41,19.41
AZAD,110.65,110.65
KONSTELEC,10.42,10.42
JUNIPER,94.80,94.80
KRYSTAL,10.22,10.22
VSTL,22.76,22.76
FONEBOX,29.00,29.00
ITALIANE,14.21,14.21
SUPREMEPWR,18.61,18.61
KCEIL,27.38,27.38
MAXESTATES,863.96,864.03
CGRAPHICS,30.41,30.41
ACCENTMIC,13.86,13.86
LAWSIKHO,29.01,29.01
SADHAV,15.31,15.31
MANDEEP,,
WTICAB,15.09,15.09
GOPAL,40.94,40.94
DAVANGERE,30.70,30.70
MAXPOSURE,30.32,30.32
UEL,1291.33,
ALPEXSOLAR,32.96,36.13
VHLTD,18.65,18.83
SONAMAC,12.12,12.12
SIGNORIA,10.98,10.98
TCL,16.06,16.06
ENSER,23.81,23.81
DELAPLEX,12.23,12.23
RULKA,15.42,15.42
NAMAN,12.85,12.84
SINCLAIR,29.44,29.44
SHREEKARNI,28.27,28.27
BLUEPEBBLE,19.98,19.98
DCG,28.24,28.24
AWFIS,77.58,135.95
K2INFRA,10.40,10.40
RADIOWALLA,1.57,1.41
RBS,16.20,16.20
ASPIRE,6.39,6.39
ESCONET,49.88,49.88
MVKAGRO,9.82,9.82
ENFUSE,100.93,100.93
AVPINFRA,18.14,18.14
SILKFLEX,13.31,13.31
VISHWAS,21.40,21.40
TGL,21.70,21.70
TAC,109.40,109.40
EMMIL,18.39,18.60
YASHOPTICS,20.39,20.39
ALUWIND,23.43,23.46
REFRACTORY,34.33,34.33
PRLIND,16.16,16.40
IEML,21.70,21.70
ABSMARINE,35.23,35.23
VERITAAS,14.37,14.37
WINSOL,44.32,44.32
HOACFOODS,91.47,91.47
SLONE,18.94,18.94
QUESTLAB,16.00,16.00
