SYMBOL,SERIES,SECURITY,HIGH/LOW,INDEX FLAG
63MOONS,EQ,63 MOONS TECHNOLOGIES LTD,H
966SFIL25A,NI,SEC RE NCD 10.05% SR.IV,H
ABHAPOWER,ST,ABHA POWER N STEEL LTD,H
ABSMARINE,ST,ABS MARINE SERVICES LTD,H
ACMESOLAR,EQ,ACME SOLAR HOLDINGS LTD,H
AHL,BE,ABANS HOLDINGS LIMITED,H
AKSHOPTFBR,BE,AKSH OPTIFIBRE  LTD,H
ALMONDZ,EQ,ALMONDZ GLOBAL SEC LTD,H
ALPEXSOLAR,SM,ALPEX SOLAR LIMITED,H
ALPSINDUS,BE,ALPS INDUSTRIES LTD.,H
ANKITMETAL,BZ,ANKIT MET & POW LTD,H
ARSSINFRA,BE,ARSS INFRA PROJ. LTD,H
ARVEE,EQ,ARVEE LABORATORIES I LTD,H
ASKAUTOLTD,EQ,ASK AUTOMOTIVE LIMITED,H
ATLASCYCLE,BE,ATLAS CYCLE (HARYANA) LTD,H
AVALON,EQ,AVALON TECHNOLOGIES LTD,H
AVROIND,EQ,AVRO INDIA LIMITED,H
AXISCADES,BE,AXISCADES TECH LTD,H
BAJAJINDEF,BE,INDEF MANUFACTURING LTD,H
BALAJITELE,BE,BALAJI TELEFILMS LTD.,H
BEWLTD,ST,BEW ENGINEERING LIMITED,H
BLUECHIP,BE,BLUE CHIP INDIA LIMITED,H
BOHRAIND,BE,BOHRA INDUSTRIES LIMITED,H
BORORENEW,BE,BOROSIL RENEWABLES LTD,H
CBAZAAR,ST,NET AVENUE TECHNOLOGIES L,H
CEREBRAINT,BZ,CEREBRA INT TECH LTD,H
COFFEEDAY,EQ,COFFEE DAY ENTERPRISE LTD,H
CREATIVEYE,EQ,CREATIVE EYE LIMITED,H
DCMFINSERV,EQ,DCM FINANCIAL SERVICES LT,H
DIACABS,BE,DIAMOND POWER INFRA LTD,H
DIFFNKG,BE,DIFFUSION ENGINEERS LTD,H
DOLPHIN,BE,DOLPHIN OFF ENT (IND) L,H
DRL,ST,DHANUKA REALTY LIMITED,H
E2E,EQ,E2E NETWORKS LIMITED,H
ELGIRUBCO,BE,ELGI RUBBER CO. LTD,H
EPACK,EQ,EPACK DURABLE LIMITED,H
ESCONET,ST,ESCONET TECHNOLOGIES LTD,H
ESPRIT,ST,ESPRIT STONES LIMITED,H
EXCELINDUS,EQ,EXCEL INDUSTRIES LTD,H
FEL,BZ,FUTURE ENTERPRISES LTD,H
FELIX,SM,FELIX INDUSTRIES LTD.,H
FICRF3GP,MF,FRANTEMAMC - FICRF3GP,H
FIDEL,ST,FIDEL SOFTECH LIMITED,H
FSC,BZ,FUTURE SUPP CHAIN SOL LTD,H
GANGAFORGE,EQ,GANGA FORGING LIMITED,H
GAYAPROJ,BZ,GAYATRI PROJECTS LTD,H
GLOBALE,BE,GLOBALE TESSILE LIMITED,H
GLOBALVECT,BE,GLOBAL VEC HELICORP LTD,H
GLOBE,EQ,GLOBE TEXTILES (I) LTD.,H
GODHA,BE,GODHA CABCON INSULAT LTD,H
GOENKA,BZ,GOENKA DIAMOND&JEWELS LTD,H
GSTL,ST,GLOBESECURE TECHNO LTD,H
GTECJAINX,BE,G-TEC JAINX EDUCATION LTD,H
GVKPIL,BE,GVK POW. & INFRA LTD.,H
GVT&D,EQ,GE VERNOVA T&D INDIA LTD,H
HIGREEN,SM,HI GREEN CARBON LIMITED,H
HINDMOTORS,EQ,HINDUSTAN MOTORS LIMITED,H
HOLMARC,ST,HOLMARC OPTO MECHATRO L,H
HOVS,EQ,HOV SERVICES LTD,H
ICEMAKE,EQ,ICE MAKE REFRIGERAT LTD,H
INDOTECH,EQ,INDO TECH TRANSFORM LTD.,H
INFOMEDIA,BE,INFOMEDIA PRESS LIMITED,H
ITTL,ST,INNOVATIVE TYRE & TUBE LT,H
IZMO,BE,IZMO LIMITED,H
JAICORPLTD,EQ,JAI CORP LIMITED,H
KITEX,BE,KITEX GARMENTS LTD,H
KKJEWELS,ST,KABRA JEWELS LIMITED,H
KPEL,EQ,K.P. ENERGY LIMITED,H
KPIGREEN,EQ,KPI GREEN ENERGY LIMITED,H
KRIDHANINF,BE,KRIDHAN INFRA LIMITED,H
KSHITIJPOL,BE,KSHITIJ POLYLINE LIMITED,H
LLOYDS,SM,LLOYDS LUXURIES LIMITED,H
MAFANG,EQ,MIRAEAMC - MAFANG,H
MAHKTECH,EQ,MIRAEAMC - MAHKTECH,H
MOHITIND,BE,MOHIT INDUSTRIES LTD,H
MSPL,EQ,MSP STEEL & POWER LTD.,H
MTEDUCARE,BE,MT EDUCARE LTD,H
NECLIFE,EQ,NECTAR LIFESCIENCES LTD.,H
NEPHROCARE,SM,NEPHRO CARE INDIA LIMITED,H
ODIGMA,BE,ODIGMA CONSULTANCY SOL L,H
OPTIEMUS,EQ,OPTIEMUS INFRACOM LTD,H
ORBTEXP,BE,ORBIT EXPORTS LIMITED,H
ORIENTTECH,EQ,ORIENT TECHNOLOGIES LTD,H
ORTEL,BZ,ORTEL COMMUNICATIONS LTD,H
PANACHE,BE,PANACHE DIGILIFE LIMITED,H
PANSARI,BE,PANSARI DEVELOPERS LTD,H
PARASPETRO,EQ,PARAS PETROFILS LTD.,H
PCJEWELLER,EQ,PC JEWELLER LTD,H
PELATRO,ST,PELATRO LIMITED,H
PENINLAND,BE,PENINSULA LAND LIMITED,H
PRAXIS,EQ,PRAXIS HOME RETAIL LTD,H
PREMIERPOL,EQ,PREMIER POLYFILM LTD,H
PRIZOR,SM,PRIZOR VIZTECH LIMITED,H
PROZONER,BE,PROZONE REALTY LIMITED,H
PTCIL,EQ,PTC INDUSTRIES LIMITED,H
READYMIX,SM,READYMIX CONSTRU MACHI L,H
RILINFRA,SM,RACHANA INFRA LTD,H
RNFI,ST,RNFI SERVICES LIMITED,H
RPPINFRA,BE,R.P.P INFRA PROJECTS LTD.,H
RULKA,ST,RULKA ELECTRICALS LIMITED,H
SARLAPOLY,BE,SARLA PERF. FIBERS LTD,H
SATKARTAR,SM,SAT KARTAR SHOPPING LTD,H
SEJALLTD,EQ,SEJAL GLASS LIMITED,H
SETUINFRA,BZ,SETUBANDHAN INFRA LTD,H
SHAILY,BE,SHAILY ENG PLASTICS LTD,H
SHREEKARNI,ST,SHREE KARNI FABCOM LTD,H
SITINET,BZ,SITI NETWORKS LIMITED,H
SOLARA,EQ,SOLARA ACTIVE PHA SCI LTD,H
SRPL,BZ,SHREE RAM PROTEINS LTD.,H
SUNFLAG,BE,SUNFLAG IRON AND STEEL CO,H
SWANDEF,BE,SWAN DEFENCE N HEVY IND L,H
SWARAJ,SM,SWARAJ SUITING LIMITED,H
TAC,ST,TAC INFOSEC LIMITED,H
TECHLABS,ST,TRIDENT TECHLABS LIMITED,H
TECILCHEM,EQ,TECIL CHEMICALS,H
TERASOFT,BE,TERA SOFTWARE LIMITED,H
TFL,BE,TRANSWARRANTY FIN. LTD.,H
TIRUPATIFL,BE,TIRUPATI FORGE LIMITED,H
UNITECH,BZ,UNITECH LIMITED,H
URJA,BE,URJA GLOBAL LIMITED,H
VERITAAS,ST,VERITAAS ADVERTISING LTD,H
VERTEXPLUS,SM,VERTEXPLUS TECHNOLOGIES L,H
VIJIFIN,BE,VIJI FINANCE LIMITED,H
VINNY,BE,VINNY OVERSEAS LIMITED,H
VOLERCAR,ST,VOLER CAR LIMITED,H
WALCHANNAG,EQ,WALCHANDNAGAR INDUSTRIES,H
WINDMACHIN,EQ,WINDSOR MACHINES LIMITED,H
ZAGGLE,EQ,ZAGGLE PREPA OCEAN SER L,H
21STCENMGM,BE,21ST CENTURY MGMT SERVICE,L
AARVEEDEN,BE,AARVEE DEN. & EXP. LTD,L
ABHAPOWER,ST,ABHA POWER N STEEL LTD,L
AGNI,ST,AGNI GREEN POWER LTD,L
AGSTRA,BE,AGS TRANSACT TECH LTD,L
AHIMSA,ST,AHIMSA INDUSTRIES LTD.,L
ALPSINDUS,BE,ALPS INDUSTRIES LTD.,L
ANKITMETAL,BZ,ANKIT MET & POW LTD,L
ANSALAPI,BZ,ANSAL PROP & INFRA LTD,L
ARROWGREEN,BE,ARROW GREENTECH LIMITED,L
ARVINDPORT,ST,ARVIND PORT AND INFRA LTD,L
ASPIRE,ST,ASPIRE & INNOVATIVE ADV L,L
ASTRON,EQ,ASTRON PAPER BORD MIL LTD,L
ATLASCYCLE,BE,ATLAS CYCLE (HARYANA) LTD,L
AVG,BE,AVG LOGISTICS LIMITED,L
AVPINFRA,ST,AVP INFRACON LIMITED,L
AYMSYNTEX,EQ,AYM SYNTEX LIMITED,L
BAGFILMS,BE,B.A.G FILMS AND MEDIA LTD,L
BAJAJINDEF,BE,INDEF MANUFACTURING LTD,L
BGRENERGY,BE,BGR ENERGY SYSTEMS LTD,L
BIRLAMONEY,BE,ADITYA BIRLA MONEY LTD,L
BLUECHIP,BE,BLUE CHIP INDIA LIMITED,L
BSLNIFTY,EQ,ADITYBIRLA SL NIF ETF-GR,L
BYKE,BE,THE BYKE HOSPITALITY LTD,L
C2C,ST,C2C ADVANCED SYSTEMS LTD,L
CMMIPL,SZ,CMM INFRAPROJECTS LIMITED,L
COMPINFO,BZ,COMPUAGE INFOCOM LTD,L
CONTI,ST,CONTINENTAL SEED CHEM LTD,L
CRAYONS,ST,CRAYONS ADVERTISING LTD,L
CTE,EQ,CAMBRIDGE TECH ENTER LTD,L
CUBEXTUB,BE,CUBEXTUBINGS-ROLLSETT,L
DCMFINSERV,EQ,DCM FINANCIAL SERVICES LT,L
DELPHIFX,BE,DELPHI WORLD MONEY LTD,L
DHTL,SM,DOCMODE HEALTH TECH LTD,L
DIL,BE,DEBOCK INDUSTRIES LIMITED,L
DIVYADHAN,ST,DIVYADHAN RECYCLING IND L,L
DYNAMIC,ST,DYNAMIC SRVCS & SEC LTD,L
ENERGYDEV,BE,ENERGY DEVE. CO.LTD,L
ENSER,ST,ENSER COMMUNICATIONS LTD,L
ESCONET,ST,ESCONET TECHNOLOGIES LTD,L
ESSARSHPNG,BE,ESSAR SHIPPING LTD,L
EVERESTIND,BE,EVEREST INDUSTRIES LTD,L
FEL,BZ,FUTURE ENTERPRISES LTD,L
FELIX,SM,FELIX INDUSTRIES LTD.,L
FICRF3GP,MF,FRANTEMAMC - FICRF3GP,L
FLEXITUFF,BE,FLEXITUFF VENTURES INT L,L
FRESHARA,ST,FRESHARA AGRO EXPORTS LTD,L
GANGAFORGE,EQ,GANGA FORGING LIMITED,L
GATECH,BE,GACM TECHNOLOGIES LIMITED,L
GAYAHWS,BE,GAYATRI HIGHWAYS LIMITED,L
GAYAPROJ,BZ,GAYATRI PROJECTS LTD,L
GENSOL,EQ,GENSOL ENGINEERING LTD,L
GKWLIMITED,BE,GKW LIMITED,L
GLOBALE,BE,GLOBALE TESSILE LIMITED,L
GODHA,BE,GODHA CABCON INSULAT LTD,L
GOLDENTOBC,BZ,GOLDEN TOBACCO LIMITED,L
GSTL,ST,GLOBESECURE TECHNO LTD,L
GTECJAINX,BE,G-TEC JAINX EDUCATION LTD,L
GUJRAFFIA,BE,GUJARAT RAFFIA INDUST LTD,L
GVKPIL,BE,GVK POW. & INFRA LTD.,L
HARDWYN,BE,HARDWYN INDIA LIMITED,L
HDIL,BZ,HOUSING DEV & INFRA LTD,L
HECPROJECT,EQ,HEC INFRA PROJECTS LTD,L
HEXATRADEX,EQ,HEXA TRADEX LIMITED,L
HITECHGEAR,BE,THE HI-TECH GEARS LIMITED,L
HUBTOWN,EQ,HUBTOWN LIMITED,L
IEML,ST,INDIAN EMULSIFIERS LTD,L
IGIL,EQ,INTERNATIO GEMM INS (I) L,L
IL&FSENGG,BZ,IL&FS ENG AND CONS CO LTD,L
IL&FSTRANS,BZ,IL&FS TRANS NET LTD,L
INDIANCARD,BE,INDIAN CARD,L
INDIFRA,ST,INDIFRA LIMITED,L
ISHAN,SM,ISHAN INTERNATIONAL LTD,L
IZMO,BE,IZMO LIMITED,L
JAYBEE,ST,JAY BEE LAMINATIONS LTD,L
JITFINFRA,BE,JITF INFRALOGISTICS LTD,L
K2INFRA,ST,K2 INFRAGEN LIMITED,L
KAMOPAINTS,BE,KAMDHENU VENTURES LIMITED,L
KCK,ST,KCK INDUSTRIES LTD,L
KEEPLEARN,BE,DSJ KEEP LEARNING LTD,L
KERNEX,BE,KERNEX MICROSYS(I) LTD,L
KKJEWELS,ST,KABRA JEWELS LIMITED,L
KONTOR,SM,KONTOR SPACE LIMITED,L
KORE,ST,JAY JALARAM TECHNO LTD,L
KOTHARIPRO,BE,KOTHARI PRODUCTS,L
KOTYARK,ST,KOTYARK INDUSTRIES LTD,L
KREBSBIO,BE,KREBS BIOCHEMICALS & IND,L
KRITI,EQ,KRITI INDUSTRIES IND LTD,L
KTL,ST,KALAHRIDHAAN TRENDZ LTD,L
LAL,BE,LORENZINI APPARELS LTD,L
LATTEYS,BE,LATTEYS INDUSTRIES LTD,L
LAWSIKHO,ST,ADDICTIVE LEARNING TECH L,L
LCCINFOTEC,BE,LCC INFOTECH LTD,L
LOKESHMACH,BE,LOKESH MACHINES LTD,L
LPDC,BE,LANDMARK PR.DEV.CO.LTD,L
LRRPL,ST,LEAD REC AND RUB PROD LTD,L
MACPOWER,BE,MACPOWER CNC MACHINES LTD,L
MADHUCON,EQ,MADHUCON PROJECTS LTD.,L
MAITREYA,SM,MAITREYA MEDICARE LIMITED,L
MAKS,SM,MAKS ENERGY SOL INDIA LTD,L
MANAKCOAT,BE,MAN COAT METAL & IND LTD,L
MARINETRAN,ST,MARINETRANS INDIA LIMITED,L
MCLEODRUSS,BE,MCLEOD RUSSEL INDIA LTD.,L
MEDIORG,SM,MEDICAMEN ORGANICS LTD,L
MEGASOFT,BE,MEGASOFT LTD,L
MEP,BZ,MEP INFRA. DEVELOPERS LTD,L
MFML,BE,MAHALAXMI FABRIC MILLS LT,L
MIEL,ST,MANGLAM INFRA & ENG LTD,L
MILTON,SM,MILTON INDUSTRIES LIMITED,L
MINDPOOL,SM,MINDPOOL TECHNOLOGIES LTD,L
MORARJEE,BZ,MORARJEE TEXTILES LIMITED,L
MOS,ST,MOS UTILITY LIMITED,L
MPTODAY,SM,M P TODAY MEDIA LIMITED,L
NARMADA,BE,NARMADA AGROBASE LIMITED,L
NEWJAISA,SM,NEWJAISA TECHNOLOGIES LTD,L
NEXTMEDIA,EQ,NEXT MEDIAWORKS LIMITED,L
NGLFINE,BE,NGL FINE CHEM LIMITED,L
NIBL,BE,NRB INDUS. BEARINGS LTD.,L
NILASPACES,BE,NILA SPACES LIMITED,L
NITCO,BE,NITCO LIMITED,L
NMSTEEL,ST,NEWMALAYALAM STEEL LTD,L
ODIGMA,BE,ODIGMA CONSULTANCY SOL L,L
OMFURN,ST,OMFURN INDIA LIMITED,L
OMKARCHEM,BZ,OMKAR SPL CHEM LTD,L
ONDOOR,ST,ON DOOR CONCEPTS LIMITED,L
ONELIFECAP,BE,ONELIFE CAP ADVISORS LTD,L
OSELDEVICE,ST,OSEL DEVICES LIMITED,L
OSIAHYPER,EQ,OSIA HYPER RETAIL LIMITED,L
PALREDTEC,BE,PALRED TECHNOLOGIES LTD,L
PAR,BE,PAR DRUGS AND CHEM LTD,L
PELATRO,ST,PELATRO LIMITED,L
PENINLAND,BE,PENINSULA LAND LIMITED,L
PERFECT,ST,PERFECT INFRAENGINEER LTD,L
PIGL,BE,POWER INSTRUMENT (G) LTD,L
PIONEEREMB,BE,PIONEER EMBROIDERIES LTD,L
PRECISION,ST,PRECISION METALIKS LTD,L
PREMIER,BE,PREMIER LIMITED,L
PRIZOR,SM,PRIZOR VIZTECH LIMITED,L
PROZONER,BE,PROZONE REALTY LIMITED,L
QUADPRO,SM,QUADPRO ITES LIMITED,L
QUESTLAB,ST,QUEST LABORATORIES LTD,L
QUICKTOUCH,ST,QUICKTOUCH TECHNOLOGIES L,L
RADHIKAJWE,EQ,RADHIKA JEWELTECH LIMITED,L
RAJRILTD,BE,RAJ RAYON INDUSTRIES LTD,L
RAMANEWS,BE,SHREE RAMA NEWSPRINT LTD,L
RBMINFRA,ST,RBM INFRACON LIMITED,L
REPL,BE,RUDRABHISHEK ENTERP LTD,L
RNFI,ST,RNFI SERVICES LIMITED,L
ROLTA,BZ,ROLTA INDIA LTD,L
ROXHITECH,ST,ROX HI TECH LIMITED,L
RSSOFTWARE,BE,R. S. SOFTWARE (INDIA) LI,L
RVTH,EQ,REVATHI EQUIPMENT INDIA L,L
S&SPOWER,EQ,S&S POWER SWITCHGEARS LTD,L
SABAR,ST,SABAR FLEX INDIA LIMITED,L
SADHNANIQ,BE,SADHANA NITROCHEM LIMITED,L
SAHANA,ST,SAHANA SYSTEM LIMITED,L
SAHASRA,ST,SAHASRA ELECTRONIC SOLU L,L
SAJHOTELS,ST,SAJ HOTELS LIMITED,L
SANCO,BZ,SANCO INDUSTRIES LIMITED,L
SANWARIA,BZ,SANWARIA CONSUMER LIMITED,L
SATKARTAR,SM,SAT KARTAR SHOPPING LTD,L
SBGLP,BE,SURATWWALA BUS GROUP LTD,L
SDREAMS,ST,S D RETAIL LIMITED,L
SECL,ST,SALASAR EXTERIOR CONT LTD,L
SEL,ST,SUNGARNER ENERGIES LTD,L
SEYAIND,BE,SEYA INDUSTRIES LIMITED,L
SHANTHALA,ST,SHANTHALA FMCG PRODUCTS L,L
SHANTI,EQ,SHANTI OVERSEAS INDIA LTD,L
SICALLOG,BE,SICAL LOGISTICS LIMITED,L
SIMPLEXINF,EQ,SIMPLEX INFRASTRUCTURES L,L
SKYGOLD,BE,SKY GOLD LIMITED,L
SOLEX,ST,SOLEX ENERGY LIMITED,L
SONUINFRA,ST,SONU INFRATECH LIMITED,L
SOTAC,SM,SOTAC PHARMACEUTICALS LTD,L
SPECTSTM,SM,SPECTRUM TALENT MGMT LTD,L
SPMLINFRA,BE,SPML INFRA LIMITED,L
SRM,BE,SRM CONTRACTORS LIMITED,L
SUMIT,EQ,SUMIT WOODS LIMITED,L
SUNDRMBRAK,BE,SUNDARAMBRAKE LININGS LTD,L
SURANI,ST,SURANI STEEL TUBES LTD.,L
SUULD,BZ,SUUMAYA INDUSTRIES LTD,L
SWELECTES,BE,SWELECT ENERGY SYS LTD,L
TAC,ST,TAC INFOSEC LIMITED,L
TAKE,BZ,TAKE SOLUTIONS LTD,L
TAPIFRUIT,SM,TAPI FRUIT PROCESSING LTD,L
TECHLABS,ST,TRIDENT TECHLABS LIMITED,L
TFL,BE,TRANSWARRANTY FIN. LTD.,L
TGL,ST,TEERTH GOPICON LIMITED,L
THESL,ST,THINKING HATS ENTER SOL L,L
TIJARIA,BE,TIJARIA POLYPIPES LTD,L
TIL,EQ,TIL LTD,L
TIRUPATIFL,BE,TIRUPATI FORGE LIMITED,L
TOUCHWOOD,BE,TOUCHWOOD ENTERTAIN LTD.,L
TPHQ,BE,TEAMO PRODUCTIONS HQ LTD,L
TRANSTEEL,ST,TRANSTEEL SEATING TECH L,L
TRU,BE,TRUCAP FINANCE LIMITED,L
TTL,BE,T T LIMITED,L
UMANGDAIRY,BE,UMANG DAIRIES LIMITED,L
UNITECH,BZ,UNITECH LIMITED,L
URBAN,SM,URBAN ENVIRO WASTE MGMT L,L
URJA,BE,URJA GLOBAL LIMITED,L
VARDMNPOLY,BE,VARDHMAN POLYTEX LTD.,L
VEEKAYEM,SM,VEEKAYEM FASH & APP LTD,L
VELS,ST,VELS FILM INTERNATIONAL L,L
VIPULLTD,BE,VIPUL LIMITED,L
VISASTEEL,BE,VISA STEEL LIMITED,L
VIVIANA,ST,VIVIANA POWER TECH LTD,L
VLEGOV,BE,VL E GOV AND IT SOL LTD,L
VMARCIND,ST,V MARC INDIA LIMITED,L
VR,ST,V R INFRASPACE LIMITED,L
VSCL,ST,VADIVARHE SPCLTY CHEM LTD,L
WEBELSOLAR,BE,WEBSOL ENERGY SYSTEM LTD,L
WINNY,ST,WINNY IMMIGRA & EDU SER L,L
WINSOME,BZ,WINSOME YARNS LIMITED,L
YUDIZ,SM,YUDIZ SOLUTIONS LIMITED,L
ZENITHEXPO,BE,ZENITH EXPORTS LTD,L
ZTECH,ST,Z-TECH (INDIA) LIMITED,L
