GAIN_LOSS,SECURITY,CLOSE_PRIC,PREV_CL_PR,PERCENT_CG
 ,Nifty 50 Sec., , , 
 , , , , 
G,BHARAT PETROLEUM CORP  LT,       249.92,       242.41,3.1
G,STATE BANK OF INDIA,       716.05,       695.30,2.98
G,BHARAT ELECTRONICS LTD,       264.71,       257.39,2.84
G,SHRIRAM FINANCE LIMITED,       632.90,       621.30,1.87
G,ADANI ENTERPRISES LIMITED,      2144.80,      2117.10,1.31
G,TATA CONSULTANCY SERV LT,      3532.05,      3493.05,1.12
G,TRENT LTD,      4999.80,      4946.90,1.07
G,COAL INDIA LTD,       363.85,       360.35,.97
G,HINDALCO  INDUSTRIES  LTD,       641.65,       636.55,.8
G,OIL AND NATURAL GAS CORP.,       226.76,       225.13,.72
G,GRASIM INDUSTRIES LTD,      2394.65,      2377.45,.72
G,POWER GRID CORP. LTD.,       254.00,       252.50,.59
G,TATA STEEL LIMITED,       139.34,       138.57,.56
G,HDFC BANK LTD,      1710.00,      1701.55,.5
G,LARSEN & TOUBRO LTD.,      3213.00,      3197.30,.49
G,ADANI PORT & SEZ LTD,      1057.95,      1053.05,.47
G,INDUSIND BANK LIMITED,       987.60,       984.00,.37
G,ICICI BANK LTD.,      1210.40,      1206.20,.35
G,APOLLO HOSPITALS ENTER. L,      6188.15,      6170.60,.28
G,ULTRATECH CEMENT LIMITED,     10370.10,     10340.80,.28
G,TATA CONSUMER PRODUCT LTD,       954.55,       953.90,.07
G,MAHINDRA & MAHINDRA LTD,      2613.35,      2611.90,.06
G,DR. REDDY S LABORATORIES,      1120.15,      1119.60,.05
 , , , , 
L,BAJAJ AUTO LIMITED,      7333.30,      7714.80,-4.95
L,HERO MOTOCORP LIMITED,      3514.85,      3630.75,-3.19
L,BAJAJ FINSERV LTD.,      1790.30,      1838.55,-2.62
L,HCL TECHNOLOGIES LTD,      1535.50,      1572.40,-2.35
L,EICHER MOTORS LTD,      4815.10,      4906.60,-1.86
L,NESTLE INDIA LIMITED,      2146.50,      2185.55,-1.79
L,ASIAN PAINTS LIMITED,      2132.10,      2166.40,-1.58
L,MARUTI SUZUKI INDIA LTD.,     11616.25,     11775.60,-1.35
L,BHARTI AIRTEL LIMITED,      1575.35,      1595.80,-1.28
L,WIPRO LTD,       280.00,       283.55,-1.25
L,INFOSYS LIMITED,      1688.30,      1708.60,-1.19
L,SUN PHARMACEUTICAL IND L,      1566.50,      1585.10,-1.17
L,SBI LIFE INSURANCE CO LTD,      1393.10,      1408.50,-1.09
L,TITAN COMPANY LIMITED,      3048.50,      3082.00,-1.09
L,HINDUSTAN UNILEVER LTD.,      2157.35,      2176.85,-0.9
L,RELIANCE INDUSTRIES LTD,      1161.90,      1171.25,-0.8
L,ITC LTD,       394.85,       397.45,-0.65
L,AXIS BANK LIMITED,      1001.80,      1007.25,-0.54
L,BAJAJ FINANCE LIMITED,      8585.95,      8627.85,-0.49
L,BRITANNIA INDUSTRIES LTD,      4575.20,      4596.60,-0.47
L,CIPLA LTD,      1401.80,      1407.55,-0.41
L,KOTAK MAHINDRA BANK LTD,      1907.80,      1914.60,-0.36
L,TECH MAHINDRA LIMITED,      1488.25,      1493.05,-0.32
L,TATA MOTORS LIMITED,       619.20,       621.15,-0.31
L,HDFC LIFE INS CO LTD,       616.50,       618.00,-0.24
L,NTPC LTD,       313.75,       314.40,-0.21
L,JSW STEEL LIMITED,       974.10,       976.05,-0.2
 , , , , 
 ,Nifty Next 50 Sec., , , 
 , , , , 
G,VARUN BEVERAGES LIMITED,       477.30,       456.95,4.45
G,BHEL,       192.75,       185.47,3.93
G,HINDUSTAN AERONAUTICS LTD,      3311.15,      3187.05,3.89
G,UNION BANK OF INDIA,       112.67,       109.07,3.3
G,INDIAN RAILWAY FIN CORP L,       114.59,       111.13,3.11
G,INDIAN OIL CORP LTD,       118.04,       114.56,3.04
G,INTERGLOBE AVIATION LTD,      4598.70,      4464.70,3
G,JIO FIN SERVICES LTD,       206.38,       200.92,2.72
G,ZOMATO LIMITED,       227.61,       222.14,2.46
G,REC LIMITED,       386.90,       377.80,2.41
G,CHOLAMANDALAM IN & FIN CO,      1449.60,      1419.75,2.1
G,ABB INDIA LIMITED,      5191.40,      5088.30,2.03
G,SIEMENS LTD,      4931.90,      4836.70,1.97
G,JSW ENERGY LIMITED,       481.25,       473.85,1.56
G,JINDAL STEEL & POWER LTD,       867.30,       854.35,1.52
G,POWER FIN CORP LTD.,       383.30,       379.70,0.95
G,TATA POWER CO LTD,       345.95,       342.85,0.9
G,AMBUJA CEMENTS LTD,       475.00,       471.80,0.68
G,PIDILITE INDUSTRIES LTD,      2698.65,      2681.30,0.65
G,CANARA BANK,        81.94,        81.42,0.64
G,LIFE INSURA CORP OF INDIA,       733.20,       729.20,0.55
G,NHPC LTD,        73.57,        73.37,0.27
G,ZYDUS LIFESCIENCES LTD,       871.65,       870.45,0.14
G,ADANI POWER LTD,       483.25,       483.15,0.02
G,BANK OF BARODA,       195.92,       195.91,0.01
 , , , , 
L,ADANI GREEN ENERGY LTD,       768.55,       804.10,-4.42
L,LTIMINDTREE LIMITED,      4685.00,      4834.20,-3.09
L,INFO EDGE (I) LTD,      6762.15,      6962.20,-2.87
L,DABUR INDIA LTD,       483.70,       491.75,-1.64
L,BOSCH LIMITED,     26259.70,     26691.55,-1.62
L,HAVELLS INDIA LIMITED,      1407.10,      1429.30,-1.55
L,ICICI LOMBARD GIC LIMITED,      1639.70,      1663.50,-1.43
L,UNITED SPIRITS LIMITED,      1288.00,      1306.15,-1.39
L,AVENUE SUPERMARTS LIMITED,      3408.40,      3453.20,-1.3
L,TVS MOTOR COMPANY  LTD,      2293.90,      2323.85,-1.29
L,BAJAJ HOLDINGS & INVS LTD,     11209.15,     11346.75,-1.21
L,ICICI PRU LIFE INS CO LTD,       547.75,       554.25,-1.17
L,SHREE CEMENT LIMITED,     27363.35,     27678.90,-1.14
L,ADANI ENERGY SOLUTION LTD,       646.65,       654.05,-1.13
L,TORRENT PHARMACEUTICALS L,      2930.30,      2959.25,-0.98
L,SAMVRDHNA MTHRSN INTL LTD,       118.27,       119.41,-0.95
L,ADANI TOTAL GAS LIMITED,       547.15,       551.80,-0.84
L,GODREJ CONSUMER PRODUCTS,       990.25,       998.35,-0.81
L,DLF LIMITED,       643.30,       647.30,-0.62
L,VEDANTA LIMITED,       406.75,       409.15,-0.59
L,GAIL (INDIA) LTD,       153.17,       154.05,-0.57
L,DIVI S LABORATORIES LTD,      5517.70,      5540.25,-0.41
L,INDIAN RAIL TOUR CORP LTD,       673.85,       676.60,-0.41
L,MACROTECH DEVELOPERS LTD,      1117.95,      1120.85,-0.26
L,PUNJAB NATIONAL BANK,        87.09,        87.29,-0.23
 , , , , 
 ,OTHER SECURITIES, , , 
 , , , , 
G,SEC RE NCD 10.05% SR.IV,       918.22,       765.19,20
G,COFFEE DAY ENTERPRISE LTD,        30.63,        25.53,19.98
G,READYMIX CONSTRU MACHI L,        68.85,        57.40,19.95
G,MPS LIMITED,      2690.35,      2265.60,18.75
G,HINDUSTAN MOTORS LIMITED,        25.46,        21.56,18.09
G,SUNDARAM CLAYTON LIMITED,      2255.60,      1918.50,17.57
G,SEC RE NCD 10.03% SR X,       950.01,       810.00,17.29
G,M.V.K. AGRO FOOD PROD LTD,        46.60,        39.75,17.23
G,UTSSAV CZ GOLD JEWELS LTD,       177.15,       151.50,16.93
G,ICE MAKE REFRIGERAT LTD,       699.30,       598.40,16.86
G,LLOYDS LUXURIES LIMITED,        87.05,        75.00,16.07
G,THE INDIA CEMENTS LIMITED,       295.20,       256.55,15.07
G,NACL INDUSTRIES LIMITED,        69.42,        60.55,14.65
G,CONCORD BIOTECH LIMITED,      1743.50,      1521.40,14.6
G,MANORAMA INDUSTRIES LTD,       878.15,       773.60,13.51
G,SUN PHARMA ADV.RES.CO.LTD,       127.04,       112.01,13.42
G,AATMAJ HEALTHCARE LIMITED,        18.20,        16.05,13.4
G,VADILAL INDUSTRIES LTD,      4272.40,      3784.55,12.89
G,D K ENTERPRISES GLOBAL L,        68.75,        61.00,12.7
G,SURANA TELECOM AND POW LT,        19.67,        17.46,12.66
G,LASA SUPERGENERICS LTD,        21.73,        19.30,12.59
G,JYOTI CNC AUTOMATION LTD,       860.80,       770.75,11.68
G,NLC INDIA LIMITED,       226.53,       204.32,10.87
G,ALOK INDUSTRIES LIMITED,        16.49,        14.88,10.82
G,SUVEN LIFE SCIENCES LTD,       118.54,       107.21,10.57
G,ONECLICK LOGISTICS IND L,       153.30,       138.75,10.49
G,GUJARAT THEMIS BIOSYN LTD,       262.70,       238.59,10.11
G,KUNDAN EDIFICE LIMITED,       119.50,       108.60,10.04
G,EPIGRAL LIMITED,      1711.00,      1555.25,10.01
G,IND TERRAIN FASHIONS LTD,        36.92,        33.56,10.01
 , , , , 
L,GENSOL ENGINEERING LTD,       413.30,       516.60,-20
L,NEWJAISA TECHNOLOGIES LTD,        50.35,        62.90,-19.95
L,JINDAL WORLDWIDE LTD,        69.11,        78.70,-12.19
L,SEC RE NCD 10.35% SR III,       611.00,       690.00,-11.45
L,SEC RE NCD 10.30% SR.VII,       825.00,       930.00,-11.29
L,CAPITAL INFRA TRUST,        95.60,       105.67,-9.53
L,INTERNATIO GEMM INS (I) L,       331.45,       366.25,-9.5
L,SUNLITE RECYCLING IND LTD,       109.00,       119.50,-8.79
L,UNSEC RED NCD 10.5% SR.VI,       915.00,      1000.00,-8.5
L,SAROJA PHARMA INDUS IND L,        41.70,        45.50,-8.35
L,UNITED POLYFAB GUJ. LTD.,       120.70,       131.45,-8.18
L,SANGANI HOSPITALS LIMITED,        58.10,        63.00,-7.78
L,RITE ZONE CHEMCON IND LTD,        26.50,        28.50,-7.02
L,FINO PAYMENTS BANK LTD,       200.93,       215.69,-6.84
L,ALUWIND ARCHITECTURAL LTD,        53.65,        57.50,-6.7
L,GANESH INFRAWORLD LIMITED,       109.55,       116.90,-6.29
L,SUPER SPINNING MILLS LTD,         9.69,        10.31,-6.01
L,PURV FLEXIPACK LIMITED,       104.50,       111.15,-5.98
L,THANGAMAYIL JEWELLERY LTD,      1702.70,      1809.85,-5.92
L,SOUTH WEST PINNACLE LTD,       103.20,       109.69,-5.92
L,REMUS PHARMACEUTICALS L,      1903.40,      2019.85,-5.77
L,YASONS CHEMEX CARE LTD,        14.15,        15.00,-5.67
L,QUALITY POWER ELEC EQUP L,       343.15,       363.20,-5.52
L,MBL INFRASTRUCTURE LTD,        33.59,        35.55,-5.51
L,TOLINS TYRES LIMITED,       110.29,       116.70,-5.49
L,GALA PRECISION ENG LTD,       846.00,       894.85,-5.46
L,AKASH INFRA-PROJECTS LTD,        26.87,        28.41,-5.42
L,WENDT (INDIA) LIMITED,      8418.15,      8892.30,-5.33
L,AKG EXIM LIMITED,        12.64,        13.34,-5.25
L,AMBEY LABORATORIES LTD,        49.70,        52.45,-5.24
