SECURITY,NEW,PREVIOUS,NEW_STATUS
SGB2.50%MAY2025SR-I 17-18,8599.95,8589.99,H
2.50%GOLDBONDS2027SR-VI,8700,8610,H
TSI 9.35% 34 SR I-H,105826.56,105801.35,H
GOI TBILL 91D-20/03/25,99.78,99.53,H
SWELECT ENERGY SYS LTD,501.5,346.65,H
GOI TBILL 91D-13/03/25,99.9,99.59,H
GOI TBILL 182D-05/06/25,98.27,98.12,H
ABBOTT INDIA LIMITED,31750,31567,H
TCPL PACKAGING LIMITED,4500,4320,H
8.50% TAX FREE TR I S IIA,1205,1196.95,H
GOI TBILL 91D-28/03/25,99.44,99.42,H
SEC RE NCD 8.89% SR.VIII,981,980.55,H
INNOVATIVE TYRE & TUBE LT,29.9,29.35,H
SEC RE NCD SR VI,1119,1112.22,H
ARIHANT ACADEMY LIMITED,228,224.95,H
NARAYANA HRUDAYALAYA LTD.,1692.5,1659,H
PUDUMJEE PAPER PRO. LTD,101,16.95,H
ABANS HOLDINGS LIMITED,206.35,199.81,H
GOI TBILL 364D-12/06/25,98.15,98.1,H
BLUE COAST HOTELS LIMITED,45.73,44.84,H
GOI TBILL 182D-10/04/25,99.19,99.1,H
JALAN TRANSOLU. INDIA LTD,14.4,14.15,H
ONECLICK LOGISTICS IND L,153.7,145.5,H
NORBEN TEA &EXPORTS LTD,48.08,47.14,H
FRANTEMAMC - FICRF3GP,2.84,2.59,H
SWAN DEFENCE N HEVY IND L,64.36,61.3,H
SEC RE NCD 9.60% SR II,1031,1027.8,H
GOI TBILL 182D-10/07/25,97.67,97.54,H
KANDARP DG SMART BPO LTD,69.8,67,H
LAXMI GOLDORNA HOUSE LTD,644.95,640,H
SEC RE NCD 9.65% SR I,999.95,999.7,H
GOI TBILL 364D-20/03/25,99.74,99.3,H
ELEGANZ INTERIORS LIMITED,115.05,112.65,H
ANDHRA PAPER LIMITED,70.2,73,L
RAJSHREE POLYPACK LTD,22.1,22.2,L
EXXARO TILES LIMITED,7.31,7.32,L
SADHAV SHIPPING LIMITED,100.05,102.1,L
KAUSHALYA LOGISTICS LTD,71,72.1,L
CREDO BRANDS MARKETING L,117,118,L
GLOBESECURE TECHNO LTD,20.65,21.7,L
STANLEY LIFESTYLES LTD,258.6,259.1,L
POLYSIL IRRIGATION SYST L,14.25,14.45,L
GVP INFOTECH LIMITED,8.53,8.9,L
DIGIDRIVE DISTRIBUTORS L,27.6,28.11,L
DANISH POWER LIMITED,650,680,L
CADSYS (INDIA) LIMITED,70.1,71.15,L
PERFECT INFRAENGINEER LTD,10.05,10.55,L
CONS. CONST. CONSORT LTD,13.85,14.14,L
ICICIPRAMC - OILIETF,9.42,9.45,L
MITCON CON RS.2.50 PPD UP,23.87,26.12,L
HARDWYN INDIA LIMITED,11.88,12.36,L
QUICKTOUCH TECHNOLOGIES L,46.95,49.4,L
CAPITAL INFRA TRUST,92.05,98,L
LAMOSAIC INDIA LIMITED,52.95,54,L
NAMO EWASTE MANAGEMENT L,141,144.35,L
FORGE AUTO INTERNATION L,69.25,69.95,L
SIGNPOST INDIA LIMITED,211,215.79,L
SARASWATI SAREE DEPOT LTD,93.78,94.57,L
SAT KARTAR SHOPPING LTD,134.7,138.05,L
EDELAMC - ECAPINSURE,17.35,17.42,L
CMM INFRAPROJECTS LIMITED,2,2.1,L
GP ECO SOLUTIONS INDIA L,266.75,272.2,L
QUALITY POWER ELEC EQUP L,337.3,346.05,L
T T LIMITED,10.73,11.12,L
EASY TRIP PLANNERS LTD,10.8,10.91,L
COASTAL CORPORATION LTD,40.91,165.9,L
INDIGO PAINTS LIMITED,946.95,973.55,L
MAS FINANCIAL SERV LTD,220.06,227.25,L
RAMA PHOSPHATES LIMITED,83.05,85.15,L
ZERODHAAMC - TOP100CASE,9.16,9.22,L
JAY BEE LAMINATIONS LTD,214.4,225.65,L
CYBER MEDIA RES & SER LTD,75.2,75.25,L
AKI INDIA LIMITED,8.58,8.76,L
ARABIAN PETROLEUM LIMITED,67,69,L
AGS TRANSACT TECH LTD,18.02,18.97,L
ICICIPRAMC - ICICIALPLV,24.21,24.24,L
DURLAX TOP SURFACE LTD,41,42.1,L
LAKSHYA POWERTECH LIMITED,161.7,168.55,L
MAHALAXMI FABRIC MILLS LT,26.37,27.71,L
MANDEEP AUTO INDUSTRIES L,22.55,23.4,L
SYLVAN PLYBOARD (INDIA) L,66.3,67.5,L
ORIENT CERATECH LIMITED,30.12,30.41,L
GPT HEALTHCARE LIMITED,126.1,127.75,L
DOCMODE HEALTH TECH LTD,45.15,47.5,L
MAXPOSURE LIMITED,56.55,57,L
SEMAC CONSULTANTS LIMITED,367.25,374.75,L
PICTUREPOST STUDIOS LTD,27.7,28,L
QVC EXPORTS LIMITED,28,28.45,L
ASHAPURA LOGISTICS LTD,70.05,73,L
V.L.INFRAPROJECTS LIMITED,45.9,46.8,L
IIFL CAPITAL SERVICES LTD,189.01,199,L
PRECISION METALIKS LTD,28,28.15,L
NET AVENUE TECHNOLOGIES L,5.7,5.75,L
NIBE LIMITED,891.2,935.6,L
P S RAJ STEELS LIMITED,130,133.55,L
INDIAN PHOSPHATE LIMITED,49.5,51.05,L
JFL LIFE SCIENCES LIMITED,20.25,20.65,L
CRAYONS ADVERTISING LTD,51.15,90,L
EMERALD TYRE MANUF LTD,115,116,L
S D RETAIL LIMITED,91.2,96,L
BINANI INDUSTRIES LTD,10.59,10.61,L
CUPID LIMITED,64.1,64.88,L
IRIS CLOTHINGS LIMITED,44.11,45,L
SHANTI OVERSEAS INDIA LTD,10.03,10.25,L
SAKUMA EXPORTS LIMITED,2.55,2.56,L
ZERODHAAMC - MID150CASE,8.55,8.6,L
FUTURE SUPP CHAIN SOL LTD,1.65,1.71,L
SICAL LOGISTICS LIMITED,83.01,87.38,L
SONA MACHINERY LIMITED,81,84.35,L
DECCAN TRANSCON LEASING L,50,53,L
ARVIND PORT AND INFRA LTD,51.25,52.25,L
ABS MARINE SERVICES LTD,105.2,110.05,L
MARSHALL MACHINES LTD,17.77,18.14,L
MEDICAMEN ORGANICS LTD,28.65,30.15,L
OLA ELECTRIC MOBILITY LTD,53.62,53.71,L
MOTISONS JEWELLERS LTD,15.85,16.44,L
NARMADA AGROBASE LIMITED,15.32,16.13,L
DIVYADHAN RECYCLING IND L,44.45,46.75,L
MOTILALAMC - MOMENTUM50,43.75,44,L
TOLINS TYRES LIMITED,107.72,113.11,L
AFCONS INFRASTRUCTURE LTD,398.2,398.75,L
PRESSTONIC ENGINEERING L,81,83.6,L
MAZDA LIMITED,206.05,213.41,L
ADDICTIVE LEARNING TECH L,161.6,170.1,L
INTERNATIO GEMM INS (I) L,329.65,366.25,L
RUDRABHISHEK ENTERP LTD,188.66,198.59,L
MARINETRANS INDIA LIMITED,19.5,19.75,L
GODAVARI BIOREFINERIES L,145.56,152.3,L
KBC GLOBAL LIMITED,1.06,1.09,L
INDEF MANUFACTURING LTD,199.24,206.57,L
KOTHARI PRODUCTS,60.91,64.12,L
DANGEE DUMS LIMITED,4.82,4.85,L
ISHAN INTERNATIONAL LTD,1.25,1.3,L
RAJNANDINI METAL LIMITED,4.96,5.21,L
BAID FINSERV LIMITED,9.99,10.01,L
UTKARSH SMALL FIN BANK L,22.05,22.36,L
YASONS CHEMEX CARE LTD,14,15,L
YUDIZ SOLUTIONS LIMITED,40.35,42.45,L
REDTAPE LIMITED,131.55,132.66,L
RITE ZONE CHEMCON IND LTD,26.05,27.5,L
AARTECH SOLONICS LIMITED,55.21,56.25,L
TRIDHYA TECH LIMITED,22,22.05,L
DCG CABLES & WIRES LTD,59.1,61.45,L
ICICIPRAMC - ICICIQTY30,18.26,18.36,L
IDEAFORGE TECHNO LTD,330.45,338.5,L
NEWJAISA TECHNOLOGIES LTD,50.35,58.6,L
PENTAGON RUBBER LIMITED,59.1,61,L
PLAZA WIRES LIMITED,51.72,53.75,L
SIGNORIA CREATION LIMITED,75,76.95,L
ZENITH DRUGS LIMITED,63.05,64.1,L
S A TECH SOFTWARE INDIA L,56.6,57.55,L
BOROSIL SCIENTIFIC LTD,118.3,120,L
BOSS PACKAGING SOLU LTD,38,40,L
ATLANTAA LIMITED,32.92,33.6,L
RAMDEVBABA SOLVENT LTD,103,104.05,L
REVATHI EQUIPMENT INDIA L,936.75,986.05,L
DAM CAPITAL ADVISORS LTD,200,201.5,L
DDEV PLASTIKS IND LTD,212.55,214,L
KONSTELEC ENGINEERS LTD,70.4,74.05,L
SURAKSHA DIAGNOSTIC LTD,231,251.05,L
MEP INFRA. DEVELOPERS LTD,2.31,2.44,L
DRONE DESTINATION LIMITED,126.1,128.65,L
SE RE NCD 9.35% SR.V OP2,1030,1049.99,L
BIKEWO GREEN TECH LIMITED,17.35,17.85,L
AVG LOGISTICS LIMITED,228.25,240.25,L
GANESH INFRAWORLD LIMITED,108.5,114.05,L
COOL CAPS INDUSTRIES LTD,814.5,831.1,L
SADHANA NITROCHEM LIMITED,22.72,23.92,L
KABRA JEWELS LIMITED,108.05,113.7,L
VCCL 12% 2027 SR C,98000,99000,L
MODERN THREADS INDIA LTD,38.07,38.58,L
CHAMUNDA ELECTRICAL LTD,36.1,37.5,L
IDENTICAL BRAINS STUDIO L,49.65,50.65,L
SOFTTECH ENGINEERS LTD,353.1,360,L
KEN ENTERPRISES LIMITED,44,47.1,L
PARAGON FINE S.C. LTD.,70.05,71.45,L
AKG EXIM LIMITED,11.56,12.98,L
TIMESCAN LOGISTICS IND L,47.5,47.75,L
SECUREKLOUD TECH LIMITED,20.03,20.27,L
QUADPRO ITES LIMITED,3.05,3.2,L
STAR HEALTH & AL INS CO L,353.6,355.1,L
KSHITIJ POLYLINE LIMITED,3.22,3.31,L
DREAMFOLKS SERVICES LTD,241,246.4,L
KAY CEE ENERGY & INFRA L,205,205.3,L
CELLO WORLD LIMITED,523.95,538.3,L
DAVANGERE SUGAR COMPANY L,4.36,4.57,L
G-TEC JAINX EDUCATION LTD,27.77,29,L
EXICOM TELE SYSTEMS LTD,141.5,145.75,L
FILATEX FASHIONS LIMITED,0.46,0.47,L
PURV FLEXIPACK LIMITED,102,111.15,L
LE TRAVENUES TECHNOLOGY L,117,119.05,L
MANGLAM INFRA & ENG LTD,25,26.3,L
ICICIPRAMC - ICICIM150,17.82,17.89,L
ANKIT MET & POW LTD,1.85,1.95,L
ENERGY MISSION MACH IND L,198,199.5,L
ACCENT MICROCELL LIMITED,201.65,203,L
GREENCHEF APPLIANCES LTD,60.5,61,L
SVP GLOBAL TEXTILES LTD,3.11,3.18,L
OSIA HYPER RETAIL LIMITED,23.2,24.25,L
DHRUV CONSULTANCY SER LTD,78.65,82.56,L
PROZONE REALTY LIMITED,28.08,29.55,L
CEREBRA INT TECH LTD,4.9,5.01,L
TWAMEV CONS AND INFRA LTD,35.09,36.4,L
VADIVARHE SPCLTY CHEM LTD,22.75,23.95,L
MAMATA MACHINERY LIMITED,335.1,340.1,L
APEX ECOTECH LIMITED,102,104,L
SUNFLAG IRON AND STEEL CO,198.55,199.91,L
AGARWAL TOUGH GLASS IND L,81,87,L
SABAR FLEX INDIA LIMITED,6.9,7.25,L
GE VERNOVA T&D INDIA LTD,1273.3,1282.35,L
DELTA AUTOCORP LIMITED,84.95,86.65,L
ODIGMA CONSULTANCY SOL L,34.46,36.28,L
SDL TN 7.68% 2030,93,94,L
SURATWWALA BUS GROUP LTD,35.76,37.65,L
ANMOL INDIA LIMITED,15.09,15.2,L
QMS MEDICAL ALLIED S LTD,90,90.25,L
RISHABH INSTRUMENTS LTD,201.5,201.6,L
RULKA ELECTRICALS LIMITED,155,157.6,L
K2 INFRAGEN LIMITED,96.95,102.05,L
COMPUAGE INFOCOM LTD,1.98,2.09,L
GENSOL ENGINEERING LTD,413.3,512.2,L
ASPIRE & INNOVATIVE ADV L,25.45,25.75,L
AKME FINTRADE (INDIA) LTD,65.17,65.52,L
BASILIC FLY STUDIO LTD,283.65,285.1,L
BEACON TRUSTEESHIP LTD,63,64.5,L
KALAHRIDHAAN TRENDZ LTD,10.95,11.5,L
SHANTHALA FMCG PRODUCTS L,23.8,25.05,L
JEYYAM GLOBAL FOODS LTD,35.4,35.8,L
TUNWAL E-MOTORS LIMITED,34,34.65,L
EFFWA INFRA & RESEARCH L,153,155.5,L
SPP POLYMER LIMITED,22,22.2,L
ENSER COMMUNICATIONS LTD,19.45,20.45,L
MORARJEE TEXTILES LIMITED,5.77,6.03,L
MOSCHIP TECHNOLOGIES LTD,136.74,137.63,L
TIPS MUSIC LIMITED,551.3,551.6,L
INDUS INFRA TRUST,109.88,110.1,L
INDIAN EMULSIFIERS LTD,136.25,142.55,L
KOTAKMAMC - MSCIINDIA,25.75,25.86,L
DIGIKORE STUDIOS LIMITED,213.8,218.1,L
BRACE PORT LOGISTICS LTD,86,87.35,L
BLS E-SERVICES LIMITED,145.01,145.25,L
ALLCARGO TERMINALS LTD,25.5,26.47,L
AURO IMPEX & CHEMICALS L,46.85,52.3,L
GOLDEN TOBACCO LIMITED,35.14,35.73,L
SEC RED NCD 9.57% SR. V,890,896,L
SUKHJIT STARCH & CHEM LTD,183.99,185,L
R K SWAMY LIMITED,193.99,195,L
LORENZINI APPARELS LTD,10.44,10.61,L
DEBOCK INDUSTRIES LIMITED,2.18,2.28,L
KAMDHENU VENTURES LIMITED,9.82,10.34,L
ESCONET TECHNOLOGIES LTD,170.95,179.95,L
GANESH GREEN BHARAT LTD,334.95,340.6,L
MAHINDRA EPC IRRIG LTD,110,110.37,L
NORTHERN ARC CAPITAL LTD,163.5,163.6,L
USHA FINANCIAL SERVICES L,73.3,75.25,L
PAR DRUGS AND CHEM LTD,94.43,99.4,L
KORE DIGITAL LIMITED,375.5,383.15,L
DMCC SPECIALITY CHEMICALS,282.5,288.25,L
LOYAL TEXTILE MILLS LTD,212,217.01,L
NATURAL CAPSULES LIMITED,195.1,203.1,L
NEWMALAYALAM STEEL LTD,32.1,33.75,L
OMFURN INDIA LIMITED,87.35,91.6,L
ABHA POWER N STEEL LTD,29,30.5,L
SARLA PERF. FIBERS LTD,68.7,69,L
SHIVALIC POWER CONTROL L,135.1,140.15,L
TBI CORN LIMITED,101.5,105.85,L
SEC RE NCD 9.25% SR III,875.2,960,L
SAMEERA AGRO AND INFRA L,56.1,58.95,L
SALASAR EXTERIOR CONT LTD,11.9,12.5,L
SAHASRA ELECTRONIC SOLU L,292.35,307.7,L
JUBILANT AGRI N CON PRO L,1151.05,1199.4,L
MY MUDRA FINCORP LIMITED,61.05,62.3,L
NESTLE INDIA LIMITED,2118,2131.25,L
CHEMCON SPECIAL CHEM LTD,181.31,182.02,L
ASTRON PAPER BORD MIL LTD,12.22,12.5,L
POWERGRID INFRA. INVITS,75.87,79,L
SPORTKING INDIA LIMITED,69.91,70,L
VIPUL LIMITED,9.94,10.47,L
SAHAJ SOLAR LIMITED,389.95,407,L
IRM ENERGY LIMITED,238.6,242.2,L
SINDHU TRADE LINKS LTD,13.04,13.23,L
DSPAMC - TOP10ADD,87.09,87.33,L
INDIFRA LIMITED,14.1,14.85,L
ANSAL PROP & INFRA LTD,5.83,6.14,L
DELPHI WORLD MONEY LTD,141.15,146.17,L
AKSHAR SPINTEX LIMITED,0.53,0.55,L
NOIDA TOLL BRIDGE CO LTD,3.89,3.97,L
NURECA LIMITED,225,235.03,L
SHEKHAWATI INDUSTRIES LTD,21.52,22.11,L
U. Y. FINCORP LIMITED,17.89,18,L
AIMTRON ELECTRONICS LTD,375,395,L
PHOENIX OVERSEAS LIMITED,20.45,20.9,L
URAVI DEFENCE &TECH LTD,375,375.05,L
KITEX GARMENTS LTD,147.01,153.06,L
STANDARD GLASS LIN TECH L,124,124.1,L
ROX HI TECH LIMITED,55.55,58.45,L
SOLEX ENERGY LIMITED,682.6,718.5,L
TAKE SOLUTIONS LTD,8.48,8.93,L
NGL FINE CHEM LIMITED,980.5,1005.7,L
PRATHAM EPC PROJECTS LTD,178.4,181.7,L
VOLER CAR LIMITED,77.4,81.4,L
C2C ADVANCED SYSTEMS LTD,340.2,358.1,L
ELEGANZ INTERIORS LIMITED,104,104.25,L
READYMIX CONSTRU MACHI L,55.2,57.15,L
TRUST FINTECH LIMITED,91.45,93.3,L

