SYMBOL,SYMBOL P/E,ADJUSTED P/E
PENINLAND,41.97,41.17
THERMAX,62.59,62.59
WHEELS,13.08,13.08
ZODIACLOTH,,
RIIL,112.83,112.83
PREMIERPOL,23.61,23.61
RAYMOND,18.54,18.19
RSWM,,
SHREDIGCEM,26.54,26.54
SESHAPAPER,13.92,13.92
SMLISUZU,13.49,13.49
SUPERSPIN,,
SUNDRMFAST,35.38,35.38
FACT,,493.28
EXIDEIND,36.88,36.88
ELECON,23.93,23.93
CRISIL,47.56,47.56
LMW,126.40,126.40
ORIENTPPR,,
PEL,41.50,
NELCO,88.79,88.79
MASTEK,17.06,17.55
MAHSCOOTER,64.71,67.43
LUMAXIND,40.61,40.61
TRENT,97.41,136.76
KECL,57.55,244.67
CUMMINSIND,44.84,44.84
KCP,8.77,7.95
JAYBARMARU,29.48,29.48
JBCHEPHARM,38.89,38.89
INFY,25.63,25.63
INDIAGLYCO,19.22,19.22
IONEXCHANG,32.51,32.51
IFBIND,33.53,33.53
IGPL,12.80,12.80
HIMATSEIDE,16.73,16.73
GNFC,13.77,13.77
GFLLIMITED,,
BPCL,8.11,7.94
BHARATFORG,57.36,51.74
BASF,31.00,31.52
FORCEMOT,17.84,17.84
ATUL,39.19,39.19
ARVIND,27.86,27.86
ACC,13.21,14.53
TATAMOTORS,7.18,7.17
SCI,7.18,7.18
MRPL,22.16,21.98
LINDEINDIA,114.53,114.53
HINDPETRO,9.98,9.98
ESCORTS,28.98,28.98
RELINFRA,32.34,
BAJAJHLDNG,83.42,83.42
ASHOKLEY,20.15,20.43
ZUARIIND,,478.84
VOLTAS,53.71,53.71
TITAN,84.54,84.54
TATASTEEL,72.79,60.33
SUNDARMFIN,30.16,29.02
SPIC,18.27,12.33
VEDL,8.96,9.97
SBIN,7.68,7.68
RELIANCE,19.94,19.94
PFIZER,29.29,29.29
NOCIL,22.43,22.43
BOSCHLTD,38.90,38.92
DRREDDY,17.21,17.21
BATAINDIA,45.66,63.47
DEEPAKFERT,13.21,13.21
CHAMBLFERT,14.52,14.52
CARBORUNIV,44.04,52.08
MAHSEAMLES,10.53,10.53
HINDOILEXP,14.61,17.99
DICIND,29.85,30.76
COROMANDEL,29.09,29.09
BALMLAWRIE,13.54,13.54
WILLAMAGOR,,
VINDHYATEL,15.39,15.39
MOTOGENFIN,42.81,42.81
MARALOVER,,
ASIANPAINT,50.18,48.66
RAMCOCEM,53.26,110.02
INDIACEM,,
PGHL,36.21,34.90
ABREL,125.73,125.73
BEML,38.41,38.41
ADORWELD,26.90,24.34
CENTENKA,13.26,13.26
TATACHEM,,38.39
TORNTPHARM,53.79,53.79
VTL,13.49,13.49
ATFL,351.73,314.81
FEDERALBNK,10.84,10.84
EPL,23.39,22.38
VLSFINANCE,4.29,4.29
VIPIND,,
SUPREMEIND,50.21,50.21
SRF,73.06,73.06
BIRLACABLE,79.79,79.79
BALRAMCHIN,23.72,23.72
ANSALAPI,,
AEGISLOG,37.87,37.87
WEIZMANIND,20.99,20.99
UNITECH,,
UNICHEMLAB,,46.94
BBOX,32.39,25.02
HONAUT,56.27,56.27
JTEKTINDIA,33.56,33.78
SAURASHCEM,163.07,163.07
RANEHOLDIN,7.77,73.37
PRECOT,12.32,15.31
TATAELXSI,41.98,41.98
SUNPHARMA,33.11,32.10
KOHINOOR,,
OILCOUNTUB,,
SHREYANIND,5.20,5.20
SHALPAINTS,,
SANDESH,5.67,5.69
HCC,15.80,
BAJAJHIND,,
ASHIMASYN,3.72,3.72
APOLLOHOSP,67.32,67.32
ARE&M,17.13,18.52
ADANIENT,62.87,59.77
IVP,12.65,12.65
BALKRISIND,28.16,28.16
TIRUMALCHM,,
INDBANK,14.52,14.52
GINNIFILA,,127.05
EICHERMOT,34.86,34.86
RAJSREESUG,10.99,10.99
GVT&D,68.81,68.81
NEULANDLAB,44.87,56.25
ONGC,7.01,6.78
ITI,,
ZENSARTECH,24.68,24.68
TIL,7.51,157.81
TAINWALCHM,52.40,52.40
BERGEPAINT,52.52,52.52
BANARISUG,44.90,44.90
JINDALPOLY,10.41,17.62
ANIKINDS,,
KPIL,27.70,27.70
JYOTISTRUC,54.14,54.14
IGARASHI,62.11,62.11
BSL,16.39,16.39
BLUEDART,51.31,51.31
NKIND,822.26,822.26
JAYNECOIND,216.34,90.28
MUNJALSHOW,15.66,15.66
APCOTEXIND,31.60,31.60
SOTL,22.01,22.01
HSCL,38.22,38.22
RCF,23.76,25.26
RANASUG,9.37,9.37
KARURVYSYA,8.54,8.54
DECCANCE,423.09,74.17
ARENTERP,18.43,18.43
TECILCHEM,,
WSI,866.08,188.46
UFLEX,,7.01
TATAPOWER,31.41,30.29
ADVANIHOTR,20.25,20.25
THOMASCOOK,23.74,23.43
SUNFLAG,23.21,23.21
SUBROS,26.30,26.30
SPMLINFRA,34.47,36.25
SIMPLEXINF,10.25,10.25
SIEMENS,66.65,66.65
BHARATRAS,26.98,26.98
WIPRO,23.73,23.73
VSTIND,13.02,17.43
JUBLPHARMA,23.09,18.89
UNIVCABLES,36.70,36.70
UCAL,,
TATACOMM,33.89,35.35
TOKYOPLAST,138.04,138.04
SOMANYCERA,23.81,24.23
MURUDCERA,26.64,26.64
IFCI,43.34,43.79
HLVLTD,32.87,36.12
SANOFI,31.09,29.14
M&M,26.70,26.70
LIBERTSHOE,37.69,27.77
KREBSBIO,,
KAKATCEM,,
KAJARIACER,37.17,37.17
KABRAEXTRU,30.07,30.07
HEIDELBERG,41.23,41.23
MODTHREAD,26.85,26.85
MODIRUBBER,,
MIRCELECTR,,
MANGLMCEM,41.55,41.55
PRSMJOHNSN,,
PREMIER,,
POLYPLEX,8.47,8.47
PIDILITIND,68.97,67.27
PCBL,30.29,30.26
3PLAND,34.16,34.16
OSWALAGRO,17.55,17.54
EIHAHOTELS,22.98,22.09
HONDAPOWER,32.33,34.51
JINDALSAW,8.19,8.19
SAIL,25.73,16.58
RUBYMILLS,16.00,16.00
STYRENIX,17.87,17.87
ABB,57.52,57.52
ABAN,,
IDBI,10.12,10.12
GRAPHITE,17.17,17.17
CANFINHOME,9.26,9.26
BRITANNIA,51.13,50.71
BBL,22.23,22.23
ELECTCAST,7.49,7.49
DHAMPURSUG,13.95,13.95
DCMSHRIRAM,26.52,26.52
DABUR,49.27,49.27
COSMOFIRST,12.32,12.32
CIPLA,22.73,22.73
HEROMOTOCO,16.29,16.29
HDFCBANK,18.34,18.08
HARRMALAYA,2332.57,43.25
GMBREW,9.01,9.01
GIPCL,11.31,11.31
ITC,24.61,24.60
INDIANHUME,15.46,15.46
HINDCOMPOS,17.76,17.76
IOC,17.60,21.91
WALCHANNAG,,
OSWALGREEN,67.44,67.44
HUHTAMAKI,15.35,22.85
RICOAUTO,27.08,26.61
KAMATHOTEL,20.39,21.61
IFBAGRO,23.75,23.75
BANCOINDIA,14.39,14.39
DELTAMAGNT,,
MANINDS,12.45,12.45
APOLLOTYRE,19.06,18.04
SIYSIL,14.16,14.16
SHANTIGEAR,32.19,32.19
PRECWIRE,28.71,28.71
ONWARDTEC,27.33,27.33
NILKAMAL,22.85,22.85
NCC,13.35,13.03
ICIL,16.19,16.19
SEAMECLTD,23.76,25.90
ELGIEQUIP,41.57,41.57
AUROPHARMA,17.63,17.30
BBTC,6.02,5.87
EIHOTEL,28.27,28.53
KANORICHEM,,
LICHSGFIN,5.35,5.35
GICHSGFIN,4.86,4.86
BEPL,13.61,13.61
RAIN,,
BANARBEADS,23.67,23.67
MOREPENLAB,19.44,19.44
WSTCSTPAPR,6.41,6.41
21STCENMGM,1.85,1.85
TNTELE,,
VENKEYS,16.37,16.37
GHCL,9.10,9.10
S&SPOWER,,
PRUDMOULI,27.15,24.87
PRAJIND,32.37,35.25
HIL,,57.28
EVERESTIND,,
BPL,20.58,20.58
TRANSWORLD,12.97,12.97
KEEPLEARN,130.25,130.25
PGHH,61.09,61.09
VESUVIUS,29.32,29.32
TFCILTD,13.97,13.97
BOMDYEING,4.68,34.79
GTL,1.10,17.35
NAVNETEDUL,3.84,14.40
GUJALKALI,,
AGI,14.04,14.04
GLAXO,49.69,49.99
TATACONSUM,76.06,67.00
ZEEL,16.96,14.19
CHOLAFIN,29.48,29.48
INDHOTEL,57.02,66.48
FMGOETZE,11.96,11.96
KOTAKBANK,17.09,19.61
LYKALABS,96.05,95.31
ORIENTHOT,61.45,61.45
JAYSREETEA,8.65,40.62
GILLETTE,53.73,53.73
HMT,,
GOLDENTOBC,9.42,10.69
KANSAINER,16.01,29.18
FOSECOIND,29.53,29.53
ESABINDIA,41.36,41.36
3MINDIA,51.25,51.25
ANDHRAPAP,12.40,12.40
GABRIEL,28.39,28.39
SCHAEFFLER,51.40,51.40
AARTIIND,37.69,38.01
RALLIS,28.90,28.90
AMJLAND,13.69,13.69
PRAKASH,7.02,7.02
MFSL,108.08,108.08
KSB,45.76,45.76
KOPRAN,17.43,17.43
HEG,34.66,34.66
GREAVESCOT,,
GODFRYPHLP,32.64,31.09
VARDMNPOLY,28.62,28.62
SURYAROSNI,15.33,15.33
TATAINVEST,125.97,125.97
TIMKEN,46.80,46.80
ROLTA,,
SUDARSCHEM,55.39,80.75
SHREECEM,81.55,81.55
SAKHTISUG,2.36,
IPCALAB,47.44,46.89
INGERRAND,39.45,39.45
AKZOINDIA,32.96,32.96
HINDALCO,10.30,9.85
HINDZINC,17.44,17.33
HINDUNILVR,47.52,49.31
GSFC,12.29,12.44
GRASIM,20.98,19.85
AMBUJACEM,21.53,21.90
FINPIPE,13.99,24.41
FINCABLES,18.24,25.22
EIDPARRY,7.44,7.44
DCW,62.45,62.38
DCM,18.87,18.87
CGPOWER,96.19,95.54
HEUBACHIND,28.00,28.00
CESC,12.05,12.05
BIRLACORPN,31.01,31.91
BHEL,141.51,141.51
BHARATGEAR,,
BEL,38.00,38.00
BAJFINANCE,33.33,33.33
ASHAPURMIN,12.98,16.04
PVP,739.56,779.32
NAVA,8.09,8.09
UNIVAFOODS,,
KESORAMIND,,
CORALFINAC,6.44,6.44
GREENPLY,27.97,28.84
TNPL,61.63,61.63
PARASPETRO,,
AUTOAXLES,15.78,15.78
PEARLPOLY,,
REMSONSIND,26.99,27.25
DALMIASUG,8.90,8.90
NATCOPHARM,7.65,7.65
KHAITANLTD,6.60,6.60
SWARAJENG,20.97,20.97
MTNL,,
MRF,25.44,25.44
GARFIBRES,33.24,33.24
ANDHRSUGAR,28.31,25.58
TNPETRO,13.39,15.09
TTKPRESTIG,40.43,40.43
STARPAPER,4.89,4.89
SANGHIIND,,
SKFINDIA,33.79,33.79
AUSOMENT,11.14,11.14
EIMCOELECO,16.89,16.89
PANACEABIO,,
JAYAGROGN,11.96,11.96
ALPSINDUS,,
CUBEXTUB,23.99,23.99
MARICO,47.13,47.13
SILINV,12.74,12.74
REGENCERAM,,
BIOFILCHEM,116.13,116.13
KEYFINSERV,6.04,6.04
ZENITHEXPO,,
SUNDRMBRAK,68.54,68.54
SANGAMIND,41.87,36.22
MOTHERSON,20.99,20.99
SOMATEX,1.48,
VISAKAIND,,
AARTIDRUGS,20.62,20.62
STERTOOLS,17.46,17.46
CREST,10.67,10.67
INDIANCARD,1.80,12.71
HITECHGEAR,24.78,24.76
WENDT,44.49,44.49
DENORA,94.34,94.34
TVSSRICHAK,57.94,47.38
SHRIRAMFIN,12.56,14.23
SAGCEM,,
PUNJABCHEM,25.57,25.57
MIRZAINT,193.25,193.25
DYNAMATECH,53.33,105.22
GUJAPOLLO,29.97,29.97
GANESHHOUC,16.05,16.05
MMFL,12.71,12.76
JAGSNPHARM,25.74,36.87
ALKYLAMINE,45.35,45.35
JCHAC,86.96,84.10
MPHASIS,26.10,26.10
SKIL,6.23,6.23
GUJRAFFIA,38.37,38.37
RUCHINFRA,,
ATLASCYCLE,4.17,4.17
RAMCOIND,23.29,23.29
KOTHARIPET,12.86,12.80
HERITGFOOD,18.70,18.32
INDRAMEDCO,20.74,20.74
BANKBARODA,5.02,5.02
BLUECHIP,,
MADRASFERT,5.43,5.59
GAIL,9.38,11.37
INDNIPPON,16.85,16.85
SKMEGGPROD,11.15,11.15
TCIFINANCE,,
BANKINDIA,5.31,5.31
CONCOR,30.08,29.48
DCMFINSERV,,
ICICIBANK,16.36,16.36
KCPSUGIND,7.64,10.18
HUDCO,12.44,12.44
INDSWFTLAB,2.10,121.60
SAREGAMA,43.60,43.60
FDC,22.83,22.83
ENGINERSIN,25.86,25.86
ADROITINFO,11.61,11.61
JAICORPLTD,23.92,23.92
ANTGRAPHIC,,
GMDCLTD,11.39,11.39
MAHAPEXLTD,12.18,14.67
INDUSINDBK,10.57,10.57
ASAHIINDIA,42.11,45.13
TRIGYN,8.27,8.02
J&KBANK,4.74,4.74
KOTHARIPRO,,
CUB,10.15,10.15
SOUTHBANK,4.96,4.96
ARCHIES,,
ASTRAZEN,176.81,78.22
ITDCEM,25.91,25.91
AXISBANK,11.05,11.05
CYIENT,20.70,20.70
SONATSOFTW,24.26,24.26
CYBERTECH,14.14,14.14
KOKUYOCMLN,86.02,86.02
GOACARBON,,
DHANBANK,21.94,21.94
SANGHVIMOV,12.53,12.53
STCINDIA,17.89,10.26
MANUGRAPH,,
RSSOFTWARE,9.19,9.19
VIPCLOTHNG,,
NATIONALUM,7.73,8.36
IVC,45.65,45.65
JINDALSTEL,21.35,21.35
ALEMBICLTD,16.08,16.08
NIPPOBATRY,2.51,2.51
ICDSLTD,67.15,67.15
BSOFT,20.32,20.32
HCLTECH,24.97,24.97
ACCELYA,19.49,19.54
STAR,16.55,15.83
HAVISHA,,
ZYDUSLIFE,19.07,19.07
GLENMARK,,
RAJESHEXPO,121.81,121.81
CINEVISTA,,
WOCKPHARMA,,
LCCINFOTEC,,
NRBBEARING,16.53,17.27
IOB,25.32,25.32
RAMCOSYS,,
GEPIL,53.16,53.16
BIL,40.54,40.54
HCL-INSYS,,
CREATIVEYE,,
KTKBANK,4.83,4.83
MAHLIFE,,
MUKTAARTS,,
BLBLIMITED,16.75,16.75
AJANTPHARM,34.00,34.00
BLUESTARCO,74.95,76.26
CALSOFT,29.84,29.84
TVSMOTOR,51.08,51.08
PNBGILTS,6.36,6.44
PNC,70.51,70.51
TAJGVK,30.78,30.78
NLCINDIA,12.01,12.01
REPRO,,
CHENNPETRO,21.19,21.19
AKSHOPTFBR,,
TTML,,
KRBL,13.03,13.03
HAVELLS,64.01,64.01
GAEL,15.03,15.03
USHAMART,23.26,23.26
AXISCADES,55.72,54.44
BALAJITELE,,
MRO-TEK,37.22,37.22
TIPSMUSIC,45.87,45.87
QUINTEGRA,,
STLTECH,,
KHANDSE,35.16,35.16
HIKAL,56.76,56.76
TRIDENT,43.48,43.48
MARKSANS,24.79,24.79
ACLGATI,,
NEXTMEDIA,,
GOLDTECH,24.92,
SMARTLINK,11.93,11.93
GODREJCP,,52.86
SUVEN,,
JISLJALEQS,102.33,102.33
LUPIN,30.82,30.82
UNITDSPR,67.47,64.46
FEL,,
TCI,22.20,22.06
MPSLTD,29.69,29.69
BHARTIARTL,40.27,52.73
ASAL,36.50,36.50
OLECTRA,66.19,68.67
PONNIERODE,8.61,8.61
PNB,6.31,6.31
APTECHT,39.02,34.71
SURANAT&P,24.99,25.10
TIMESGTY,73.69,73.69
OFSS,29.65,29.65
UNIONBANK,5.13,5.13
NUCLEUS,15.24,15.24
CANBK,4.29,4.29
GENESYS,52.06,52.06
OMAXAUTO,4.68,
GODREJIND,24.46,24.46
DIVISLAB,71.15,71.15
RADICO,88.77,88.77
INDORAMA,,
MARUTI,25.90,25.90
VARDHACRLC,21.49,21.49
UCOBANK,17.97,17.97
BAGFILMS,43.11,43.11
JSL,20.33,20.32
NSIL,33.15,33.15
WELSPUNLIV,17.49,17.49
JAIBALAJI,15.59,15.59
TVSELECT,,
IGL,18.81,18.81
DREDGECORP,,
TVTODAY,11.38,10.93
UNIENTER,800.83,800.83
UPL,758.89,29.12
SIL,135.16,135.16
MUKANDLTD,13.65,13.65
PETRONET,11.84,11.84
PTC,7.32,7.17
VAIBHAVGBL,26.48,25.93
BIOCON,30.63,31.83
MAHABANK,6.55,6.55
POONAWALLA,124.55,124.55
XPROINDIA,53.27,51.14
RKFORGE,30.25,30.19
DATAMATICS,15.62,17.85
NDTV,,
CCL,28.21,28.21
JPASSOCIAT,,
EXCELINDUS,13.12,13.12
LT,26.56,26.67
APARINDS,28.89,28.89
AMBICAAGAR,6.17,6.17
CENTEXT,15.69,15.91
NIITLTD,31.03,31.03
ULTRACEMCO,47.82,47.61
TCS,25.79,25.79
COFORGE,57.34,57.95
TEXINFRA,,
GULFPETRO,7.97,7.97
GUFICBIO,39.99,39.99
INDSWFTLTD,1.15,1.15
ASTRAMICRO,47.95,47.95
WELENT,16.22,16.22
NTPC,14.69,14.69
SALSTEEL,,
KOTARISUG,16.42,21.36
JBMA,55.36,55.36
DWARKESH,,
INDOCO,,
IMPEXFERRO,,
SUPRAJIT,40.67,40.67
PATELENG,10.17,9.94
XCHANGING,20.79,20.79
JSWSTEEL,68.63,63.63
CONSOFINVT,5.10,5.10
JINDALPHOT,41.88,41.88
JPPOWER,7.19,5.78
EVEREADY,26.05,26.05
GOKEX,36.19,36.19
SAKSOFT,20.79,20.79
ALLDIGI,16.36,19.64
IIFL,16.36,6.59
MANGALAM,11.90,11.90
SHOPERSTOP,176.52,158.41
WELCORP,21.88,21.65
SSWL,4.19,13.00
CYBERMEDIA,,
SHAHALLOYS,,
SURYALAXMI,69.34,27.12
JKPAPER,7.90,7.90
PRIMESECU,17.84,19.27
63MOONS,,
GRANULES,23.93,23.93
JSWHL,106.18,106.18
VHL,,
GEOJITFSL,10.72,10.72
GENUSPOWER,36.36,36.36
YESBANK,23.57,23.57
MSPL,59.25,59.37
NECLIFE,33.65,33.65
SPLIL,9.49,9.49
MCLEODRUSS,,
GOLDIAM,34.20,34.20
RML,,
HTMEDIA,,
SASKEN,41.14,41.14
FCSSOFT,184.14,49.54
IMPAL,14.14,14.14
SUZLON,59.35,57.99
AURIONPRO,42.37,42.37
RENUKA,,
BASML,,
TRIVENI,37.18,37.18
AIAENG,28.67,28.69
NAHARINDUS,18.56,17.33
ORIENTCER,35.20,35.20
EKC,13.43,13.17
VIMTALABS,30.60,30.60
KERNEX,295.15,295.15
PVRINOX,,
CELEBRITY,,
EDUCOMP,,
NITINSPIN,10.11,10.11
ROHLTD,20.13,20.13
ENIL,72.83,72.83
GSPL,7.52,7.68
JAGRAN,9.54,9.54
GVKPIL,0.92,11.11
SADBHAV,,
RCOM,,
SAKUMA,11.40,11.40
KEC,40.21,40.21
JKCEMENT,47.06,54.98
INDOTECH,32.19,32.19
M&MFIN,13.86,13.86
BLKASHYAP,19.37,21.07
VISASTEEL,,
NITCO,,
CENTURYPLY,75.44,73.27
KEI,46.95,46.94
SANWARIA,,
VAKRANGEE,236.71,225.36
SOLARINDS,69.21,69.21
GALLANTT,19.47,19.47
MALUPAPER,,
UTTAMSUGAR,10.61,10.61
SGL,,
KKCL,18.63,18.63
SUNTV,12.79,12.79
GPIL,12.61,12.61
RSYSTEMS,28.74,28.74
LOKESHMACH,55.58,55.58
BALPHARMA,17.65,17.65
SWELECTES,19.83,134.12
KAMDHENU,13.34,13.34
RATNAMANI,32.21,32.21
PIONEEREMB,23.23,23.23
JKLAKSHMI,28.54,28.54
PFOCUS,,
ALLCARGO,106.81,63.56
MUNJALAU,10.72,13.22
EMAMILTD,28.47,28.47
GMRAIRPORT,,
TECHM,38.74,38.84
GRINDWELL,41.98,41.98
RAMANEWS,,
VOLTAMP,28.17,28.17
LAKPRE,,
SELAN,11.53,11.53
ACE,31.41,31.41
ANANTRAJ,39.36,39.36
HOVS,14.77,14.77
BINANIIND,6.27,
TALBROAUTO,12.87,18.03
ALICON,20.14,20.14
GEECEE,12.17,12.17
MADHUCON,,
JMFINANCIL,,10.36
INFOMEDIA,,
FIEMIND,18.82,18.82
JHS,,
DCBBANK,5.47,5.47
GLOBALVECT,,
INSPIRISYS,13.61,13.61
SHYAMTEL,,
GTLINFRA,,
SHIVAMAUTO,,
NAUKRI,107.12,109.47
AARVEEDEN,18.45,18.45
GESHIP,4.07,4.07
TORNTPOWER,26.30,26.30
MANALIPETC,51.49,45.49
SUTLEJTEX,,
LTFOODS,20.48,20.48
DONEAR,11.18,11.18
RUCHIRA,5.89,5.89
SOBHA,208.96,208.99
VENUSREM,11.01,13.76
JINDRILL,19.41,19.41
HIRECT,44.80,44.80
NFL,24.11,24.11
PLASTIBLEN,14.65,14.65
PRAENG,,
PARACABLES,16.04,16.04
HBLENGINE,42.01,39.55
TANLA,11.03,11.03
AVTNPL,19.09,19.09
ZEEMEDIA,,
SITINET,,
VEEDOL,19.05,18.31
LUMAXTECH,16.95,16.95
SARLAPOLY,9.59,9.59
PTL,14.34,14.34
WANBURY,11.96,28.63
AUTOIND,14.64,13.18
GANDHITUBE,12.55,12.55
PITTIENG,26.18,26.18
NETWORK18,,
UNOMINDA,56.03,57.67
IZMO,6.70,6.44
HUBTOWN,,
CTE,,
TIIL,22.57,21.97
ORIENTBELL,83.86,83.86
PGIL,27.82,27.89
REDINGTON,14.80,14.80
TTL,17.60,33.92
FSL,43.26,43.79
PFC,4.22,4.22
TFL,155.00,155.00
SMSPHARMA,24.48,24.48
INDIANB,6.54,6.54
ORIENTALTL,,
IDEA,,
PAGEIND,67.20,67.20
LAOPALA,25.37,25.37
RAJTV,,
AMDIND,79.78,79.78
JKTYRE,11.80,11.06
ASTRAL,69.35,69.35
EMBDL,,
NAHARSPING,,
NAHARPOLY,21.92,21.92
THEMISMED,40.26,40.26
NCLIND,20.35,17.78
BALAMINES,21.78,21.78
BANSWRAS,18.04,18.04
ICRA,30.82,30.82
DISHTV,,
PHOENIXLTD,41.20,41.62
AROGRANITE,,
NDLVENTURE,376.04,376.04
ZENITHSTL,11.78,11.78
BFUTILITIE,9.10,9.10
FORTIS,58.40,56.63
SRHHYPOLTD,9.90,9.47
ALPHAGEO,81.91,18.68
WEBELSOLAR,78.44,71.30
TGBHOTELS,,
HILTON,76.52,76.52
INSECTICID,12.41,12.43
KMSUGAR,7.76,7.76
NAVINFLUOR,71.86,71.86
TIMETECHNO,21.25,21.25
NAGREEKEXP,13.28,13.28
HGS,,
NELCAST,26.38,30.06
V2RETAIL,76.82,76.82
DLF,65.31,89.39
TARMAT,,81.78
SPARC,,
MEGASOFT,72.93,72.93
HDIL,,
ADSL,19.90,19.90
ALPA,8.04,8.04
OMAXE,,
CENTRALBK,10.16,10.16
ASIANTILES,,
TAKE,,
KPRMILL,32.63,32.63
CIEINDIA,17.89,17.89
PURVA,,
MOTILALOFS,10.49,10.49
INDOWIND,30.42,30.42
NAGREEKCAP,1.03,1.03
MAGNUM,10.15,15.56
KSCL,16.84,16.84
CENTUM,,
POWERGRID,15.09,15.09
MANGCHEFER,11.71,11.71
MAANALU,24.63,24.63
IL&FSENGG,,
DELTACORP,15.41,20.67
BAJAJELEC,65.78,65.78
ENERGYDEV,,119.25
CERA,28.56,28.56
RELIGARE,36.70,253.15
BVCL,29.93,29.93
ADANIPORTS,22.49,21.40
EDELWEISS,14.46,14.46
RGL,18.77,18.77
KOLTEPATIL,119.76,119.76
KAUSHALYA,2.50,2.50
COLPAL,45.29,45.29
JYOTHYLAB,31.09,31.09
MADHAV,384.97,384.97
KALYANIFRG,26.40,26.40
HITECHCORP,19.37,20.19
ECLERX,24.10,24.10
TARIL,66.43,66.43
BRIGADE,35.78,35.78
BGRENERGY,,
MANAKSIA,6.65,5.12
DVL,12.03,12.03
PATINTLOG,13.56,13.56
PPAP,,
ARIES,9.51,9.51
AMBIKCO,11.35,11.35
CEATLTD,21.45,19.69
BIRLAMONEY,9.60,9.60
RPOWER,5.49,
JKIL,12.87,12.87
CORDSCABLE,16.34,16.34
KNRCON,4.52,4.48
HERCULES,20.88,20.88
ONMOBILE,,
SEPC,92.00,55.87
BANG,,
IRB,3.86,27.17
NMDC,8.57,8.54
GSS,18.25,18.25
NAHARCAP,11.65,11.65
RECLTD,6.36,6.36
VGUARD,45.34,45.34
DHANI,,
NESCO,15.94,15.94
DPSCLTD,72.89,72.89
TITAGARH,29.67,29.50
KIRIINDUS,,
BAJAJFINSV,17.40,17.40
BAJAJ-AUTO,26.83,26.83
DIGISPICE,21.62,40.43
GOKUL,47.49,47.49
RPGLIFE,42.06,38.29
ALMONDZ,46.92,46.92
RBL,11.55,11.30
RANEENGINE,48.58,20.30
ARCHIDPLY,,
LOTUSEYE,240.46,251.71
VINYLINDIA,17.89,17.89
UBL,118.67,114.95
LPDC,,
ZFCVINDIA,46.72,46.72
20MICRONS,10.01,9.90
JOCIL,58.84,58.84
ALKALI,,
COUNCODOS,76.77,76.77
TPHQ,22.71,22.71
FELDVR,,
MAWANASUG,3.34,8.16
HINDNATGLS,10.24,1.59
AJMERA,21.94,21.94
MHRIL,42.17,42.17
GKWLIMITED,,
VINATIORGA,41.25,41.25
EXCEL,39.61,39.61
ADANIPOWER,14.46,14.46
NHPC,23.68,23.68
GLOBUSSPR,149.34,149.34
OIL,7.61,7.62
EXPLEOSOL,14.17,14.17
RTNPOWER,0.44,37.06
AMRUTANJAN,34.20,34.20
SUNTECK,25.98,25.98
ZYDUSWELL,30.17,30.72
DEN,6.90,6.90
ASTEC,,
SHILPAMED,64.17,66.82
SARDAEN,23.89,23.86
REFEX,34.10,34.15
GILLANDERS,7218.13,
AHLUCONT,13.99,25.25
DLINKINDIA,12.84,12.84
JSWENERGY,43.83,43.83
GODREJPROP,39.30,39.30
DBCORP,8.23,8.23
HINDCOPPER,48.84,48.84
BEARDSELL,13.13,13.13
MMTC,72.48,68.80
NESTLEIND,64.25,67.18
TRF,11.80,11.80
WHIRLPOOL,36.23,34.75
UNITEDTEA,10.10,10.10
MBLINFRA,2.07,
JUBLFOOD,107.19,179.66
VASCONEQ,6.87,15.45
THANGAMAYL,48.71,48.71
EMMBI,18.69,18.69
DBREALTY,,
HATHWAY,30.61,30.18
ORIENTLTD,,
ARSSINFRA,40.56,40.56
TEXMOPIPES,27.87,10.11
MANINFRA,18.07,18.07
IL&FSTRANS,,
LGBBROSLTD,13.31,13.83
PERSISTENT,62.50,62.50
ISFT,12.70,12.70
GOENKA,,
KIRLOSBROS,27.84,27.53
KSL,18.20,18.20
SJVN,32.13,35.09
SUNDARAM,,
KIRLOSIND,11.90,11.29
MANAPPURAM,8.55,8.55
UMESLTD,104.26,104.26
TI,23.05,22.08
HMVL,13.42,13.42
IMFA,8.33,8.33
BLISSGVS,18.71,8.02
EMAMIREAL,,
AHLEAST,8.40,8.40
IITL,17.61,18.27
BAJAJCON,16.54,16.54
UGARSUGAR,,
PRAKASHSTL,3.12,84.89
GPPL,18.35,16.84
ADFFOODS,32.91,32.91
WELINV,61.43,61.43
KILITCH,28.12,28.12
ORISSAMINE,643.99,643.99
DEEPAKNTR,33.73,36.70
SASTASUNDR,,7.84
CAREERP,9.78,9.78
EROSMEDIA,,
GREENPOWER,54.11,52.73
RAMKY,10.70,10.70
CANTABIL,27.67,28.14
WABAG,29.42,29.04
ASHOKA,3.01,3.17
BEDMUTHA,17.00,17.00
JWL,30.89,30.89
OBEROIRLTY,21.31,21.31
PRESTIGE,63.64,63.64
SHAH,6.47,35.92
CGCL,34.79,34.79
RESPONIND,26.72,26.72
COALINDIA,6.54,6.54
IOLCP,18.34,18.34
GRAVITA,39.32,39.32
JINDWORLD,96.20,96.20
PENIND,18.99,18.99
RPPINFRA,6.63,6.63
JAMNAAUTO,15.43,15.43
MOIL,16.73,16.73
ZEELEARN,1.21,5.49
A2ZINFRA,23.50,
KIRLOSENG,16.96,17.82
RKDL,37.58,37.58
PSB,30.89,30.89
SURANASOL,240.61,240.61
SHEKHAWATI,0.51,5.41
BFINVEST,,
KICL,21.02,27.87
SUMMITSEC,17.58,15.83
STEL,45.06,45.06
OMKARCHEM,,
HINDMOTORS,13.89,13.89
TEXRAIL,25.01,25.01
HFCL,31.50,31.50
INDTERRAIN,,
DHUNINV,8.92,8.95
LOVABLE,,
PFS,11.78,11.78
MUTHOOTFIN,16.93,16.93
VADILALIND,19.21,19.21
SYMPHONY,41.31,31.56
PIIND,26.76,26.76
RELAXO,59.31,59.31
OMINFRAL,41.14,41.14
VSTTILLERS,23.83,23.91
ESTER,,
DELPHIFX,124.39,12.57
KARMAENG,,
ASHIANA,198.19,150.27
DHANUKA,19.14,19.14
MAITHANALL,2.99,2.99
RUSHIL,15.24,15.24
BGLOBAL,,
INVENTURE,12.73,11.72
ELGIRUBCO,27.95,
LTF,13.47,13.47
WINDMACHIN,,
YAARI,,
BODALCHEM,109.76,90.97
GAYAPROJ,,
WINSOME,,
TREEHOUSE,,
ASAHISONG,30.74,30.30
FILATEX,13.17,13.17
BROOKS,141.70,141.70
TDPOWERSYS,31.57,31.57
TECHIN,,
APLLTD,24.29,24.70
VASWANI,11.63,11.63
PGEL,105.64,105.64
PANAMAPET,10.52,10.52
SETUINFRA,,
TIJARIA,,
PAISALO,16.84,16.87
ONELIFECAP,,
FLEXITUFF,,
SHAKTIPUMP,24.34,24.34
TRITURBINE,44.77,44.77
INDOTHAI,156.03,156.03
ESSARSHPNG,0.80,52.25
DSSL,18.53,18.53
JISLDVREQS,1.43,1.43
POLYMED,66.43,66.43
RUPA,19.23,18.57
VIKASECO,27.52,27.52
APLAPOLLO,62.47,62.47
KANANIIND,43.66,43.66
MINDACORP,43.84,43.84
DBSTOCKBRO,19.40,19.40
IRFC,22.22,22.22
COMPUSOFT,166.99,166.99
RHIM,,30.02
SCHNEIDER,66.27,70.68
NDL,9.12,9.12
NBCC,38.57,34.12
MTEDUCARE,,
HEXATRADEX,,
TBZ,14.88,14.88
VSSL,15.48,15.48
SWANENERGY,13.42,13.42
SPECIALITY,27.19,27.19
CINELINE,,
SAMPANN,,
RTNINDIA,15.41,15.41
PROZONER,,
MORARJEE,,
THEJO,34.50,34.50
KITEX,24.80,24.80
MAYURUNIQ,14.26,14.26
ROSSELLIND,9.74,9.68
DUCON,13.69,13.69
TVSHLTD,7.15,7.15
ZUARI,4.38,4.38
VETO,11.35,11.35
CARERATING,27.78,27.78
PCJEWELLER,15.94,15.94
INDUSTOWER,8.61,8.61
VMART,,
ANKITMETAL,,
MOHITIND,,
REPCOHOME,4.68,4.68
NIBL,,
VIVIDHA,,
JUSTDIAL,12.44,12.44
CEREBRAINT,,
ATULAUTO,68.32,68.32
FCONSUMER,,
ORIENTCEM,57.74,57.74
ABFRL,,
SAMMAANCAP,,
ESSENTIA,25.29,25.29
FLFL,,
PILITA,60.76,60.76
LYPSAGEMS,,
MITCON,11.86,11.86
ORBTEXP,11.07,11.07
JPOLYINVST,18.12,18.12
SREEL,22.86,22.86
NATHBIOGEN,6.89,7.03
AGRITECH,146.07,146.07
SECURKLOUD,,
SANCO,,
CASTROLIND,23.18,23.18
SDBL,21.72,21.72
IREDA,25.81,25.81
BUTTERFLY,267.61,185.56
WONDERLA,33.18,33.18
AGARIND,10.64,10.64
HATSUN,69.49,69.49
CAPLIPOINT,25.33,25.33
GOCLCORP,9.87,9.07
GULFOILLUB,15.20,15.20
SNOWMAN,190.86,190.86
SHARDACROP,18.52,18.52
SUPERHOUSE,15.29,31.93
SHEMAROO,,
CIGNITITEC,23.77,23.34
PDSL,25.71,26.17
INTELLECT,33.56,33.58
MONTECARLO,15.40,15.40
GOODLUCK,12.71,12.71
FCL,21.77,21.77
DTIL,,
CAMLINFINE,,
GULPOLY,38.09,38.09
APOLSINHOT,46.73,46.73
CCHHL,159.99,159.99
LAMBODHARA,13.51,13.51
GRPLTD,54.39,50.03
GENUSPAPER,120.24,120.24
MOLDTKPAC,23.69,23.69
GREENLAM,52.87,52.87
VISHNU,22.71,22.71
GANECOS,32.42,32.42
LINC,16.44,16.44
MENONBE,22.16,22.16
HESTERBIO,39.84,39.84
JMA,6.85,6.85
ORTEL,,
MANAKALUCO,21.28,21.28
MANAKSTEEL,31.35,26.78
MANAKCOAT,36.89,39.07
ZENTEC,42.11,42.47
IMAGICAA,47.63,42.72
INOXWIND,65.31,59.61
LFIC,6.05,6.05
BYKE,52.40,52.40
AVANTIFEED,19.36,19.36
VIPULLTD,0.71,0.70
VRLLOG,30.16,30.16
MEP,,
PRIVISCL,36.38,36.38
UFO,19.65,20.18
TPLPLASTEH,25.12,25.12
NILAINFRA,15.62,15.62
ARROWGREEN,12.54,12.54
PNCINFRA,5.75,5.75
SKIPPER,33.74,33.74
ALANKIT,18.45,18.45
ORICONENT,107.84,102.00
SHYAMCENT,,
BALKRISHNA,,
ADANIENSOL,133.32,35.11
SYNGENE,52.30,55.15
AYMSYNTEX,38.41,61.44
EMKAYTOOLS,3.89,3.89
KAYA,,
RAMASTEEL,64.00,64.00
AURUM,,
PKTEA,27.73,27.73
MUTHOOTCAP,8.74,8.74
SATIN,5.42,5.42
ARVSMART,25.93,25.93
POWERMECH,19.11,19.09
SHARDAMOTR,14.21,14.21
NAVKARCORP,,
SHREEPUSHK,17.32,17.32
GUJGASLTD,20.22,20.95
SADBHIN,,
IDFCFIRSTB,21.92,21.92
COFFEEDAY,,13.56
INDIGO,28.35,28.35
SHK,344.28,14.56
PERFECT,22.49,22.49
BALAXI,10.32,10.72
LUXIND,22.44,22.44
TTKHLTCARE,19.53,23.87
UMANGDAIRY,25.26,25.26
SALZERELEC,22.21,22.21
PILANIINVS,22.89,22.89
KRIDHANINF,1.03,125.27
LINCOLN,12.14,12.14
LALPATHLAB,46.49,46.49
ALKEM,25.03,24.92
NH,42.11,42.11
OCCL,8.21,8.21
PRECAM,87.57,101.81
TEAMLEASE,32.45,32.45
QUICKHEAL,67.30,67.30
HITECH,31.95,31.95
VIDHIING,50.28,50.28
BHAGERIA,21.54,21.54
NECCLTD,16.66,16.66
KELLTONTEC,12.39,12.39
SEQUENT,152.93,163.61
GOKULAGRO,15.24,15.24
SIMBHALS,5.83,5.83
KDDL,23.54,23.52
PDMJEPAPER,8.15,8.15
HCG,105.72,110.60
HECPROJECT,26.13,26.13
WEALTH,17.58,17.20
BHARATWIRE,11.94,11.94
INFIBEAM,22.45,22.45
PALREDTEC,,
THYROCARE,32.53,32.49
CROMPTON,40.14,40.14
SAGARDEEP,47.20,47.20
PARAGMILK,16.48,16.48
SHRIPISTON,16.18,16.18
UNITEDPOLY,22.09,22.09
ARMANFIN,14.85,14.85
ALBERTDAVD,11.63,11.63
BLS,28.15,28.15
ASPINWALL,10.27,10.27
NAGAFERT,0.16,0.16
SALONA,16.93,16.93
PREMEXPLN,55.20,55.20
CONTROLPR,20.54,20.54
INCREDIBLE,14.29,14.29
SETCO,,
DAMODARIND,17.52,17.52
MGL,11.67,11.67
MOLDTECH,16.56,16.56
POKARNA,23.73,23.73
COMPINFO,0.54,0.54
VIJIFIN,,
GPTINFRA,16.63,16.63
QUESS,22.38,21.90
GROBTEA,5.94,5.94
SOMICONVEY,23.79,23.79
LLOYDSENGG,58.93,58.93
LTIM,31.31,31.31
GATECH,16.61,16.61
MINDTECK,19.61,18.61
ADVENZYMES,21.83,20.33
DBL,11.32,19.96
SPAL,17.87,17.87
NDGL,31.33,30.22
RBLBANK,9.48,9.48
BIGBLOC,70.75,70.75
MBAPL,58.07,58.07
CUPID,18.47,18.47
LTTS,37.30,37.30
GNA,12.98,12.98
CROWN,10.24,32.57
ICICIPRULI,82.25,82.25
MARATHON,12.05,12.05
HPL,32.65,32.65
JAIPURKURT,11.31,11.31
MASKINVEST,,
SAKAR,36.55,36.43
AURDIS,8.59,8.59
PANSARI,75.80,75.80
DRL,23.22,23.22
ARTNIRMAN,76.45,76.45
ENDURANCE,30.03,30.03
GICL,79.11,79.11
MAZDA,15.00,15.00
PNBHOUSING,10.91,10.91
VBL,58.63,58.63
KINGFA,23.39,23.39
AGROPHOS,783.54,783.54
PODDARMENT,11.73,11.73
ROLLT,,
NBIFIN,73.67,73.67
CMICABLES,,
KIOCL,,
JETFREIGHT,9.24,9.25
SFL,54.78,93.35
HEADSUP,,
TCIEXP,26.49,26.49
LAURUSLABS,145.59,145.59
TERASOFT,27.99,27.90
ITDC,61.46,61.40
HISARMETAL,23.23,23.23
LIBAS,5.45,5.45
PROLIFE,11.86,11.86
CAPTRUST,73.55,73.55
MAHESHWARI,12.96,12.96
BHANDARI,17.10,17.10
BSE,69.91,69.91
MCL,15.57,15.57
PRICOLLTD,28.24,28.24
STEELCITY,7.85,7.85
JITFINFRA,25.97,46.15
KRISHANA,20.13,20.13
GLOBAL,9.84,9.84
NITIRAJ,24.72,24.72
SANGINITA,298.46,298.46
AKASH,29.11,29.11
RADIOCITY,47.02,47.02
DMART,82.62,82.62
TASTYBITE,98.47,98.47
INTENTECH,12.77,12.77
AIRAN,11.16,11.16
AKSHARCHEM,,
ARIHANTSUP,24.66,24.66
URJA,357.53,357.53
LAXMICOT,168.61,201.63
CLEDUCATE,55.51,51.14
EIFFL,159.79,159.79
NRAIL,9.91,9.91
SHANKARA,18.55,18.55
NACLIND,,
PODDARHOUS,,
APCL,,
CREATIVE,16.27,16.27
WIPL,83.12,83.12
FOCUS,20.97,20.97
DEVIT,13.67,13.67
ASLIND,,1879.81
SIKKO,28.07,28.07
MKPL,21.71,21.71
DOLLAR,22.68,22.82
PANACHE,108.65,46.79
INFOBEAN,20.27,20.27
SCHAND,12.03,12.03
ZOTA,,
BHAGYANGR,19.51,19.51
PSPPROJECT,36.31,36.31
VSCL,60.17,60.17
STARCEMENT,64.97,64.97
GLOBE,10.99,11.96
TEJASNET,19.02,19.02
ERIS,45.63,45.63
CDSL,41.84,41.84
GTPL,21.88,21.88
ACCORD,,
AUBANK,21.04,20.39
ACEINTEG,37.51,37.51
SHRENIK,,
DYNPRO,21.96,21.96
STEELXIND,24.20,24.20
SALASAR,30.92,30.92
UNIVASTU,0.00,0.00
AVADHSUGAR,10.29,10.29
PALASHSECU,,
MAGADSUGAR,7.71,7.71
GANGESSECU,23.68,23.68
THEINVEST,22.81,22.81
SHANTI,,
TOTAL,46.72,46.72
GTECJAINX,,
OPTIEMUS,63.02,63.02
WEWIN,28.04,28.04
SIS,22.99,22.99
COCHINSHIP,40.09,40.09
SMSLIFE,14.63,14.63
VAISHALI,344.18,344.18
LEXUS,,
GEEKAYWIRE,10.68,10.68
SERVOTECH,86.82,86.82
ABCAPITAL,11.59,11.59
APEX,418.59,418.59
PASHUPATI,178.92,178.92
BRNL,2.60,2.60
MANAV,12.67,12.67
DIXON,99.50,125.79
DCAL,,
LASA,,
MATRIMONY,23.62,23.62
CHOLAHLDNG,6.59,6.59
CAPACITE,13.81,13.81
ICICIGI,66.26,66.26
WORTH,12.29,12.29
SBILIFE,58.55,58.55
RMDRIP,114.10,114.10
CADSYS,,
DPWIRES,12.63,12.63
AARVI,14.82,14.82
DIAMONDYD,,172.74
TIRUPATI,91.40,91.40
AIROLAM,84.03,84.03
RKEC,6.69,6.69
GATECHDVR,3.63,3.63
GOLDSTAR,77.45,77.45
JASH,36.24,36.22
CMMIPL,,
BETA,37.40,37.40
TIRUPATIFL,40.03,40.03
OMFURN,26.22,26.22
GODREJAGRO,39.31,39.31
TCPLPACK,27.72,27.72
MILTON,105.93,105.93
MASFIN,13.87,13.87
IEX,34.81,34.81
DPABHUSHAN,28.89,28.89
GICRE,8.48,8.48
TIINDIA,43.86,43.67
NAM-INDIA,24.51,24.51
MAHLOG,,
NIACL,23.44,23.44
SECURCRED,1.79,1.79
IFGLEXPOR,25.89,25.89
KHADIM,94.38,94.38
5PAISA,16.16,16.16
HDFCLIFE,76.15,76.15
AISL,19.57,19.57
VERTOZ,31.51,31.51
PULZ,11.38,11.38
SILVERTUC,41.60,41.60
ZODIAC,37.02,37.02
FELIX,32.99,32.99
ICEMAKE,37.02,37.02
DNAMEDIA,0.45,
SHRADHA,12.44,12.44
SHALBY,66.39,66.39
FSC,,
TOUCHWOOD,18.32,18.32
ONEPOINT,40.09,40.09
SHIVATEX,22.59,22.59
ASTRON,,
AJOONI,45.14,45.14
MOKSH,11.97,11.97
BCONCEPTS,63.36,63.36
SILLYMONKS,40.03,40.03
APOLLO,61.06,61.06
NEWGEN,42.88,42.88
AMBER,76.12,76.12
PRAXIS,,
SOLEX,36.92,36.92
SRPL,,
GALAXYSURF,24.64,24.64
SINTERCOM,295.08,295.08
SOUTHWEST,34.62,36.46
SHIVAMILLS,,
ARVEE,68.59,68.59
ASTERDM,64.60,61.22
BANKA,,
GMMPFAUDLR,44.79,44.79
HGINFRA,11.75,11.75
HINDCON,34.32,34.32
SARVESHWAR,26.65,26.65
UNIINFO,,
MACPOWER,28.09,28.09
TARACHAND,19.04,19.04
BDL,63.49,63.49
MDL,37.53,36.49
SUNDARMHLD,24.66,24.66
BANDHANBNK,9.10,9.10
HAL,24.61,24.62
URAVIDEF,278.59,278.59
MITTAL,35.46,43.54
SANDHAR,15.39,16.17
ISEC,12.44,12.44
KAPSTON,29.73,29.73
CENTRUM,,
MIDHANI,43.65,43.65
LEMONTREE,45.57,45.57
AVG,9.07,13.51
MMP,19.83,19.83
NARMADA,15.61,15.61
PIGL,24.70,24.70
CHEMFAB,140.43,140.43
BSHSL,53.80,53.80
MAHICKRA,45.24,45.24
AAKASH,15.52,15.52
GODHA,13.82,13.82
ORIENTELEC,67.12,67.12
E2E,100.07,100.07
INDOSTAR,34.19,34.19
BORORENEW,,
SIRCA,30.77,30.77
SUULD,,
SVLL,370.91,370.91
LATTEYS,60.45,60.44
DIL,7.53,7.75
SONAMLTD,28.54,28.54
ADANIGREEN,83.25,71.52
OSWALSEEDS,,
PRITI,22.33,22.33
ACCURACY,9.24,9.24
SOLARA,,
GAYAHWS,,1.04
FINEORG,25.84,25.81
RITES,23.18,23.22
VARROC,66.61,32.58
GANGAFORGE,94.23,95.79
REPL,24.91,24.91
HBSL,,
AVROIND,48.32,48.32
HDFCAMC,33.59,33.59
UCL,,
CREDITACC,16.25,16.25
AARON,44.91,44.91
SIGIND,11.31,11.31
DANGEE,,
SUMIT,26.60,26.60
LAGNAM,15.22,15.22
RPPL,12.98,12.98
AKG,52.83,52.83
IRCON,18.63,18.63
AHLADA,8.48,8.48
SPECTRUM,126.55,126.55
RAJMET,,
AAVAS,23.59,23.59
KSHITIJPOL,,14.59
GRSE,35.24,35.24
KRITIKA,17.67,17.67
SILGO,20.65,20.65
VINNY,12.97,12.97
BBTCL,,
MARINE,54.43,54.62
IRISDOREME,30.31,30.31
UWCSL,24.70,24.70
ATGL,92.69,92.69
TECHNOE,33.60,33.60
UNIPARTS,15.00,15.00
SHRIRAMPPS,17.11,17.11
TREJHARA,18.42,711.26
NILASPACES,35.07,35.07
AWHCL,17.27,17.27
DALBHARAT,55.36,47.13
RPSGVENT,42.68,7.97
SPENCERS,,
XELPMOC,,
CHALET,161.95,161.95
MSTCLTD,7.40,14.83
OSIAHYPER,13.74,13.74
ANUP,42.31,42.31
ARVINDFASN,34.23,34.23
PAR,7.93,7.93
RVNL,55.55,55.55
POLYCAB,39.29,39.29
METROPOLIS,52.62,52.62
KPITTECH,42.76,42.76
SWSOLAR,174.97,174.97
NEOGEN,88.56,88.56
VIKASLIFE,,
EMAMIPAP,11.54,11.54
VCL,,
CONFIPET,22.36,22.60
PPL,9.63,9.63
INDIAMART,22.61,22.61
ATMASTCO,37.02,37.02
OAL,21.03,21.03
SEYAIND,,
DCMNVL,55.22,161.55
SATIA,5.46,5.46
GFSTEELS,,
WEL,169.58,169.58
AFFLE,53.72,53.72
CHEMCON,28.76,28.76
SPANDANA,,
WESTLIFE,934.61,934.61
DOLATALGO,5.27,5.27
HNDFDS,58.83,58.83
UJJIVANSFB,6.24,6.24
MAZDOCK,33.23,33.23
IRCTC,43.62,43.89
SAFARI,66.64,66.64
DCI,22.72,22.72
360ONE,37.76,35.54
IIFLCAPS,8.18,8.18
HPIL,98.39,98.39
SAMHI,60.57,65.13
VISHWARAJ,,
FLUOROCHEM,82.95,82.95
GREENPANEL,42.01,42.01
KUANTUM,7.54,7.54
RBA,,
APOLLOPIPE,46.62,46.62
CHEMBOND,17.30,17.81
MGEL,31.66,28.84
ROUTE,16.53,16.83
SBICARD,38.53,38.53
HOMEFIRST,24.87,24.87
SIGMA,14.89,14.89
CSBBANK,8.76,8.76
EQUITASBNK,20.39,20.39
EASEMYTRIP,49.11,26.57
ROSSARI,24.52,24.52
HINDWAREAP,,
PRINCEPIPE,41.28,41.28
ESAFSFB,,
LIKHITHA,14.38,14.38
PARKHOTELS,39.66,39.66
ARTEMISMED,41.46,41.46
PATANJALI,55.14,55.14
SUMICHEM,44.71,44.71
LGHL,90.37,90.44
ATALREAL,30.54,30.54
ASALCBR,26.92,26.92
MAHEPC,130.09,126.48
UNIVPHOTO,6.94,6.94
ALOKINDS,,
BARBEQUE,,
BAFNAPH,40.56,37.45
SUVENPHAR,103.88,103.88
POWERINDIA,158.78,158.78
STOVEKRAFT,57.30,57.30
BHARTIHEXA,51.95,61.70
KSOLVES,24.59,24.59
RAJRATAN,25.76,25.76
HAPPSTMNDS,46.83,48.84
AARTISURF,36.63,71.90
GLAND,35.99,35.99
BOROLTD,55.78,55.78
NDRAUTO,32.99,32.99
MAXHEALTH,93.88,89.28
PAVNAIND,43.38,43.38
AAATECH,38.09,38.09
KALYANKJIL,68.41,68.41
MAXIND,,
BTML,27.24,27.24
SHAREINDIA,9.14,9.14
UNIDT,32.41,32.41
SIGACHI,18.29,18.29
ANGELONE,13.35,13.35
ADL,161.56,161.56
NIRAJ,14.96,14.07
VALIANTORG,,
CAMS,34.04,34.04
SURYODAY,5.47,5.47
ROML,44.80,44.80
UTIAMC,13.49,13.49
RAILTEL,33.72,31.87
HEMIPROP,,
BECTORFOOD,56.88,56.88
KHAICHEM,,
ORCHPHARMA,42.43,42.43
SUBEXLTD,,
NURECA,,
INDIGOPNTS,33.45,33.45
HERANBA,21.28,21.28
LXCHEM,34.67,34.67
TARC,,
RVHL,,
MTARTECH,88.67,88.67
FAIRCHEMOR,32.85,32.85
ANURAS,56.70,56.70
KANPRPLA,22.53,22.53
ISGEC,27.41,27.41
STYLAMIND,19.64,19.51
PAKKA,20.07,20.07
CLSEL,13.30,13.30
PARTYCRUS,14.63,14.63
CARYSIL,23.45,23.45
SHAILY,84.59,84.59
MODISONLTD,18.43,18.69
FIBERWEB,8.35,8.35
BCLIND,10.47,10.47
BHAGCHEM,168.51,168.51
SBCL,30.88,30.88
AADHARHFC,18.73,18.73
SMCGLOBAL,5.61,5.61
QMSMEDI,16.16,16.16
NPST,94.85,94.85
ARIHANTCAP,8.82,9.16
SIDDHIKA,13.30,13.30
NAZARA,105.42,104.28
IPL,22.95,22.95
GENCON,12.27,12.27
LODHA,44.50,44.50
HLEGLAS,34.74,34.74
BESTAGRO,31.69,31.69
VMARCIND,17.91,17.91
SONACOMS,51.73,50.64
UTKARSHBNK,13.91,13.91
DRCSYSTEMS,16.61,16.61
PARAS,66.92,66.92
CRAFTSMAN,52.58,50.73
DODLA,25.76,25.76
EXXARO,,
JUBLINGREA,44.82,44.80
ROLEXRINGS,27.83,23.13
WALPAR,15.97,15.97
ORTINGLOBE,,
SHYAMMETL,21.57,21.57
KIMS,54.61,54.61
SUVIDHAA,,
MAKS,92.63,39.32
JSFB,6.27,6.27
TATVA,119.05,119.05
CLEAN,46.66,46.66
ALIVUS,26.03,26.03
ABSLAMC,19.33,19.33
DEEPINDS,16.78,16.83
ZOMATO,323.34,323.34
CHEMPLASTS,,
BEWLTD,13.18,13.18
PIXTRANS,17.11,17.11
MEDIASSIST,32.68,32.68
WINDLAS,28.07,28.07
CARTRADE,58.64,58.64
KRSNAA,29.90,29.90
EQUIPPP,,
DEVYANI,,1521.01
APTUS,22.00,22.00
SUPRIYA,27.20,27.20
ANMOL,9.44,9.44
BMETRICS,14.69,14.69
ABCOTS,55.74,55.74
VIJAYA,67.12,67.12
AMIORG,71.22,71.07
IWEL,33.63,32.09
VINEETLAB,,
MOL,,
SANSERA,32.90,32.90
BAJAJHCARE,,43.25
PRITIKAUTO,13.55,13.55
AAREYDRUGS,18.32,18.32
GRINFRA,8.31,10.48
INTLCONV,4.92,4.92
PAYTM,,
STEELCAS,25.52,25.52
HPAL,20.99,20.99
UGROCAP,10.44,10.44
STARHEALTH,27.24,27.24
KPIGREEN,28.03,27.80
YUKEN,39.71,39.71
SGIL,34.12,34.12
ANANDRATHI,60.57,60.57
SJS,23.86,23.86
FINOPB,19.15,19.15
POLICYBZR,274.75,320.69
NYKAA,707.85,707.85
AWL,27.64,27.64
MONARCH,15.37,15.37
SAPPHIRE,625.84,365.71
DKEGL,8.68,8.68
QUADPRO,15.02,15.02
PRUDENT,35.56,35.56
EPIGRAL,19.35,19.35
NUVOCO,,
GOCOLORS,43.57,43.57
NGIL,,
TRACXN,,
CMSINFO,20.01,20.01
FUSION,,
COASTCORP,,
TARSONS,53.66,53.66
MEDPLUS,65.45,65.45
TEGA,46.49,46.49
RATEGAIN,27.83,27.83
MANORG,33.57,33.57
LATENTVIEW,44.71,44.71
METROBRAND,76.16,76.16
PVSL,31.90,31.90
MICEL,23.01,23.01
PASUPTAC,9.73,9.73
FOODSIN,27.13,27.13
PARADEEP,17.79,17.79
JAINAM,27.16,27.16
MAPMYINDIA,66.42,66.42
ABMINTLLTD,266.72,266.72
3IINFOLTD,,
TMB,5.64,5.64
KRITI,175.01,175.01
DYNAMIC,21.34,21.39
MANYAVAR,49.77,49.77
GANESHBE,11.39,11.39
GVPTECH,56.88,56.88
KOTYARK,18.42,18.42
MEDICAMEQ,91.59,91.59
EMIL,27.56,27.56
SHIVALIK,54.36,54.36
PRECISION,11.43,11.43
UMAEXPORTS,16.76,16.47
DATAPATTNS,44.89,44.89
JSLL,45.17,45.17
MEDANTA,64.24,64.24
AHL,9.97,9.97
MALLCOM,18.47,18.47
IRIS,48.85,48.85
ASIANENE,35.70,33.88
DIGJAMLMTD,,
SMLT,35.25,35.25
NRL,26.73,26.73
RADIANTCMS,13.75,13.75
GPTHEALTH,21.26,21.26
CHOICEIN,62.88,62.88
EUROBOND,22.91,22.91
SELMC,,
HARIOMPIPE,17.20,17.20
GRWRHITECH,29.33,29.33
CAPITALSFB,9.32,9.32
DELHIVERY,764.44,425.16
DCMSRIND,11.72,11.72
VERANDA,,
RAJRILTD,,
EMUDHRA,79.67,79.67
DYCL,24.35,24.35
FIVESTAR,20.58,20.58
STARTECK,23.30,23.30
VIRINCHI,34.72,34.72
SBC,34.30,34.30
DHRUV,29.33,29.33
ELDEHSG,23.41,23.41
RICHA,15.56,15.56
ELIN,35.63,35.63
SHIGAN,16.78,16.78
TIMESCAN,8.09,8.09
MADHAVBAUG,26.14,26.14
SEJALLTD,42.88,42.88
MHLXMIRU,13.88,13.88
LOYALTEX,,
RELCHEMQ,43.64,43.64
GATEWAY,4.76,12.36
SYRMA,47.12,46.58
ZIMLAB,26.20,26.20
UDAICEMENT,,
JTLIND,27.86,27.86
CAMPUS,65.28,65.28
RAINBOW,52.97,52.97
TBOTEK,59.75,60.68
VENUSPIPES,27.18,27.18
AETHER,111.34,65.56
ROTO,35.05,35.05
SPRL,12.56,12.56
MEGASTAR,73.03,73.03
GSTL,33.24,33.24
INDOBORAX,10.85,10.85
LANDMARK,65.01,
RACE,75.81,75.81
AVONMORE,18.86,18.86
ETHOSLTD,65.78,65.78
DREAMFOLKS,19.72,19.72
AGSTRA,,
SONUINFRA,14.53,14.53
MSUMI,33.75,33.75
KNAGRI,16.53,16.53
LEMERITE,211.26,211.26
DHARMAJ,17.41,17.41
HARSHA,26.80,26.80
KRISHIVAL,41.20,41.20
OBCL,105.32,105.32
GMRP&UI,3.74,
KCK,171.20,171.20
LICI,10.71,10.71
INDOAMIN,15.25,15.25
KRISHNADEF,42.13,42.13
BOHRAIND,,
PROPEQUITY,16.95,16.95
TVSSCS,,
SWARAJ,13.91,13.91
AMEYA,19.03,19.03
INOXGREEN,123.36,123.36
FEDFINA,15.27,15.27
ACI,37.26,31.71
BIKAJI,60.55,60.55
RITCO,18.25,18.25
SADHNANIQ,197.98,197.98
SURAJEST,13.96,13.96
VEEKAYEM,24.92,24.92
SKP,346.80,346.80
RILINFRA,15.45,15.45
HARDWYN,48.10,48.10
CHEVIOT,9.30,9.30
MUKKA,16.05,16.05
HMAAGRO,20.86,20.86
MWL,14.33,14.33
MEDICO,52.55,52.55
CMRSL,9.13,7.37
KFINTECH,46.41,46.41
YATHARTH,26.65,26.65
DCXINDIA,49.24,49.24
YATRA,41.29,41.29
AKSHAR,,
ARISTO,13.17,13.17
KAYNES,102.25,102.25
NGLFINE,19.54,19.54
SABAR,3.50,3.50
SWASTIK,30.86,30.86
FIDEL,22.68,22.68
AXITA,45.89,48.95
PLAZACABLE,141.36,141.36
SENCO,36.09,36.09
USASEEDS,15.28,15.28
TRU,14.67,14.67
RADHIKAJWE,17.13,17.13
TIPSFILMS,,
SPLPETRO,24.52,24.52
RAMRAT,29.22,29.22
VIVIANA,48.32,48.32
CSLFINANCE,8.38,8.38
AGNI,104.94,104.94
KORE,39.55,39.44
GOYALALUM,58.30,58.30
RUSTOMJEE,40.65,40.65
GENSOL,25.93,25.90
DBOL,44.00,37.02
KANDARP,61.04,61.04
GSLSU,,
SPORTKING,9.53,9.53
ALLETEC,28.70,28.70
AIIL,6.67,6.67
MANORAMA,56.05,56.05
ISHAN,31.73,29.82
ARABIAN,9.62,9.62
INNOVACAP,31.04,31.04
GRMOVER,21.78,21.78
SYNCOMF,35.06,35.06
CLOUD,1.47,1.47
BAHETI,38.51,38.51
SULA,30.28,30.28
SIGNATURE,181.25,181.25
ANNAPURNA,32.45,32.45
KRITINUT,10.83,10.83
MEGAFLEX,35.93,35.93
KALAMANDIR,20.03,20.03
VITAL,,
RAMAPHO,27.08,27.08
PPLPHARMA,,
TAPIFRUIT,,
AVALON,96.60,96.60
RITEZONE,8.92,8.92
CONCORDBIO,48.49,48.49
GODIGIT,74.82,74.82
BAIDFIN,11.19,11.19
LLOYDS,,
PHANTOMFX,13.20,13.20
QUICKTOUCH,7.74,7.74
AMIABLE,9.96,9.96
IPSL,36.24,36.24
KAMOPAINTS,36.23,36.23
BLUEJET,56.95,56.95
MVGJL,9.84,9.84
SCPL,16.10,16.10
SUKHJITS,11.90,11.90
ARHAM,27.42,27.42
FROG,29.59,29.59
MANKIND,46.85,46.85
SKYGOLD,45.28,45.28
BLAL,,
SATINDLTD,11.68,11.67
DIVGIITTS,52.77,52.77
PRITIKA,70.30,70.30
USK,16.95,16.95
ANLON,33.27,33.27
MOTISONS,38.69,39.06
VELS,,
VERTEXPLUS,,
CMNL,31.00,30.44
SRIVASAVI,13.49,13.49
DIACABS,106.50,112.53
IKIO,37.46,37.46
MANOMAY,14.36,14.36
MOXSH,,
FAZE3Q,26.18,26.18
UMA,25.37,25.37
NSLNISP,,
RBMINFRA,16.53,16.53
LLOYDSME,33.73,33.73
AARTIPHARM,26.10,26.10
RHL,43.02,43.02
SAHYADRI,12.42,12.42
SAHANA,38.37,38.37
NINSYS,32.66,32.66
DUCOL,29.47,29.47
HOMESFY,15.51,15.16
SBFC,28.64,28.64
SBGLP,64.72,64.72
ASMS,146.05,168.04
HYBRIDFIN,9.19,8.60
SHERA,32.53,32.53
LRRPL,70.03,70.03
INDGN,33.00,33.19
ZAGGLE,61.39,61.39
GANDHAR,15.42,15.42
AGARWALFT,26.30,26.30
MCON,44.05,44.05
HONASA,87.24,87.24
RISHABH,45.75,45.75
IRMENERGY,18.88,18.88
SAH,269.12,269.12
DENEERS,19.63,19.63
JGCHEM,18.30,18.30
CYIENTDLM,52.11,52.11
AGUL,12.70,12.70
NIRMAN,17.05,17.05
MASTER,31.65,31.65
YCCL,94.60,94.60
RPTECH,8.30,8.68
LORDSCHLO,91.80,91.80
SYSTANGO,16.44,16.44
RATNAVEER,16.63,16.63
MOS,52.79,52.79
SECMARK,42.70,42.70
AUROIMPEX,12.38,12.38
SPECTSTM,21.46,21.46
ATAM,14.37,14.37
IDEAFORGE,,
CRAYONS,8.43,8.43
SHRITECH,10.68,10.68
INFOLLION,34.06,34.06
LAL,14.93,14.93
URBAN,15.02,15.02
INFINIUM,34.13,34.13
AARTECH,38.04,38.04
POCL,29.22,29.22
KRISHCA,22.67,22.67
ESFL,114.48,114.48
AATMAJ,,
DOLPHIN,25.59,25.99
TATATECH,41.92,41.92
REMUS,30.42,30.42
NOVAAGRI,14.39,14.39
REDTAPE,44.07,44.07
ASHOKAMET,4.12,4.12
SICALLOG,,
YUDIZ,,
PENTAGON,16.34,16.34
CELLPOINT,164.32,164.32
SEL,46.33,46.33
TRIDHYA,7.91,7.91
ACL,,
GREENCHEF,25.74,25.74
PROV,44.93,44.93
PTCIL,301.30,299.23
NETWEB,79.48,79.48
PYRAMID,20.24,20.24
VILINBIO,,
MAGSON,36.69,36.69
AEROFLEX,40.88,40.88
EMSLIMITED,17.82,17.82
EFACTOR,13.73,13.73
GHCLTEXTIL,13.63,13.63
MONOPHARMA,14.26,14.26
VPRPL,17.87,17.87
UDS,17.96,17.96
DENTALKART,55.35,55.35
SYNOPTICS,13.30,13.30
CLSL,29.52,29.52
SSFL,25.15,25.15
KIRLPNU,33.20,32.18
ATL,18.86,17.86
BALUFORGE,28.61,28.61
RRKABEL,38.48,38.48
JSWINFRA,38.83,38.83
SANGANI,25.79,25.79
JLHL,48.77,49.20
SCILAL,47.67,47.67
NUVAMA,20.16,20.16
GLOBALPET,70.30,70.30
YASHO,104.61,104.61
SERVICE,37.18,37.18
KEL,33.84,33.84
PRAMARA,29.46,29.46
NIITMTS,24.08,23.29
VINSYS,18.06,18.06
VALIANTLAB,,
ZEAL,10.30,10.30
ARVINDPORT,14.68,14.68
SAROJA,25.70,25.70
SINDHUTRAD,26.68,26.68
UNIHEALTH,17.91,17.91
ORIANA,24.72,24.72
ASKAUTOLTD,28.77,28.77
CHAVDA,16.16,16.16
ONDOOR,11.88,11.80
BAWEJA,15.98,15.98
TRANSTEEL,17.17,17.11
SANDUMA,13.57,13.57
VLEGOV,,462.46
PLADAINFO,7.69,7.69
OLIL,31.32,31.32
RBZJEWEL,22.26,22.26
KODYTECH,71.54,71.54
KARNIKA,45.13,45.13
AKANKSHA,205.77,205.77
SCML,13.03,13.03
SAAKSHI,27.63,27.63
MUFIN,59.76,58.27
MAL,12.80,12.80
HIGREEN,49.75,49.75
PLATIND,24.43,24.43
MUFTI,12.59,12.59
FLAIR,17.68,17.68
CELLECOR,49.42,49.42
MUTHOOTMF,7.52,7.52
SRGHFL,16.94,16.94
INDIFRA,41.64,41.64
JIOFIN,107.92,107.92
CPS,,
MADHUSUDAN,17.27,17.27
NEWJAISA,35.15,35.15
GOYALSALT,16.74,16.74
TICL,,
WOMANCART,38.25,38.25
RCDL,30.80,30.80
BLSE,26.12,26.12
HOLMARC,39.39,39.39
SHANTHALA,28.56,28.56
TREL,3.79,24.64
MARCO,23.12,23.12
DIAMINESQ,89.02,89.02
VISHNUINFR,16.52,16.52
KONTOR,36.25,36.25
RKSWAMY,31.04,31.04
MICROPRO,9.90,9.90
INSPIRE,,
EPACK,72.29,72.29
HAPPYFORGE,29.04,29.04
IBLFL,52.13,52.13
INDIASHLTR,23.36,23.36
CELLO,32.71,32.71
CANARYS,14.36,14.36
DIGIDRIVE,16.34,16.34
DOMS,68.55,68.55
MAITREYA,39.65,39.65
GLOSTERLTD,,
LANCORHOL,20.03,20.03
AMNPLST,26.37,26.37
POLYSIL,7.63,7.63
SARTELE,35.47,35.47
VINYAS,114.15,114.15
SAIFL,8.05,8.05
JNKINDIA,46.88,46.88
INOXINDIA,41.21,42.33
GRAPHISAD,13.23,12.82
SHEETAL,33.22,33.22
ROXHITECH,6.37,6.37
JYOTICNC,57.16,55.89
BAJEL,103.27,84.32
EFORCE,,
DEEM,8.50,8.50
APS,48.22,48.22
ENTERO,55.34,55.34
TECHLABS,82.23,82.23
SIGNPOST,23.08,23.08
ROCKINGDCE,34.67,34.67
BABAFP,14.63,14.63
SUNCLAY,,
SHREEOSFM,13.45,13.45
PRESSTONIC,,
HRHNEXT,32.85,33.00
EXICOM,,
MEGATHERM,22.42,22.42
OWAIS,31.28,31.28
VR,63.34,62.86
KLL,12.41,12.41
ZENITHDRUG,11.58,11.71
SJLOGISTIC,18.17,18.17
CBAZAAR,,
PURVFLEXI,21.40,21.40
KTL,4.71,4.71
SRM,18.59,18.59
AZAD,94.59,94.59
KONSTELEC,11.49,11.49
JUNIPER,87.82,87.82
KRYSTAL,9.69,9.69
VSTL,22.15,22.15
FONEBOX,27.11,27.11
INM,21.78,21.61
ITALIANE,13.69,13.69
SUPREMEPWR,19.62,19.62
KCEIL,26.76,26.76
MAXESTATES,831.90,831.97
CGRAPHICS,28.43,28.43
ACCENTMIC,13.25,13.25
COMSYN,25.62,25.62
LAWSIKHO,27.64,27.64
SADHAV,15.53,15.53
MANDEEP,,
GOPAL,39.53,39.53
DAVANGERE,32.29,32.29
MAXPOSURE,29.59,29.59
UEL,1359.21,
ALPEXSOLAR,31.92,34.99
VHLTD,16.42,16.59
SONAMAC,11.44,11.44
BIRDYS,,
SIGNORIA,12.06,12.06
TCL,15.54,15.54
ENSER,22.13,22.13
DELAPLEX,12.46,12.46
RULKA,14.41,14.41
NAMAN,11.84,11.83
SINCLAIR,25.95,25.95
SHREEKARNI,23.76,23.76
BLUEPEBBLE,18.30,18.30
DCG,26.97,26.97
AWFIS,78.83,138.14
K2INFRA,12.06,12.06
RADIOWALLA,1.63,1.46
RBS,14.78,14.78
ASPIRE,5.38,5.38
ESCONET,46.53,46.53
MVKAGRO,7.59,7.59
ENFUSE,89.49,89.49
AVPINFRA,18.28,18.28
SILKFLEX,11.69,11.69
VISHWAS,21.49,21.49
TGL,21.72,21.72
TAC,108.89,108.89
EMMIL,19.18,19.39
YASHOPTICS,21.35,21.35
ALUWIND,23.51,23.54
PRLIND,15.60,15.84
IEML,25.10,25.10
ABSMARINE,33.47,33.47
WINSOL,45.04,45.04
HOACFOODS,86.47,86.47
SLONE,17.95,17.95
QUESTLAB,18.14,18.14
