SERIES,SYMBOL,SECURITY,RECORD_DT,BC_STRT_DT,BC_END_DT,EX_DT,ND_STRT_DT,ND_END_DT,PURPOSE
18,SAMMAANCAP,Sec Re NCD 8.70% Sr.VIII,13/03/2025, , ,13/03/2025, , ,INTEREST PAYMENT         
19,SAMMAANCAP,Sec Re NCD 9.15% Sr.VIII,13/03/2025, , ,13/03/2025, , ,INTEREST PAYMENT         
BE,ISEC,ICICI Securities Limited,24/03/2025, , ,24/03/2025, , ,SUSPENSION DUE TO SCHEME 
BE,SUNTV,Sun TV Network Limited,13/03/2025, , ,13/03/2025, , ,INTDIV - RS 2.50 PER SH  
BE,DICIND,DIC India Limited,18/03/2025, , ,18/03/2025, , ,DIV - RS 4 PER SH        
BE,CASTROLIND,Castrol India Limited,18/03/2025, , ,18/03/2025, , ,DIV/SPDV RS 5 & 4.50     
BE,HUDCO,Hsg & Urban Dev Corpn Ltd,14/03/2025, , ,13/03/2025, , ,INTDIV - RS 1.05 PER SH  
BE,IRISDOREME,Iris Clothings Limited,13/03/2025, , ,13/03/2025, , ,RIGHTS 1:6 @ PRM RS 33/- 
BE,GRINFRA,G R Infraprojects Limited,13/03/2025, , ,13/03/2025, , ,INTDIV - RS 12.50 PER SH 
D1,CHOLAFIN,Cholamandalam In & Fin Co,24/03/2025, , ,24/03/2025, , ,INTEREST PAYMENT         
EQ,DICIND,DIC India Limited,18/03/2025, , ,18/03/2025, , ,DIV - RS 4 PER SH        
EQ,HUDCO,Hsg & Urban Dev Corpn Ltd,14/03/2025, , ,13/03/2025, , ,INTDIV - RS 1.05 PER SH  
EQ,SUNTV,Sun TV Network Limited,13/03/2025, , ,13/03/2025, , ,INTDIV - RS 2.50 PER SH  
EQ,ISEC,ICICI Securities Limited,24/03/2025, , ,24/03/2025, , ,SUSPENSION DUE TO SCHEME 
EQ,IRISDOREME,Iris Clothings Limited,13/03/2025, , ,13/03/2025, , ,RIGHTS 1:6 @ PRM RS 33/- 
EQ,CASTROLIND,Castrol India Limited,18/03/2025, , ,18/03/2025, , ,DIV/SPDV RS 5 & 4.50     
EQ,GRINFRA,G R Infraprojects Limited,13/03/2025, , ,13/03/2025, , ,INTDIV - RS 12.50 PER SH 
GB,SGBMAR25,2.50%GOLDBONDS 2025Tr-VII,13/03/2025, , , , , ,REDEMPTION               
GS,GS150325C,GOI STRIPS C 150325,12/03/2025, , , , , ,REDEMPTION               
GS,668GS2031,GOI LOAN 6.68% 2031,15/03/2025, , ,13/03/2025, , ,INTEREST PAYMENT         
GS,GS200325C,GOI STRIPS C 200325,18/03/2025, , , , , ,REDEMPTION               
GS,788GS2030,GOI LOAN 7.88% 2030,18/03/2025, , ,18/03/2025, , ,INTEREST PAYMENT         
M3,IBULHSG,Sec Re NCD 9.25% Sr II,12/03/2025, , ,12/03/2025, , ,INTEREST PAYMENT         
MD,IBULHSG,Sec Re NCD 9.25% Sr VIII,12/03/2025, , ,12/03/2025, , ,INTEREST PAYMENT         
MG,IBULHSG,Sec Re NCD 9.71% Sr VIII,12/03/2025, , ,12/03/2025, , ,INTEREST PAYMENT         
MM,IBULHSG,Sec Re NCD 10.25% Sr XII,12/03/2025, , ,12/03/2025, , ,INTEREST PAYMENT         
MO,SAMMAANCAP,Sec Re NCD 8.20% Sr.VI,13/03/2025, , ,13/03/2025, , ,INTEREST PAYMENT         
MP,SAMMAANCAP,Sec Re NCD 8.66% Sr.VI,13/03/2025, , ,13/03/2025, , ,INTEREST PAYMENT         
MS,SAMMAANCAP,Sec Re NCD 8.43% Sr.VIII,13/03/2025, , ,13/03/2025, , ,INTEREST PAYMENT         
MT,SAMMAANCAP,Sec Re NCD 8.89% Sr.VIII,13/03/2025, , ,13/03/2025, , ,INTEREST PAYMENT         
N1,89IHFL29,IIFL Home Finance Limited,14/03/2025, , ,13/03/2025, , ,INTEREST PAYMENT         
N1,1025SCL34Z,Sammaan Capital Limited,12/03/2025, , ,12/03/2025, , ,INTEREST PAYMENT         
N1,925SCL26W,Sammaan Capital Limited,12/03/2025, , ,12/03/2025, , ,INTEREST PAYMENT         
N1,888SCL26X,Sammaan Capital Limited,12/03/2025, , ,12/03/2025, , ,INTEREST PAYMENT         
N1,SDIP,Summit Dig 7.89% 2029,17/03/2025, , ,17/03/2025, , ,INTEREST PAYMENT         
N1,1003SCL31P,Sammaan Capital Limited,12/03/2025, , ,12/03/2025, , ,INTEREST PAYMENT         
N1,948SCL27R,Sammaan Capital Limited,12/03/2025, , ,12/03/2025, , ,INTEREST PAYMENT         
N1,971SCL29T,Sammaan Capital Limited,12/03/2025, , ,12/03/2025, , ,INTEREST PAYMENT         
N1,865IHFL27,IIFL Home Finance Limited,14/03/2025, , ,13/03/2025, , ,INTEREST PAYMENT         
N2,SHFL,SHFL 7.95% 2034 Sr 339,12/03/2025, , ,12/03/2025, , ,INTEREST PAYMENT         
N2,NHPC,8.54% Sec Red Bond S2A,17/03/2025, , ,17/03/2025, , ,INTEREST PAYMENT         
N3,NHPC,8.67% Sec Red Bond S3A,17/03/2025, , ,17/03/2025, , ,INTEREST PAYMENT         
N4,IIFLSAMFIN,Sec Re NCD 10.03% Sr 5,17/03/2025, , ,17/03/2025, , ,INTEREST PAYMENT         
N5,IIHFL,Unsec Re NCD 9.60% Sr.II,14/03/2025, , ,13/03/2025, , ,INTEREST PAYMENT         
N5,NHPC,8.79% Sec Red Bond S2B,17/03/2025, , ,17/03/2025, , ,INTEREST PAYMENT         
N6,NHPC,8.92% Sec Red Bond S3B,17/03/2025, , ,17/03/2025, , ,INTEREST PAYMENT         
N8,920IIFLS26,Sec Re NCD 9.20% Sr I,17/03/2025, , ,17/03/2025, , ,INTEREST PAYMENT         
N8,SAMMAANCAP,Sec Red NCD 8.65% Sr. V,17/03/2025, , ,17/03/2025, , ,INTEREST PAYMENT         
N8,UGROCAP,Sec Re NCD 10.25% Sr I,12/03/2025, , ,12/03/2025, , ,INTEREST PAYMENT         
N9,IIHFL,Sec Re NCD 8.20% Sr.III,14/03/2025, , ,13/03/2025, , ,INTEREST PAYMENT         
NA,957IIFLS27,Sec Re NCD 9.57% Sr III,17/03/2025, , ,17/03/2025, , ,INTEREST PAYMENT         
NC,IIFL,IIFL Finance Limited,17/03/2025, , ,17/03/2025, , ,INTEREST PAYMENT         
NC,SAMMAANCAP,Uns Red NCD 8.79% Sr.VIII,17/03/2025, , ,17/03/2025, , ,INTEREST PAYMENT         
NC,1003IIFL29,Sec Re NCD 10.03% Sr V,17/03/2025, , ,17/03/2025, , ,INTEREST PAYMENT         
NC,IIHFL,Sec Re NCD 8.43% Sr.VI,14/03/2025, , ,13/03/2025, , ,INTEREST PAYMENT         
NF,IIFL,IIFL Finance Limited,17/03/2025, , ,17/03/2025, , ,INTEREST PAYMENT         
NL,IIFL,IIFL Finance Limited,17/03/2025, , ,17/03/2025, , ,INTEREST PAYMENT         
NS,IIFL,IIFL Finance Limited,17/03/2025, , ,17/03/2025, , ,INTEREST PAYMENT         
NZ,IIFL,IIFL Finance Limited,17/03/2025, , ,17/03/2025, , ,INTEREST PAYMENT         
S1,CHOLAFIN,Cholamandalam In & Fin Co,24/03/2025, , ,24/03/2025, , ,INTEREST PAYMENT         
SG,664BR25,SDL BR 6.64% 2025,13/03/2025, , , , , ,REDEMPTION               
SG,738MP25,SDL MP 7.38% 2025,12/03/2025, , , , , ,REDEMPTION               
SG,695PN25,SDL PN 6.95% 2025,27/03/2025, , , , , ,REDEMPTION               
SG,688TS25,SDL TS 6.88% 2025,27/03/2025, , , , , ,REDEMPTION               
SG,669MP25,SDL MP 6.69% 2025,13/03/2025, , , , , ,REDEMPTION               
SG,588GJ25,SDL GJ 5.88% 2025,27/03/2025, , , , , ,REDEMPTION               
U1,89IHFL29,IIFL Home Finance Limited,14/03/2025, , ,13/03/2025, , ,INTEREST PAYMENT         
U1,1025SCL34Z,Sammaan Capital Limited,12/03/2025, , ,12/03/2025, , ,INTEREST PAYMENT         
U1,925SCL26W,Sammaan Capital Limited,12/03/2025, , ,12/03/2025, , ,INTEREST PAYMENT         
U1,888SCL26X,Sammaan Capital Limited,12/03/2025, , ,12/03/2025, , ,INTEREST PAYMENT         
U1,SDIP,Summit Dig 7.89% 2029,17/03/2025, , ,17/03/2025, , ,INTEREST PAYMENT         
U1,1003SCL31P,Sammaan Capital Limited,12/03/2025, , ,12/03/2025, , ,INTEREST PAYMENT         
U1,948SCL27R,Sammaan Capital Limited,12/03/2025, , ,12/03/2025, , ,INTEREST PAYMENT         
U1,971SCL29T,Sammaan Capital Limited,12/03/2025, , ,12/03/2025, , ,INTEREST PAYMENT         
U1,865IHFL27,IIFL Home Finance Limited,14/03/2025, , ,13/03/2025, , ,INTEREST PAYMENT         
U2,SHFL,SHFL 7.95% 2034 Sr 339,12/03/2025, , ,12/03/2025, , ,INTEREST PAYMENT         
U2,NHPC,8.54% Sec Red Bond S2A,17/03/2025, , ,17/03/2025, , ,INTEREST PAYMENT         
U3,NHPC,8.67% Sec Red Bond S3A,17/03/2025, , ,17/03/2025, , ,INTEREST PAYMENT         
U4,IIFLSAMFIN,Sec Re NCD 10.03% Sr 5,17/03/2025, , ,17/03/2025, , ,INTEREST PAYMENT         
U5,IIHFL,Unsec Re NCD 9.60% Sr.II,14/03/2025, , ,13/03/2025, , ,INTEREST PAYMENT         
U5,NHPC,8.79% Sec Red Bond S2B,17/03/2025, , ,17/03/2025, , ,INTEREST PAYMENT         
U6,NHPC,8.92% Sec Red Bond S3B,17/03/2025, , ,17/03/2025, , ,INTEREST PAYMENT         
U8,920IIFLS26,Sec Re NCD 9.20% Sr I,17/03/2025, , ,17/03/2025, , ,INTEREST PAYMENT         
U8,SAMMAANCAP,Sec Red NCD 8.65% Sr. V,17/03/2025, , ,17/03/2025, , ,INTEREST PAYMENT         
U8,UGROCAP,Sec Re NCD 10.25% Sr I,12/03/2025, , ,12/03/2025, , ,INTEREST PAYMENT         
U9,IIHFL,Sec Re NCD 8.20% Sr.III,14/03/2025, , ,13/03/2025, , ,INTEREST PAYMENT         
UA,957IIFLS27,Sec Re NCD 9.57% Sr III,17/03/2025, , ,17/03/2025, , ,INTEREST PAYMENT         
UC,IIFL,IIFL Finance Limited,17/03/2025, , ,17/03/2025, , ,INTEREST PAYMENT         
UC,SAMMAANCAP,Uns Red NCD 8.79% Sr.VIII,17/03/2025, , ,17/03/2025, , ,INTEREST PAYMENT         
UC,1003IIFL29,Sec Re NCD 10.03% Sr V,17/03/2025, , ,17/03/2025, , ,INTEREST PAYMENT         
UC,IIHFL,Sec Re NCD 8.43% Sr.VI,14/03/2025, , ,13/03/2025, , ,INTEREST PAYMENT         
UF,IIFL,IIFL Finance Limited,17/03/2025, , ,17/03/2025, , ,INTEREST PAYMENT         
UL,IIFL,IIFL Finance Limited,17/03/2025, , ,17/03/2025, , ,INTEREST PAYMENT         
US,IIFL,IIFL Finance Limited,17/03/2025, , ,17/03/2025, , ,INTEREST PAYMENT         
UZ,IIFL,IIFL Finance Limited,17/03/2025, , ,17/03/2025, , ,INTEREST PAYMENT         
Y3,IBULHSG,Sec Re NCD 9.25% Sr II,12/03/2025, , ,12/03/2025, , ,INTEREST PAYMENT         
YD,IBULHSG,Sec Re NCD 9.25% Sr VIII,12/03/2025, , ,12/03/2025, , ,INTEREST PAYMENT         
YG,IBULHSG,Sec Re NCD 9.71% Sr VIII,12/03/2025, , ,12/03/2025, , ,INTEREST PAYMENT         
YM,IBULHSG,Sec Re NCD 10.25% Sr XII,12/03/2025, , ,12/03/2025, , ,INTEREST PAYMENT         
YO,SAMMAANCAP,Sec Re NCD 8.20% Sr.VI,13/03/2025, , ,13/03/2025, , ,INTEREST PAYMENT         
YP,SAMMAANCAP,Sec Re NCD 8.66% Sr.VI,13/03/2025, , ,13/03/2025, , ,INTEREST PAYMENT         
YS,SAMMAANCAP,Sec Re NCD 8.43% Sr.VIII,13/03/2025, , ,13/03/2025, , ,INTEREST PAYMENT         
YT,SAMMAANCAP,Sec Re NCD 8.89% Sr.VIII,13/03/2025, , ,13/03/2025, , ,INTEREST PAYMENT         
Z4,SAMMAANCAP,Sec Red NCD Sr. II,13/03/2025, , ,13/03/2025, , ,INTEREST PAYMENT         
Z5,SAMMAANCAP,Sec Red NCD 8.75% Sr. III,13/03/2025, , ,13/03/2025, , ,INTEREST PAYMENT         
Z8,SAMMAANCAP,Sec Red NCD 8.65% Sr. V,13/03/2025, , ,13/03/2025, , ,INTEREST PAYMENT         
Z9,SAMMAANCAP,Sec Red NCD 8.85% Sr. VI,13/03/2025, , ,13/03/2025, , ,INTEREST PAYMENT         

