SYMBOL,SERIES,SECURITY,HIGH/LOW,INDEX FLAG
A2ZINFRA,BE,A2Z INFRA ENGINEERING LTD,H
AGNI,ST,AGNI GREEN POWER LTD,H
AKSHAR,BE,AKSHAR SPINTEX LIMITED,H
ALPSINDUS,BE,ALPS INDUSTRIES LTD.,H
AMEYA,SM,AMEYA PRECISION ENG LTD,H
ANKITMETAL,BZ,ANKIT MET & POW LTD,H
ARSSINFRA,BE,ARSS INFRA PROJ. LTD,H
BLUECHIP,BE,BLUE CHIP INDIA LIMITED,H
BSL,BE,BSL LTD,H
C2C,ST,C2C ADVANCED SYSTEMS LTD,H
CARYSIL,EQ,CARYSIL LIMITED,H
CMMIPL,SZ,CMM INFRAPROJECTS LIMITED,H
E2E,EQ,E2E NETWORKS LIMITED,H
ENSER,ST,ENSER COMMUNICATIONS LTD,H
FEL,BZ,FUTURE ENTERPRISES LTD,H
FICRF3GP,MF,FRANTEMAMC - FICRF3GP,H
FRESHARA,ST,FRESHARA AGRO EXPORTS LTD,H
FSC,BZ,FUTURE SUPP CHAIN SOL LTD,H
GATECH,EQ,GACM TECHNOLOGIES LIMITED,H
GATECHDVR,BE,GACM TECHNOLOGIES LIMITED,H
GAYAHWS,EQ,GAYATRI HIGHWAYS LIMITED,H
GIRIRAJ,ST,GIRIRAJ CIVIL DEVP LTD,H
GOENKA,BZ,GOENKA DIAMOND&JEWELS LTD,H
HEADSUP,BE,HEADS UP VENTURES LIMITED,H
IL&FSENGG,BZ,IL&FS ENG AND CONS CO LTD,H
INFOMEDIA,EQ,INFOMEDIA PRESS LIMITED,H
ITTL,ST,INNOVATIVE TYRE & TUBE LT,H
JSWHL,EQ,JSW HOLDINGS LIMITED,H
KEEPLEARN,BE,DSJ KEEP LEARNING LTD,H
KITEX,EQ,KITEX GARMENTS LTD,H
KONSTELEC,ST,KONSTELEC ENGINEERS LTD,H
MAHKTECH,EQ,MIRAEAMC - MAHKTECH,H
MANAV-RE,ST,MANAV INFRA PROJECTS LTD,H
MARINE,BE,MARINE ELECTRICAL (I) LTD,H
MASKINVEST,BE,MASK INVESTMENTS LIMITED,H
MEP,BZ,MEP INFRA. DEVELOPERS LTD,H
MTEDUCARE,BE,MT EDUCARE LTD,H
NITIRAJ,EQ,NITIRAJ ENGINEERS LTD,H
OCCLLTD,EQ,OCCL LIMITED,H
OILCOUNTUB,EQ,OIL COUNTRY TUBULAR LTD,H
ONELIFECAP,BE,ONELIFE CAP ADVISORS LTD,H
ORIENTALTL,EQ,ORIENTAL TRIMEX LTD,H
OSIAHYPER,EQ,OSIA HYPER RETAIL LIMITED,H
PALREDTEC,BE,PALRED TECHNOLOGIES LTD,H
PERFECT,ST,PERFECT INFRAENGINEER LTD,H
POLYSIL,ST,POLYSIL IRRIGATION SYST L,H
QFIL,SM,QUALITY FOILS (INDIA) LTD,H
QUADPRO,SM,QUADPRO ITES LIMITED,H
QUESTLAB,ST,QUEST LABORATORIES LTD,H
QUICKTOUCH,ST,QUICKTOUCH TECHNOLOGIES L,H
RADHIKAJWE,EQ,RADHIKA JEWELTECH LIMITED,H
RAJRILTD,BE,RAJ RAYON INDUSTRIES LTD,H
RHL,BE,ROBUST HOTELS LIMITED,H
RICHA,SM,RICHA INFO SYSTEMS LTD,H
SAMPANN,BE,SAMPANN UTPADAN INDIA LTD,H
SANWARIA,BZ,SANWARIA CONSUMER LIMITED,H
SECURKLOUD,EQ,SECUREKLOUD TECH LIMITED,H
SEPC,EQ,SEPC LIMITED,H
SETUINFRA,BZ,SETUBANDHAN INFRA LTD,H
SHANTI,EQ,SHANTI OVERSEAS INDIA LTD,H
SHIGAN,ST,SHIGAN QUANTUM TECH LTD,H
SIGNORIA,ST,SIGNORIA CREATION LIMITED,H
SIMPLEXINF,EQ,SIMPLEX INFRASTRUCTURES L,H
SITINET,BZ,SITI NETWORKS LIMITED,H
SONUINFRA,ST,SONU INFRATECH LIMITED,H
SOTAC,SM,SOTAC PHARMACEUTICALS LTD,H
SPPPOLY,ST,SPP POLYMER LIMITED,H
SPRL,SM,SP REFRACTORIES LIMITED,H
SUMIT,EQ,SUMIT WOODS LIMITED,H
SWELECTES,BE,SWELECT ENERGY SYS LTD,H
TAC,ST,TAC INFOSEC LIMITED,H
TECHLABS,ST,TRIDENT TECHLABS LIMITED,H
THESL,SM,THINKING HATS ENTER SOL L,H
UMANGDAIRY,BE,UMANG DAIRIES LIMITED,H
UNITEDPOLY,EQ,UNITED POLYFAB GUJ. LTD.,H
VHLTD,BE,VICEROY HOTELS LIMITED,H
VIJIFIN,BE,VIJI FINANCE LIMITED,H
VISASTEEL,BE,VISA STEEL LIMITED,H
VIVO,SM,VIVO COLLAB SOLUTIONS LTD,H
VSCL,ST,VADIVARHE SPCLTY CHEM LTD,H
WINSOME,BZ,WINSOME YARNS LIMITED,H
YAARI,BE,YAARI DIGI INT SER LTD,H
ZTECH,ST,Z-TECH (INDIA) LIMITED,H
21STCENMGM,BE,21ST CENTURY MGMT SERVICE,L
ABSMARINE,ST,ABS MARINE SERVICES LTD,L
ACCORD,SM,ACCORD SYNERGY LIMITED,L
AGNI,ST,AGNI GREEN POWER LTD,L
AGSTRA,BE,AGS TRANSACT TECH LTD,L
AILIMITED,SM,ABHISHEK INTEGRATIONS LTD,L
AKANKSHA,SM,AKANKSHA POWER N INFRA L,L
AKI,BE,AKI INDIA LIMITED,L
ALMONDZ,EQ,ALMONDZ GLOBAL SEC LTD,L
ANSALAPI,BZ,ANSAL PROP & INFRA LTD,L
ATLASCYCLE,BE,ATLAS CYCLE (HARYANA) LTD,L
AUSOMENT,EQ,AUSOM ENTERPRISE LIMITED,L
AVPINFRA,ST,AVP INFRACON LIMITED,L
AXISCADES,BE,AXISCADES TECH LTD,L
BANKA,EQ,BANKA BIOLOO LIMITED,L
BLACKBUCK,EQ,ZINKA LOGISTICS SOL LTD,L
BYKE,BE,THE BYKE HOSPITALITY LTD,L
C2C,ST,C2C ADVANCED SYSTEMS LTD,L
CALSOFT,BE,CALIFORNIA SOFTWARE CO LT,L
CALSOFTPP,X1,CALSOFT RS.2.50 PPD UP,L
CEREBRAINT,BZ,CEREBRA INT TECH LTD,L
CMRSL,SM,CYBER MEDIA RES & SER LTD,L
COFFEEDAY,BE,COFFEE DAY ENTERPRISE LTD,L
COMMITTED,ST,COMMITTED CARGO CARE LTD,L
COMPINFO,BZ,COMPUAGE INFOCOM LTD,L
CTE,EQ,CAMBRIDGE TECH ENTER LTD,L
DBOL,BE,DHAMPUR BIO ORGANICS LTD,L
DESTINY,ST,DESTINY LOGISTICS & I LTD,L
DHRUV,BE,DHRUV CONSULTANCY SER LTD,L
DHTL,SM,DOCMODE HEALTH TECH LTD,L
DIACABS,BE,DIAMOND POWER INFRA LTD,L
DIL,BE,DEBOCK INDUSTRIES LIMITED,L
DYNAMIC,ST,DYNAMIC SRVCS & SEC LTD,L
EFFWA,SM,EFFWA INFRA & RESEARCH L,L
ELGIRUBCO,BE,ELGI RUBBER CO. LTD,L
EMAMIREAL,BE,EMAMI REALTY LIMITED,L
EMMIL,ST,ENERGY MISSION MACH IND L,L
FELDVR,BE,FUTURE ENTERPRISES LTD,L
FELIX,SM,FELIX INDUSTRIES LTD.,L
FOCUS,EQ,FOCUS LIGHTG & FIXTRS LTD,L
FSC,BZ,FUTURE SUPP CHAIN SOL LTD,L
GANGAFORGE,EQ,GANGA FORGING LIMITED,L
GATECH,EQ,GACM TECHNOLOGIES LIMITED,L
GAYAPROJ,BZ,GAYATRI PROJECTS LTD,L
GENSOL,EQ,GENSOL ENGINEERING LTD,L
GLFL,BE,GUJARAT LEASE FINANCING L,L
GLOBALE,BE,GLOBALE TESSILE LIMITED,L
GLOBE,EQ,GLOBE TEXTILES (I) LTD.,L
GODAVARIB,BE,GODAVARI BIOREFINERIES L,L
GOLDENTOBC,BZ,GOLDEN TOBACCO LIMITED,L
GRAPHISAD,SM,GRAPHISADS LIMITED,L
GSTL,ST,GLOBESECURE TECHNO LTD,L
GUJRAFFIA,BE,GUJARAT RAFFIA INDUST LTD,L
GVKPIL,BE,GVK POW. & INFRA LTD.,L
HBSL,EQ,HB STOCKHOLDINGS LIMITED,L
HINDCON,BE,HINDCON CHEMICALS LIMITED,L
HOLMARC,ST,HOLMARC OPTO MECHATRO L,L
HRHNEXT,ST,HRH NEXT SERVICES LIMITED,L
HVAX,ST,HVAX TECHNOLOGIES LIMITED,L
IEML,ST,INDIAN EMULSIFIERS LTD,L
IGIL,EQ,INTERNATIO GEMM INS (I) L,L
IITL,EQ,INDUSTRIAL INV TRUST LTD,L
IL&FSTRANS,BZ,IL&FS TRANS NET LTD,L
INDOUS,BE,INDO US BIOTECH LTD,L
ISHAN,SM,ISHAN INTERNATIONAL LTD,L
JAICORPLTD,EQ,JAI CORP LIMITED,L
JHS,BE,JHS SVEND. LAB. LTD,L
JPASSOCIAT,BE,JAIPRAKASH ASSOCIATES LTD,L
JSWHL,EQ,JSW HOLDINGS LIMITED,L
K2INFRA,ST,K2 INFRAGEN LIMITED,L
KANDARP,SM,KANDARP DG SMART BPO LTD,L
KATARIA,ST,KATARIA INDUSTRIES LTD,L
KAVVERITEL,BE,KAVVERI TEL. LTD.,L
KCEIL,ST,KAY CEE ENERGY & INFRA L,L
KCK,ST,KCK INDUSTRIES LTD,L
KDL,ST,KORE DIGITAL LIMITED,L
KEEPLEARN,BE,DSJ KEEP LEARNING LTD,L
KESORAMIND,BE,KESORAM INDUSTRIES LTD,L
KONTOR,SM,KONTOR SPACE LIMITED,L
KORE,ST,JAY JALARAM TECHNO LTD,L
KOTYARK,ST,KOTYARK INDUSTRIES LTD,L
KRITI,EQ,KRITI INDUSTRIES IND LTD,L
KTL,ST,KALAHRIDHAAN TRENDZ LTD,L
LAWSIKHO,ST,ADDICTIVE LEARNING TECH L,L
LOKESHMACH,BE,LOKESH MACHINES LTD,L
LRRPL,ST,LEAD REC AND RUB PROD LTD,L
MAITREYA,SM,MAITREYA MEDICARE LIMITED,L
MANAV,SM,MANAV INFRA PROJECTS LTD,L
MARINETRAN,ST,MARINETRANS INDIA LIMITED,L
MCON,ST,MCON RASAYAN INDIA LTD,L
MEGAFLEX,ST,MEGA FLEX PLASTICS LTD,L
MILTON,SM,MILTON INDUSTRIES LIMITED,L
MODTHREAD,EQ,MODERN THREADS INDIA LTD,L
MPTODAY,SM,M P TODAY MEDIA LIMITED,L
MTEDUCARE,BE,MT EDUCARE LTD,L
NAMAN,ST,NAMAN IN-STORE (INDIA) L,L
NECLIFE,EQ,NECTAR LIFESCIENCES LTD.,L
NEPHROCARE,SM,NEPHRO CARE INDIA LIMITED,L
NEWJAISA,ST,NEWJAISA TECHNOLOGIES LTD,L
NEXTMEDIA,EQ,NEXT MEDIAWORKS LIMITED,L
NIBL,BE,NRB INDUS. BEARINGS LTD.,L
NIRMAN,SM,NIRMAN AGRI GENTICS LTD,L
NITIRAJ,EQ,NITIRAJ ENGINEERS LTD,L
ODIGMA,BE,ODIGMA CONSULTANCY SOL L,L
OMFURN,SM,OMFURN INDIA LIMITED,L
ORCHPHARMA,EQ,ORCHID PHARMA LIMITED,L
PANACHE,BE,PANACHE DIGILIFE LIMITED,L
PARASPETRO,EQ,PARAS PETROFILS LTD.,L
PIGL,BE,POWER INSTRUMENT (G) LTD,L
PNC,BE,PRITISH NANDY COMMUNICATI,L
PRAXIS,EQ,PRAXIS HOME RETAIL LTD,L
PREMIER,BE,PREMIER LIMITED,L
PRIZOR,SM,PRIZOR VIZTECH LIMITED,L
PULZ,SM,PULZ ELECTRONICS LIMITED,L
QUESTLAB,ST,QUEST LABORATORIES LTD,L
RADAAN,BE,RADAAN MEDIAWORKS (I) LTD,L
RAJRILTD,BE,RAJ RAYON INDUSTRIES LTD,L
RAMANEWS,BE,SHREE RAMA NEWSPRINT LTD,L
READYMIX,ST,READYMIX CONSTRU MACHI L,L
REFRACTORY,ST,REFRACTORY SHAPES LIMITED,L
REPL,BE,RUDRABHISHEK ENTERP LTD,L
RHFL,BE,RELIANCE HOME FINANCE LTD,L
RKEC,EQ,RKEC PROJECTS LIMITED,L
RNFI,ST,RNFI SERVICES LIMITED,L
ROLLT,BE,ROLLATAINERS LIMITED,L
ROLTA,BZ,ROLTA INDIA LTD,L
ROSSTECH,BE,ROSSELL TECHSYS LIMITED,L
ROXHITECH,ST,ROX HI TECH LIMITED,L
RPPINFRA,BE,R.P.P INFRA PROJECTS LTD.,L
S&SPOWER,EQ,S&S POWER SWITCHGEARS LTD,L
SADHNANIQ,BE,SADHANA NITROCHEM LIMITED,L
SAHANA,ST,SAHANA SYSTEM LIMITED,L
SANCO,BZ,SANCO INDUSTRIES LIMITED,L
SATECH,ST,S A TECH SOFTWARE INDIA L,L
SATIPOLY,SM,SATI POLY PLAST LIMITED,L
SATKARTAR,SM,SAT KARTAR SHOPPING LTD,L
SBGLP,BE,SURATWWALA BUS GROUP LTD,L
SECL,ST,SALASAR EXTERIOR CONT LTD,L
SEL,ST,SUNGARNER ENERGIES LTD,L
SETCO,BE,SETCO AUTOMOTIVE LTD,L
SEYAIND,BE,SEYA INDUSTRIES LIMITED,L
SFML,ST,SUPREME FACILITY MGMT LTD,L
SHANTHALA,ST,SHANTHALA FMCG PRODUCTS L,L
SHRADHA,BE,SHRADHA INFRAPROJECTS LTD,L
SHUBHLAXMI,SM,SHUBHLAXMI JEWEL ART LTD,L
SICALLOG,BE,SICAL LOGISTICS LIMITED,L
SIGNORIA,ST,SIGNORIA CREATION LIMITED,L
SOLARAPP,E1,SOLAR ACT RS.3.50 PPD UP,L
SPCL,ST,SHIVALIC POWER CONTROL L,L
SPMLINFRA,BE,SPML INFRA LIMITED,L
SPRL,SM,SP REFRACTORIES LIMITED,L
SRPL,BZ,SHREE RAM PROTEINS LTD.,L
SUNDRMBRAK,BE,SUNDARAMBRAKE LININGS LTD,L
SURANI,ST,SURANI STEEL TUBES LTD.,L
SUULD,BZ,SUUMAYA INDUSTRIES LTD,L
SVPGLOB,BE,SVP GLOBAL TEXTILES LTD,L
TAPIFRUIT,SM,TAPI FRUIT PROCESSING LTD,L
TBI,SM,TBI CORN LIMITED,L
TECHLABS,ST,TRIDENT TECHLABS LIMITED,L
TERASOFT,BE,TERA SOFTWARE LIMITED,L
TGL,ST,TEERTH GOPICON LIMITED,L
TICL,EQ,TWAMEV CONS AND INFRA LTD,L
TIJARIA,BE,TIJARIA POLYPIPES LTD,L
TNTELE,BE,TAMILNADU TELECOMMUNICATI,L
TOUCHWOOD,BE,TOUCHWOOD ENTERTAIN LTD.,L
TRANSTEEL,ST,TRANSTEEL SEATING TECH L,L
URBAN,SM,URBAN ENVIRO WASTE MGMT L,L
VELS,ST,VELS FILM INTERNATIONAL L,L
VLEGOV,BE,VL E GOV AND IT SOL LTD,L
VMARCIND,ST,V MARC INDIA LIMITED,L
WEWIN,BE,WE WIN LIMITED,L
WINNY,ST,WINNY IMMIGRA & EDU SER L,L
WINSOME,BZ,WINSOME YARNS LIMITED,L
WOMANCART,ST,WOMANCART LIMITED,L
