GAIN_LOSS,SECURITY,CLOSE_PRIC,PREV_CL_PR,PERCENT_CG
 ,Nifty 50 Sec., , , 
 , , , , 
G,INDUSIND BANK LIMITED,       684.70,       655.95,4.38
G,TATA MOTORS LIMITED,       668.30,       648.05,3.12
G,KOTAK MAHINDRA BANK LTD,      1982.55,      1935.20,2.45
G,BAJAJ FINANCE LIMITED,      8484.45,      8340.45,1.73
G,ITC LTD,       412.40,       406.20,1.53
G,HDFC BANK LTD,      1711.15,      1685.50,1.52
G,SUN PHARMACEUTICAL IND L,      1676.85,      1655.30,1.3
G,RELIANCE INDUSTRIES LTD,      1257.05,      1247.30,.78
G,BAJAJ FINSERV LTD.,      1819.45,      1805.40,.78
G,ULTRATECH CEMENT LIMITED,     10520.40,     10439.25,.78
G,BHARAT PETROLEUM CORP  LT,       266.32,       264.58,.66
G,EICHER MOTORS LTD,      5017.45,      4985.55,.64
G,BRITANNIA INDUSTRIES LTD,      4792.05,      4762.05,.63
G,CIPLA LTD,      1454.30,      1445.75,.59
G,COAL INDIA LTD,       380.70,       379.05,.44
G,TRENT LTD,      5015.35,      4995.45,.4
G,MAHINDRA & MAHINDRA LTD,      2653.30,      2645.60,.29
G,BAJAJ AUTO LIMITED,      7515.05,      7499.95,.2
G,APOLLO HOSPITALS ENTER. L,      6143.75,      6134.80,.15
 , , , , 
L,INFOSYS LIMITED,      1590.85,      1661.60,-4.26
L,WIPRO LTD,       268.55,       277.75,-3.31
L,TECH MAHINDRA LIMITED,      1438.30,      1479.20,-2.77
L,NESTLE INDIA LIMITED,      2195.50,      2251.40,-2.48
L,TATA CONSULTANCY SERV LT,      3506.20,      3575.30,-1.93
L,HCL TECHNOLOGIES LTD,      1540.60,      1567.85,-1.74
L,ASIAN PAINTS LIMITED,      2251.30,      2287.40,-1.58
L,TATA CONSUMER PRODUCT LTD,       945.45,       959.85,-1.5
L,AXIS BANK LIMITED,      1011.20,      1025.65,-1.41
L,BHARTI AIRTEL LIMITED,      1642.85,      1662.95,-1.21
L,HERO MOTOCORP LIMITED,      3610.25,      3650.65,-1.11
L,HINDUSTAN UNILEVER LTD.,      2192.90,      2216.95,-1.08
L,DR. REDDY S LABORATORIES,      1105.15,      1116.65,-1.03
L,OIL AND NATURAL GAS CORP.,       224.40,       226.72,-1.02
L,STATE BANK OF INDIA,       723.05,       729.85,-0.93
L,TITAN COMPANY LIMITED,      3018.95,      3046.40,-0.9
L,HINDALCO  INDUSTRIES  LTD,       689.85,       695.50,-0.81
L,JSW STEEL LIMITED,      1010.40,      1018.65,-0.81
L,HDFC LIFE INS CO LTD,       632.00,       636.95,-0.78
L,GRASIM INDUSTRIES LTD,      2398.90,      2413.55,-0.61
L,ADANI PORT & SEZ LTD,      1128.30,      1135.00,-0.59
L,SBI LIFE INSURANCE CO LTD,      1409.00,      1417.25,-0.58
L,ADANI ENTERPRISES LIMITED,      2241.80,      2250.60,-0.39
L,TATA STEEL LIMITED,       150.30,       150.75,-0.3
L,SHRIRAM FINANCE LIMITED,       636.95,       638.25,-0.2
L,BHARAT ELECTRONICS LTD,       276.83,       277.18,-0.13
L,ICICI BANK LTD.,      1243.95,      1245.40,-0.12
L,POWER GRID CORP. LTD.,       267.10,       267.30,-0.07
L,MARUTI SUZUKI INDIA LTD.,     11640.10,     11646.95,-0.06
L,LARSEN & TOUBRO LTD.,      3193.65,      3195.45,-0.06
 , , , , 
 ,Nifty Next 50 Sec., , , 
 , , , , 
G,JIO FIN SERVICES LTD,       225.53,       217.56,3.66
G,ADANI GREEN ENERGY LTD,       853.45,       824.20,3.55
G,ADANI ENERGY SOLUTION LTD,       781.75,       761.05,2.72
G,NHPC LTD,        78.36,        76.58,2.32
G,DIVI S LABORATORIES LTD,      5667.15,      5546.25,2.18
G,INTERGLOBE AVIATION LTD,      4729.20,      4651.45,1.67
G,GAIL (INDIA) LTD,       159.20,       156.78,1.54
G,TORRENT PHARMACEUTICALS L,      3096.50,      3057.95,1.26
G,UNITED SPIRITS LIMITED,      1336.25,      1319.85,1.24
G,AVENUE SUPERMARTS LIMITED,      3674.20,      3631.65,1.17
G,TATA POWER CO LTD,       356.25,       352.45,1.08
G,INDIAN RAIL TOUR CORP LTD,       698.20,       691.15,1.02
G,PIDILITE INDUSTRIES LTD,      2749.30,      2722.30,0.99
G,VEDANTA LIMITED,       444.95,       441.55,0.77
G,SAMVRDHNA MTHRSN INTL LTD,       125.48,       124.56,0.74
G,HAVELLS INDIA LIMITED,      1480.05,      1470.05,0.68
G,BAJAJ HOLDINGS & INVS LTD,     11458.30,     11384.55,0.65
G,ADANI TOTAL GAS LIMITED,       600.50,       597.20,0.55
G,DABUR INDIA LTD,       499.95,       497.55,0.48
G,ADANI POWER LTD,       512.35,       510.15,0.43
G,GODREJ CONSUMER PRODUCTS,      1043.40,      1039.15,0.41
G,INDIAN OIL CORP LTD,       125.29,       124.82,0.38
G,JSW ENERGY LIMITED,       515.20,       513.75,0.28
G,ABB INDIA LIMITED,      5139.70,      5129.30,0.2
G,CHOLAMANDALAM IN & FIN CO,      1451.50,      1448.75,0.19
 , , , , 
L,MACROTECH DEVELOPERS LTD,      1081.70,      1132.35,-4.47
L,LTIMINDTREE LIMITED,      4485.90,      4654.45,-3.62
L,INFO EDGE (I) LTD,      6507.20,      6697.10,-2.84
L,ICICI LOMBARD GIC LIMITED,      1665.70,      1700.45,-2.04
L,SHREE CEMENT LIMITED,     27531.00,     27937.00,-1.45
L,PUNJAB NATIONAL BANK,        86.90,        88.17,-1.44
L,VARUN BEVERAGES LIMITED,       478.35,       485.20,-1.41
L,TVS MOTOR COMPANY  LTD,      2259.00,      2288.85,-1.3
L,LIFE INSURA CORP OF INDIA,       744.50,       754.25,-1.29
L,ZYDUS LIFESCIENCES LTD,       888.25,       899.85,-1.29
L,HINDUSTAN AERONAUTICS LTD,      3415.40,      3459.85,-1.28
L,AMBUJA CEMENTS LTD,       489.20,       495.55,-1.28
L,ZOMATO LIMITED,       205.46,       208.07,-1.25
L,UNION BANK OF INDIA,       113.60,       114.85,-1.09
L,CANARA BANK,        82.46,        83.28,-0.98
L,POWER FIN CORP LTD.,       396.10,       399.40,-0.83
L,DLF LIMITED,       668.70,       674.10,-0.8
L,SIEMENS LTD,      4905.75,      4942.05,-0.73
L,BOSCH LIMITED,     26807.10,     26982.55,-0.65
L,BHEL,       193.63,       194.12,-0.25
L,ICICI PRU LIFE INS CO LTD,       544.90,       546.15,-0.23
L,JINDAL STEEL & POWER LTD,       903.05,       904.85,-0.2
L,REC LIMITED,       402.20,       402.60,-0.1
L,INDIAN RAILWAY FIN CORP L,       119.20,       119.30,-0.08
L,BANK OF BARODA,       202.40,       202.56,-0.08
 , , , , 
 ,OTHER SECURITIES, , , 
 , , , , 
G,MANAV INFRA PROJECTS LTD,         1.10,          .80,37.5
G,SEPC LIMITED,        15.34,        12.80,19.84
G,AARTI SURFACTANTS LIMITED,       196.45,       163.95,19.82
G,TFB 7.37% 2035 SR. 3A,      1378.00,      1151.10,19.71
G,CARYSIL LIMITED,       604.10,       504.95,19.64
G,OCCL LIMITED,        90.14,        77.64,16.1
G,INDIA TOUR. DEV. CO. LTD.,       615.40,       537.10,14.58
G,SEC RE NCD 10.03% SR X,       949.80,       830.20,14.41
G,UNIONAMC - UNIONGOLD,        95.90,        84.65,13.29
G,REDTAPE LIMITED,       154.66,       137.24,12.69
G,NACL INDUSTRIES LIMITED,        79.58,        71.21,11.75
G,SHARP CHUCKS N MACHINES L,       113.00,       102.00,10.78
G,DHARIWALCORP LIMITED,       101.00,        91.25,10.68
G,BANARAS BEADS LTD,       128.28,       116.11,10.48
G,HIMATSINGKA SEIDE LTD,       146.19,       132.70,10.17
G,FRANTEMAMC - FICRF3GP,         4.98,         4.53,9.93
G,THINKING HATS ENTER SOL L,        30.95,        28.20,9.75
G,CAPITAL TRUST LIMITED,        98.40,        89.77,9.61
G,INDOSTAR CAPITAL FIN LTD,       251.27,       229.49,9.49
G,PREMIER ROADLINES LIMITED,        98.25,        90.20,8.92
G,SHREE TIRUPATI BALAJEE L,        53.16,        48.86,8.8
G,INTEGRATED PERSO SER LTD,       292.90,       270.00,8.48
G,EXCELLENT WIRES N PACK L,        53.00,        49.00,8.16
G,BALRAMPUR CHINI MILLS LTD,       486.95,       450.60,8.07
G,SEC RE NCD 10.25% SR XII,       900.42,       837.85,7.47
G,ORIENTAL TRIMEX LTD,         9.50,         8.85,7.34
G,MARVEL DECOR LIMITED,        99.85,        93.05,7.31
G,KOLTE PATIL DEV. LTD.,       338.75,       317.40,6.73
G,BOSS PACKAGING SOLU LTD,        46.90,        44.00,6.59
G,P S RAJ STEELS LIMITED,       139.60,       131.00,6.56
 , , , , 
L,SEC RE NCD 10.50% SR.VII,       716.50,       895.00,-19.94
L,SEC RE NCD 10.30% SR.VII,       720.00,       899.00,-19.91
L,LLOYDS LUXURIES LIMITED,        86.00,        95.90,-10.32
L,COMPUCOM SOFTWARE LTD,        18.62,        20.64,-9.79
L,SATI POLY PLAST LIMITED,        93.00,       103.00,-9.71
L,INDEGENE LIMITED,       522.55,       577.55,-9.52
L,AURO IMPEX & CHEMICALS L,        52.75,        58.20,-9.36
L,INDUSTRIAL INV TRUST LTD,       236.80,       261.15,-9.32
L,COASTAL CORPORATION LTD,        40.00,        43.80,-8.68
L,APEX ECOTECH LIMITED,        86.65,        94.40,-8.21
L,R SYS INTERNATIONAL LTD,       325.35,       354.05,-8.11
L,CINEVISTA LIMITED,        13.86,        15.08,-8.09
L,SCL 9.65% 2026 SR I,       910.20,       990.00,-8.06
L,CREST VENTURES LIMITED,       350.40,       380.90,-8.01
L,FROG CELLSAT LIMITED,       283.75,       307.80,-7.81
L,YASONS CHEMEX CARE LTD,        14.70,        15.90,-7.55
L,MITTAL LIFE STYLE LIMITED,         1.85,         2.00,-7.5
L,FIRSTSOURCE SOLU. LTD.,       306.80,       331.35,-7.41
L,ROCKINGDEALS CIRCU ECO L,       421.65,       455.00,-7.33
L,MAHICKRA CHEMICAL LIMITED,       105.00,       113.30,-7.33
L,SPENCER S RETAIL LIMITED,        58.14,        62.67,-7.23
L,DEEM ROLL TECH LIMITED,        57.15,        61.60,-7.22
L,LANCOR HOLDINGS LIMITED,        24.81,        26.73,-7.18
L,VISHNUSURYA PROJ N INFR L,       175.75,       188.85,-6.94
L,OWAIS METAL & MINERAL,       526.15,       564.65,-6.82
L,URAVI DEFENCE &TECH LTD,       356.70,       382.80,-6.82
L,BANKA BIOLOO LIMITED,        84.64,        90.62,-6.6
L,AKG EXIM LIMITED,        13.34,        14.28,-6.58
L,AWFIS SPACE SOLUTIONS LTD,       576.35,       616.85,-6.57
L,LYPSA GEMS & JEWEL LTD,         7.18,         7.68,-6.51
