SECURITY,NEW,PREVIOUS,NEW_STATUS
GOI TBILL 91D-20/03/25,99.83,99.82,H
SEC RE NCD SR III,1035.88,1033.02,H
SEC RE NCD 8.30% SR 3,1032,1030,H
GOI TBILL 182D-31/07/25,97.54,97.46,H
GOI TBILL 364D-12/02/26,94.31,94.3,H
BALAJI PHOSPHATES LIMITED,80,78,H
SEC RE NCD 9.90% SR VII,1059,1058.99,H
TAX FREE7.60% SR.IIB,1168,1167,H
SEC RE NCD SR VIII,1165.1,1145.1,H
SP REFRACTORIES LIMITED,146.15,139.2,H
SHREE VASU LOGISTICS LTD,441,436.8,H
REXPRO ENTERPRISES LTD,113.3,107,H
INNOVATIVE TYRE & TUBE LT,32.25,31.65,H
TSI 9.35% 32 SR I-F,105709,105351.4,H
ROYAL ARC ELECTRODES LTD,121,118,H
INDUSTRIAL INV TRUST LTD,284,275,H
ARIHANT ACADEMY LIMITED,264,240,H
MODERN THREADS INDIA LTD,45.6,44.65,H
EMA PARTNERS INDIA LTD,123.1,122,H
PANSARI DEVELOPERS LTD,187.29,183.62,H
DHANUKA REALTY LIMITED,25.55,25.15,H
NITIRAJ ENGINEERS LTD,421.6,402.8,H
GOI TBILL 91D-10/04/25,99.42,99.39,H
WELSPUN CORP LIMITED,842.95,835,H
FRANTEMAMC - FICRF3GP,4.98,4.53,H
KARNIKA INDUSTRIES LTD,680,648.95,H
GOI TBILL 364D-23/10/25,96.04,96.02,H
SEC RE NCD SR 4,1010.1,1000,H
GOI TBILL 182D-17/07/25,97.76,97.67,H
GOI TBILL 182D-24/07/25,97.69,97.56,H
GOI TBILL 364D-18/07/25,97.74,97.3,H
SEC RE NCD SR IV,1100,1080.17,H
UNIONAMC - UNIONGOLD,97.7,89.7,H
ANDHRA PAPER LIMITED,69.27,70.2,L
GLOBESECURE TECHNO LTD,16.8,17.65,L
HARDWYN INDIA LIMITED,11.7,11.88,L
EXXARO TILES LIMITED,7.02,7.25,L
BOMBAY METRICS S C LTD,45.7,45.8,L
KSOLVES INDIA LIMITED,354.05,356,L
JTL INDUSTRIES LIMITED,73.97,73.99,L
LAMOSAIC INDIA LIMITED,47,47.95,L
GVP INFOTECH LIMITED,7.8,8.08,L
IBL FINANCE LIMITED,45.45,47.2,L
SADHAV SHIPPING LIMITED,95,95.5,L
SARASWATI SAREE DEPOT LTD,92.8,93.78,L
ALLCARGO GATI LIMITED,56.4,56.9,L
RADIOWALLA NETWORK LTD,71,75.5,L
VDEAL SYSTEM LIMITED,103,108.05,L
ROSSELL TECHSYS LIMITED,259.85,268.55,L
INDEF MANUFACTURING LTD,220.5,222,L
GP ECO SOLUTIONS INDIA L,243.55,248.05,L
ESPRIT STONES LIMITED,109.8,112,L
PENINSULA LAND LIMITED,26.9,27.45,L
T T LIMITED,10.7,10.73,L
VAISHALI PHARMA LIMITED,12.76,12.8,L
SUBEX LTD,12.5,12.65,L
COASTAL CORPORATION LTD,37.62,40.91,L
FOCUS LIGHTG & FIXTRS LTD,68.37,71.25,L
CYBER MEDIA RES & SER LTD,68.4,72,L
GOYAL ALUMINIUMS LIMITED,7.11,7.3,L
AGNI GREEN POWER LTD,20.15,20.6,L
RADIANT CASH MGMT SER LTD,56.49,57.01,L
SEMAC CONSULTANTS LIMITED,325.45,332.1,L
EMCURE PHARMACEUTICALS L,922,935,L
NIBE LIMITED,883.05,891.2,L
ON DOOR CONCEPTS LIMITED,134,138.05,L
THAAI CASTING LIMITED,92,92.8,L
7.64% TAX FREE TRI SRIIB,1091.55,1092.05,L
AGS TRANSACT TECH LTD,13.21,13.91,L
DURLAX TOP SURFACE LTD,38.25,38.7,L
V.L.INFRAPROJECTS LIMITED,44.25,45.1,L
ARABIAN PETROLEUM LIMITED,65.1,67,L
DOCMODE HEALTH TECH LTD,40.25,42.35,L
SEC RE NCD SR VI,907,950,L
HERANBA INDUSTRIES LTD,208,214.13,L
NET AVENUE TECHNOLOGIES L,7,7.1,L
BINANI INDUSTRIES LTD,10.3,10.59,L
FUTURE ENTERPRISES LTD,3.86,3.9,L
DELHIVERY LIMITED,237.65,243.6,L
UNIINFO TELECOM SERVI LTD,17.92,18.75,L
KBC GLOBAL LIMITED,1.05,1.06,L
NEWJAISA TECHNOLOGIES LTD,42.4,44.55,L
ABS MARINE SERVICES LTD,105.15,105.2,L
KATARIA INDUSTRIES LTD,100.7,102,L
POPULAR VEHICLES N SER L,96.15,96.5,L
MARSHALL MACHINES LTD,15.71,16.04,L
DEEM ROLL TECH LIMITED,56.65,58.9,L
RUDRABHISHEK ENTERP LTD,171.74,180.63,L
INSPIRE FILMS LIMITED,19.3,20.45,L
UNILEX COLOURS AND CHEM L,54.25,58,L
WESTERN CARRIERS (IND) L,81.5,82.99,L
MEDICAMEN ORGANICS LTD,27.3,28,L
INDO US BIOTECH LTD,162.57,171.07,L
INTERNATIO GEMM INS (I) L,282,296.85,L
DIVYADHAN RECYCLING IND L,40.3,40.4,L
MARINETRANS INDIA LIMITED,15.3,16.1,L
RAJNANDINI METAL LIMITED,4.47,4.71,L
ISHAN INTERNATIONAL LTD,1.15,1.2,L
RITE ZONE CHEMCON IND LTD,24.5,25,L
BAID FINSERV LIMITED,9.21,9.41,L
KRITIKA WIRES LIMITED,8.86,9.9,L
SIGNORIA CREATION LIMITED,63.5,66.55,L
HAPPY FORGINGS LIMITED,778,792.05,L
S A TECH SOFTWARE INDIA L,51.55,54.25,L
SEC RE NCD 10.50% SR.VII,716.5,720.5,L
CAPITAL SMALL FIN BANK L,250,253.55,L
DRONE DESTINATION LIMITED,116,118.35,L
VIBHOR STEEL TUBES LTD,125,134.99,L
SUYOG TELEMATICS LIMITED,929.95,941.05,L
AVG LOGISTICS LIMITED,215.7,217,L
MEP INFRA. DEVELOPERS LTD,1.79,1.82,L
SUPREME FACILITY MGMT LTD,32.55,34.15,L
ATLANTAA LIMITED,30.81,31.44,L
DCG CABLES & WIRES LTD,62.35,62.5,L
SOFTTECH ENGINEERS LTD,321.75,326.15,L
ABANS HOLDINGS LIMITED,188.47,192.32,L
NEELAM LINENS & GAR (I) L,24.15,25.5,L
GOI TBILL 91D-15/05/25,99.25,99.46,L
VAKRANGEE LIMITED,12.18,12.63,L
SANGINITA CHEMICALS LTD,9.63,9.95,L
STAR HEALTH & AL INS CO L,350.15,353.15,L
VINEET LABORATORIES LTD,35.2,36,L
TIMESCAN LOGISTICS IND L,45.8,46,L
DREAMFOLKS SERVICES LTD,218.05,229,L
SWASTIK PIPE LIMITED,41.3,43,L
SVP GLOBAL TEXTILES LTD,2.68,2.78,L
FUT LIFESTYLE FASH LTD,1.46,1.52,L
VINNY OVERSEAS LIMITED,1.45,2.9,L
FLEXITUFF VENTURES INT L,35.84,39.8,L
ACCENT MICROCELL LIMITED,196,201.65,L
SHUBHSHREE BIOFUELS ENE L,313.6,319.6,L
KAY CEE ENERGY & INFRA L,197.45,205,L
ENERGY MISSION MACH IND L,184.45,193,L
EXICOM TELE SYSTEMS LTD,138.02,141.5,L
RAGHAV PRODUCTIVITY ENH L,449.5,451,L
RAJPUTANA BIODIESEL LTD,206,219.1,L
BABA FOOD PROCESSING,45.1,45.5,L
WINSOL ENGINEERS LIMITED,175,180,L
REFRACTORY SHAPES LIMITED,66.5,68.6,L
APEX ECOTECH LIMITED,85,93.2,L
MANGLAM INFRA & ENG LTD,23.2,24.05,L
TWAMEV CONS AND INFRA LTD,33.32,34.07,L
GAJANAND INTERNATIONAL L,15.5,19.4,L
DELTA AUTOCORP LIMITED,76.1,77.25,L
SURATWWALA BUS GROUP LTD,26.27,27.66,L
MAXVOLT ENERGY INDUS L,145.05,168,L
DHAMPUR BIO ORGANICS LTD,58.66,59,L
TRACXN TECHNOLOGIES LTD,49.72,49.76,L
B&B TRIPLEWALL CONT LTD,141.41,142.73,L
GENSOL ENGINEERING LTD,276.05,290.55,L
VERTOZ LIMITED,9.83,245.3,L
8.75% TAX FREE TR I S IIB,1113.5,1116.21,L
FEDBANK FINANCIAL SER L,86,86.8,L
SATI POLY PLAST LIMITED,92.7,100,L
RAJGOR CASTOR DERIVATI L,19.4,20.5,L
BASILIC FLY STUDIO LTD,283.35,283.65,L
TRUCAP FINANCE LIMITED,9.51,9.91,L
TUNWAL E-MOTORS LIMITED,32.65,34,L
K2 INFRAGEN LIMITED,79.45,83.15,L
AFFORD ROBO & AUTO LTD,385,391,L
KALAHRIDHAAN TRENDZ LTD,8.1,8.5,L
DHARIWALCORP LIMITED,90.5,91,L
WISE TRAVEL INDIA LIMITED,132,133.6,L
INDIAN EMULSIFIERS LTD,114.55,118,L
INDUS INFRA TRUST,99.1,103,L
BRACE PORT LOGISTICS LTD,76.35,77.9,L
RUSHIL DECOR LIMITED,23.3,23.73,L
SALASAR EXTERIOR CONT LTD,10.9,11.45,L
VALIANT ORGANICS LIMITED,240,245.05,L
WE WIN LIMITED,39.02,40.08,L
DEBOCK INDUSTRIES LIMITED,2.11,2.18,L
SENCO GOLD LIMITED,260.05,269,L
YATRA ONLINE LIMITED,65.51,66.61,L
ABHA POWER N STEEL LTD,28.5,29,L
SHIVALIC POWER CONTROL L,121.15,127.5,L
MUTHOOT MICROFIN LIMITED,120,123.65,L
NAVKAR URBANSTRUCTURE LTD,14.8,15.02,L
NEWMALAYALAM STEEL LTD,30.3,30.95,L
USHA FINANCIAL SERVICES L,67.5,72.5,L
DHANLAXMI CROP SCIENCE L,56,56.2,L
TBI CORN LIMITED,92.2,97,L
KAMDHENU VENTURES LIMITED,11.42,16.05,L
THINKING HATS ENTER SOL L,25.7,28.2,L
CHEMCON SPECIAL CHEM LTD,180,180.97,L
BEW ENGINEERING LIMITED,142.5,146.5,L
HLE GLASCOAT LIMITED,223,229,L
QUALITY FOILS (INDIA) LTD,67.1,70.15,L
SINDHU TRADE LINKS LTD,13,13.04,L
SAHAJ SOLAR LIMITED,380,389.95,L
GLOBALE TESSILE LIMITED,19.95,20.51,L
MICROPRO SOFTWARE SOL L,25.3,26,L
NOIDA TOLL BRIDGE CO LTD,3.42,3.49,L
ROX HI TECH LIMITED,54.8,55.3,L
C2C ADVANCED SYSTEMS LTD,250.15,263.3,L
DELPHI WORLD MONEY LTD,125,127.32,L
VIPUL LIMITED,12.31,18.64,L
ANSAL PROP & INFRA LTD,4.26,4.49,L
GACM TECHNOLOGIES LIMITED,0.69,0.7,L
INDIFRA LIMITED,13.95,14.1,L
URAVI DEFENCE &TECH LTD,341.05,372.9,L
DJ MEDIAPRINT & LOG LTD,110.72,112.98,L
DIFFUSION ENGINEERS LTD,276.03,281.67,L
ELEGANZ INTERIORS LIMITED,96,100,L
TRUST FINTECH LIMITED,82.75,84.4,L

