SYMBOL,SYMBOL P/E,ADJUSTED P/E
THERMAX,64.02,64.02
WHEELS,13.56,13.56
ZODIACLOTH,,
RIIL,118.63,118.63
PREMIERPOL,24.73,24.73
RAYMOND,18.51,18.17
RSWM,,
SHREDIGCEM,26.51,26.51
SESHAPAPER,12.99,12.99
SMLISUZU,13.50,13.50
SUPERSPIN,,
SUNDRMFAST,35.62,35.62
FACT,,483.79
EXIDEIND,36.70,36.70
ELECON,24.64,24.64
CRISIL,46.90,46.90
LMW,138.26,138.26
ORIENTPPR,,
PEL,42.10,
NELCO,95.31,95.31
MASTEK,18.85,19.39
MAHSCOOTER,65.57,68.33
LUMAXIND,40.14,40.14
TRENT,98.36,138.11
KECL,65.56,278.72
CUMMINSIND,45.64,45.64
KCP,9.24,8.38
JAYBARMARU,29.52,29.52
JBCHEPHARM,38.14,38.14
INFY,24.92,24.92
INDIAGLYCO,20.37,20.37
IONEXCHANG,32.16,32.16
IFBIND,34.80,34.80
IGPL,13.50,13.50
HIMATSEIDE,18.97,18.97
GNFC,14.45,14.45
GFLLIMITED,,
BPCL,8.85,8.67
BHARATFORG,59.26,53.45
BASF,32.64,33.18
FORCEMOT,18.67,18.67
ATUL,39.68,39.68
ARVIND,26.79,26.79
ACC,13.58,14.95
TATAMOTORS,7.50,7.48
SCI,7.62,7.62
MRPL,24.63,24.42
LINDEINDIA,116.73,116.73
HINDPETRO,11.05,11.05
ESCORTS,28.42,28.42
RELINFRA,35.37,
BAJAJHLDNG,83.69,83.69
ASHOKLEY,19.29,19.55
ZUARIIND,,491.03
VOLTAS,55.28,55.28
TITAN,83.57,83.57
TATASTEEL,79.19,65.63
SUNDARMFIN,30.22,29.07
SPIC,19.20,12.96
VEDL,9.67,10.76
SBIN,8.06,8.06
RELIANCE,21.23,21.23
PFIZER,30.41,30.41
NOCIL,23.74,23.74
BOSCHLTD,39.32,39.34
DRREDDY,17.16,17.16
BATAINDIA,44.17,61.40
DEEPAKFERT,15.88,15.88
CHAMBLFERT,15.01,15.01
CARBORUNIV,51.55,60.95
MAHSEAMLES,11.39,11.39
HINDOILEXP,13.59,16.74
DICIND,33.35,34.36
COROMANDEL,30.15,30.15
BALMLAWRIE,15.02,15.02
WILLAMAGOR,,
VINDHYATEL,15.58,15.58
MOTOGENFIN,43.30,43.30
MARALOVER,,
ASIANPAINT,52.98,51.38
RAMCOCEM,54.09,111.73
INDIACEM,,
PGHL,37.08,35.74
ABREL,119.68,119.68
BEML,38.78,38.78
ADORWELD,27.17,24.59
CENTENKA,13.58,13.58
TATACHEM,,39.77
TORNTPHARM,55.58,55.58
VTL,13.73,13.73
ATFL,544.43,487.28
FEDERALBNK,10.82,10.82
EPL,24.18,23.14
VLSFINANCE,4.38,4.38
VIPIND,,
SUPREMEIND,47.38,47.38
SRF,75.50,75.50
BIRLACABLE,84.51,84.51
BALRAMCHIN,24.01,24.01
ANSALAPI,,
AEGISLOG,35.34,35.34
WEIZMANIND,20.86,20.86
UNITECH,,
UNICHEMLAB,,48.95
BBOX,31.85,24.61
HONAUT,56.75,56.75
JTEKTINDIA,36.48,36.72
SAURASHCEM,166.71,166.71
RANEHOLDIN,8.66,81.79
PRECOT,13.16,16.36
TATAELXSI,41.71,41.71
SUNPHARMA,34.58,33.52
KOHINOOR,,
OILCOUNTUB,,
SHREYANIND,5.19,5.19
SHALPAINTS,,
SANDESH,6.05,6.07
HCC,15.70,
BAJAJHIND,,
ASHIMASYN,4.05,4.05
APOLLOHOSP,66.93,66.93
ARE&M,17.85,19.31
ADANIENT,66.84,63.54
IVP,13.26,13.26
BALKRISIND,27.60,27.60
TIRUMALCHM,,
INDBANK,15.50,15.50
GINNIFILA,,131.65
EICHERMOT,35.42,35.42
RAJSREESUG,11.19,11.19
GVT&D,77.41,77.41
NEULANDLAB,47.72,59.83
ONGC,7.06,6.83
ITI,,
ZENSARTECH,23.93,23.93
TIL,7.50,157.60
TAINWALCHM,52.24,52.24
BERGEPAINT,53.53,53.53
BANARISUG,45.25,45.25
JINDALPOLY,10.95,18.55
ANIKINDS,,
KPIL,28.85,28.85
JYOTISTRUC,51.18,51.18
IGARASHI,61.18,61.18
BSL,16.88,16.88
BLUEDART,49.34,49.34
NKIND,816.66,816.66
JAYNECOIND,229.86,95.92
MUNJALSHOW,16.09,16.09
APCOTEXIND,30.68,30.68
SOTL,22.91,22.91
HSCL,38.96,38.96
RCF,24.46,26.01
RANASUG,9.50,9.50
KARURVYSYA,8.45,8.45
DECCANCE,449.43,78.79
ARENTERP,19.02,19.02
TECILCHEM,,
WSI,974.83,212.13
UFLEX,,7.12
TATAPOWER,32.29,31.14
ADVANIHOTR,22.55,22.55
THOMASCOOK,25.48,25.15
SUNFLAG,26.00,26.00
SUBROS,26.24,26.24
SPMLINFRA,37.62,39.57
SIMPLEXINF,10.53,10.53
SIEMENS,68.10,68.10
BHARATRAS,28.51,28.52
WIPRO,23.25,23.25
VSTIND,13.59,18.19
JUBLPHARMA,22.88,18.72
UNIVCABLES,37.22,37.22
UCAL,,
TATACOMM,38.20,39.85
TOKYOPLAST,139.94,139.94
SOMANYCERA,23.61,24.03
MURUDCERA,26.61,26.61
IFCI,44.87,45.33
HLVLTD,34.41,37.80
SANOFI,34.19,32.04
M&M,27.05,27.05
LIBERTSHOE,38.86,28.63
KREBSBIO,,
KAKATCEM,,
KAJARIACER,38.31,38.31
KABRAEXTRU,30.21,30.21
HEIDELBERG,42.06,42.06
MODTHREAD,29.54,29.54
MODIRUBBER,,
MIRCELECTR,,
MANGLMCEM,45.05,45.05
PRSMJOHNSN,,
PREMIER,,
POLYPLEX,9.13,9.13
PIDILITIND,70.03,68.30
PCBL,32.19,32.16
3PLAND,35.64,35.64
OSWALAGRO,19.58,19.57
EIHAHOTELS,23.65,22.73
HONDAPOWER,32.89,35.11
JINDALSAW,9.10,9.10
SAIL,26.15,16.86
RUBYMILLS,16.02,16.02
STYRENIX,20.92,20.92
ABB,57.98,57.98
ABAN,,
IDBI,10.91,10.91
GRAPHITE,19.57,19.57
CANFINHOME,9.80,9.80
BRITANNIA,52.97,52.53
BBL,22.23,22.23
ELECTCAST,7.96,7.96
DHAMPURSUG,14.07,14.07
DCMSHRIRAM,29.36,29.36
DABUR,49.85,49.85
COSMOFIRST,13.08,13.08
CIPLA,23.35,23.35
HEROMOTOCO,16.38,16.38
HDFCBANK,18.17,17.91
HARRMALAYA,2385.80,44.24
GMBREW,9.40,9.40
GIPCL,12.22,12.22
ITC,25.15,25.15
INDIANHUME,15.64,15.64
HINDCOMPOS,17.20,17.20
IOC,19.18,23.87
WALCHANNAG,,
OSWALGREEN,72.25,72.25
HUHTAMAKI,16.61,24.73
RICOAUTO,27.61,27.13
KAMATHOTEL,23.94,25.37
IFBAGRO,22.70,22.70
BANCOINDIA,15.49,15.49
DELTAMAGNT,,
MANINDS,15.50,15.50
APOLLOTYRE,19.79,18.73
SIYSIL,15.17,15.17
SHANTIGEAR,34.81,34.81
PRECWIRE,29.94,29.94
ONWARDTEC,25.09,25.09
NILKAMAL,22.98,22.98
NCC,13.99,13.65
ICIL,15.87,15.87
SEAMECLTD,24.49,26.70
ELGIEQUIP,42.76,42.76
AUROPHARMA,18.10,17.76
BBTC,5.92,5.77
EIHOTEL,29.99,30.27
KANORICHEM,,
LICHSGFIN,5.70,5.70
GICHSGFIN,4.92,4.92
BEPL,14.31,14.31
RAIN,,
BANARBEADS,24.12,24.12
MOREPENLAB,19.54,19.54
WSTCSTPAPR,6.40,6.40
21STCENMGM,1.75,1.75
TNTELE,,
VENKEYS,16.51,16.51
GHCL,10.09,10.09
S&SPOWER,,
PRUDMOULI,26.34,24.12
PRAJIND,34.74,37.83
HIL,,60.63
EVERESTIND,,
BPL,20.99,20.99
TRANSWORLD,14.81,14.81
KEEPLEARN,110.16,110.16
PGHH,59.80,59.80
VESUVIUS,34.58,34.58
TFCILTD,14.22,14.22
BOMDYEING,4.93,36.69
GTL,1.16,18.35
NAVNETEDUL,3.87,14.51
GUJALKALI,,
AGI,15.12,15.12
GLAXO,52.38,52.70
TATACONSUM,76.54,67.41
ZEEL,19.94,16.68
CHOLAFIN,30.08,30.08
INDHOTEL,58.77,68.52
FMGOETZE,11.62,11.62
KOTAKBANK,17.27,19.82
LYKALABS,97.67,96.92
ORIENTHOT,61.84,61.84
JAYSREETEA,8.87,41.66
GILLETTE,54.88,54.88
HMT,,
GOLDENTOBC,9.44,10.71
KANSAINER,16.78,30.59
FOSECOIND,30.24,30.24
ESABINDIA,39.62,39.62
3MINDIA,54.51,54.51
ANDHRAPAP,11.89,11.89
GABRIEL,31.83,31.83
SCHAEFFLER,53.90,53.90
AARTIIND,38.79,39.13
RALLIS,30.96,30.96
AMJLAND,13.83,13.83
PRAKASH,7.68,7.68
MFSL,118.98,118.98
KSB,51.38,51.38
KOPRAN,16.64,16.64
HEG,39.49,39.49
GREAVESCOT,,
GODFRYPHLP,33.45,31.86
VARDMNPOLY,28.35,28.35
SURYAROSNI,16.39,16.39
TATAINVEST,130.09,130.09
TIMKEN,48.30,48.30
ROLTA,,
SUDARSCHEM,63.91,93.18
SHREECEM,82.31,82.31
SAKHTISUG,2.47,
IPCALAB,45.30,44.78
INGERRAND,41.22,41.22
AKZOINDIA,34.03,34.03
HINDALCO,11.25,10.76
HINDZINC,19.24,19.11
HINDUNILVR,48.39,50.22
GSFC,12.64,12.79
GRASIM,21.30,20.15
AMBUJACEM,22.62,23.00
FINPIPE,14.05,24.52
FINCABLES,18.20,25.18
EIDPARRY,7.67,7.67
DCW,63.98,63.91
DCM,18.58,18.58
CGPOWER,99.71,99.04
HEUBACHIND,28.64,28.64
CESC,12.65,12.65
BIRLACORPN,34.40,35.39
BHEL,148.11,148.11
BHARATGEAR,,
BEL,40.92,40.92
BAJFINANCE,32.22,32.22
ASHAPURMIN,12.06,14.90
PVP,726.41,765.46
NAVA,8.72,8.72
KESORAMIND,,
CORALFINAC,6.76,6.76
GREENPLY,28.09,28.96
TNPL,62.48,62.48
PARASPETRO,,
AUTOAXLES,15.66,15.66
PEARLPOLY,,
REMSONSIND,27.64,27.91
DALMIASUG,9.22,9.22
NATCOPHARM,7.57,7.57
KHAITANLTD,6.84,6.84
SWARAJENG,23.44,23.44
MTNL,,
MRF,25.77,25.77
GARFIBRES,33.57,33.57
ANDHRSUGAR,28.07,25.37
TNPETRO,14.09,15.88
TTKPRESTIG,40.24,40.24
STARPAPER,4.87,4.87
SANGHIIND,,
SKFINDIA,34.42,34.42
AUSOMENT,11.93,11.93
EIMCOELECO,16.79,16.79
PANACEABIO,,
JAYAGROGN,12.39,12.39
ALPSINDUS,,
CUBEXTUB,23.47,23.47
MARICO,47.83,47.83
SILINV,14.84,14.84
REGENCERAM,,
BIOFILCHEM,122.62,122.62
KEYFINSERV,6.86,6.86
ZENITHEXPO,,
SUNDRMBRAK,70.92,70.92
SANGAMIND,48.11,41.62
MOTHERSON,21.90,21.90
SOMATEX,1.41,
VISAKAIND,,
AARTIDRUGS,21.17,21.17
STERTOOLS,17.43,17.43
CREST,11.81,11.81
INDIANCARD,1.83,12.90
HITECHGEAR,22.39,22.37
WENDT,46.96,46.96
DENORA,96.33,96.33
TVSSRICHAK,58.63,47.94
SHRIRAMFIN,12.90,14.62
SAGCEM,,
PUNJABCHEM,28.89,28.89
MIRZAINT,195.15,195.15
DYNAMATECH,50.03,98.71
GUJAPOLLO,32.35,32.35
GANESHHOUC,15.79,15.79
MMFL,13.83,13.88
JAGSNPHARM,26.41,37.84
ALKYLAMINE,46.87,46.87
JCHAC,86.89,84.03
MPHASIS,26.24,26.24
GUJRAFFIA,36.84,36.84
RUCHINFRA,,
ATLASCYCLE,3.76,3.76
RAMCOIND,23.58,23.58
KOTHARIPET,13.07,13.01
HERITGFOOD,18.42,18.04
INDRAMEDCO,19.41,19.41
BANKBARODA,5.19,5.19
BLUECHIP,,
MADRASFERT,5.67,5.84
GAIL,9.55,11.57
INDNIPPON,17.06,17.06
SKMEGGPROD,11.27,11.27
TCIFINANCE,,
BANKINDIA,5.28,5.28
CONCOR,30.85,30.23
DCMFINSERV,,
ICICIBANK,16.90,16.90
KCPSUGIND,8.00,10.66
HUDCO,13.54,13.54
INDSWFTLAB,2.23,128.90
SAREGAMA,47.12,47.12
FDC,23.25,23.25
ENGINERSIN,28.35,28.35
ADROITINFO,11.67,11.67
JAICORPLTD,25.16,25.16
ANTGRAPHIC,,
GMDCLTD,12.13,12.13
MAHAPEXLTD,13.20,15.90
INDUSINDBK,7.05,7.05
ASAHIINDIA,42.14,45.16
TRIGYN,8.32,8.07
J&KBANK,4.76,4.76
KOTHARIPRO,,
CUB,9.95,9.95
SOUTHBANK,5.02,5.02
ARCHIES,,
ASTRAZEN,201.28,89.04
ITDCEM,26.95,26.95
AXISBANK,11.25,11.25
CYIENT,20.94,20.94
SONATSOFTW,23.74,23.74
CYBERTECH,14.74,14.74
KOKUYOCMLN,84.35,84.35
GOACARBON,,
DHANBANK,22.91,22.91
SANGHVIMOV,12.92,12.92
STCINDIA,18.41,10.56
MANUGRAPH,,
RSSOFTWARE,9.12,9.12
VIPCLOTHNG,,
NATIONALUM,8.17,8.84
IVC,46.04,46.04
JINDALSTEL,22.61,22.61
ALEMBICLTD,17.10,17.10
NIPPOBATRY,2.53,2.53
ICDSLTD,61.18,61.18
BSOFT,19.37,19.37
HCLTECH,24.90,24.90
ACCELYA,20.10,20.15
STAR,17.26,16.52
HAVISHA,,
ZYDUSLIFE,19.72,19.72
GLENMARK,,
RAJESHEXPO,122.76,122.76
CINEVISTA,,
WOCKPHARMA,,
LCCINFOTEC,,
NRBBEARING,17.48,18.26
IOB,25.86,25.86
RAMCOSYS,,
GEPIL,55.91,55.91
BIL,44.53,44.53
HCL-INSYS,,
CREATIVEYE,,
KTKBANK,5.06,5.06
MAHLIFE,,
MUKTAARTS,,
BLBLIMITED,16.01,16.01
AJANTPHARM,34.89,34.89
BLUESTARCO,74.54,75.84
CALSOFT,34.37,34.37
TVSMOTOR,50.31,50.31
PNBGILTS,6.06,6.14
PNC,66.38,66.38
TAJGVK,34.10,34.10
NLCINDIA,12.89,12.89
REPRO,,
CHENNPETRO,25.86,25.86
AKSHOPTFBR,,
TTML,,
KRBL,13.81,13.81
HAVELLS,65.83,65.83
GAEL,15.64,15.64
USHAMART,24.69,24.69
AXISCADES,71.79,70.15
BALAJITELE,,
MRO-TEK,35.91,35.91
TIPSMUSIC,50.83,50.83
STLTECH,,
KHANDSE,36.68,36.68
HIKAL,64.64,64.64
TRIDENT,42.70,42.70
MARKSANS,24.67,24.67
ACLGATI,,
NEXTMEDIA,,
GOLDTECH,23.81,
SMARTLINK,11.40,11.40
GODREJCP,,55.02
SUVEN,,
JISLJALEQS,107.32,107.32
LUPIN,31.19,31.19
UNITDSPR,68.18,65.14
FEL,,
TCI,23.89,23.73
MPSLTD,33.07,33.07
BHARTIARTL,41.96,54.95
ASAL,38.47,38.47
OLECTRA,68.60,71.17
PONNIERODE,8.79,8.79
PNB,6.37,6.37
APTECHT,42.83,38.09
SURANAT&P,28.64,28.77
TIMESGTY,79.04,79.04
OFSS,28.49,28.49
UNIONBANK,5.40,5.40
NUCLEUS,14.46,14.46
CANBK,4.39,4.39
GENESYS,54.79,54.79
OMAXAUTO,4.95,
GODREJIND,24.93,24.93
RADAAN,5.04,5.04
DIVISLAB,71.23,71.23
RADICO,93.77,93.77
INDORAMA,,
MARUTI,25.62,25.62
VARDHACRLC,21.56,21.56
UCOBANK,18.62,18.62
BAGFILMS,41.27,41.27
JSL,22.19,22.18
NSIL,36.69,36.69
WELSPUNLIV,18.26,18.26
JAIBALAJI,16.98,16.98
TVSELECT,,
IGL,19.29,19.29
DREDGECORP,,
TVTODAY,11.55,11.09
UNIENTER,801.35,801.35
UPL,756.86,29.05
SIL,135.02,135.02
MUKANDLTD,14.11,14.11
PETRONET,12.06,12.06
PTC,7.78,7.62
VAIBHAVGBL,25.94,25.39
BIOCON,33.03,34.32
MAHABANK,6.89,6.89
POONAWALLA,129.12,129.12
XPROINDIA,55.60,53.38
RKFORGE,32.38,32.32
DATAMATICS,16.70,19.09
NDTV,,
CCL,27.95,27.95
JPASSOCIAT,,
EXCELINDUS,14.34,14.34
LT,26.54,26.65
APARINDS,27.34,27.34
AMBICAAGAR,6.73,6.73
CENTEXT,19.02,19.29
NIITLTD,33.15,33.15
ULTRACEMCO,48.27,48.06
TCS,26.40,26.40
COFORGE,59.49,60.12
TEXINFRA,,
GULFPETRO,7.73,7.73
GUFICBIO,41.99,41.99
INDSWFTLTD,1.19,1.19
ASTRAMICRO,48.93,48.93
WELENT,16.53,16.53
NTPC,15.43,15.43
SALSTEEL,,
KOTARISUG,16.98,22.09
JBMA,54.57,54.57
DWARKESH,,
INDOCO,,
IMPEXFERRO,,
SUPRAJIT,42.38,42.38
PATELENG,10.14,9.91
XCHANGING,21.67,21.67
JSWSTEEL,71.62,66.41
CONSOFINVT,5.91,5.91
JINDALPHOT,46.55,46.55
JPPOWER,7.49,6.03
EVEREADY,27.15,27.15
GOKEX,38.93,38.93
SAKSOFT,20.20,20.20
ALLDIGI,16.57,19.89
IIFL,17.48,7.04
MANGALAM,12.58,12.58
SHOPERSTOP,167.21,150.05
WELCORP,25.59,25.33
SSWL,4.18,12.96
CYBERMEDIA,,
SHAHALLOYS,,
SURYALAXMI,67.03,26.21
JKPAPER,8.09,8.09
PRIMESECU,18.88,20.40
63MOONS,,
GRANULES,24.23,24.23
JSWHL,122.21,122.21
VHL,,
GEOJITFSL,10.07,10.07
GENUSPOWER,36.65,36.65
YESBANK,23.66,23.66
MSPL,75.02,75.17
NECLIFE,34.79,34.79
SPLIL,10.15,10.15
MCLEODRUSS,,
GOLDIAM,38.89,38.89
RML,,
HTMEDIA,,
SASKEN,39.36,39.36
FCSSOFT,177.54,47.77
IMPAL,14.59,14.59
SUZLON,64.09,62.63
AURIONPRO,42.99,42.99
RENUKA,,
BASML,,
TRIVENI,38.04,38.04
AIAENG,28.45,28.46
NAHARINDUS,19.13,17.86
ORIENTCER,37.27,37.27
EKC,13.60,13.33
VIMTALABS,39.11,39.11
KERNEX,254.93,254.93
PVRINOX,,
CELEBRITY,,
NITINSPIN,11.23,11.23
ROHLTD,22.02,22.02
ENIL,74.18,74.18
GSPL,7.70,7.87
JAGRAN,10.17,10.17
GVKPIL,0.94,11.26
SADBHAV,,
SAKUMA,12.69,12.69
KEC,39.65,39.65
JKCEMENT,45.98,53.72
INDOTECH,32.37,32.37
M&MFIN,13.77,13.77
BLKASHYAP,19.73,21.46
VISASTEEL,,
NITCO,,
CENTURYPLY,76.20,74.00
KEI,45.32,45.31
SANWARIA,,
VAKRANGEE,226.35,215.49
SOLARINDS,75.28,75.28
GALLANTT,20.32,20.32
MALUPAPER,,
UTTAMSUGAR,10.87,10.87
SGL,,
KKCL,18.14,18.14
SUNTV,13.17,13.17
GPIL,14.72,14.72
RSYSTEMS,31.95,31.95
LOKESHMACH,54.25,54.25
BALPHARMA,18.31,18.31
SWELECTES,20.32,137.48
KAMDHENU,14.52,14.52
RATNAMANI,33.52,33.52
PIONEEREMB,22.88,22.88
JKLAKSHMI,30.24,30.24
PFOCUS,,
ALLCARGO,107.91,64.22
MUNJALAU,10.65,13.14
EMAMILTD,29.99,29.99
GMRAIRPORT,,
TECHM,38.38,38.48
GRINDWELL,46.91,46.91
RAMANEWS,,
VOLTAMP,29.83,29.83
LAKPRE,,
SELAN,11.70,11.70
ACE,35.78,35.78
ANANTRAJ,44.82,44.82
HOVS,15.20,15.20
BINANIIND,6.30,
TALBROAUTO,13.20,18.49
ALICON,20.51,20.51
GEECEE,13.40,13.40
MADHUCON,,
JMFINANCIL,,10.34
INFOMEDIA,,
FIEMIND,18.44,18.44
JHS,,
DCBBANK,5.58,5.58
GLOBALVECT,,
INSPIRISYS,13.60,13.60
SHYAMTEL,,
GTLINFRA,,
SHIVAMAUTO,,
NAUKRI,103.04,105.30
AARVEEDEN,19.86,19.86
GESHIP,4.48,4.48
TORNTPOWER,27.69,27.69
PARSVNATH,,
MANALIPETC,53.96,47.67
SUTLEJTEX,,
LTFOODS,21.10,21.10
DONEAR,11.53,11.53
RUCHIRA,6.01,6.01
SOBHA,215.11,215.14
VENUSREM,11.20,14.01
JINDRILL,22.94,22.94
HIRECT,46.15,46.15
NFL,23.92,23.92
PLASTIBLEN,14.00,14.00
PRAENG,,
PARACABLES,16.51,16.51
HBLENGINE,43.37,40.83
TANLA,11.58,11.58
AVTNPL,19.15,19.15
ZEEMEDIA,,
SITINET,,
VEEDOL,20.08,19.30
LUMAXTECH,17.91,17.91
SARLAPOLY,10.42,10.42
PTL,15.53,15.53
WANBURY,15.40,36.86
AUTOIND,15.07,13.56
GANDHITUBE,12.57,12.57
PITTIENG,27.21,27.21
NETWORK18,,
UNOMINDA,57.84,59.54
IZMO,7.91,7.60
HUBTOWN,,
CTE,,
TIIL,20.91,20.35
ORIENTBELL,80.04,80.04
PGIL,31.85,31.93
REDINGTON,15.10,15.10
TTL,17.26,33.26
FSL,40.71,41.21
PFC,4.44,4.44
TFL,140.97,140.97
SMSPHARMA,25.75,25.75
INDIANB,6.69,6.69
ORIENTALTL,,
IDEA,,
PAGEIND,65.86,65.86
LAOPALA,24.30,24.30
RAJTV,,
AMDIND,76.19,76.19
JKTYRE,12.56,11.77
ASTRAL,66.20,66.20
EMBDL,,
NAHARSPING,,
NAHARPOLY,24.24,24.24
THEMISMED,40.42,40.42
NCLIND,20.50,17.91
BALAMINES,21.61,21.61
BANSWRAS,19.46,19.46
ICRA,32.66,32.66
DISHTV,,
PHOENIXLTD,44.08,44.53
AROGRANITE,,
NDLVENTURE,372.51,372.51
ZENITHSTL,12.39,12.39
BFUTILITIE,9.63,9.63
FORTIS,58.14,56.38
SRHHYPOLTD,9.96,9.53
ALPHAGEO,93.38,21.29
WEBELSOLAR,81.65,74.22
TGBHOTELS,,
HILTON,72.00,72.00
INSECTICID,12.51,12.53
KMSUGAR,8.06,8.06
NAVINFLUOR,77.41,77.41
TIMETECHNO,23.22,23.22
NAGREEKEXP,14.65,14.65
HGS,,
NELCAST,25.18,28.70
V2RETAIL,81.60,81.60
DLF,68.02,93.09
TARMAT,,76.46
SPARC,,
MEGASOFT,79.72,79.72
HDIL,,
ADSL,20.50,20.50
ALPA,8.77,8.77
OMAXE,,
CENTRALBK,10.20,10.20
ASIANTILES,,
TAKE,,
KPRMILL,36.76,36.76
CIEINDIA,18.02,18.02
PURVA,,
MOTILALOFS,10.74,10.74
INDOWIND,31.54,31.54
NAGREEKCAP,1.14,1.14
MAGNUM,10.23,15.68
KSCL,17.62,17.62
CENTUM,,
POWERGRID,15.97,15.97
MANGCHEFER,12.30,12.30
MAANALU,26.38,26.38
IL&FSENGG,,
DELTACORP,15.13,20.30
BAJAJELEC,65.00,65.00
ENERGYDEV,,120.53
CERA,28.74,28.74
RELIGARE,37.31,257.32
BVCL,31.30,31.30
ADANIPORTS,24.24,23.06
EDELWEISS,14.80,14.80
RGL,17.86,17.86
KOLTEPATIL,152.10,152.10
KAUSHALYA,2.61,2.61
COLPAL,45.75,45.75
JYOTHYLAB,32.94,32.94
MADHAV,423.23,423.23
KALYANIFRG,29.17,29.17
HITECHCORP,19.65,20.48
ECLERX,23.82,23.82
TARIL,71.51,71.51
BRIGADE,36.27,36.27
BGRENERGY,,
MANAKSIA,6.81,5.25
DVL,13.12,13.12
PATINTLOG,13.25,13.25
PPAP,,
ARIES,10.19,10.19
AMBIKCO,11.40,11.40
KAVVERITEL,41.77,41.77
CEATLTD,22.87,20.99
BIRLAMONEY,10.70,10.70
RPOWER,5.68,
JKIL,13.64,13.64
CORDSCABLE,16.26,16.26
KNRCON,4.41,4.37
HERCULES,19.49,19.49
ONMOBILE,,
SEPC,93.17,56.58
BANG,,
IRB,3.90,27.44
NMDC,8.85,8.83
GSS,17.30,17.30
NAHARCAP,12.59,12.59
RECLTD,6.77,6.77
VGUARD,48.45,48.45
DHANI,,
NESCO,16.38,16.38
DPSCLTD,72.77,72.77
TITAGARH,30.74,30.57
KIRIINDUS,,
BAJAJFINSV,17.08,17.08
BAJAJ-AUTO,26.08,26.08
DIGISPICE,23.40,43.76
GOKUL,44.90,44.90
RPGLIFE,42.58,38.76
ALMONDZ,49.65,49.65
RBL,11.25,11.00
RANEENGINE,48.77,20.38
ARCHIDPLY,,
LOTUSEYE,236.84,247.92
VINYLINDIA,18.69,18.69
UBL,116.53,112.88
LPDC,,
ZFCVINDIA,49.07,49.07
20MICRONS,11.36,11.23
JOCIL,57.64,57.64
ALKALI,,
COUNCODOS,82.64,82.64
TPHQ,21.12,21.12
FELDVR,,
MAWANASUG,3.43,8.40
AJMERA,23.41,23.41
MHRIL,44.84,44.84
GKWLIMITED,,
VINATIORGA,42.70,42.70
EXCEL,41.64,41.64
ADANIPOWER,15.27,15.27
NHPC,24.71,24.71
GLOBUSSPR,160.38,160.38
OIL,8.22,8.23
EXPLEOSOL,13.96,13.96
RTNPOWER,0.47,39.98
AMRUTANJAN,34.92,34.92
SUNTECK,27.97,27.97
ZYDUSWELL,31.55,32.13
DEN,7.10,7.10
ASTEC,,
SHILPAMED,70.18,73.08
SARDAEN,28.04,28.01
REFEX,36.01,36.06
GILLANDERS,7666.32,
AHLUCONT,15.05,27.16
DLINKINDIA,14.06,14.06
JSWENERGY,47.52,47.52
GODREJPROP,40.15,40.15
DBCORP,9.04,9.04
HINDCOPPER,52.57,52.57
BEARDSELL,12.46,12.46
MMTC,76.58,72.69
NESTLEIND,66.18,69.20
TRF,12.51,12.51
WHIRLPOOL,36.89,35.38
UNITEDTEA,10.56,10.56
MBLINFRA,2.09,
JUBLFOOD,103.75,173.89
VASCONEQ,6.97,15.68
THANGAMAYL,49.92,49.92
EMMBI,19.36,19.36
DBREALTY,,
HATHWAY,31.82,31.36
ORIENTLTD,,
ARSSINFRA,52.56,52.56
TEXMOPIPES,27.98,10.15
MANINFRA,18.37,18.37
IL&FSTRANS,,
LGBBROSLTD,13.65,14.19
PERSISTENT,61.88,61.88
ASIANHOTNR,,
ISFT,12.38,12.38
GOENKA,,
KIRLOSBROS,29.67,29.34
KSL,19.06,19.06
SJVN,33.73,36.84
SUNDARAM,,
KIRLOSIND,12.57,11.93
MANAPPURAM,8.65,8.65
UMESLTD,104.84,104.84
TI,25.95,24.85
HMVL,14.17,14.17
IMFA,8.58,8.58
BLISSGVS,18.19,7.80
EMAMIREAL,,
AHLEAST,8.54,8.54
IITL,16.96,17.59
BAJAJCON,16.94,16.94
UGARSUGAR,,
PRAKASHSTL,3.27,89.12
GPPL,19.28,17.69
ADFFOODS,33.71,33.71
WELINV,79.03,79.03
KILITCH,27.31,27.31
ORISSAMINE,683.33,683.33
DEEPAKNTR,35.71,38.85
SASTASUNDR,,8.69
CAREERP,10.73,10.73
GREENPOWER,57.89,56.42
RAMKY,12.02,12.02
CANTABIL,30.53,31.05
WABAG,31.32,30.92
ASHOKA,3.24,3.41
BEDMUTHA,18.18,18.18
JWL,32.46,32.46
OBEROIRLTY,22.38,22.38
PRESTIGE,60.55,60.55
SHAH,6.37,35.38
CGCL,34.89,34.89
RESPONIND,27.81,27.81
COALINDIA,6.87,6.87
IOLCP,19.72,19.72
GRAVITA,42.45,42.45
JINDWORLD,77.04,77.04
PENIND,20.12,20.12
RPPINFRA,7.80,7.80
JAMNAAUTO,15.61,15.61
MOIL,18.29,18.29
ZEELEARN,1.29,5.86
A2ZINFRA,24.45,
KIRLOSENG,18.73,19.67
RKDL,40.50,40.50
PSB,32.09,32.09
SURANASOL,270.41,270.41
SHEKHAWATI,0.55,5.79
BFINVEST,,
KICL,23.06,30.58
SUMMITSEC,19.94,17.95
STEL,47.89,47.89
OMKARCHEM,,
HINDMOTORS,15.58,15.58
TEXRAIL,25.34,25.34
HFCL,31.77,31.77
INDTERRAIN,,
DHUNINV,9.69,9.73
LOVABLE,,
PFS,11.50,11.50
MUTHOOTFIN,17.23,17.23
VADILALIND,24.90,24.90
SYMPHONY,44.74,34.18
PIIND,30.04,30.04
RELAXO,58.85,58.85
OMINFRAL,46.99,46.99
VSTTILLERS,24.72,24.81
ESTER,,
DELPHIFX,108.07,10.92
KARMAENG,,
ASHIANA,197.99,150.12
DHANUKA,18.91,18.91
MAITHANALL,3.18,3.18
RUSHIL,15.06,15.06
INVENTURE,13.53,12.45
ELGIRUBCO,26.31,
LTF,13.74,13.74
WINDMACHIN,,
YAARI,,
BODALCHEM,137.33,113.82
GAYAPROJ,,
WINSOME,,
TREEHOUSE,,
ASAHISONG,34.38,33.89
FILATEX,13.07,13.07
BROOKS,138.93,138.93
TDPOWERSYS,35.07,35.07
APLLTD,26.31,26.75
VASWANI,12.22,12.22
PGEL,116.90,116.90
PANAMAPET,10.89,10.89
SETUINFRA,,
TIJARIA,,
PAISALO,17.12,17.15
ONELIFECAP,,
FLEXITUFF,,
SHAKTIPUMP,27.54,27.54
TRITURBINE,49.64,49.64
INDOTHAI,149.23,149.23
ESSARSHPNG,0.89,57.97
DSSL,18.73,18.73
JISLDVREQS,1.54,1.54
POLYMED,71.52,71.52
RUPA,19.18,18.51
VIKASECO,28.46,28.46
APLAPOLLO,63.39,63.39
KANANIIND,43.85,43.85
MINDACORP,46.11,46.11
DBSTOCKBRO,18.32,18.32
IRFC,23.85,23.85
COMPUSOFT,200.98,200.98
RHIM,,30.56
SCHNEIDER,66.54,70.97
NDL,9.64,9.64
NBCC,41.28,36.52
MTEDUCARE,,
HEXATRADEX,,
TBZ,15.50,15.50
VSSL,14.92,14.92
SWANENERGY,13.61,13.61
SPECIALITY,25.87,25.87
CINELINE,,
SAMPANN,,
RTNINDIA,15.88,15.88
PROZONER,,
MORARJEE,,
THEJO,36.38,36.38
KITEX,25.63,25.63
MAYURUNIQ,14.93,14.93
ROSSELLIND,10.77,10.70
DUCON,13.87,13.87
TVSHLTD,7.41,7.41
ZUARI,4.69,4.69
VETO,11.46,11.46
CARERATING,28.43,28.43
PCJEWELLER,21.15,21.15
INDUSTOWER,9.00,9.00
VMART,,
ANKITMETAL,,
REPCOHOME,4.63,4.63
NIBL,,
VIVIDHA,,
JUSTDIAL,13.17,13.17
CEREBRAINT,,
ATULAUTO,69.27,69.27
ORIENTCEM,60.59,60.59
ABFRL,,
SAMMAANCAP,,
ESSENTIA,27.24,27.24
FLFL,,
PILITA,60.46,60.46
LYPSAGEMS,,
MITCON,11.40,11.40
ORBTEXP,10.87,10.87
JPOLYINVST,19.70,19.70
SREEL,23.69,23.69
NATHBIOGEN,7.27,7.42
AGRITECH,148.86,148.86
SECURKLOUD,,
SANCO,,
CASTROLIND,25.75,25.75
SDBL,23.28,23.28
IREDA,24.87,24.87
BUTTERFLY,266.63,184.88
WONDERLA,33.72,33.72
AGARIND,11.96,11.96
HATSUN,67.41,67.41
CAPLIPOINT,28.09,28.10
GOCLCORP,10.05,9.23
GULFOILLUB,16.98,16.98
SNOWMAN,197.90,197.90
SHARDACROP,20.77,20.77
SUPERHOUSE,15.28,31.92
SHEMAROO,,
CIGNITITEC,24.65,24.21
PDSL,27.35,27.84
INTELLECT,34.65,34.67
MONTECARLO,16.18,16.18
GOODLUCK,13.67,13.67
FCL,20.73,20.73
DTIL,,
CAMLINFINE,,
GULPOLY,40.93,40.93
APOLSINHOT,46.09,46.09
CCHHL,190.25,190.25
LAMBODHARA,15.44,15.44
GRPLTD,55.25,50.82
GENUSPAPER,142.43,142.43
MOLDTKPAC,24.53,24.53
GREENLAM,57.06,57.06
VISHNU,25.18,25.18
GANECOS,34.46,34.46
LINC,15.81,15.81
MENONBE,21.78,21.78
HESTERBIO,37.26,37.26
JMA,7.24,7.24
MANAKALUCO,26.63,26.63
MANAKSTEEL,33.33,28.46
MANAKCOAT,38.23,40.49
ZENTEC,48.17,48.58
IMAGICAA,51.63,46.30
INOXWIND,74.68,68.16
LFIC,6.59,6.59
BYKE,54.14,54.14
AVANTIFEED,21.81,21.81
VIPULLTD,0.85,0.84
VRLLOG,31.45,31.45
MEP,,
PRIVISCL,38.14,38.14
UFO,18.54,19.04
TPLPLASTEH,25.11,25.11
NILAINFRA,16.28,16.28
ARROWGREEN,12.96,12.96
PNCINFRA,5.75,5.75
SKIPPER,37.15,37.15
ALANKIT,18.06,18.06
ORICONENT,108.99,103.08
SHYAMCENT,,
BALKRISHNA,,
ADANIENSOL,155.13,40.85
SYNGENE,54.73,57.71
AYMSYNTEX,36.40,58.22
EMKAYTOOLS,3.84,3.84
KAYA,,
RAMASTEEL,65.93,65.93
AURUM,,
PKTEA,28.30,28.30
MUTHOOTCAP,8.38,8.38
SATIN,5.48,5.48
ARVSMART,25.95,25.95
POWERMECH,20.93,20.90
SHARDAMOTR,13.16,13.16
NAVKARCORP,,
SHREEPUSHK,17.48,17.48
GUJGASLTD,20.77,21.52
SADBHIN,,
IDFCFIRSTB,21.04,21.04
COFFEEDAY,,14.46
INDIGO,29.54,29.54
SHK,372.47,15.76
PERFECT,25.04,25.04
BALAXI,14.29,14.85
LUXIND,21.80,21.80
TTKHLTCARE,19.29,23.58
UMANGDAIRY,27.75,27.75
SALZERELEC,22.10,22.10
PILANIINVS,24.30,24.30
KRIDHANINF,1.07,130.78
LINCOLN,11.73,11.73
LALPATHLAB,50.02,50.02
ALKEM,26.00,25.88
NH,41.25,41.25
OCCL,8.60,8.60
PRECAM,85.38,99.27
TEAMLEASE,33.36,33.36
QUICKHEAL,71.78,71.78
HITECH,30.22,30.22
VIDHIING,54.05,54.05
BHAGERIA,22.90,22.90
NECCLTD,18.46,18.46
KELLTONTEC,12.62,12.62
SEQUENT,154.38,165.16
GOKULAGRO,13.45,13.45
SIMBHALS,6.75,6.75
KDDL,24.71,24.69
PDMJEPAPER,8.41,8.41
HCG,109.38,114.44
HECPROJECT,26.50,26.50
WEALTH,19.31,18.90
BHARATWIRE,16.29,16.29
INFIBEAM,23.24,23.24
PALREDTEC,,
THYROCARE,33.92,33.88
CROMPTON,42.37,42.37
SAGARDEEP,47.06,47.06
PARAGMILK,18.62,18.62
SHRIPISTON,16.64,16.64
UNITEDPOLY,21.85,21.85
ARMANFIN,14.08,14.08
ALBERTDAVD,11.79,11.79
BLS,28.06,28.06
ASPINWALL,11.00,11.00
NAGAFERT,0.16,0.16
SALONA,18.29,18.29
PREMEXPLN,55.39,55.39
CONTROLPR,21.33,21.33
INCREDIBLE,15.59,15.59
SETCO,,
DAMODARIND,19.33,19.33
MGL,12.17,12.17
MOLDTECH,16.65,16.65
POKARNA,24.83,24.83
COMPINFO,0.52,0.52
VIJIFIN,,
GPTINFRA,17.18,17.18
QUESS,23.94,23.44
GROBTEA,6.30,6.30
KKVAPOW,56.51,56.51
SOMICONVEY,34.29,34.29
LLOYDSENGG,62.82,62.82
LTIM,30.15,30.15
GATECH,18.37,18.37
MINDTECK,19.99,18.97
ADVENZYMES,22.54,20.99
DBL,11.70,20.64
SPAL,18.55,18.55
NDGL,33.27,32.09
RBLBANK,9.52,9.52
BIGBLOC,75.57,75.57
MBAPL,61.54,61.54
CUPID,17.54,17.54
LTTS,37.96,37.96
GNA,13.59,13.59
CROWN,10.58,33.65
ICICIPRULI,81.05,81.05
MARATHON,11.35,11.35
HPL,34.59,34.59
JAIPURKURT,13.07,13.07
MASKINVEST,,
GRETEX,32.05,31.82
SAKAR,35.58,35.46
ARTNIRMAN,82.09,82.09
ENDURANCE,32.74,32.74
GICL,86.52,86.52
MAZDA,16.06,16.06
PNBHOUSING,11.27,11.27
VBL,62.25,62.25
KINGFA,23.34,23.34
AGROPHOS,838.96,838.96
PODDARMENT,11.57,11.57
ROLLT,,
NBIFIN,78.51,78.51
KIOCL,,
JETFREIGHT,8.43,8.44
SFL,53.91,91.86
HEADSUP,,
TCIEXP,25.66,25.66
LAURUSLABS,158.08,158.08
TERASOFT,28.05,27.95
ITDC,63.36,63.31
HISARMETAL,26.85,26.85
RHFL,9.08,
LIBAS,5.54,5.54
PROLIFE,11.37,11.37
SPCENET,47.40,47.40
CAPTRUST,94.01,94.01
MAHESHWARI,12.13,12.13
BHANDARI,17.45,17.45
BSE,61.09,61.09
MCL,16.55,16.55
PRICOLLTD,29.74,29.74
STEELCITY,8.15,8.15
JITFINFRA,26.83,47.69
KRISHANA,21.89,21.89
GLOBAL,9.87,9.87
NITIRAJ,33.46,33.46
SANGINITA,299.05,299.05
AKASH,26.94,26.94
RADIOCITY,48.03,48.03
DMART,86.89,86.89
TASTYBITE,95.89,95.89
INTENTECH,14.10,14.10
AIRAN,12.45,12.45
AKSHARCHEM,,
ARIHANTSUP,24.55,24.55
URJA,433.40,433.40
LAXMICOT,188.74,225.69
CLEDUCATE,57.25,52.74
EIFFL,154.31,154.31
NRAIL,9.56,9.56
SHANKARA,18.72,18.72
NACLIND,,
APCL,,
CREATIVE,16.63,16.63
WIPL,81.46,81.46
FOCUS,19.87,19.87
DEVIT,14.44,14.44
SIKKO,27.94,27.94
MKPL,21.74,21.74
DOLLAR,22.57,22.71
PANACHE,114.54,49.33
INFOBEAN,21.29,21.29
SCHAND,12.80,12.80
ZOTA,,
BHAGYANGR,20.66,20.66
PSPPROJECT,36.82,36.82
VSCL,63.94,63.94
STARCEMENT,64.02,64.02
GLOBE,10.99,11.96
TEJASNET,18.18,18.18
ERIS,48.99,48.99
CDSL,41.85,41.85
GTPL,23.02,23.02
ACCORD,,
AUBANK,19.70,19.09
ACEINTEG,39.65,39.65
SHRENIK,,
DYNPRO,20.79,20.79
STEELXIND,23.32,23.32
SALASAR,29.44,29.44
UNIVASTU,0.00,0.00
AVADHSUGAR,10.66,10.66
PALASHSECU,,
MAGADSUGAR,8.34,8.34
GANGESSECU,25.91,25.91
THEINVEST,22.50,22.50
SHANTI,,
TOTAL,50.07,50.07
GTECJAINX,,
OPTIEMUS,64.71,64.71
WEWIN,27.66,27.66
SIS,21.88,21.88
COCHINSHIP,41.91,41.91
SMSLIFE,15.11,15.11
VAISHALI,330.63,330.63
LEXUS,,
GEEKAYWIRE,10.13,10.13
SERVOTECH,92.50,92.50
ABCAPITAL,11.96,11.96
APEX,437.25,437.25
PASHUPATI,181.16,181.16
BRNL,2.61,2.61
MANAV,12.56,12.56
DIXON,94.16,119.05
DCAL,,
LASA,,
MATRIMONY,23.69,23.69
CHOLAHLDNG,6.70,6.70
CAPACITE,15.15,15.15
ICICIGI,67.74,67.74
WORTH,12.37,12.37
MPTODAY,5.20,5.22
SBILIFE,58.92,58.92
RMDRIP,119.08,119.08
CADSYS,,
DPWIRES,12.49,12.49
AARVI,15.48,15.48
DIAMONDYD,,178.17
TIRUPATI,82.36,82.36
AIROLAM,81.33,81.33
RKEC,7.59,7.59
GATECHDVR,3.72,3.72
GOLDSTAR,77.45,77.45
JASH,40.57,40.54
CMMIPL,,
BETA,39.63,39.63
TIRUPATIFL,46.22,46.22
OMFURN,24.24,24.24
GODREJAGRO,40.29,40.29
TCPLPACK,31.09,31.09
MASFIN,14.51,14.51
IEX,35.55,35.55
DPABHUSHAN,29.78,29.78
GICRE,8.77,8.77
TIINDIA,47.88,47.67
NAM-INDIA,25.52,25.52
MAHLOG,,
NIACL,24.07,24.07
IFGLEXPOR,26.67,26.67
KHADIM,98.10,98.10
5PAISA,16.31,16.31
HDFCLIFE,78.49,78.49
AISL,17.36,17.36
VERTOZ,35.15,35.15
PULZ,10.38,10.38
SILVERTUC,42.13,42.13
ZODIAC,37.02,37.02
FELIX,38.42,38.42
ICEMAKE,52.29,52.29
DNAMEDIA,0.47,
SHRADHA,12.16,12.16
SHALBY,71.34,71.34
FSC,,
TOUCHWOOD,16.85,16.85
ONEPOINT,40.90,40.90
SHIVATEX,20.85,20.85
ASTRON,,
AJOONI,42.80,42.80
MOKSH,12.79,12.79
BCONCEPTS,63.90,63.90
SILLYMONKS,42.30,42.30
APOLLO,63.94,63.94
NEWGEN,42.85,42.85
AMBER,86.31,86.31
PRAXIS,,
SOLEX,38.86,38.86
SRPL,,
GALAXYSURF,24.42,24.42
SINTERCOM,329.45,329.45
MHHL,10.79,10.79
SOUTHWEST,32.62,34.36
SHIVAMILLS,,
ARVEE,69.38,69.38
ASTERDM,71.17,67.45
BANKA,,
GMMPFAUDLR,44.69,44.69
HGINFRA,12.31,12.31
HINDCON,35.28,35.28
SARVESHWAR,29.80,29.80
UNIINFO,,
MACPOWER,26.36,26.36
TARACHAND,19.56,19.56
BDL,72.36,72.36
SUNDARMHLD,26.33,26.33
BANDHANBNK,9.09,9.09
HAL,26.72,26.73
URAVIDEF,266.54,266.54
MITTAL,34.43,42.27
SANDHAR,15.88,16.68
GIRIRAJ,56.02,56.02
ISEC,12.88,12.88
KAPSTON,30.55,30.55
CENTRUM,,
MIDHANI,48.82,48.82
CONTI,17.47,
LEMONTREE,45.64,45.64
AVG,8.43,12.56
MMP,18.77,18.77
NARMADA,16.52,16.52
PIGL,20.74,20.74
CHEMFAB,138.86,138.86
BSHSL,53.32,53.32
AAKASH,17.06,17.06
GODHA,15.82,15.82
ORIENTELEC,70.29,70.29
E2E,92.94,92.94
INDOSTAR,34.90,34.90
BORORENEW,,
SIRCA,28.81,28.81
SUULD,,
SVLL,398.45,398.45
LATTEYS,74.70,74.69
DIL,7.30,7.51
SONAMLTD,27.74,27.74
ADANIGREEN,85.33,73.31
OSWALSEEDS,,
PRITI,22.75,22.75
ACCURACY,9.62,9.62
SOLARA,,
GAYAHWS,,1.12
FINEORG,26.88,26.85
RITES,25.18,25.24
VARROC,69.64,34.06
GANGAFORGE,100.77,102.42
REPL,22.68,22.68
AMBANIORGO,,
HBSL,,
AVROIND,53.11,53.11
HDFCAMC,34.20,34.20
UCL,,
CREDITACC,16.84,16.84
AARON,46.60,46.60
SIGIND,11.44,11.44
DANGEE,,
SUMIT,36.78,36.78
LAGNAM,15.34,15.34
RPPL,13.21,13.21
AKG,56.55,56.55
IRCON,19.21,19.21
AHLADA,9.19,9.19
SPECTRUM,115.57,115.57
RAJMET,,
AAVAS,24.90,24.90
KSHITIJPOL,,14.89
GRSE,38.12,38.12
KRITIKA,20.42,20.42
SILGO,19.06,19.06
VINNY,15.24,15.24
BBTCL,,
MARINE,59.80,60.01
IRISDOREME,33.56,33.56
UWCSL,25.90,25.90
ATGL,100.32,100.32
TECHNOE,33.20,33.20
SHUBHLAXMI,16.49,16.49
UNIPARTS,15.28,15.28
SHRIRAMPPS,17.81,17.81
TREJHARA,19.38,748.40
NILASPACES,37.16,37.16
AWHCL,16.97,16.97
DALBHARAT,54.54,46.43
RPSGVENT,46.69,8.72
SPENCERS,,
SURANI,59.23,59.23
XELPMOC,,
CHALET,166.95,166.95
MSTCLTD,8.04,16.11
OSIAHYPER,13.99,13.99
ANUP,46.48,46.48
ARVINDFASN,33.89,33.89
PAR,8.07,8.07
KHFM,41.35,41.35
RVNL,56.76,56.76
POLYCAB,39.59,39.59
METROPOLIS,54.38,54.38
KPITTECH,45.02,45.02
SWSOLAR,171.61,171.61
NEOGEN,83.83,83.83
VIKASLIFE,,
EMAMIPAP,11.27,11.27
VCL,,
CONFIPET,22.57,22.81
PPL,10.24,10.24
INDIAMART,22.50,22.50
ATMASTCO,35.99,35.99
OAL,23.91,23.91
SEYAIND,,
DCMNVL,51.79,151.53
SATIA,5.79,5.79
WEL,172.58,172.58
AFFLE,55.68,55.68
CHEMCON,28.45,28.45
SPANDANA,,
WESTLIFE,946.57,946.57
DOLATALGO,5.15,5.15
HNDFDS,59.09,59.09
UJJIVANSFB,6.98,6.98
MAZDOCK,34.82,34.82
IRCTC,44.56,44.83
SAFARI,66.03,66.03
DCI,23.16,23.16
360ONE,33.71,31.73
IIFLCAPS,8.25,8.25
HPIL,100.59,100.59
SAMHI,61.44,66.07
VISHWARAJ,,
FLUOROCHEM,92.32,92.32
GREENPANEL,41.36,41.36
KUANTUM,7.32,7.32
RBA,,
APOLLOPIPE,46.96,46.96
CHEMBOND,18.54,19.09
MGEL,16.62,15.14
ROUTE,16.57,16.86
SBICARD,39.02,39.02
HOMEFIRST,24.52,24.52
SIGMA,14.61,14.61
CSBBANK,8.88,8.88
EQUITASBNK,20.89,20.89
EASEMYTRIP,54.18,29.31
ROSSARI,26.19,26.19
HINDWAREAP,,
PRINCEPIPE,38.95,38.95
ESAFSFB,,
LIKHITHA,14.90,14.90
PARKHOTELS,40.71,40.71
ARTEMISMED,44.92,44.92
PATANJALI,54.98,54.98
SUMICHEM,47.68,47.68
LGHL,90.07,90.14
ATALREAL,32.72,32.72
ASALCBR,32.98,32.98
MAHEPC,127.54,124.00
UNIVPHOTO,6.86,6.86
ALOKINDS,,
BARBEQUE,,
BAFNAPH,44.69,41.26
SUVENPHAR,105.45,105.45
POWERINDIA,164.39,164.39
STOVEKRAFT,62.98,62.98
BHARTIHEXA,58.09,68.99
KSOLVES,23.26,23.26
RAJRATAN,24.93,24.93
HAPPSTMNDS,47.60,49.64
AARTISURF,40.19,78.90
GLAND,37.65,37.65
BOROLTD,58.97,58.97
NDRAUTO,40.00,40.00
MAXHEALTH,94.79,90.15
PAVNAIND,45.33,45.33
AAATECH,35.17,35.17
KALYANKJIL,65.47,65.47
MAXIND,,
BTML,27.27,27.27
SHAREINDIA,8.93,8.93
UNIDT,32.58,32.58
SIGACHI,18.17,18.17
ANGELONE,13.49,13.49
ADL,179.50,179.50
NIRAJ,14.36,13.50
VALIANTORG,,
CAMS,36.54,36.54
SURYODAY,5.19,5.19
ROML,44.00,44.00
UTIAMC,13.17,13.17
RAILTEL,35.59,33.64
HEMIPROP,,
BECTORFOOD,59.54,59.54
KHAICHEM,,
ORCHPHARMA,40.23,40.23
SUBEXLTD,,
NURECA,,
INDIGOPNTS,35.45,35.45
HERANBA,19.94,19.94
LXCHEM,36.27,36.27
TARC,,
RVHL,,
MTARTECH,90.37,90.37
FAIRCHEMOR,34.94,34.94
ANURAS,63.17,63.17
KANPRPLA,22.88,22.88
ISGEC,27.71,27.71
STYLAMIND,21.38,21.24
PAKKA,20.04,20.04
CLSEL,14.56,14.56
PARTYCRUS,15.06,15.06
CARYSIL,23.43,23.43
SHAILY,98.27,98.27
MODISONLTD,20.00,20.28
FIBERWEB,8.57,8.57
BCLIND,11.37,11.37
BHAGCHEM,175.57,175.57
SBCL,33.70,33.70
AADHARHFC,21.43,21.43
SMCGLOBAL,5.53,5.53
QMSMEDI,16.03,16.03
NPST,88.68,88.68
SVPGLOB,,
ARIHANTCAP,9.21,9.57
NAZARA,109.49,108.31
IPL,24.26,24.26
GENCON,14.85,14.85
LODHA,44.96,44.96
HLEGLAS,34.46,34.46
BESTAGRO,36.25,36.25
VMARCIND,18.68,18.68
SONACOMS,54.03,52.90
UTKARSHBNK,13.48,13.48
DRCSYSTEMS,18.58,18.58
PARAS,73.88,73.88
CRAFTSMAN,57.44,55.41
DODLA,25.40,25.40
EXXARO,,
JUBLINGREA,51.93,51.91
ROLEXRINGS,26.51,22.04
ORTINGLOBE,,
SHYAMMETL,24.65,24.65
KIMS,55.49,55.49
SUVIDHAA,,
MAKS,92.96,39.46
JSFB,6.48,6.48
TATVA,114.47,114.47
CLEAN,49.53,49.53
AILIMITED,47.00,47.00
ALIVUS,27.32,27.32
ABSLAMC,18.77,18.77
DEEPINDS,18.07,18.12
ZOMATO,302.86,302.86
CHEMPLASTS,,
BEWLTD,12.50,12.50
PIXTRANS,18.23,18.23
MEDIASSIST,32.35,32.35
WINDLAS,31.72,31.72
CARTRADE,60.20,60.20
KRSNAA,30.22,30.22
EQUIPPP,,
DEVYANI,,1449.62
APTUS,21.54,21.54
SUPRIYA,28.89,28.89
ANMOL,10.36,10.36
BMETRICS,14.28,14.28
ABCOTS,55.47,55.47
VIJAYA,73.16,73.16
AMIORG,75.09,74.94
IWEL,35.74,34.11
VINEETLAB,,
MOL,,
SANSERA,35.10,35.10
BAJAJHCARE,,45.68
PRITIKAUTO,13.79,13.79
AAREYDRUGS,18.41,18.41
GRINFRA,8.30,10.48
INTLCONV,5.11,5.11
DUGLOBAL,74.65,74.65
PAYTM,,
REXPIPES,15.39,15.34
STEELCAS,30.19,30.19
HPAL,22.06,22.06
UGROCAP,11.05,11.05
STARHEALTH,27.21,27.21
KPIGREEN,28.51,28.28
YUKEN,42.44,42.44
SGIL,36.92,36.92
ANANDRATHI,50.86,50.86
SJS,23.51,23.51
FINOPB,19.71,19.71
POLICYBZR,277.99,324.47
NYKAA,736.00,736.00
AWL,29.04,29.04
MONARCH,15.12,15.12
SAPPHIRE,620.08,362.35
DKEGL,8.97,8.97
QUADPRO,15.26,15.26
PRUDENT,41.06,41.06
EPIGRAL,22.49,22.49
NUVOCO,,
GOCOLORS,44.40,44.40
NGIL,,
TRACXN,,
CMSINFO,20.41,20.41
FUSION,,
COASTCORP,,
TARSONS,54.79,54.79
MEDPLUS,63.64,63.64
TEGA,48.15,48.15
RATEGAIN,27.69,27.69
MANORG,35.85,35.85
LATENTVIEW,44.11,44.11
METROBRAND,71.05,71.05
PVSL,29.53,29.53
MICEL,26.32,26.32
PASUPTAC,12.45,12.45
FOODSIN,25.61,25.61
PARADEEP,18.02,18.02
JAINAM,29.28,29.28
MAPMYINDIA,64.37,64.37
ABMINTLLTD,303.86,303.86
3IINFOLTD,,
TMB,5.72,5.72
KRITI,157.52,157.52
DYNAMIC,16.71,16.74
MANYAVAR,47.76,47.76
GANESHBE,12.82,12.82
GVPTECH,51.77,51.77
KOTYARK,16.56,16.56
MEDICAMEQ,79.76,79.76
EMIL,26.96,26.96
SHIVALIK,46.90,46.90
PRECISION,10.55,10.55
UMAEXPORTS,16.98,16.69
DATAPATTNS,49.53,49.53
JSLL,48.80,48.80
MEDANTA,62.18,62.18
MALLCOM,18.05,18.05
NIDAN,,8.93
IRIS,53.89,53.89
ASIANENE,36.55,34.68
DIGJAMLMTD,,
SMLT,34.53,34.53
NRL,24.35,24.35
RADIANTCMS,13.20,13.20
GPTHEALTH,22.86,22.86
CHOICEIN,65.40,65.40
EUROBOND,22.62,22.62
SELMC,,
HARIOMPIPE,17.82,17.82
GRWRHITECH,29.48,29.48
CAPITALSFB,9.46,9.46
DELHIVERY,748.47,416.28
DCMSRIND,11.56,11.56
VERANDA,,
RAJRILTD,,
EMUDHRA,83.09,83.09
DYCL,26.73,26.73
FIVESTAR,18.61,18.61
STARTECK,23.84,23.84
VIRINCHI,35.26,35.26
SBC,35.60,35.60
DHRUV,33.60,33.60
ELDEHSG,23.32,23.32
RICHA,14.45,14.45
ELIN,37.31,37.31
SHIGAN,21.23,21.23
TIMESCAN,7.60,7.60
MADHAVBAUG,26.32,26.32
SEJALLTD,50.10,50.10
MHLXMIRU,14.44,14.44
LOYALTEX,,
RELCHEMQ,44.72,44.72
GATEWAY,4.85,12.59
SYRMA,47.73,47.18
ZIMLAB,26.47,26.47
UDAICEMENT,,
JTLIND,26.38,26.38
CAMPUS,64.60,64.60
RAINBOW,53.13,53.13
TBOTEK,64.68,65.69
VENUSPIPES,29.40,29.40
AETHER,115.94,68.27
ROTO,39.83,39.83
SPRL,13.99,13.99
MEGASTAR,71.38,71.38
GSTL,27.04,27.04
INDOBORAX,11.95,11.95
LANDMARK,65.84,
RACE,74.50,74.50
AVONMORE,19.63,19.63
ETHOSLTD,64.50,64.50
DREAMFOLKS,18.20,18.20
AGSTRA,,
SONUINFRA,14.37,14.37
MSUMI,36.21,36.21
KNAGRI,16.53,16.53
LEMERITE,211.64,211.64
DHARMAJ,19.66,19.66
HARSHA,28.15,28.15
KRISHIVAL,41.11,41.11
OBCL,103.53,103.53
GMRP&UI,4.08,
LICI,11.08,11.08
INDOAMIN,15.63,15.63
KRISHNADEF,44.43,44.43
PROPEQUITY,17.74,17.74
TVSSCS,,
SWARAJ,16.17,16.17
AMEYA,18.57,18.57
INOXGREEN,130.01,130.01
FEDFINA,14.71,14.71
ACI,41.10,34.97
BIKAJI,59.70,59.70
RITCO,18.19,18.19
SADHNANIQ,193.67,193.67
SURAJEST,14.16,14.16
SKP,339.61,339.61
RILINFRA,17.74,17.74
HARDWYN,46.72,46.72
CHEVIOT,9.60,9.60
MUKKA,16.57,16.57
HMAAGRO,21.09,21.09
MWL,14.83,14.83
MEDICO,55.59,55.59
CMRSL,8.44,6.82
KFINTECH,48.61,48.61
YATHARTH,27.79,27.79
DCXINDIA,50.62,50.62
YATRA,39.33,39.33
AKSHAR,,
ARISTO,13.65,13.65
KAYNES,106.18,106.18
NGLFINE,22.39,22.39
SABAR,3.47,3.47
SWASTIK,31.14,31.14
AXITA,45.89,48.95
PLAZACABLE,142.87,142.87
SENCO,34.24,34.24
USASEEDS,15.94,15.94
TRU,13.11,13.11
RADHIKAJWE,16.95,16.95
TIPSFILMS,,
SPLPETRO,25.80,25.80
RAMRAT,30.83,30.83
VIVIANA,49.22,49.22
CSLFINANCE,8.23,8.23
AGNI,97.79,97.79
KORE,36.11,36.01
GOYALALUM,63.06,63.06
RUSTOMJEE,41.06,41.06
GENSOL,14.58,14.56
DBOL,44.08,37.09
KANDARP,74.55,74.55
GSLSU,,
SPORTKING,10.45,10.45
ALLETEC,31.79,31.79
AIIL,6.16,6.16
MANORAMA,71.76,71.76
ISHAN,29.29,27.53
ARABIAN,9.17,9.17
INNOVACAP,35.44,35.44
GRMOVER,25.48,25.48
SYNCOMF,38.35,38.35
BAHETI,38.61,38.61
SULA,30.72,30.72
SIGNATURE,184.34,184.34
ANNAPURNA,30.60,30.60
KRITINUT,11.80,11.80
KALAMANDIR,20.15,20.15
VITAL,,
RAMAPHO,28.52,28.52
PPLPHARMA,,
AVALON,98.63,98.63
RITEZONE,7.86,7.86
CONCORDBIO,52.40,52.40
GODIGIT,77.73,77.73
BAIDFIN,10.65,10.65
LLOYDS,,
PHANTOMFX,13.31,13.31
QUICKTOUCH,8.12,8.12
KAMOPAINTS,40.85,40.85
BLUEJET,60.55,60.55
MVGJL,10.31,10.31
SCPL,16.76,16.76
SUKHJITS,12.08,12.08
ARHAM,24.39,24.39
FROG,30.73,30.73
MANKIND,44.47,44.47
SKYGOLD,47.48,47.48
BLAL,,
ARIHANTACA,30.49,30.49
SATINDLTD,12.73,12.71
DIVGIITTS,48.69,48.69
PRITIKA,77.90,77.90
USK,17.18,17.18
ANLON,33.97,33.97
MOTISONS,39.98,40.36
VELS,,
VERTEXPLUS,,
CMNL,31.99,31.42
SRIVASAVI,15.02,15.02
DIACABS,117.71,124.39
IKIO,35.96,35.96
MANOMAY,15.82,15.82
FAZE3Q,27.89,27.89
UMA,26.31,26.31
NSLNISP,,
RBMINFRA,15.48,15.48
LLOYDSME,39.23,39.23
AARTIPHARM,26.63,26.63
RHL,42.09,42.09
SAHYADRI,14.09,14.09
SAHANA,37.87,37.87
NINSYS,37.48,37.48
DUCOL,28.90,28.90
HOMESFY,14.97,14.63
SBFC,28.37,28.37
SBGLP,47.54,47.54
ASMS,156.74,180.34
HYBRIDFIN,10.31,9.65
SHERA,33.24,33.24
VIAZ,30.66,30.66
LRRPL,68.77,68.77
INDGN,36.06,36.26
ZAGGLE,59.18,59.18
GANDHAR,16.02,16.02
AGARWALFT,23.91,23.91
MCON,43.12,43.12
HONASA,89.41,89.41
RISHABH,47.71,47.71
IRMENERGY,18.78,18.78
SAH,315.95,315.95
DENEERS,18.50,18.50
JGCHEM,18.99,18.99
QFIL,13.41,13.41
CYIENTDLM,54.02,54.02
NIRMAN,15.29,15.29
AKI,37.61,52.09
MASTER,34.04,34.04
YCCL,100.27,100.27
RPTECH,8.89,9.30
LORDSCHLO,96.04,96.04
SYSTANGO,16.49,16.49
RATNAVEER,17.59,17.59
PATTECH,26.74,26.74
MOS,54.96,54.96
SECMARK,42.92,42.92
AUROIMPEX,13.56,13.56
SOTAC,25.91,25.38
SPECTSTM,24.17,24.17
ATAM,15.09,15.09
IDEAFORGE,,
CRAYONS,9.05,9.05
SHRITECH,12.14,12.14
INFOLLION,34.91,34.91
LAL,18.35,18.35
URBAN,12.18,12.18
INFINIUM,34.62,34.62
AARTECH,41.02,41.02
POCL,27.40,27.40
KRISHCA,22.79,22.79
ESFL,113.91,113.91
AATMAJ,,
TATATECH,40.69,40.69
REMUS,29.79,29.79
NOVAAGRI,15.24,15.24
REDTAPE,44.70,44.70
ASHOKAMET,4.34,4.34
SICALLOG,,
YUDIZ,,
PENTAGON,17.72,17.72
CELLPOINT,159.04,159.04
SEL,44.91,44.91
ACL,,
GREENCHEF,25.74,25.74
PTCIL,361.44,358.96
NETWEB,85.45,85.45
PYRAMID,19.15,19.15
AEROFLEX,41.99,41.99
EMSLIMITED,18.79,18.79
EFACTOR,12.99,12.99
GHCLTEXTIL,14.14,14.14
MONOPHARMA,16.93,16.93
VPRPL,18.05,18.05
UDS,17.48,17.48
DENTALKART,57.00,57.00
SYNOPTICS,13.61,13.61
CLSL,31.03,31.03
SSFL,27.81,27.81
KIRLPNU,34.78,33.71
DHTL,,
ATL,18.51,17.53
BALUFORGE,29.55,29.55
RRKABEL,38.90,38.91
COMMITTED,46.12,46.12
JSWINFRA,41.69,41.69
JLHL,51.23,51.68
SCILAL,48.15,48.15
SAHAJ,13.18,13.18
NUVAMA,20.31,20.31
GLOBALPET,74.90,74.90
YASHO,105.12,105.12
SERVICE,37.18,37.18
KEL,34.86,34.86
PRAMARA,28.20,28.20
NIITMTS,24.34,23.54
VINSYS,19.30,19.30
VALIANTLAB,,
ZEAL,10.60,10.60
ARVINDPORT,14.31,14.31
MARINETRAN,48.08,48.08
SINDHUTRAD,27.78,27.77
UNIHEALTH,19.32,19.32
ORIANA,24.57,24.57
ASKAUTOLTD,33.76,33.76
CHAVDA,15.82,15.82
ONDOOR,9.23,9.17
BAWEJA,14.34,14.34
TRANSTEEL,17.84,17.76
SANDUMA,16.38,16.38
VLEGOV,,354.97
PLADAINFO,7.48,7.48
OLIL,36.70,36.70
SUNREST,,
RBZJEWEL,16.91,16.91
KODYTECH,78.57,78.57
KARNIKA,50.19,50.19
AKANKSHA,236.91,236.91
SCML,14.24,14.24
SAAKSHI,28.97,28.97
MUFIN,63.72,62.13
MAL,13.19,13.19
HIGREEN,48.35,48.35
PLATIND,26.25,26.25
MUFTI,13.78,13.78
FLAIR,17.78,17.78
CELLECOR,51.90,51.90
MUTHOOTMF,7.13,7.13
SRGHFL,17.61,17.61
INDIFRA,40.24,40.24
JIOFIN,116.86,116.86
CPS,,
MADHUSUDAN,18.61,18.61
NEWJAISA,24.92,24.92
GOYALSALT,16.74,16.74
TICL,,
RCDL,28.85,28.85
BLSE,25.89,25.89
HOLMARC,42.89,42.89
SHANTHALA,25.54,25.54
TREL,4.21,27.36
MARCO,25.53,25.53
DIAMINESQ,94.12,94.12
VISHNUINFR,17.42,17.42
KONTOR,31.15,31.15
RKSWAMY,30.34,30.34
MICROPRO,9.76,9.76
INSPIRE,,
EPACK,71.80,71.80
HAPPYFORGE,28.28,28.28
IBLFL,51.01,51.01
INDIASHLTR,23.57,23.57
CELLO,32.47,32.47
CANARYS,16.22,16.22
DIGIDRIVE,16.92,16.92
DOMS,79.41,79.41
MAITREYA,38.63,38.63
GLOSTERLTD,,
LANCORHOL,25.55,25.55
AMNPLST,28.29,28.29
POLYSIL,9.01,9.01
SARTELE,37.45,37.45
VINYAS,136.15,136.15
SAIFL,8.33,8.33
JNKINDIA,51.26,51.26
INOXINDIA,44.22,45.42
GRAPHISAD,13.93,13.49
SHEETAL,35.62,35.62
ROXHITECH,6.28,6.28
JYOTICNC,71.02,69.44
BAJEL,105.63,86.25
EFORCE,,
DEEM,8.67,8.67
APS,48.56,48.56
ENTERO,54.28,54.28
TECHLABS,106.38,106.38
SIGNPOST,23.66,23.66
ROCKINGDCE,36.96,36.96
BABAFP,14.21,14.21
SUNCLAY,,
SHREEOSFM,13.43,13.43
PRESSTONIC,,
HRHNEXT,34.23,34.39
EXICOM,,
MEGATHERM,23.85,23.85
OWAIS,30.74,30.74
VR,62.49,62.02
KLL,14.27,14.27
ZENITHDRUG,10.45,10.57
SJLOGISTIC,20.97,20.97
PURVFLEXI,22.36,22.36
KTL,3.48,3.48
SRM,19.94,19.94
AZAD,108.76,108.76
KONSTELEC,10.09,10.09
JUNIPER,95.01,95.01
KRYSTAL,10.03,10.03
VSTL,21.47,21.47
FONEBOX,28.52,28.52
ITALIANE,16.65,16.65
SUPREMEPWR,17.91,17.91
KCEIL,26.01,26.01
MAXESTATES,813.10,813.16
CGRAPHICS,30.34,30.34
ACCENTMIC,13.54,13.54
LAWSIKHO,28.40,28.40
SADHAV,14.72,14.72
MANDEEP,,
WTICAB,14.35,14.35
GOPAL,40.33,40.33
DAVANGERE,30.21,30.21
MAXPOSURE,30.17,30.17
ALPEXSOLAR,31.53,34.57
VHLTD,18.46,18.64
SONAMAC,12.05,12.05
BIRDYS,,
SIGNORIA,10.47,10.47
TCL,16.10,16.10
ENSER,25.00,25.00
DELAPLEX,11.90,11.90
RULKA,15.09,15.09
NAMAN,12.30,12.28
SINCLAIR,27.90,27.90
BLUEPEBBLE,19.31,19.31
DCG,27.43,27.43
AWFIS,75.45,132.23
K2INFRA,9.88,9.88
RADIOWALLA,1.57,1.41
RBS,15.79,15.79
ASPIRE,6.66,6.66
ESCONET,50.61,50.61
MVKAGRO,9.55,9.55
ENFUSE,100.55,100.55
AVPINFRA,18.95,18.95
SILKFLEX,13.53,13.53
VISHWAS,21.69,21.69
TGL,20.90,20.90
TAC,105.79,105.79
EMMIL,17.90,18.10
YASHOPTICS,20.75,20.75
ALUWIND,23.39,23.42
REFRACTORY,32.63,32.63
PRLIND,15.19,15.42
IEML,21.10,21.10
ABSMARINE,33.54,33.54
WINSOL,43.18,43.18
HOACFOODS,92.19,92.19
QUESTLAB,15.44,15.44
