SERIES,SYMBOL,SECURITY,RECORD_DT,BC_STRT_DT,BC_END_DT,EX_DT,ND_STRT_DT,ND_END_DT,PURPOSE
BE,MGEL,Mangalam Global Ent Ltd,04/03/2025, , ,04/03/2025, , ,FV SPLT FRM RS 2 TO RE 1 
BE,IOLCP,IOL Chem and Pharma Ltd,11/03/2025, , ,11/03/2025, , ,FVSPLT FRM RS 10 TO RS 2 
BE,COASTCORP,Coastal Corporation Ltd,04/03/2025, , ,04/03/2025, , ,FV SPLT FRM RS10 TO RS 2 
BE,ANANDRATHI,Anand Rathi Wealth Ltd,05/03/2025, , ,05/03/2025, , ,BONUS 1:1                
E1,AURUMPP1,Aurum PropTech Limited,04/03/2025, , , , , ,SECOND&FINCAL - RS 30    
EQ,COASTCORP,Coastal Corporation Ltd,04/03/2025, , ,04/03/2025, , ,FV SPLT FRM RS10 TO RS 2 
EQ,ANANDRATHI,Anand Rathi Wealth Ltd,05/03/2025, , ,05/03/2025, , ,BONUS 1:1                
EQ,IOLCP,IOL Chem and Pharma Ltd,11/03/2025, , ,11/03/2025, , ,FVSPLT FRM RS 10 TO RS 2 
EQ,MGEL,Mangalam Global Ent Ltd,04/03/2025, , ,04/03/2025, , ,FV SPLT FRM RS 2 TO RE 1 
GB,SGBMAR25,2.50%GOLDBONDS 2025Tr-VII,13/03/2025, , , , , ,REDEMPTION               
GS,GS150325C,GOI STRIPS C 150325,12/03/2025, , , , , ,REDEMPTION               
GS,GS200325C,GOI STRIPS C 200325,18/03/2025, , , , , ,REDEMPTION               
GS,GS090325C,GOI STRIPS C 090325,05/03/2025, , , , , ,REDEMPTION               
N2,LICHSGFIN,LHFL 7.73% 2034 Tr 439,07/03/2025, , ,07/03/2025, , ,INTEREST PAYMENT         
N5,NAVIFIN,Sec Re NCD 10.25% Sr.II,03/03/2025, , ,03/03/2025, , ,INTEREST PAYMENT         
N7,NAVIFIN,Sec Re NCD 10.50% Sr.IV,03/03/2025, , ,03/03/2025, , ,INTEREST PAYMENT         
N7,HUDCO,BOND 7.19% PA Tax Free S2,06/03/2025, , ,06/03/2025, , ,INTEREST PAYMENT         
NC,TATACAPHSG,TCHFL 8.0409% 2027 Sr.C,06/03/2025, , ,06/03/2025, , ,INTEREST PAYMENT         
NE,ABFL,ABFL 8.33% 2027 Sr L1,03/03/2025, , ,03/03/2025, , ,INTEREST PAYMENT         
SG,603RJ25,SDL RJ 6.03% 2025,07/03/2025, , , , , ,REDEMPTION               
SG,593RJ25,SDL RJ 5.93% 2025,06/03/2025, , , , , ,REDEMPTION               
SG,669MP25,SDL MP 6.69% 2025,13/03/2025, , , , , ,REDEMPTION               
SG,752GJ25,SDL GJ 7.52% 2025,05/03/2025, , , , , ,REDEMPTION               
SG,738MP25,SDL MP 7.38% 2025,12/03/2025, , , , , ,REDEMPTION               
SG,688TS25,SDL TS 6.88% 2025,27/03/2025, , , , , ,REDEMPTION               
SG,695PN25,SDL PN 6.95% 2025,27/03/2025, , , , , ,REDEMPTION               
SG,664BR25,SDL BR 6.64% 2025,13/03/2025, , , , , ,REDEMPTION               
SG,588GJ25,SDL GJ 5.88% 2025,27/03/2025, , , , , ,REDEMPTION               
U2,LICHSGFIN,LHFL 7.73% 2034 Tr 439,07/03/2025, , ,07/03/2025, , ,INTEREST PAYMENT         
U5,NAVIFIN,Sec Re NCD 10.25% Sr.II,03/03/2025, , ,03/03/2025, , ,INTEREST PAYMENT         
U7,NAVIFIN,Sec Re NCD 10.50% Sr.IV,03/03/2025, , ,03/03/2025, , ,INTEREST PAYMENT         
U7,HUDCO,BOND 7.19% PA Tax Free S2,06/03/2025, , ,06/03/2025, , ,INTEREST PAYMENT         
UC,TATACAPHSG,TCHFL 8.0409% 2027 Sr.C,06/03/2025, , ,06/03/2025, , ,INTEREST PAYMENT         
UE,ABFL,ABFL 8.33% 2027 Sr L1,03/03/2025, , ,03/03/2025, , ,INTEREST PAYMENT         
X1,AURUMPP1,Aurum PropTech Limited,04/03/2025, , , , , ,SECOND&FINCAL - RS 30    

