SYMBOL,SERIES,SECURITY,HIGH/LOW,INDEX FLAG
21STCENMGM,BE,21ST CENTURY MGMT SERVICE,H
966SFIL25A,NI,SEC RE NCD 10.05% SR.IV,H
ABMINTLLTD,EQ,ABM INTERNATIONAL LTD,H
AHL,BE,ABANS HOLDINGS LIMITED,H
AKASH,EQ,AKASH INFRA-PROJECTS LTD,H
ASLIND,SM,ASL INDUSTRIES LIMITED,H
AVROIND,EQ,AVRO INDIA LIMITED,H
BAJAJINDEF,BE,INDEF MANUFACTURING LTD,H
BEWLTD,ST,BEW ENGINEERING LIMITED,H
BLUEJET,EQ,BLUE JET HEALTHCARE LTD,H
BOHRAIND,BE,BOHRA INDUSTRIES LIMITED,H
CALSOFT,BE,CALIFORNIA SOFTWARE CO LT,H
CEREBRAINT,BZ,CEREBRA INT TECH LTD,H
COFFEEDAY,EQ,COFFEE DAY ENTERPRISE LTD,H
COMSYN,BE,COMMERCIAL SYN BAGS LTD,H
CPS,ST,C P S SHAPERS LIMITED,H
DCMFINSERV,EQ,DCM FINANCIAL SERVICES LT,H
DIFFNKG,BE,DIFFUSION ENGINEERS LTD,H
DOLPHIN,BE,DOLPHIN OFF ENT (IND) L,H
E2E,EQ,E2E NETWORKS LIMITED,H
EXCEL,BE,EXCEL REALTY N INFRA LTD,H
FCONSUMER,BE,FUTURE CONSUMER LIMITED,H
FEL,BZ,FUTURE ENTERPRISES LTD,H
FELDVR,BE,FUTURE ENTERPRISES LTD,H
FICRF3GP,MF,FRANTEMAMC - FICRF3GP,H
FIDEL,ST,FIDEL SOFTECH LIMITED,H
FSC,BZ,FUTURE SUPP CHAIN SOL LTD,H
GAJANAND,ST,GAJANAND INTERNATIONAL L,H
GATECH,BE,GACM TECHNOLOGIES LIMITED,H
GATECHDVR,BE,GACM TECHNOLOGIES LIMITED,H
GFSTEELS,BE,GRAND FOUNDRY LTD,H
GLOBALE,BE,GLOBALE TESSILE LIMITED,H
GLOBE,EQ,GLOBE TEXTILES (I) LTD.,H
GOENKA,BZ,GOENKA DIAMOND&JEWELS LTD,H
GRAPHISAD,SM,GRAPHISADS LIMITED,H
HECPROJECT,EQ,HEC INFRA PROJECTS LTD,H
HITECHGEAR,BE,THE HI-TECH GEARS LIMITED,H
HOACFOODS,ST,HOAC FOODS INDIA LIMITED,H
IITL,BE,INDUSTRIAL INV TRUST LTD,H
INDOTECH,EQ,INDO TECH TRANSFORM LTD.,H
ITI,BE,ITI LTD,H
ITTL,ST,INNOVATIVE TYRE & TUBE LT,H
JHS,BE,JHS SVEND. LAB. LTD,H
JPASSOCIAT,BE,JAIPRAKASH ASSOCIATES LTD,H
KREBSBIO,BE,KREBS BIOCHEMICALS & IND,H
MAFANG,EQ,MIRAEAMC - MAFANG,H
MASPTOP50,EQ,MIRAEAMC - MASPTOP50,H
MCON,ST,MCON RASAYAN INDIA LTD,H
MONQ50,EQ,MOTILALAMC - MONQ50,H
MTEDUCARE,BE,MT EDUCARE LTD,H
NAGREEKCAP,EQ,NAGREEKA CAP & INFR.LTD,H
NAVKARURB,BE,NAVKAR URBANSTRUCTURE LTD,H
NEPHROCARE,SM,NEPHRO CARE INDIA LIMITED,H
NITIRAJ,EQ,NITIRAJ ENGINEERS LTD,H
ORBTEXP,BE,ORBIT EXPORTS LIMITED,H
OSIAHYPER,EQ,OSIA HYPER RETAIL LIMITED,H
PANSARI,BE,PANSARI DEVELOPERS LTD,H
PARASPETRO,EQ,PARAS PETROFILS LTD.,H
PRAXIS,EQ,PRAXIS HOME RETAIL LTD,H
QUINTEGRA,BE,QUINTEGRA SOLUTIONS LTD.,H
ROLTA,BZ,ROLTA INDIA LTD,H
RPPINFRA,BE,R.P.P INFRA PROJECTS LTD.,H
SANWARIA,BZ,SANWARIA CONSUMER LIMITED,H
SECURCRED,BZ,SECUR CREDENTIALS LIMITED,H
SECURKLOUD,EQ,SECUREKLOUD TECH LIMITED,H
SETUINFRA,BZ,SETUBANDHAN INFRA LTD,H
SHAILY,BE,SHAILY ENG PLASTICS LTD,H
SIGNPOST,BE,SIGNPOST INDIA LIMITED,H
SITINET,BZ,SITI NETWORKS LIMITED,H
SKYGOLD,BE,SKY GOLD LIMITED,H
SRPL,BZ,SHREE RAM PROTEINS LTD.,H
SWANDEF,BE,SWAN DEFENCE N HEVY IND L,H
TECHLABS,ST,TRIDENT TECHLABS LIMITED,H
TERASOFT,BE,TERA SOFTWARE LIMITED,H
THESL,ST,THINKING HATS ENTER SOL L,H
TIRUPATIFL,BE,TIRUPATI FORGE LIMITED,H
TRU,BE,TRUCAP FINANCE LIMITED,H
UNIVAFOODS,BE,UNIVA FOODS LIMITED,H
URJA,BE,URJA GLOBAL LIMITED,H
VERTEXPLUS,SM,VERTEXPLUS TECHNOLOGIES L,H
VIJIFIN,BE,VIJI FINANCE LIMITED,H
VINYAS,SM,VINYAS INNOVATIVE TECH L,H
WOCKPHARMA,EQ,WOCKHARDT LIMITED,H
21STCENMGM,BE,21ST CENTURY MGMT SERVICE,L
3PLAND,BE,3P LAND HOLDINGS LIMITED,L
63MOONS,EQ,63 MOONS TECHNOLOGIES LTD,L
AARVEEDEN,BE,AARVEE DEN. & EXP. LTD,L
ABHAPOWER,ST,ABHA POWER N STEEL LTD,L
ACMESOLAR,EQ,ACME SOLAR HOLDINGS LTD,L
AGARWALFT,ST,AGARWAL FLOAT GLASS I LTD,L
AGNI,ST,AGNI GREEN POWER LTD,L
AGSTRA,BE,AGS TRANSACT TECH LTD,L
AISL,SM,ANI INTEGRATED SERV LTD.,L
AKANKSHA,SM,AKANKSHA POWER N INFRA L,L
AKSHAR,BE,AKSHAR SPINTEX LIMITED,L
ALMONDZ,EQ,ALMONDZ GLOBAL SEC LTD,L
ALPHAGEO,BE,ALPHAGEO (INDIA) LIMITED,L
ALPSINDUS,BE,ALPS INDUSTRIES LTD.,L
AMEYA,SM,AMEYA PRECISION ENG LTD,L
ANKITMETAL,BZ,ANKIT MET & POW LTD,L
ANSALAPI,BZ,ANSAL PROP & INFRA LTD,L
ANTGRAPHIC,EQ,ANTARCTICA LTD,L
APRAMEYA,ST,APRAMEYA ENGINEERING LTD,L
ARENTERP,BE,RAJDARSHAN INDUSTRIES LTD,L
ARIES,BE,ARIES AGRO LTD.,L
ARROWGREEN,BE,ARROW GREENTECH LIMITED,L
ARSSINFRA,BE,ARSS INFRA PROJ. LTD,L
ARVEE,EQ,ARVEE LABORATORIES I LTD,L
ASHAPURMIN,EQ,ASHAPURA MINECHEM LTD,L
ASPIRE,ST,ASPIRE & INNOVATIVE ADV L,L
ATALREAL,EQ,ATAL REALTECH LIMITED,L
ATLASCYCLE,BE,ATLAS CYCLE (HARYANA) LTD,L
ATMASTCO,SM,ATMASTCO LIMITED,L
AUSOMENT,EQ,AUSOM ENTERPRISE LIMITED,L
AVG,BE,AVG LOGISTICS LIMITED,L
AVONMORE,BE,AVONMORE CAP&MGT SERV LTD,L
AVPINFRA,ST,AVP INFRACON LIMITED,L
AVROIND,EQ,AVRO INDIA LIMITED,L
AYMSYNTEX,EQ,AYM SYNTEX LIMITED,L
BAFNAPH,BE,BAFNA PHARMACEUTICALS LTD,L
BAGFILMS,BE,B.A.G FILMS AND MEDIA LTD,L
BAJAJINDEF,BE,INDEF MANUFACTURING LTD,L
BALAJITELE,BE,BALAJI TELEFILMS LTD.,L
BALCO,ST,SOLVE PLASTIC PRODUCTS L,L
BANARBEADS,BE,BANARASBEADSLTD-ROLLSETT,L
BBOX,EQ,BLACK BOX LIMITED,L
BESTAGRO,BE,BEST AGROLIFE LIMITED,L
BGLOBAL,BZ,BHARATIYA GLOBAL INFO LTD,L
BGRENERGY,BE,BGR ENERGY SYSTEMS LTD,L
BIRLAMONEY,BE,ADITYA BIRLA MONEY LTD,L
BLUECHIP,BE,BLUE CHIP INDIA LIMITED,L
BOHRAIND,BE,BOHRA INDUSTRIES LIMITED,L
BSL,BE,BSL LTD,L
BTML,BE,BODHI TREE MULTIMEDIA LTD,L
BYKE,BE,THE BYKE HOSPITALITY LTD,L
C2C,ST,C2C ADVANCED SYSTEMS LTD,L
CADSYS,ST,CADSYS (INDIA) LIMITED,L
CEREBRAINT,BZ,CEREBRA INT TECH LTD,L
CHANDAN,ST,CHANDAN HEALTHCARE LTD,L
CLOUD,SZ,VARANIUM CLOUD LIMITED,L
CMICABLES,BZ,CMI LIMITED,L
CMMIPL,SZ,CMM INFRAPROJECTS LIMITED,L
CMRSL,SM,CYBER MEDIA RES & SER LTD,L
COMPINFO,BZ,COMPUAGE INFOCOM LTD,L
CREATIVEYE,EQ,CREATIVE EYE LIMITED,L
CTE,EQ,CAMBRIDGE TECH ENTER LTD,L
CUBEXTUB,BE,CUBEXTUBINGS-ROLLSETT,L
DCI,EQ,DC INFOTECH AND COMUN LTD,L
DELPHIFX,BE,DELPHI WORLD MONEY LTD,L
DELTAMAGNT,BE,DELTA MANUFACTURING LTD,L
DHANLAXMI,ST,DHANLAXMI CROP SCIENCE L,L
DHRUV,BE,DHRUV CONSULTANCY SER LTD,L
DIGJAMLMTD,BE,DIGJAM LTD,L
DIL,BE,DEBOCK INDUSTRIES LIMITED,L
DIVYADHAN,ST,DIVYADHAN RECYCLING IND L,L
DYNAMIC,ST,DYNAMIC SRVCS & SEC LTD,L
EDUCOMP,BZ,EDUCOMP SOLUTIONS LTD,L
EFFWA,SM,EFFWA INFRA & RESEARCH L,L
ELGIRUBCO,BE,ELGI RUBBER CO. LTD,L
EMAMIREAL,BE,EMAMI REALTY LIMITED,L
EMMIL,ST,ENERGY MISSION MACH IND L,L
ENERGYDEV,BE,ENERGY DEVE. CO.LTD,L
ENSER,ST,ENSER COMMUNICATIONS LTD,L
EPACK,EQ,EPACK DURABLE LIMITED,L
EQUIPPP,BE,EQUIPPP SOC IMP TECH LTD,L
EROSMEDIA,BZ,EROS INTL MEDIA LTD,L
ESCONET,ST,ESCONET TECHNOLOGIES LTD,L
ESFL,SM,ESSEN SPECIALITY FILMS L,L
ESPRIT,ST,ESPRIT STONES LIMITED,L
ESSARSHPNG,BE,ESSAR SHIPPING LTD,L
EVERESTIND,BE,EVEREST INDUSTRIES LTD,L
EXICOM,EQ,EXICOM TELE SYSTEMS LTD,L
FALCONTECH,ST,FALCON TECHNOPROJ IND LTD,L
FELIX,SM,FELIX INDUSTRIES LTD.,L
FIDEL,ST,FIDEL SOFTECH LIMITED,L
FLEXITUFF,BE,FLEXITUFF VENTURES INT L,L
FLFL,BZ,FUT LIFESTYLE FASH LTD,L
FRESHARA,ST,FRESHARA AGRO EXPORTS LTD,L
FSC,BZ,FUTURE SUPP CHAIN SOL LTD,L
GANGAFORGE,EQ,GANGA FORGING LIMITED,L
GATECH,BE,GACM TECHNOLOGIES LIMITED,L
GAYAHWS,BE,GAYATRI HIGHWAYS LIMITED,L
GAYAPROJ,BZ,GAYATRI PROJECTS LTD,L
GGBL,ST,GANESH GREEN BHARAT LTD,L
GILLANDERS,BE,GILLANDERS ARBUTHNOT LTD,L
GKWLIMITED,BE,GKW LIMITED,L
GLOBALE,BE,GLOBALE TESSILE LIMITED,L
GLOBE,EQ,GLOBE TEXTILES (I) LTD.,L
GODAVARIB,BE,GODAVARI BIOREFINERIES L,L
GODHA,BE,GODHA CABCON INSULAT LTD,L
GRAPHISAD,SM,GRAPHISADS LIMITED,L
GSMFOILS,ST,GSM FOILS LIMITED,L
GSTL,ST,GLOBESECURE TECHNO LTD,L
GUJRAFFIA,BE,GUJARAT RAFFIA INDUST LTD,L
GVKPIL,BE,GVK POW. & INFRA LTD.,L
HARDWYN,BE,HARDWYN INDIA LIMITED,L
HDIL,BZ,HOUSING DEV & INFRA LTD,L
HECPROJECT,EQ,HEC INFRA PROJECTS LTD,L
HEXATRADEX,EQ,HEXA TRADEX LIMITED,L
HIGREEN,SM,HI GREEN CARBON LIMITED,L
HILTON,EQ,HILTON METAL FORGING LTD,L
HINDCON,BE,HINDCON CHEMICALS LIMITED,L
HINDNATGLS,BE,HIND NATL GLASS & IND LTD,L
HITECHGEAR,BE,THE HI-TECH GEARS LIMITED,L
HOLMARC,ST,HOLMARC OPTO MECHATRO L,L
HOMESFY,SM,HOMESFY REALTY LIMITED,L
HRHNEXT,ST,HRH NEXT SERVICES LIMITED,L
HUBTOWN,EQ,HUBTOWN LIMITED,L
HVAX,ST,HVAX TECHNOLOGIES LIMITED,L
ICDSLTD,BE,ICDSLTD,L
IEML,ST,INDIAN EMULSIFIERS LTD,L
IGIL,EQ,INTERNATIO GEMM INS (I) L,L
IITL,BE,INDUSTRIAL INV TRUST LTD,L
IL&FSENGG,BZ,IL&FS ENG AND CONS CO LTD,L
IL&FSTRANS,BZ,IL&FS TRANS NET LTD,L
INDIANCARD,BE,INDIAN CARD,L
INDIFRA,ST,INDIFRA LIMITED,L
INDOTECH,EQ,INDO TECH TRANSFORM LTD.,L
INDSWFTLTD,BE,IND-SWIFT LIMITED,L
INFINIUM,SM,INFINIUM PHARMACHEM LTD,L
INFOMEDIA,BE,INFOMEDIA PRESS LIMITED,L
IPHL,ST,INDIAN PHOSPHATE LIMITED,L
IRIS,BE,IRIS BUSINESS SERV LTD,L
ISHAN,SM,ISHAN INTERNATIONAL LTD,L
IZMO,BE,IZMO LIMITED,L
JAICORPLTD,EQ,JAI CORP LIMITED,L
JAYBEE,ST,JAY BEE LAMINATIONS LTD,L
JETFREIGHT,BE,JET FREIGHT LOGISTICS LTD,L
JITFINFRA,BE,JITF INFRALOGISTICS LTD,L
JPASSOCIAT,BE,JAIPRAKASH ASSOCIATES LTD,L
K2INFRA,ST,K2 INFRAGEN LIMITED,L
KAMOPAINTS,BE,KAMDHENU VENTURES LIMITED,L
KARMAENG,EQ,KARMA ENERGY LIMITED,L
KCEIL,ST,KAY CEE ENERGY & INFRA L,L
KCK,ST,KCK INDUSTRIES LTD,L
KDDL,EQ,KDDL LIMITED,L
KEEPLEARN,BE,DSJ KEEP LEARNING LTD,L
KERNEX,BE,KERNEX MICROSYS(I) LTD,L
KITEX,BE,KITEX GARMENTS LTD,L
KKJEWELS,ST,KABRA JEWELS LIMITED,L
KONSTELEC,ST,KONSTELEC ENGINEERS LTD,L
KONTOR,SM,KONTOR SPACE LIMITED,L
KORE,ST,JAY JALARAM TECHNO LTD,L
KOTHARIPRO,BE,KOTHARI PRODUCTS,L
KOTYARK,ST,KOTYARK INDUSTRIES LTD,L
KPEL,EQ,K.P. ENERGY LIMITED,L
KPIGREEN,EQ,KPI GREEN ENERGY LIMITED,L
KRIDHANINF,BE,KRIDHAN INFRA LIMITED,L
KRITI,EQ,KRITI INDUSTRIES IND LTD,L
KSHITIJPOL,BE,KSHITIJ POLYLINE LIMITED,L
KTL,ST,KALAHRIDHAAN TRENDZ LTD,L
LAKSHYA,ST,LAKSHYA POWERTECH LIMITED,L
LAL,BE,LORENZINI APPARELS LTD,L
LAMBODHARA,BE,LAMBODHARA TEXTILES LTD.,L
LATTEYS,BE,LATTEYS INDUSTRIES LTD,L
LAWSIKHO,ST,ADDICTIVE LEARNING TECH L,L
LCCINFOTEC,BE,LCC INFOTECH LTD,L
LOKESHMACH,BE,LOKESH MACHINES LTD,L
LORDSCHLO,BE,LORDS CHLORO ALKALI LTD,L
LPDC,BE,LANDMARK PR.DEV.CO.LTD,L
LRRPL,ST,LEAD REC AND RUB PROD LTD,L
MAANALU,BE,MAAN ALUMINIUM LIMITED,L
MACPOWER,BE,MACPOWER CNC MACHINES LTD,L
MADHUCON,EQ,MADHUCON PROJECTS LTD.,L
MAHEPC,BE,MAHINDRA EPC IRRIG LTD,L
MAITREYA,SM,MAITREYA MEDICARE LIMITED,L
MAKS,SM,MAKS ENERGY SOL INDIA LTD,L
MANAKCOAT,BE,MAN COAT METAL & IND LTD,L
MANAV,SM,MANAV INFRA PROJECTS LTD,L
MARINE,BE,MARINE ELECTRICAL (I) LTD,L
MASKINVEST,BE,MASK INVESTMENTS LIMITED,L
MAXVOLT,ST,MAXVOLT ENERGY INDUS L,L
MAZDA,BE,MAZDA LIMITED,L
MCLEODRUSS,BE,MCLEOD RUSSEL INDIA LTD.,L
MEDIORG,SM,MEDICAMEN ORGANICS LTD,L
MEGASOFT,BE,MEGASOFT LTD,L
MEP,BZ,MEP INFRA. DEVELOPERS LTD,L
MFML,BE,MAHALAXMI FABRIC MILLS LT,L
MICEL,EQ,MIC ELECTRONICS LTD,L
MIEL,ST,MANGLAM INFRA & ENG LTD,L
MODTHREAD,EQ,MODERN THREADS INDIA LTD,L
MOHITIND,BE,MOHIT INDUSTRIES LTD,L
MONOPHARMA,SM,MONO PHARMACARE LIMITED,L
MORARJEE,BZ,MORARJEE TEXTILES LIMITED,L
MOS,ST,MOS UTILITY LIMITED,L
MSPL,EQ,MSP STEEL & POWER LTD.,L
NAGREEKCAP,EQ,NAGREEKA CAP & INFR.LTD,L
NARMADA,BE,NARMADA AGROBASE LIMITED,L
NAVKARURB,BE,NAVKAR URBANSTRUCTURE LTD,L
NBIFIN,BE,N.B.I. IND. FIN. CO. LTD,L
NEELAM,ST,NEELAM LINENS & GAR (I) L,L
NEXTMEDIA,EQ,NEXT MEDIAWORKS LIMITED,L
NGLFINE,BE,NGL FINE CHEM LIMITED,L
NIBE,EQ,NIBE LIMITED,L
NIBL,BE,NRB INDUS. BEARINGS LTD.,L
NILASPACES,BE,NILA SPACES LIMITED,L
NIRMAN,SM,NIRMAN AGRI GENTICS LTD,L
NITCO,BE,NITCO LIMITED,L
NMSTEEL,ST,NEWMALAYALAM STEEL LTD,L
NRL,EQ,NUPUR RECYCLERS LIMITED,L
NURECA,BE,NURECA LIMITED,L
ODIGMA,BE,ODIGMA CONSULTANCY SOL L,L
OILCOUNTUB,EQ,OIL COUNTRY TUBULAR LTD,L
OMFURN,ST,OMFURN INDIA LIMITED,L
OMKARCHEM,BZ,OMKAR SPL CHEM LTD,L
ONDOOR,ST,ON DOOR CONCEPTS LIMITED,L
ONYX,ST,ONYX BIOTEC LIMITED,L
OPTIEMUS,EQ,OPTIEMUS INFRACOM LTD,L
ORBTEXP,BE,ORBIT EXPORTS LIMITED,L
ORCHPHARMA,EQ,ORCHID PHARMA LIMITED,L
ORIANA,SM,ORIANA POWER LIMITED,L
ORIENTTECH,EQ,ORIENT TECHNOLOGIES LTD,L
ORTEL,BZ,ORTEL COMMUNICATIONS LTD,L
OSELDEVICE,ST,OSEL DEVICES LIMITED,L
PALREDTEC,BE,PALRED TECHNOLOGIES LTD,L
PANACHE,BE,PANACHE DIGILIFE LIMITED,L
PAR,BE,PAR DRUGS AND CHEM LTD,L
PDMJEPAPER,EQ,PUDUMJEE PAPER PRO. LTD,L
PELATRO,ST,PELATRO LIMITED,L
PENINLAND,BE,PENINSULA LAND LIMITED,L
PERFECT,ST,PERFECT INFRAENGINEER LTD,L
PHOGLOBAL,ST,PHOENIX OVERSEAS LIMITED,L
PIGL,BE,POWER INSTRUMENT (G) LTD,L
PIONEEREMB,BE,PIONEER EMBROIDERIES LTD,L
PKTEA,BE,THE P K TEA PROD CO LTD,L
PNC,BE,PRITISH NANDY COMMUNICATI,L
PODDARHOUS,BZ,PODDAR HOUSE & DVPT LTD,L
PRAXIS,EQ,PRAXIS HOME RETAIL LTD,L
PRECOT,BE,PRECOT LIMITED,L
PREMIER,BE,PREMIER LIMITED,L
PRITIKA,ST,PRITIKA ENG COMPO LTD,L
PRIZOR,SM,PRIZOR VIZTECH LIMITED,L
PROZONER,BE,PROZONE REALTY LIMITED,L
PRUDMOULI,BE,PRUDENTIAL SUGAR CORPORAT,L
PSRAJ,ST,P S RAJ STEELS LIMITED,L
QUADPRO,SM,QUADPRO ITES LIMITED,L
QUESTLAB,ST,QUEST LABORATORIES LTD,L
QUICKTOUCH,ST,QUICKTOUCH TECHNOLOGIES L,L
QUINTEGRA,BE,QUINTEGRA SOLUTIONS LTD.,L
QVCEL,ST,QVC EXPORTS LIMITED,L
RADHIKAJWE,EQ,RADHIKA JEWELTECH LIMITED,L
RAJRILTD,BE,RAJ RAYON INDUSTRIES LTD,L
RAJTV,BE,RAJ TV NETWORK LTD,L
RAMANEWS,BE,SHREE RAMA NEWSPRINT LTD,L
RBMINFRA,ST,RBM INFRACON LIMITED,L
RBS,ST,RAMDEVBABA SOLVENT LTD,L
RCOM,BE,RELIANCE COMMUNICATIONS L,L
REFEX,EQ,REFEX INDUSTRIES LIMITED,L
REGENCERAM,BE,REGENCYCERAMICS-LTD,L
REPL,BE,RUDRABHISHEK ENTERP LTD,L
RKEC,EQ,RKEC PROJECTS LIMITED,L
RNFI,ST,RNFI SERVICES LIMITED,L
ROLTA,BZ,ROLTA INDIA LTD,L
ROSSELLIND,BE,ROSSELL INDIA LIMITED,L
ROXHITECH,ST,ROX HI TECH LIMITED,L
RSSOFTWARE,BE,R. S. SOFTWARE (INDIA) LI,L
RULKA,ST,RULKA ELECTRICALS LIMITED,L
RVHL,BE,RAVINDER HEIGHTS LIMITED,L
RVTH,EQ,REVATHI EQUIPMENT INDIA L,L
S&SPOWER,EQ,S&S POWER SWITCHGEARS LTD,L
SABAR,ST,SABAR FLEX INDIA LIMITED,L
SADBHAV,BE,SADBHAV ENGINEERING LTD,L
SADHNANIQ,BE,SADHANA NITROCHEM LIMITED,L
SAHANA,ST,SAHANA SYSTEM LIMITED,L
SAHASRA,ST,SAHASRA ELECTRONIC SOLU L,L
SAIFL,ST,SAMEERA AGRO AND INFRA L,L
SAJHOTELS,ST,SAJ HOTELS LIMITED,L
SAMPANN,BE,SAMPANN UTPADAN INDIA LTD,L
SANWARIA,BZ,SANWARIA CONSUMER LIMITED,L
SARLAPOLY,BE,SARLA PERF. FIBERS LTD,L
SATECH,ST,S A TECH SOFTWARE INDIA L,L
SATKARTAR,SM,SAT KARTAR SHOPPING LTD,L
SBGLP,BE,SURATWWALA BUS GROUP LTD,L
SDREAMS,ST,S D RETAIL LIMITED,L
SECURCRED,BZ,SECUR CREDENTIALS LIMITED,L
SECURKLOUD,EQ,SECUREKLOUD TECH LIMITED,L
SEJALLTD,EQ,SEJAL GLASS LIMITED,L
SEL,ST,SUNGARNER ENERGIES LTD,L
SETCO,BE,SETCO AUTOMOTIVE LTD,L
SEYAIND,BE,SEYA INDUSTRIES LIMITED,L
SFML,ST,SUPREME FACILITY MGMT LTD,L
SGIL,BE,SYNERGY GREEN IND. LTD,L
SHAKTIPUMP,EQ,SHAKTI PUMPS (I) LTD,L
SHANTHALA,ST,SHANTHALA FMCG PRODUCTS L,L
SHANTI,EQ,SHANTI OVERSEAS INDIA LTD,L
SHEKHAWATI,BE,SHEKHAWATI INDUSTRIES LTD,L
SHRADHA,BE,SHRADHA INFRAPROJECTS LTD,L
SICALLOG,BE,SICAL LOGISTICS LIMITED,L
SIDDHIKA,ST,SIDDHIKA COATINGS LIMITED,L
SIGNORIA,ST,SIGNORIA CREATION LIMITED,L
SIGNPOST,BE,SIGNPOST INDIA LIMITED,L
SILLYMONKS,EQ,SILLY MONKS ENTERTAIN LTD,L
SIMBHALS,BE,SIMBHAOLI SUGARS LTD.,L
SIMPLEXINF,EQ,SIMPLEX INFRASTRUCTURES L,L
SITINET,BZ,SITI NETWORKS LIMITED,L
SKIL,BZ,SKIL INFRASTRUCTURE LTD.,L
SKYGOLD,BE,SKY GOLD LIMITED,L
SLONE,ST,SLONE INFOSYSTEMS LIMITED,L
SMARTLINK,EQ,SMARTLINK HOLDINGS LTD,L
SOLARA,EQ,SOLARA ACTIVE PHA SCI LTD,L
SOLARAPP,E1,SOLAR ACT RS.3.50 PPD UP,L
SOLEX,ST,SOLEX ENERGY LIMITED,L
SONUINFRA,ST,SONU INFRATECH LIMITED,L
SPCL,ST,SHIVALIC POWER CONTROL L,L
SPMLINFRA,BE,SPML INFRA LIMITED,L
SRM,BE,SRM CONTRACTORS LIMITED,L
SRPL,BZ,SHREE RAM PROTEINS LTD.,L
SSFL,SM,SRIVARI SPICES N FOODS L,L
SUMIT,EQ,SUMIT WOODS LIMITED,L
SUNDRMBRAK,BE,SUNDARAMBRAKE LININGS LTD,L
SUNFLAG,BE,SUNFLAG IRON AND STEEL CO,L
SURAJLTD,EQ,SURAJ LIMITED,L
SUULD,BZ,SUUMAYA INDUSTRIES LTD,L
SWELECTES,EQ,SWELECT ENERGY SYS LTD,L
TAC,ST,TAC INFOSEC LIMITED,L
TAKE,BZ,TAKE SOLUTIONS LTD,L
TAPIFRUIT,SM,TAPI FRUIT PROCESSING LTD,L
TARACHAND,BE,TARA CHAND INFRA SOLN LTD,L
TARC,EQ,TARC LIMITED,L
TBI,SM,TBI CORN LIMITED,L
TBZ,EQ,TRIB BHIMJI ZAVERI LTD,L
TCIFINANCE,BE,TCIFINANCELTD-ROLL SETT,L
TECHIN,BZ,TECHINDIA NIRMAN LIMITED,L
TECHLABS,ST,TRIDENT TECHLABS LIMITED,L
TFL,BE,TRANSWARRANTY FIN. LTD.,L
TGL,ST,TEERTH GOPICON LIMITED,L
THESL,ST,THINKING HATS ENTER SOL L,L
TICL,EQ,TWAMEV CONS AND INFRA LTD,L
TIJARIA,BE,TIJARIA POLYPIPES LTD,L
TIL,EQ,TIL LTD,L
TIRUPATIFL,BE,TIRUPATI FORGE LIMITED,L
TNTELE,BE,TAMILNADU TELECOMMUNICATI,L
TOUCHWOOD,BE,TOUCHWOOD ENTERTAIN LTD.,L
TPHQ,BE,TEAMO PRODUCTIONS HQ LTD,L
TRANSTEEL,ST,TRANSTEEL SEATING TECH L,L
TRU,BE,TRUCAP FINANCE LIMITED,L
TTL,BE,T T LIMITED,L
UCAL,BE,UCAL LIMITED,L
UEL,BE,UJAAS ENERGY LIMITED,L
UHTL,ST,UNITED HEAT TRANSFER LTD,L
UMANGDAIRY,BE,UMANG DAIRIES LIMITED,L
UMESLTD,EQ,USHA MARTIN EDU & SOL LTD,L
UNIINFO,EQ,UNIINFO TELECOM SERVI LTD,L
UNITECH,BZ,UNITECH LIMITED,L
UNITEDPOLY,EQ,UNITED POLYFAB GUJ. LTD.,L
URBAN,SM,URBAN ENVIRO WASTE MGMT L,L
V2RETAIL,BE,V2 RETAIL LIMITED,L
VAKRANGEE,EQ,VAKRANGEE LIMITED,L
VARDMNPOLY,BE,VARDHMAN POLYTEX LTD.,L
VEEKAYEM,SM,VEEKAYEM FASH & APP LTD,L
VELS,ST,VELS FILM INTERNATIONAL L,L
VHLTD,BE,VICEROY HOTELS LIMITED,L
VINYAS,SM,VINYAS INNOVATIVE TECH L,L
VIPULLTD,BE,VIPUL LIMITED,L
VISASTEEL,BE,VISA STEEL LIMITED,L
VIVIANA,ST,VIVIANA POWER TECH LTD,L
VLEGOV,BE,VL E GOV AND IT SOL LTD,L
VMARCIND,ST,V MARC INDIA LIMITED,L
VOLERCAR,ST,VOLER CAR LIMITED,L
VR,ST,V R INFRASPACE LIMITED,L
VSCL,ST,VADIVARHE SPCLTY CHEM LTD,L
WALCHANNAG,EQ,WALCHANDNAGAR INDUSTRIES,L
WALPAR,SM,WALPAR NUTRITIONS LIMITED,L
WEALTH,BE,WEALTH FRST PORT. MG. LTD,L
WEBELSOLAR,BE,WEBSOL ENERGY SYSTEM LTD,L
WINDMACHIN,EQ,WINDSOR MACHINES LIMITED,L
WINSOME,BZ,WINSOME YARNS LIMITED,L
WOMANCART,ST,WOMANCART LIMITED,L
WSI,BE,W.S.INDUSTRIES (I) LTD.,L
YAARI,BE,YAARI DIGI INT SER LTD,L
YUDIZ,SM,YUDIZ SOLUTIONS LIMITED,L
ZENITHDRUG,ST,ZENITH DRUGS LIMITED,L
ZENITHEXPO,BE,ZENITH EXPORTS LTD,L
ZTECH,ST,Z-TECH (INDIA) LIMITED,L
