GAIN_LOSS,SECURITY,CLOSE_PRIC,PREV_CL_PR,PERCENT_CG
 ,Nifty 50 Sec., , , 
 , , , , 
G,BHARAT ELECTRONICS LTD,       257.39,       246.25,4.52
G,GRASIM INDUSTRIES LTD,      2377.45,      2306.65,3.07
G,EICHER MOTORS LTD,      4906.60,      4773.60,2.79
G,JSW STEEL LIMITED,       976.05,       950.70,2.67
G,BHARAT PETROLEUM CORP  LT,       242.41,       237.30,2.15
G,WIPRO LTD,       283.55,       277.65,2.12
G,ULTRATECH CEMENT LIMITED,     10340.80,     10128.45,2.1
G,TRENT LTD,      4946.90,      4851.55,1.97
G,APOLLO HOSPITALS ENTER. L,      6170.60,      6052.60,1.95
G,BHARTI AIRTEL LIMITED,      1595.80,      1570.20,1.63
G,HDFC LIFE INS CO LTD,       618.00,       608.50,1.56
G,INFOSYS LIMITED,      1708.60,      1687.70,1.24
G,BAJAJ FINANCE LIMITED,      8627.85,      8530.30,1.14
G,LARSEN & TOUBRO LTD.,      3197.30,      3163.85,1.06
G,MAHINDRA & MAHINDRA LTD,      2611.90,      2585.10,1.04
G,ADANI ENTERPRISES LIMITED,      2117.10,      2096.00,1.01
G,TATA STEEL LIMITED,       138.57,       137.20,1
G,NTPC LTD,       314.40,       311.45,.95
G,STATE BANK OF INDIA,       695.30,       688.80,.94
G,POWER GRID CORP. LTD.,       252.50,       250.85,.66
G,SHRIRAM FINANCE LIMITED,       621.30,       617.30,.65
G,ITC LTD,       397.45,       395.00,.62
G,KOTAK MAHINDRA BANK LTD,      1914.60,      1902.95,.61
G,TECH MAHINDRA LIMITED,      1493.05,      1487.85,.35
G,HINDALCO  INDUSTRIES  LTD,       636.55,       634.35,.35
G,TATA CONSULTANCY SERV LT,      3493.05,      3483.25,.28
G,DR. REDDY S LABORATORIES,      1119.60,      1116.50,.28
G,ICICI BANK LTD.,      1206.20,      1204.10,.17
G,TITAN COMPANY LIMITED,      3082.00,      3077.25,.15
G,TATA MOTORS LIMITED,       621.15,       620.65,.08
 , , , , 
L,COAL INDIA LTD,       360.35,       369.35,-2.44
L,RELIANCE INDUSTRIES LTD,      1171.25,      1200.10,-2.4
L,BAJAJ AUTO LIMITED,      7714.80,      7902.90,-2.38
L,BAJAJ FINSERV LTD.,      1838.55,      1872.30,-1.8
L,HDFC BANK LTD,      1701.55,      1732.40,-1.78
L,SBI LIFE INSURANCE CO LTD,      1408.50,      1430.50,-1.54
L,ADANI PORT & SEZ LTD,      1053.05,      1069.40,-1.53
L,MARUTI SUZUKI INDIA LTD.,     11775.60,     11945.85,-1.43
L,HERO MOTOCORP LIMITED,      3630.75,      3681.10,-1.37
L,TATA CONSUMER PRODUCT LTD,       953.90,       963.70,-1.02
L,AXIS BANK LIMITED,      1007.25,      1015.55,-0.82
L,INDUSIND BANK LIMITED,       984.00,       990.10,-0.62
L,ASIAN PAINTS LIMITED,      2166.40,      2179.75,-0.61
L,HINDUSTAN UNILEVER LTD.,      2176.85,      2190.25,-0.61
L,SUN PHARMACEUTICAL IND L,      1585.10,      1593.25,-0.51
L,NESTLE INDIA LIMITED,      2185.55,      2189.65,-0.19
L,HCL TECHNOLOGIES LTD,      1572.40,      1575.05,-0.17
L,OIL AND NATURAL GAS CORP.,       225.13,       225.25,-0.05
 , , , , 
 ,Nifty Next 50 Sec., , , 
 , , , , 
G,REC LIMITED,       377.80,       360.30,4.86
G,VARUN BEVERAGES LIMITED,       456.95,       436.05,4.79
G,SIEMENS LTD,      4836.70,      4623.50,4.61
G,TVS MOTOR COMPANY  LTD,      2323.85,      2225.50,4.42
G,POWER FIN CORP LTD.,       379.70,       364.30,4.23
G,ADANI GREEN ENERGY LTD,       804.10,       774.40,3.84
G,VEDANTA LIMITED,       409.15,       394.75,3.65
G,LTIMINDTREE LIMITED,      4834.20,      4665.95,3.61
G,BHEL,       185.47,       179.17,3.52
G,HINDUSTAN AERONAUTICS LTD,      3187.05,      3088.20,3.2
G,ABB INDIA LIMITED,      5088.30,      4935.40,3.1
G,JSW ENERGY LIMITED,       473.85,       464.10,2.1
G,DLF LIMITED,       647.30,       635.55,1.85
G,UNITED SPIRITS LIMITED,      1306.15,      1284.45,1.69
G,AMBUJA CEMENTS LTD,       471.80,       464.95,1.47
G,SHREE CEMENT LIMITED,     27678.90,     27284.00,1.45
G,AVENUE SUPERMARTS LIMITED,      3453.20,      3403.95,1.45
G,CHOLAMANDALAM IN & FIN CO,      1419.75,      1400.75,1.36
G,DIVI S LABORATORIES LTD,      5540.25,      5480.25,1.09
G,TATA POWER CO LTD,       342.85,       339.20,1.08
G,INDIAN OIL CORP LTD,       114.56,       113.49,0.94
G,PIDILITE INDUSTRIES LTD,      2681.30,      2657.90,0.88
G,ADANI POWER LTD,       483.15,       478.95,0.88
G,INDIAN RAIL TOUR CORP LTD,       676.60,       670.95,0.84
G,SAMVRDHNA MTHRSN INTL LTD,       119.41,       118.59,0.69
G,NHPC LTD,        73.37,        72.90,0.64
G,CANARA BANK,        81.42,        80.90,0.64
G,BOSCH LIMITED,     26691.55,     26544.00,0.56
G,HAVELLS INDIA LIMITED,      1429.30,      1421.80,0.53
G,ADANI ENERGY SOLUTION LTD,       654.05,       650.90,0.48
 , , , , 
L,JIO FIN SERVICES LTD,       200.92,       207.61,-3.22
L,UNION BANK OF INDIA,       109.07,       112.10,-2.7
L,BAJAJ HOLDINGS & INVS LTD,     11346.75,     11574.35,-1.97
L,ICICI LOMBARD GIC LIMITED,      1663.50,      1690.95,-1.62
L,LIFE INSURA CORP OF INDIA,       729.20,       740.50,-1.53
L,GAIL (INDIA) LTD,       154.05,       156.04,-1.28
L,INDIAN RAILWAY FIN CORP L,       111.13,       112.42,-1.15
L,ADANI TOTAL GAS LIMITED,       551.80,       557.15,-0.96
L,MACROTECH DEVELOPERS LTD,      1120.85,      1130.90,-0.89
L,ZYDUS LIFESCIENCES LTD,       870.45,       876.60,-0.7
L,GODREJ CONSUMER PRODUCTS,       998.35,      1005.15,-0.68
L,BANK OF BARODA,       195.91,       197.07,-0.59
L,INFO EDGE (I) LTD,      6962.20,      6992.65,-0.44
L,DABUR INDIA LTD,       491.75,       493.30,-0.31
L,INTERGLOBE AVIATION LTD,      4464.70,      4477.30,-0.28
L,JINDAL STEEL & POWER LTD,       854.35,       856.15,-0.21
L,PUNJAB NATIONAL BANK,        87.29,        87.39,-0.11
 , , , , 
 ,OTHER SECURITIES, , , 
 , , , , 
G,SEC RE NCD 10.05% SR.IV,       765.19,       637.66,20
G,COFFEE DAY ENTERPRISE LTD,        25.53,        21.28,19.97
G,SEC RE NCD 10.25% SR XII,       900.00,       781.00,15.24
G,INDOCO REMEDIES LTD.,       224.37,       196.47,14.2
G,SEC RE NCD 10.30% SR.VII,       930.00,       823.58,12.92
G,THE RUBY MILLS LTD,       203.35,       181.22,12.21
G,ANUPAM RASAYAN INDIA LTD,       709.30,       632.40,12.16
G,NARAYANA HRUDAYALAYA LTD.,      1615.60,      1444.50,11.84
G,AUTHUM INVEST & INFRA LTD,      1576.35,      1409.60,11.83
G,AKASH INFRA-PROJECTS LTD,        28.41,        25.73,10.42
G,NITIRAJ ENGINEERS LTD,       296.65,       269.68,10
G,FRANTEMAMC - FICRF3GP,         2.59,         2.36,9.75
G,WELSPUN LIVING LIMITED,       116.87,       106.92,9.31
G,BROOKS LAB LIMITED,       107.07,        98.10,9.14
G,GUJARAT THEMIS BIOSYN LTD,       238.59,       218.91,8.99
G,WINDLAS BIOTECH LIMITED,       826.50,       763.00,8.32
G,RAJGOR CASTOR DERIVATI L,        22.15,        20.60,7.52
G,TUBE INVEST OF INDIA LTD,      2640.10,      2462.15,7.23
G,ONESOURCE SPECL PHARMA L,      1326.75,      1238.20,7.15
G,ORIENT HOTELS LTD,       140.62,       131.24,7.15
G,LLOYDS LUXURIES LIMITED,        75.00,        70.00,7.14
G,UNICHEM LABORATORIES LTD,       648.15,       604.95,7.14
G,NACL INDUSTRIES LIMITED,        60.55,        56.65,6.88
G,SML ISUZU LIMITED,      1127.95,      1055.80,6.83
G,ADITYA BIRLA REAL EST LTD,      1990.20,      1863.10,6.82
G,DHARIWALCORP LIMITED,       113.00,       106.00,6.6
G,BARFLEX POLYFILMS LIMITED,        49.50,        46.45,6.57
G,AMBEY LABORATORIES LTD,        52.45,        49.25,6.5
G,LA OPALA RG LIMITED,       216.09,       203.10,6.4
G,HERITAGE FOODS LTD,       384.15,       361.50,6.27
 , , , , 
L,UNIINFO TELECOM SERVI LTD,        19.36,        24.20,-20
L,MANORAMA INDUSTRIES LTD,       773.60,       952.95,-18.82
L,MANGALAM DRUG & CHEM LTD,        76.61,        91.92,-16.66
L,SHIGAN QUANTUM TECH LTD,        62.45,        73.00,-14.45
L,SEC RE NCD 9.10% SR III,       911.00,      1064.00,-14.38
L,KODY TECHNOLAB LIMITED,       801.85,       921.80,-13.01
L,UTSSAV CZ GOLD JEWELS LTD,       151.50,       173.75,-12.81
L,READYMIX CONSTRU MACHI L,        57.40,        65.80,-12.77
L,LANCOR HOLDINGS LIMITED,        20.96,        23.90,-12.3
L,N R AGARWAL INDS LTD,       233.65,       264.85,-11.78
L,SATI POLY PLAST LIMITED,       123.10,       139.05,-11.47
L,DIGISPICE TECHNOLOGIES LT,        18.85,        21.29,-11.46
L,INTEGRATED PERSO SER LTD,       289.10,       326.50,-11.45
L,SEC RE NCD 10.5% SR IV,       890.00,      1000.00,-11
L,ARISTO BIO T AND LIFESC L,        88.10,        98.85,-10.88
L,CHAMUNDA ELECTRICAL LTD,        38.10,        42.70,-10.77
L,KUNDAN EDIFICE LIMITED,       108.60,       121.00,-10.25
L,KAUSHALYA LOGISTICS LTD,        73.15,        81.40,-10.14
L,INTERNATIO GEMM INS (I) L,       366.25,       406.95,-10
L,BHARAT WIRE ROPES LTD.,       128.35,       142.60,-9.99
L,CAPITAL TRUST LIMITED,        70.23,        77.99,-9.95
L,GALA PRECISION ENG LTD,       894.85,       993.65,-9.94
L,HILTON METAL FORGING LTD,        76.32,        84.73,-9.93
L,PYRAMID TECHNOPLAST LTD,       150.53,       166.97,-9.85
L,AGRI-TECH (INDIA) LIMITED,       133.60,       148.00,-9.73
L,UNITED POLYFAB GUJ. LTD.,       131.45,       145.19,-9.46
L,MARAL OVERSEAS LTD,        57.71,        63.68,-9.38
L,AGRO PHOS INDIA LIMITED,        27.71,        30.55,-9.3
L,LLOYDS ENTERPRISES LTD,        40.97,        45.16,-9.28
L,KEN ENTERPRISES LIMITED,        47.30,        52.10,-9.21
