SECURITY,NEW,PREVIOUS,NEW_STATUS
2.50%GOLDBONDS2027SR-VI,8610,8600,H
GOI LOAN   6.75% 2029,101,100.99,H
CAPITAL INFRA TRUST,108.95,102.3,H
TSI 9.35% 34 SR I-H,105801.35,105776.23,H
GOI TBILL 182D-29/05/25,98.48,98.38,H
SDL UP 7.73% 2033,100,99.5,H
GOI TBILL 364D-13/03/25,99.71,99.16,H
SEC RE NCD 10.50% SR VI,1004.01,1004,H
SEC RE NCD 9.90% SR VII,1056,1052.5,H
ABBOTT INDIA LIMITED,31567,30668,H
8.50% TAX FREE TR I S IIA,1196.95,1195,H
SHREE VASU LOGISTICS LTD,400,359.95,H
INNOVATIVE TYRE & TUBE LT,29.35,28.8,H
NARAYANA HRUDAYALAYA LTD.,1659,1514.7,H
GOI TBILL 364D-18/04/25,99,98.36,H
ABANS HOLDINGS LIMITED,199.81,198.9,H
R M DRIP & SPRINK SYS LTD,385,250,H
BLUE COAST HOTELS LIMITED,44.84,43.97,H
GOI TBILL 364D-06/11/25,96,95.57,H
JALAN TRANSOLU. INDIA LTD,14.15,13.9,H
GOI TBILL 91D-06/03/25,99.95,99.81,H
GROWWAMC - GROWWN200,11.6,10.2,H
TSI 9.35% 27 SR I-A,103022,102783.07,H
MIRAEAMC - MAHKTECH,26.36,25.98,H
SEC RE NCD 0% SR.VII,1080,1060,H
NORBEN TEA &EXPORTS LTD,47.14,46.22,H
FRANTEMAMC - FICRF3GP,2.59,2.36,H
GOI TBILL 364D-31/07/25,97.15,96.57,H
GOI TBILL 182D-15/05/25,98.81,98.5,H
SEC RE NCD 8.90% SR VI,1000,995,H
SEC RE NCD SR.III,1188.39,1186,H
SWAN DEFENCE N HEVY IND L,61.3,58.39,H
SEC RE NCD 10.75% SR XI,1000,993.38,H
KANDARP DG SMART BPO LTD,67,65.1,H
GOI TBILL 364D-15/08/25,97.05,96.64,H
TSIIC 9.35% 2033 SR 1- G,105778.6,104671.52,H
GOI TBILL 91D-01/05/25,98.98,98.87,H
MUSIC BROADCAST LIMITED,9.3,9.5,L
SHRENIK LIMITED,0.62,0.65,L
AHLADA ENGINEERS LIMITED,58.97,61.15,L
ANDHRA PAPER LIMITED,73,73.02,L
EXXARO TILES LIMITED,7.32,7.61,L
BOMBAY METRICS S C LTD,46,46.1,L
BARBEQUE NATION HOSP. LTD,266.6,270.5,L
VAIDYA SANE AYUR LAB LTD,96,96.2,L
LINC LIMITED,100.4,105.75,L
RESTAURANT BRAND ASIA LTD,61.52,63,L
HERANBA INDUSTRIES LTD,221.1,236,L
HP ADHESIVES LIMITED,42.65,45,L
RAJSHREE POLYPACK LTD,22.2,24,L
SHIGAN QUANTUM TECH LTD,61.5,67,L
JTL INDUSTRIES LIMITED,77.06,78.46,L
KAUSHALYA LOGISTICS LTD,72.1,78,L
BRAINBEES SOLUTIONS LTD,359.1,373.35,L
CADSYS (INDIA) LIMITED,71.15,73.3,L
TBO TEK LIMITED,1138.05,1180.1,L
TROM INDUSTRIES LIMITED,148.3,157,L
SADHAV SHIPPING LIMITED,102.1,105.05,L
SAHYADRI INDUSTRIES LTD,211,225.05,L
SAMMAAN CAPITAL LIMITED,103.85,105.61,L
SARASWATI SAREE DEPOT LTD,94.57,99,L
GLOBESECURE TECHNO LTD,21.7,29.2,L
GLOSTER LIMITED,532.95,561.05,L
IBL FINANCE LIMITED,48.55,50.65,L
NAMO EWASTE MANAGEMENT L,144.35,152.05,L
AKUMS DRUGS AND PHARMA L,432.6,445.05,L
ALLCARGO GATI LIMITED,58.41,62.01,L
AMBEY LABORATORIES LTD,42.25,48,L
ARCHIDPLY DECOR LIMITED,62,66,L
STANLEY LIFESTYLES LTD,259.1,261,L
POLYSIL IRRIGATION SYST L,14.45,15.45,L
MIRAEAMC - MIDSMALL,40.05,40.67,L
MIRAEAMC - SMALLCAP,37.45,38.4,L
ICICIPRAMC - OILIETF,9.45,9.7,L
UNICOMMERCE ESOLUTIONS L,96.03,106,L
FORGE AUTO INTERNATION L,69.95,72.75,L
PERFECT INFRAENGINEER LTD,10.55,11.1,L
RADIOWALLA NETWORK LTD,78.45,86,L
GVP INFOTECH LIMITED,8.9,9.1,L
DIGIDRIVE DISTRIBUTORS L,28.11,30.15,L
TRANSWORLD SHIP LINES LTD,234.12,237,L
SIGNPOST INDIA LIMITED,215.79,223.7,L
CMM INFRAPROJECTS LIMITED,2.1,2.2,L
CONS. CONST. CONSORT LTD,14.14,14.25,L
RAYMOND LIFESTYLE LIMITED,1032.1,1080,L
HARDWYN INDIA LIMITED,12.36,12.48,L
QUICKTOUCH TECHNOLOGIES L,49.4,51.35,L
RAPPID VALVES (INDIA) LTD,247,248.25,L
PROTEAN EGOV TECHNO LTD,1247.1,1268.55,L
MAGELLANIC CLOUD LIMITED,52.05,52.81,L
LAMOSAIC INDIA LIMITED,54,61.35,L
EDELAMC - ECAPINSURE,17.42,17.65,L
QUALITY POWER ELEC EQUP L,346.05,370.5,L
GP ECO SOLUTIONS INDIA L,272.2,277.75,L
T T LIMITED,11.12,11.31,L
MAS FINANCIAL SERV LTD,227.25,229.4,L
SHEELA FOAM LIMITED,702,708,L
SUBEX LTD,12.65,13.5,L
INDIGO PAINTS LIMITED,973.55,981.95,L
EASY TRIP PLANNERS LTD,10.91,11.31,L
RACHANA INFRA LTD,25.55,26.1,L
AGNI GREEN POWER LTD,21.55,22.15,L
SEC RE NCD 10.50% SR VI,893,909,L
JAY BEE LAMINATIONS LTD,225.65,237.5,L
CANARYS AUTOMATIONS LTD,23.75,25.55,L
THAAI CASTING LIMITED,92.8,96,L
KOTAK PSU BANK,552,560.11,L
LAKSHYA POWERTECH LIMITED,168.55,177.4,L
MAHALAXMI FABRIC MILLS LT,27.71,28.57,L
EMCURE PHARMACEUTICALS L,935.25,941.5,L
FORCAS STUDIO LIMITED,75,80,L
GACM TECHNOLOGIES LIMITED,0.8,0.81,L
ZERODHAAMC - TOP100CASE,9.22,9.3,L
BANSAL WIRE INDUSTRIES L,323.15,325.1,L
UNIPARTS INDIA LIMITED,305.05,306.35,L
ICICIPRAMC - ICICIALPLV,24.24,24.27,L
MANDEEP AUTO INDUSTRIES L,23.4,23.45,L
MAXPOSURE LIMITED,57,59.1,L
MIRAEAMC - EVINDIA,25.01,25.5,L
ARABIAN PETROLEUM LIMITED,69,69.5,L
ASHAPURA LOGISTICS LTD,73,75.1,L
NUPUR RECYCLERS LIMITED,53.16,65.41,L
ORIENT CERATECH LIMITED,30.41,33.4,L
GPT HEALTHCARE LIMITED,127.75,128.7,L
AGS TRANSACT TECH LTD,18.97,19.97,L
AKI INDIA LIMITED,8.76,8.94,L
RADIANT CASH MGMT SER LTD,57.01,59.56,L
DURLAX TOP SURFACE LTD,42.1,42.25,L
CYIENT DLM LIMITED,381,391.2,L
QVC EXPORTS LIMITED,28.45,29.65,L
WOL 3D INDIA LIMITED,100,108,L
PRECISION METALIKS LTD,28.15,29.45,L
IIFL CAPITAL SERVICES LTD,199,212.4,L
V.L.INFRAPROJECTS LIMITED,46.8,52.5,L
NTPC GREEN ENERGY LIMITED,84.55,87.02,L
INDIAN PHOSPHATE LIMITED,51.05,52.2,L
KNOWLEDGE MARINE & EN W L,1437.55,1480.05,L
SEMAC CONSULTANTS LIMITED,374.75,377.15,L
NET AVENUE TECHNOLOGIES L,5.75,6,L
NIBE LIMITED,935.6,980.75,L
JFL LIFE SCIENCES LIMITED,20.65,21.05,L
FALCON TECHNOPROJ IND LTD,30.55,31,L
P S RAJ STEELS LIMITED,133.55,140,L
S D RETAIL LIMITED,96,100.15,L
HP TELECOM INDIA LIMITED,110.5,111.05,L
ALLCARGO LOGISTICS LTD,29.3,29.5,L
BINANI INDUSTRIES LTD,10.61,11.68,L
NANDAN DENIM LIMITED,3.05,3.11,L
SALASAR TECHNO ENGG. LTD.,8.36,8.95,L
IRIS CLOTHINGS LIMITED,45,45.28,L
ACCURACY SHIPPING LIMITED,7,7.52,L
3I INFOTECH LIMITED,22.5,23.54,L
INDIA PESTICIDES LIMITED,119.79,125.65,L
SAKUMA EXPORTS LIMITED,2.56,2.65,L
SEC RE NCD 8.97% SR V,912,989,L
THEJO ENGINEERING LIMITED,1540,1550,L
TOLINS TYRES LIMITED,113.11,117.66,L
ELIN ELECTRONICS LIMITED,108.21,109,L
FUTURE SUPP CHAIN SOL LTD,1.71,1.73,L
SAI SILKS (KALAMANDIR) L,125.8,133.59,L
SBIAMC - SBINEQWETF,27.48,27.69,L
GOPAL SNACKS LIMITED,259.95,273.85,L
INSPIRE FILMS LIMITED,20.45,20.6,L
VRAJ IRON AND STEEL LTD,142.5,146.65,L
ZERODHAAMC - MID150CASE,8.6,8.74,L
MOTILALAMC - MOMENTUM50,44,44.4,L
NAMAN IN-STORE (INDIA) L,74.75,78.15,L
MARCO CABLE & CONDUCTOR L,37.5,38,L
OLA ELECTRIC MOBILITY LTD,53.71,55.68,L
PODDAR HOUSE & DVPT LTD,45.6,48.01,L
GROWWAMC - GROWWDEFNC,49.83,50.18,L
SONA MACHINERY LIMITED,84.35,113.65,L
AFCONS INFRASTRUCTURE LTD,398.75,408.75,L
POPULAR VEHICLES N SER L,99.4,108.11,L
NARMADA AGROBASE LIMITED,16.13,16.9,L
MEDICAMEN ORGANICS LTD,30.15,31.7,L
DSPAMC - DSPPSBKETF,55.47,56.16,L
DEEM ROLL TECH LIMITED,60,62,L
MOTISONS JEWELLERS LTD,16.44,17.25,L
DECCAN TRANSCON LEASING L,53,53.2,L
DIVYADHAN RECYCLING IND L,46.75,49.2,L
UNILEX COLOURS AND CHEM L,58,60,L
WESTERN CARRIERS (IND) L,83.58,85.41,L
PREMIUM PLAST LIMITED,34,35.1,L
PRESSTONIC ENGINEERING L,83.6,87,L
SICAL LOGISTICS LIMITED,87.38,90.21,L
ROSSELL TECHSYS LIMITED,245.15,260.1,L
RUDRABHISHEK ENTERP LTD,198.59,206,L
INDO US BIOTECH LTD,187,190.58,L
INTERNATIO GEMM INS (I) L,366.25,389.3,L
MAZDA LIMITED,213.41,220.15,L
KBC GLOBAL LIMITED,1.09,1.12,L
OBSC PERFECTION LIMITED,154.85,158,L
HOAC FOODS INDIA LIMITED,112,114.5,L
MARSHALL MACHINES LTD,18.14,18.23,L
ADDICTIVE LEARNING TECH L,170.1,179.05,L
SITI NETWORKS LIMITED,0.56,0.58,L
ABS MARINE SERVICES LTD,110.05,114.85,L
INDEF MANUFACTURING LTD,206.57,217.45,L
KOTHARI PRODUCTS,64.12,67.35,L
KAMDHENU LIMITED,27.36,29.16,L
ORIENTAL CARBN & CHEM LTD,158,165.25,L
RAMA STEEL TUBES LIMITED,9.36,9.9,L
RAJNANDINI METAL LIMITED,5.21,5.45,L
DANGEE DUMS LIMITED,4.85,4.88,L
JAIPRAKASH ASSOCIATES LTD,3.73,3.82,L
BIKEWO GREEN TECH LIMITED,17.85,18.1,L
BOROSIL SCIENTIFIC LTD,120,122.9,L
BOSS PACKAGING SOLU LTD,40,45.25,L
BULKCORP INTERNATIONAL L,60.05,63,L
CAPITAL SMALL FIN BANK L,253.55,266.1,L
TRIDHYA TECH LIMITED,22.05,24,L
KRITIKA WIRES LIMITED,7.78,7.8,L
MANBA FINANCE LIMITED,119,128,L
FLAIR WRITING INDUST LTD,200.26,200.85,L
GANDHAR OIL REFINE IND L,128.48,135.85,L
IDEAFORGE TECHNO LTD,338.5,357.15,L
INNOMET ADVANCED MATERI L,125,140.65,L
YASONS CHEMEX CARE LTD,15,15.75,L
UTKARSH SMALL FIN BANK L,22.36,23.51,L
ICICIPRAMC - ICICIQTY30,18.36,18.5,L
SUYOG TELEMATICS LIMITED,941.05,961,L
PENTAGON RUBBER LIMITED,61,61.1,L
PLAZA WIRES LIMITED,53.75,56.4,L
MIRAEAMC - MULTICAP,13.43,13.57,L
AARTECH SOLONICS LIMITED,56.25,58.25,L
SIGMA SOLVE LIMITED,245.3,251,L
SINCLAIRS HOTELS LIMITED,72.86,76.69,L
ATLANTAA LIMITED,33.6,34.29,L
SUNLITE RECYCLING IND LTD,103,118.1,L
YUDIZ SOLUTIONS LIMITED,42.45,44.65,L
EROS INTL MEDIA LTD,9.06,9.54,L
BAID FINSERV LIMITED,10.01,10.3,L
REDTAPE LIMITED,132.66,143.45,L
HAPPY FORGINGS LIMITED,797.15,813.2,L
VIBHOR STEEL TUBES LTD,140,145,L
MEP INFRA. DEVELOPERS LTD,2.44,2.47,L
DCG CABLES & WIRES LTD,61.45,68,L
DIENSTEN TECH LIMITED,105,109.5,L
GANESH INFRAWORLD LIMITED,114.05,125,L
ANUH PHARMA LIMITED,149.98,153.48,L
SURAKSHA DIAGNOSTIC LTD,251.05,260.05,L
SIGNORIA CREATION LIMITED,76.95,81,L
DEEPAK BUILDERS & ENG I L,133.39,137.37,L
ONE MOBIKWIK SYSTEMS LTD,261.35,273.3,L
SUPREME FACILITY MGMT LTD,36.05,37.05,L
KONSTELEC ENGINEERS LTD,74.05,77.2,L
DAM CAPITAL ADVISORS LTD,201.5,213.05,L
DDEV PLASTIKS IND LTD,214,216.2,L
DRONE DESTINATION LIMITED,128.65,131.25,L
CARRARO INDIA LIMITED,302.1,320.95,L
RAMDEVBABA SOLVENT LTD,104.05,107.2,L
SADHANA NITROCHEM LIMITED,23.92,24.45,L
COOL CAPS INDUSTRIES LTD,831.1,848.05,L
KABRA JEWELS LIMITED,113.7,118.8,L
AVG LOGISTICS LIMITED,240.25,247.6,L
REVATHI EQUIPMENT INDIA L,986.05,1037.95,L
BEST AGROLIFE LIMITED,245.9,254.45,L
KEN ENTERPRISES LIMITED,47.1,48.7,L
CHAMUNDA ELECTRICAL LTD,37.5,42,L
IDENTICAL BRAINS STUDIO L,50.65,51.65,L
INVENTURE GRO & SEC LTD,1.39,1.45,L
VISHWARAJ SUGAR IND LTD,9.26,9.8,L
SANGINITA CHEMICALS LTD,10.07,10.26,L
SECUREKLOUD TECH LIMITED,20.27,21.29,L
AKG EXIM LIMITED,12.98,14,L
GENERIC ENG CONS PROJ LTD,24.6,26.5,L
KRISHNA INST OF MED SCI L,474.05,507.8,L
GATEWAY DISTRIPARKS LTD,56.85,58.55,L
SABAR FLEX INDIA LIMITED,7.25,7.6,L
SWASTIK PIPE LIMITED,43,43.5,L
QUADPRO ITES LIMITED,3.2,3.35,L
DREAMFOLKS SERVICES LTD,246.4,254.2,L
CELLO WORLD LIMITED,538.3,550.05,L
LANCOR HOLDINGS LIMITED,19.63,20.71,L
FILATEX FASHIONS LIMITED,0.47,0.48,L
FUT LIFESTYLE FASH LTD,1.64,1.7,L
G-TEC JAINX EDUCATION LTD,29,29.5,L
RUBFILA INTERNATIONAL LTD,66,67,L
WINSOL ENGINEERS LIMITED,180,181,L
ICICIPRAMC - ICICIM150,17.89,18.08,L
MANGLAM INFRA & ENG LTD,26.3,27.65,L
GREENCHEF APPLIANCES LTD,61,63,L
HMA AGRO INDUSTRIES LTD,30.21,31.5,L
ACCENT MICROCELL LIMITED,203,211.65,L
ADITYA ULTRA STEEL LTD,27.5,29.1,L
AERON COMPOSITE LIMITED,112.7,117,L
BABA FOOD PROCESSING,45.7,46,L
EXICOM TELE SYSTEMS LTD,145.75,152.7,L
GAJANAND INTERNATIONAL L,12.1,12.15,L
PURV FLEXIPACK LIMITED,111.15,116,L
RAGHAV PRODUCTIVITY ENH L,451,484,L
TECHINDIA NIRMAN LIMITED,20.75,21.85,L
DAVANGERE SUGAR COMPANY L,4.57,4.76,L
DHRUV CONSULTANCY SER LTD,82.56,83.93,L
OCCL LIMITED,63.63,66.31,L
AGARWAL TOUGH GLASS IND L,87,92,L
ANKIT MET & POW LTD,1.95,2.05,L
SEC RE NCD 9.48% SR V,950,960,L
SHREE TIRUPATI BALAJEE L,48.27,51.76,L
APEX ECOTECH LIMITED,104,106.05,L
SHUBHSHREE BIOFUELS ENE L,332.85,367.1,L
SUNFLAG IRON AND STEEL CO,199.91,206.44,L
ENVIRO INFRA ENGINEERS L,187.1,195.1,L
OSIA HYPER RETAIL LIMITED,24.25,24.66,L
ODIGMA CONSULTANCY SOL L,36.28,51.71,L
RACL GEARTECH LIMITED,679.95,684,L
RAJPUTANA BIODIESEL LTD,229,237.45,L
SVP GLOBAL TEXTILES LTD,3.18,3.25,L
VADIVARHE SPCLTY CHEM LTD,23.95,25.2,L
CEREBRA INT TECH LTD,5.01,5.15,L
TWAMEV CONS AND INFRA LTD,36.4,40.45,L
MAMATA MACHINERY LIMITED,340.1,358.25,L
MIRAEAMC - CONSUMER,9.8,9.91,L
ALIVUS LIFE SCIENCES LTD,868.1,873.75,L
GE VERNOVA T&D INDIA LTD,1282.35,1319.85,L
TEJAS CARGO INDIA LIMITED,162,163.9,L
GROWWAMC - GROWWRAIL,29.63,30.75,L
PROZONE REALTY LIMITED,29.55,34.2,L
SURATWWALA BUS GROUP LTD,37.65,39.64,L
DELTA AUTOCORP LIMITED,86.65,88.4,L
SPANDANA SPHOORTY FIN LTD,247,250,L
STERLITE TECHNOLOGIES LTD,81.19,85.52,L
AARTI SURFACTANTS LIMITED,402,418.05,L
ANMOL INDIA LIMITED,15.2,15.7,L
DHAMPUR BIO ORGANICS LTD,58.46,61.06,L
JIO FIN SERVICES LTD,198.65,204.25,L
K2 INFRAGEN LIMITED,102.05,121.85,L
BAWEJA STUDIOS LIMITED,55.5,56.6,L
BEACON TRUSTEESHIP LTD,64.5,68,L
BIRLASLAMC-ABSLPSE,8.1,8.14,L
TIPS MUSIC LIMITED,551.6,567.6,L
TRACXN TECHNOLOGIES LTD,50.46,52.51,L
ECOS (INDIA) MOB & HOSP L,167.11,171.34,L
EFFWA INFRA & RESEARCH L,155.5,162.7,L
ELECTRO FORCE (INDIA) LTD,37.5,38.05,L
ESAF SMALL FINANCE BANK L,26.55,28.56,L
FUSION FINANCE LIMITED,140.2,152.11,L
RULKA ELECTRICALS LIMITED,157.6,163.75,L
SATI POLY PLAST LIMITED,119,137,L
GENSOL ENGINEERING LTD,512.2,524.25,L
JEYYAM GLOBAL FOODS LTD,35.8,36,L
VIRINCHI LIMITED,23.17,23.61,L
ICICI PRUD NIFTY 100 ETF,24.4,24.86,L
MOTILALAMC - MODEFENCE,55.21,55.57,L
MOTILALAMC - MOREALTY,78.4,78.8,L
MIRAEAMC - BANKPSU,55.29,55.99,L
AKME FINTRADE (INDIA) LTD,65.52,66,L
SULA VINEYARDS LIMITED,243,250.25,L
8.75% TAX FREE TR I S IIB,1120.01,1129.1,L
TUNWAL E-MOTORS LIMITED,34.65,37.2,L
R R KABEL LIMITED,855,864.15,L
RASHI PERIPHERALS LIMITED,245.15,253.05,L
RISHABH INSTRUMENTS LTD,201.6,207.1,L
KALAHRIDHAAN TRENDZ LTD,11.5,12.1,L
ENSER COMMUNICATIONS LTD,20.45,21.5,L
ASPIRE & INNOVATIVE ADV L,25.75,27.1,L
SWIGGY LIMITED,317,325.3,L
VISION INFRA EQUIP SOL L,111.95,122.6,L
SPP POLYMER LIMITED,22.2,22.7,L
SAAKSHI MEDTEC N PANELS L,143,145.1,L
COMPUAGE INFOCOM LTD,2.09,2.1,L
SHANTHALA FMCG PRODUCTS L,25.05,26.3,L
CHANDAN HEALTHCARE LTD,149.7,154.9,L
JIWANRAM SHEODUTTRA IND L,8.35,8.5,L
SECUR CREDENTIALS LIMITED,2.1,2.22,L
DSPAMC - NEXT30ADD,32.27,32.37,L
MOSCHIP TECHNOLOGIES LTD,137.63,146.25,L
STALLION IND FLUOROCHEM L,60,62.19,L
VARANIUM CLOUD LIMITED,9.85,10.2,L
KOTAKMAMC - MSCIINDIA,25.86,26.06,L
GROWWAMC - GROWWN200,9.07,9.58,L
SHREE RAM PROTEINS LTD.,0.93,1.05,L
BRACE PORT LOGISTICS LTD,87.35,88.7,L
RUCHI INFRASTRUCTURE LTD,7,7.25,L
RUSHIL DECOR LIMITED,23.73,24.36,L
VALIANT ORGANICS LIMITED,250.35,255.5,L
SIS LIMITED,300.05,300.6,L
MEGHMANI ORGANICS LIMITED,59.24,61.51,L
ROTO PUMPS LIMITED,186,194,L
GOLDEN TOBACCO LIMITED,35.73,36,L
SENCO GOLD LIMITED,274,285.7,L
BLS E-SERVICES LIMITED,145.25,151.55,L
THINKING HATS ENTER SOL L,28.85,30.35,L
LORENZINI APPARELS LTD,10.61,11.17,L
ESCONET TECHNOLOGIES LTD,179.95,189.4,L
CRAYONS ADVERTISING LTD,52.45,56,L
YATRA ONLINE LIMITED,66.61,69,L
UTSSAV CZ GOLD JEWELS LTD,145.05,155,L
MUTHOOT MICROFIN LIMITED,126.41,131.09,L
NORTHERN ARC CAPITAL LTD,163.6,165.16,L
MASON INFRATECH LIMITED,73.5,80.25,L
ALLCARGO TERMINALS LTD,26.47,26.5,L
SUKHJIT STARCH & CHEM LTD,185,189.1,L
AURO IMPEX & CHEMICALS L,52.3,55.15,L
KAMDHENU VENTURES LIMITED,10.34,10.87,L
SEC RE NCD 10.03% SR X,810,850.01,L
JNK INDIA LIMITED,264.8,280,L
MAHINDRA EPC IRRIG LTD,110.37,114.85,L
PARAMOUNT SPECIALI FORG L,48.05,48.3,L
ABHA POWER N STEEL LTD,30.5,32.1,L
EDELAMC - EMULTIMQ,34.71,34.83,L
INNOVANA THINKLABS LTD,299,322.2,L
USHA FINANCIAL SERVICES L,75.25,78,L
DEBOCK INDUSTRIES LIMITED,2.28,2.33,L
TBI CORN LIMITED,105.85,109.15,L
PAR DRUGS AND CHEM LTD,99.4,104.64,L
NEWMALAYALAM STEEL LTD,33.75,34.05,L
HBL ENGINEERING LTD,405.55,430,L
KORE DIGITAL LIMITED,383.15,390.95,L
LOYAL TEXTILE MILLS LTD,217.01,218.1,L
SHIVALIC POWER CONTROL L,140.15,143.75,L
VENTIVE HOSPITALITY LTD,523.4,550,L
NAVKAR URBANSTRUCTURE LTD,15.58,15.66,L
SAMEERA AGRO AND INFRA L,58.95,62,L
DMCC SPECIALITY CHEMICALS,288.25,290,L
MAXVOLT ENERGY INDUS L,162.85,163.1,L
GANESH GREEN BHARAT LTD,340.6,348,L
SAHASRA ELECTRONIC SOLU L,307.7,319.3,L
ONESOURCE SPECL PHARMA L,1209.95,1211.5,L
NATURAL CAPSULES LIMITED,203.1,208.9,L
GUJARAT THEMIS BIOSYN LTD,208,212.93,L
MY MUDRA FINCORP LIMITED,62.3,63.55,L
VIPUL LIMITED,10.47,11.03,L
NURECA LIMITED,235.03,243.9,L
HLE GLASCOAT LIMITED,229,241.05,L
POWERGRID INFRA. INVITS,79,79.51,L
CHEMCON SPECIAL CHEM LTD,182.02,188,L
CLEAN SCIENCE & TECH LTD,1106.45,1187.1,L
ASTRON PAPER BORD MIL LTD,12.5,12.51,L
AXITA COTTON LIMITED,10,10.03,L
GO FASHION INDIA LTD,679.5,698.15,L
UDAIPUR CEMENT WORKS LTD,23.1,23.45,L
SPORTKING INDIA LIMITED,70,73.23,L
SHIPPING CORP OF ILA LTD,42.85,44.7,L
IRM ENERGY LIMITED,242.2,257.25,L
ITALIAN EDIBLES LIMITED,29.95,30,L
TATA TECHNOLOGIES LIMITED,634.55,664.45,L
KOTAKMAMC - KOTAKALPHA,39.55,40.25,L
LANDMARK CARS LIMITED,404.45,431.15,L
LLOYDS ENTERPRISES LTD,40.42,41.28,L
SAHAJ SOLAR LIMITED,407,412,L
SANSTAR LIMITED,83.39,86.51,L
ZEAL GLOBAL SERVICES LTD,121,123.3,L
ICICIPRAMC - ICICIFMCG,53.12,53.53,L
MOXSH OVERSEAS EDUCON LTD,29,29.7,L
NOIDA TOLL BRIDGE CO LTD,3.97,4.06,L
MICROPRO SOFTWARE SOL L,26,26.1,L
ANDHRA CEMENTS LIMITED,55,56.68,L
ANSAL PROP & INFRA LTD,6.14,6.47,L
GROWWAMC - GROWWEV,25,25.48,L
AKSHAR SPINTEX LIMITED,0.55,0.56,L
ATAM VALVES LIMITED,82.21,90.2,L
SINDHU TRADE LINKS LTD,13.23,14.6,L
U. Y. FINCORP LIMITED,18,18.11,L
PHOENIX OVERSEAS LIMITED,20.9,22,L
HDFCAMC HDFCPSUBK,55.68,56.49,L
DSPAMC - TOP10ADD,87.33,87.75,L
DELPHI WORLD MONEY LTD,146.17,172.8,L
AIMTRON ELECTRONICS LTD,395,405.1,L
SHEKHAWATI INDUSTRIES LTD,22.11,23.28,L
VINTAGE COFFEE N BVRGS L,75,79.83,L
SANATHAN TEXTILES LIMITED,286.95,295.1,L
ORBIT EXPORTS LIMITED,138.7,155,L
C2C ADVANCED SYSTEMS LTD,358.1,376.95,L
KITEX GARMENTS LTD,153.06,161.12,L
ROX HI TECH LIMITED,58.45,61.15,L
TAKE SOLUTIONS LTD,8.93,9.3,L
UNIMECH AEROSPACE N MFG L,887,905,L
VOLER CAR LIMITED,81.4,85,L
STANDARD GLASS LIN TECH L,124.1,126.75,L
TRANS & RECTI. LTD,356,363.6,L
PRATHAM EPC PROJECTS LTD,181.7,185.4,L
SOLEX ENERGY LIMITED,718.5,756.3,L
SURAJ LIMITED,297.25,300,L
INDIFRA LIMITED,14.85,15,L
READYMIX CONSTRU MACHI L,57.15,65.15,L
TRUST FINTECH LIMITED,93.3,95.2,L
NGL FINE CHEM LIMITED,1005.7,1016,L

