SYMBOL,SYMBOL P/E,ADJUSTED P/E
PENINLAND,44.19,43.35
THERMAX,63.50,63.50
WHEELS,13.16,13.16
ZODIACLOTH,,
RIIL,116.62,116.62
PREMIERPOL,25.01,25.01
RAYMOND,18.99,18.63
RSWM,,
SHREDIGCEM,26.57,26.57
SESHAPAPER,13.25,13.25
SMLISUZU,12.62,12.62
SUPERSPIN,,
SUNDRMFAST,35.57,35.57
FACT,,535.51
EXIDEIND,37.04,37.04
EUROTEXIND,,
ELECON,25.52,25.52
CRISIL,46.91,46.91
LMW,120.85,120.85
ORIENTPPR,,
PEL,40.59,
NELCO,89.74,89.74
MASTEK,17.66,18.16
MAHSCOOTER,64.81,67.54
LUMAXIND,40.53,40.53
TRENT,95.53,134.13
KECL,60.56,257.50
CUMMINSIND,43.14,43.14
KCP,8.41,7.63
JAYBARMARU,30.41,30.41
JBCHEPHARM,39.98,39.98
INFY,25.31,25.31
INDIAGLYCO,19.24,19.24
IONEXCHANG,33.85,33.85
IFBIND,33.40,33.40
IGPL,13.46,13.46
HIMATSEIDE,16.12,16.12
GNFC,13.72,13.72
GFLLIMITED,,
BPCL,7.94,7.78
BHARATFORG,56.60,51.05
BASF,30.24,30.75
FORCEMOT,17.13,17.13
ATUL,37.72,37.72
ARVIND,27.98,27.98
ACC,13.15,14.47
TATAMOTORS,7.18,7.16
SCI,7.29,7.29
MRPL,23.13,22.93
LINDEINDIA,116.41,116.41
HINDPETRO,9.84,9.84
ESCORTS,28.21,28.21
RELINFRA,33.18,
BAJAJHLDNG,85.09,85.09
ASHOKLEY,20.54,20.82
ZUARIIND,,497.66
VOLTAS,51.90,51.90
TITAN,84.41,84.41
TATASTEEL,72.07,59.73
SUNDARMFIN,30.59,29.43
SPIC,18.15,12.25
VEDL,8.65,9.62
SBIN,7.61,7.61
RELIANCE,20.43,20.43
PFIZER,30.11,30.11
NOCIL,23.36,23.36
BOSCHLTD,38.68,38.70
DRREDDY,17.16,17.16
BATAINDIA,45.05,62.62
DEEPAKFERT,13.57,13.57
CHAMBLFERT,14.21,14.21
CARBORUNIV,43.38,51.29
MAHSEAMLES,10.71,10.71
HINDOILEXP,14.42,17.77
DICIND,30.19,31.11
COROMANDEL,29.11,29.11
BALMLAWRIE,12.93,12.93
WILLAMAGOR,,
VINDHYATEL,15.78,15.78
MOTOGENFIN,42.32,42.32
MARALOVER,,
ASIANPAINT,50.49,48.96
RAMCOCEM,52.47,108.38
INDIACEM,,
PGHL,35.32,34.04
ABREL,117.70,117.70
BEML,39.05,39.05
ADORWELD,26.77,24.22
CENTENKA,13.94,13.94
TATACHEM,,37.89
TORNTPHARM,53.59,53.59
VTL,13.69,13.69
ATFL,347.61,311.12
FEDERALBNK,10.73,10.73
EPL,23.66,22.64
VLSFINANCE,4.53,4.53
VIPIND,,
SUPREMEIND,47.31,47.31
SRF,72.25,72.25
BIRLACABLE,83.72,83.72
BALRAMCHIN,23.67,23.67
ANSALAPI,,
AEGISLOG,37.75,37.75
WEIZMANIND,20.25,20.25
UNITECH,,
UNICHEMLAB,,43.81
BBOX,34.09,26.33
HONAUT,56.03,56.03
JTEKTINDIA,34.34,34.56
SAURASHCEM,165.57,165.57
RANEHOLDIN,8.00,75.55
PRECOT,12.43,15.45
TATAELXSI,41.64,41.64
SUNPHARMA,33.28,32.27
KOHINOOR,,
OILCOUNTUB,,
SHREYANIND,5.33,5.33
SHALPAINTS,,
SANDESH,6.14,6.16
HCC,15.99,
BAJAJHIND,,
ASHIMASYN,3.88,3.88
APOLLOHOSP,66.03,66.03
ARE&M,17.69,19.13
ADANIENT,62.25,59.17
IVP,12.54,12.54
BALKRISIND,28.52,28.52
TIRUMALCHM,,
INDBANK,14.97,14.97
GINNIFILA,,139.22
EICHERMOT,33.91,33.91
RAJSREESUG,11.67,11.67
GVT&D,70.20,70.20
NEULANDLAB,45.40,56.91
ONGC,7.01,6.78
ITI,,
ZENSARTECH,25.93,25.93
TIL,7.89,165.65
TAINWALCHM,53.92,53.92
BERGEPAINT,52.51,52.51
BANARISUG,44.65,44.65
JINDALPOLY,10.51,17.79
ANIKINDS,,
KPIL,28.98,28.98
JYOTISTRUC,54.46,54.46
IGARASHI,62.90,62.90
BSL,17.25,17.25
BLUEDART,51.74,51.74
NKIND,857.06,857.06
JAYNECOIND,234.39,97.81
MUNJALSHOW,16.02,16.02
APCOTEXIND,32.38,32.38
SOTL,22.85,22.85
HSCL,39.15,39.15
RCF,24.21,25.74
RANASUG,9.04,9.04
KARURVYSYA,8.59,8.59
DECCANCE,424.62,74.44
ARENTERP,19.40,19.40
TECILCHEM,,
WSI,908.24,197.64
UFLEX,,6.92
TATAPOWER,31.08,29.97
ADVANIHOTR,20.47,20.47
THOMASCOOK,23.71,23.41
SUNFLAG,23.54,23.54
SUBROS,27.62,27.62
SPMLINFRA,36.29,38.16
SIMPLEXINF,10.77,10.77
SIEMENS,63.72,63.72
BHARATRAS,26.62,26.63
WIPRO,23.24,23.24
VSTIND,13.16,17.62
JUBLPHARMA,23.18,18.97
UNIVCABLES,37.77,37.77
UCAL,,
TATACOMM,34.62,36.11
TOKYOPLAST,134.38,134.38
SOMANYCERA,24.87,25.31
MURUDCERA,27.08,27.08
IFCI,43.74,44.19
HLVLTD,33.95,37.30
SANOFI,30.51,28.59
M&M,26.43,26.43
LIBERTSHOE,40.58,29.90
KREBSBIO,,
KAKATCEM,,
KAJARIACER,36.88,36.88
KABRAEXTRU,30.67,30.67
HEIDELBERG,41.74,41.74
MODTHREAD,28.27,28.27
MODIRUBBER,,
MIRCELECTR,,
MANGLMCEM,43.53,43.53
PRSMJOHNSN,,
PREMIER,,
POLYPLEX,8.56,8.56
PIDILITIND,68.37,66.68
PCBL,30.34,30.31
3PLAND,35.96,35.96
OSWALAGRO,18.41,18.40
EIHAHOTELS,23.47,22.56
HONDAPOWER,33.11,35.35
JINDALSAW,8.61,8.61
SAIL,25.40,16.37
RUBYMILLS,14.26,14.26
STYRENIX,17.91,17.91
ABB,55.79,55.79
ABAN,,
IDBI,10.38,10.38
GRAPHITE,17.95,17.95
CANFINHOME,9.24,9.24
BRITANNIA,51.12,50.69
BBL,21.38,21.38
ELECTCAST,7.46,7.46
DHAMPURSUG,14.18,14.18
DCMSHRIRAM,27.50,27.50
DABUR,49.43,49.43
COSMOFIRST,12.92,12.92
CIPLA,22.73,22.73
HEROMOTOCO,16.52,16.52
HDFCBANK,18.67,18.41
HARRMALAYA,2323.94,43.09
GMBREW,8.87,8.87
GIPCL,11.48,11.48
ITC,24.46,24.45
INDIANHUME,16.57,16.57
HINDCOMPOS,17.56,17.56
IOC,17.44,21.71
WALCHANNAG,,
OSWALGREEN,70.90,70.90
HUHTAMAKI,15.11,22.50
RICOAUTO,28.26,27.77
KAMATHOTEL,21.12,22.38
IFBAGRO,23.97,23.97
BANCOINDIA,14.75,14.75
DELTAMAGNT,,
MANINDS,12.65,12.65
APOLLOTYRE,18.42,17.44
SIYSIL,14.01,14.01
SHANTIGEAR,32.78,32.78
PRECWIRE,29.59,29.59
ONWARDTEC,27.69,27.69
NILKAMAL,23.65,23.65
NCC,13.23,12.91
ICIL,16.02,16.02
SEAMECLTD,23.87,26.02
ELGIEQUIP,42.38,42.38
AUROPHARMA,17.56,17.24
BBTC,5.83,5.68
EIHOTEL,28.07,28.33
KANORICHEM,,
LICHSGFIN,5.31,5.31
GICHSGFIN,4.99,4.99
BEPL,13.86,13.86
RAIN,,
BANARBEADS,24.92,24.92
MOREPENLAB,20.09,20.09
WSTCSTPAPR,6.18,6.18
21STCENMGM,1.89,1.89
TNTELE,,
VENKEYS,16.84,16.84
GHCL,9.24,9.24
S&SPOWER,,
PRUDMOULI,28.58,26.18
PRAJIND,33.12,36.07
HIL,,57.98
EVERESTIND,,
BPL,21.21,21.21
TRANSWORLD,13.28,13.28
KEEPLEARN,133.02,133.02
PGHH,61.40,61.40
VESUVIUS,30.60,30.60
TFCILTD,14.62,14.62
BOMDYEING,4.81,35.77
GTL,1.15,18.18
NAVNETEDUL,3.90,14.61
GUJALKALI,,
AGI,14.17,14.17
GLAXO,48.81,49.10
TATACONSUM,76.84,67.69
ZEEL,17.51,14.65
CHOLAFIN,29.08,29.08
INDHOTEL,56.18,65.51
FMGOETZE,12.13,12.13
KOTAKBANK,16.98,19.49
LYKALABS,98.90,98.14
ORIENTHOT,57.35,57.35
JAYSREETEA,8.73,41.00
GILLETTE,54.20,54.20
HMT,,
GOLDENTOBC,9.58,10.87
KANSAINER,16.34,29.79
FOSECOIND,30.72,30.72
ESABINDIA,40.43,40.43
3MINDIA,51.29,51.29
ANDHRAPAP,12.60,12.60
GABRIEL,29.02,29.02
SCHAEFFLER,50.96,50.96
AARTIIND,37.14,37.47
RALLIS,29.99,29.99
AMJLAND,13.85,13.85
PRAKASH,7.21,7.21
MFSL,109.35,109.35
KSB,45.87,45.87
KOPRAN,17.11,17.11
HEG,35.42,35.42
GREAVESCOT,,
GODFRYPHLP,33.21,31.64
VARDMNPOLY,29.99,29.99
SURYAROSNI,14.52,14.52
TATAINVEST,128.79,128.79
TIMKEN,46.30,46.30
SUDARSCHEM,57.65,84.05
SHREECEM,80.39,80.39
SAKHTISUG,2.44,
IPCALAB,47.45,46.90
INGERRAND,37.98,37.98
AKZOINDIA,32.96,32.96
HINDALCO,10.26,9.82
HINDZINC,17.59,17.48
HINDUNILVR,47.81,49.62
GSFC,12.31,12.46
GRASIM,20.35,19.26
AMBUJACEM,21.22,21.58
FINPIPE,13.75,24.01
FINCABLES,18.56,25.68
EIDPARRY,7.49,7.49
DCW,62.58,62.51
DCM,19.19,19.19
CGPOWER,93.88,93.25
HEUBACHIND,27.74,27.74
CESC,11.89,11.89
BIRLACORPN,32.29,33.22
BHEL,136.70,136.70
BHARATGEAR,,
BEL,36.35,36.35
BAJFINANCE,32.95,32.95
ASHAPURMIN,13.25,16.37
PVP,764.59,805.69
NAVA,8.32,8.32
KESORAMIND,,
CORALFINAC,6.70,6.70
GREENPLY,28.22,29.10
TNPL,60.13,60.13
PARASPETRO,,
AUTOAXLES,16.11,16.11
PEARLPOLY,,
REMSONSIND,27.04,27.31
DALMIASUG,9.16,9.16
NATCOPHARM,7.41,7.41
KHAITANLTD,6.89,6.89
SWARAJENG,20.40,20.40
MTNL,,
MRF,25.49,25.49
GARFIBRES,32.50,32.50
ANDHRSUGAR,29.77,26.90
TNPETRO,13.92,15.69
TTKPRESTIG,41.18,41.18
STARPAPER,5.02,5.01
SANGHIIND,,
SKFINDIA,33.92,33.92
AUSOMENT,11.69,11.69
EIMCOELECO,17.10,17.10
PANACEABIO,,
JAYAGROGN,12.26,12.26
ALPSINDUS,,
CUBEXTUB,25.03,25.03
MARICO,47.64,47.64
SILINV,13.61,13.61
REGENCERAM,,
BIOFILCHEM,118.65,118.65
KEYFINSERV,5.82,5.82
ZENITHEXPO,,
SUNDRMBRAK,72.15,72.15
SANGAMIND,44.56,38.55
MOTHERSON,20.85,20.85
SOMATEX,1.46,
VISAKAIND,,
AARTIDRUGS,21.01,21.01
STERTOOLS,18.27,18.27
CREST,10.64,10.64
HITECHGEAR,24.04,24.02
WENDT,47.67,47.67
DENORA,95.29,95.29
TVSSRICHAK,59.60,48.74
SHRIRAMFIN,12.48,14.14
SAGCEM,,
PUNJABCHEM,26.66,26.66
MIRZAINT,203.75,203.75
DYNAMATECH,54.74,108.02
GUJAPOLLO,30.90,30.90
GANESHHOUC,16.54,16.54
MMFL,13.01,13.06
JAGSNPHARM,26.17,37.49
ALKYLAMINE,45.56,45.56
JCHAC,85.58,82.76
MPHASIS,25.89,25.89
GUJRAFFIA,40.40,40.40
RUCHINFRA,,
RAMCOIND,23.51,23.51
KOTHARIPET,13.33,13.27
HERITGFOOD,17.60,17.24
INDRAMEDCO,21.73,21.73
BANKBARODA,5.05,5.05
BLUECHIP,,
MADRASFERT,5.56,5.72
GAIL,9.51,11.51
INDNIPPON,16.76,16.76
SKMEGGPROD,11.63,11.63
TCIFINANCE,,
BANKINDIA,5.29,5.29
CONCOR,29.85,29.24
DCMFINSERV,,
ICICIBANK,16.33,16.33
KCPSUGIND,7.89,10.51
HUDCO,12.33,12.33
INDSWFTLAB,2.11,121.94
SAREGAMA,43.15,43.15
FDC,22.66,22.66
ENGINERSIN,26.44,26.44
ADROITINFO,11.91,11.91
JAICORPLTD,24.49,24.49
ANTGRAPHIC,,
GMDCLTD,11.54,11.54
MAHAPEXLTD,12.75,15.36
INDUSINDBK,10.63,10.63
ASAHIINDIA,42.94,46.02
TRIGYN,8.58,8.32
J&KBANK,4.88,4.88
KOTHARIPRO,,
CUB,10.04,10.04
SOUTHBANK,4.99,4.99
ARCHIES,,
ASTRAZEN,172.70,76.40
ITDCEM,26.46,26.46
AXISBANK,11.14,11.14
CYIENT,21.33,21.33
SONATSOFTW,23.68,23.68
CYBERTECH,14.84,14.84
KOKUYOCMLN,87.57,87.57
GOACARBON,,
DHANBANK,22.58,22.58
SANGHVIMOV,12.10,12.10
STCINDIA,18.40,10.55
MANUGRAPH,,
RSSOFTWARE,9.68,9.68
VIPCLOTHNG,,
NATIONALUM,7.65,8.27
IVC,45.75,45.75
JINDALSTEL,21.39,21.39
ALEMBICLTD,16.46,16.46
NIPPOBATRY,2.52,2.52
ICDSLTD,64.91,64.91
BSOFT,20.47,20.47
HCLTECH,25.02,25.02
ACCELYA,19.94,19.98
STAR,17.06,16.32
HAVISHA,,
ZYDUSLIFE,19.21,19.21
GLENMARK,,
RAJESHEXPO,122.82,122.82
CINEVISTA,,
WOCKPHARMA,,
LCCINFOTEC,,
NRBBEARING,17.37,18.15
IOB,26.42,26.42
RAMCOSYS,,
GEPIL,53.75,53.75
BIL,40.71,40.71
HCL-INSYS,,
CREATIVEYE,,
KTKBANK,4.89,4.89
MAHLIFE,,
MUKTAARTS,,
BLBLIMITED,18.09,18.09
AJANTPHARM,34.59,34.59
BLUESTARCO,70.72,71.95
CALSOFT,28.54,28.54
TVSMOTOR,48.92,48.92
PNBGILTS,6.33,6.41
PNC,73.86,73.86
TAJGVK,30.52,30.52
NLCINDIA,12.17,12.17
REPRO,,
CHENNPETRO,21.17,21.17
AKSHOPTFBR,,
TTML,,
KRBL,13.29,13.29
HAVELLS,63.67,63.67
GAEL,15.42,15.42
USHAMART,22.90,22.90
AXISCADES,57.32,56.01
BALAJITELE,,
MRO-TEK,36.63,36.63
TIPSMUSIC,46.72,46.72
STLTECH,,
KHANDSE,38.31,38.31
HIKAL,57.99,57.99
TRIDENT,44.35,44.35
MARKSANS,25.10,25.10
ACLGATI,,
NEXTMEDIA,,
GOLDTECH,25.29,
SMARTLINK,12.23,12.23
GODREJCP,,53.22
SUVEN,,
JISLJALEQS,103.40,103.40
LUPIN,30.06,30.06
UNITDSPR,66.35,63.39
FEL,,
TCI,21.83,21.69
MPSLTD,30.99,30.99
BHARTIARTL,39.62,51.88
ASAL,38.48,38.48
OLECTRA,67.74,70.27
PONNIERODE,8.89,8.89
PNB,6.32,6.32
APTECHT,38.29,34.06
SURANAT&P,25.62,25.74
TIMESGTY,74.57,74.57
OFSS,29.37,29.37
UNIONBANK,5.27,5.27
NUCLEUS,14.95,14.95
CANBK,4.27,4.27
GENESYS,50.88,50.88
OMAXAUTO,4.86,
GODREJIND,24.33,24.33
DIVISLAB,70.38,70.38
RADICO,89.10,89.10
INDORAMA,,
MARUTI,26.28,26.28
VARDHACRLC,22.38,22.38
UCOBANK,18.76,18.76
BAGFILMS,45.35,45.35
JSL,19.99,19.98
NSIL,33.54,33.54
WELSPUNLIV,16.00,16.00
JAIBALAJI,15.82,15.82
TVSELECT,,
IGL,19.53,19.53
DREDGECORP,,
TVTODAY,11.69,11.22
UNIENTER,821.35,821.35
UPL,778.88,29.89
SIL,129.97,129.97
MUKANDLTD,13.92,13.92
PETRONET,11.97,11.97
PTC,7.05,6.91
VAIBHAVGBL,26.80,26.24
BIOCON,30.37,31.56
MAHABANK,6.81,6.81
POONAWALLA,127.96,127.96
XPROINDIA,53.08,50.96
RKFORGE,30.67,30.61
DATAMATICS,15.90,18.17
NDTV,,
CCL,28.31,28.31
JPASSOCIAT,,
EXCELINDUS,13.65,13.65
LT,26.28,26.39
APARINDS,28.84,28.84
AMBICAAGAR,6.24,6.24
CENTEXT,17.05,17.28
NIITLTD,32.02,32.02
ULTRACEMCO,46.84,46.63
TCS,25.72,25.72
COFORGE,57.38,57.99
TEXINFRA,,
GULFPETRO,7.99,7.99
GUFICBIO,40.44,40.44
INDSWFTLTD,1.17,1.17
ASTRAMICRO,47.98,47.98
WELENT,16.16,16.16
NTPC,14.55,14.55
SALSTEEL,,
KOTARISUG,17.05,22.18
JBMA,55.21,55.21
DWARKESH,,
INDOCO,,
IMPEXFERRO,,
SUPRAJIT,41.90,41.90
PATELENG,10.71,10.47
XCHANGING,21.40,21.40
JSWSTEEL,66.85,61.98
CONSOFINVT,5.25,5.25
JINDALPHOT,42.95,42.95
JPPOWER,7.34,5.91
EVEREADY,27.41,27.41
GOKEX,38.77,38.77
SAKSOFT,21.80,21.80
ALLDIGI,16.02,19.23
IIFL,16.92,6.81
MANGALAM,14.28,14.28
SHOPERSTOP,179.39,160.98
WELCORP,23.10,22.86
SSWL,4.27,13.25
CYBERMEDIA,,
SHAHALLOYS,,
SURYALAXMI,71.66,28.02
JKPAPER,7.94,7.94
PRIMESECU,17.67,19.09
63MOONS,,
GRANULES,23.37,23.37
JSWHL,103.76,103.76
VHL,,
GEOJITFSL,10.71,10.71
GENUSPOWER,36.93,36.93
YESBANK,24.21,24.21
MSPL,62.07,62.20
NECLIFE,34.73,34.73
SPLIL,9.49,9.48
MCLEODRUSS,,
GOLDIAM,35.04,35.04
RML,,
HTMEDIA,,
SASKEN,43.09,43.09
FCSSOFT,184.14,49.54
IMPAL,14.08,14.08
SUZLON,59.27,57.91
AURIONPRO,42.39,42.39
RENUKA,,
BASML,,
TRIVENI,36.09,36.09
AIAENG,28.48,28.50
NAHARINDUS,19.27,18.00
ORIENTCER,37.48,37.48
EKC,13.67,13.40
VIMTALABS,32.51,32.51
KERNEX,304.78,304.78
PVRINOX,,
CELEBRITY,,
NITINSPIN,10.29,10.29
ROHLTD,20.53,20.53
ENIL,78.22,78.22
GSPL,7.64,7.81
JAGRAN,9.70,9.70
GVKPIL,0.94,11.34
SADBHAV,,
SAKUMA,11.61,11.61
KEC,40.22,40.22
JKCEMENT,46.43,54.24
INDOTECH,31.26,31.26
M&MFIN,13.87,13.87
BLKASHYAP,20.55,22.35
CENTURYPLY,75.84,73.66
KEI,45.95,45.94
SANWARIA,,
VAKRANGEE,246.89,235.05
SOLARINDS,67.15,67.15
GALLANTT,19.48,19.48
MALUPAPER,,
UTTAMSUGAR,11.11,11.11
SGL,,
KKCL,18.33,18.33
SUNTV,12.77,12.77
GPIL,12.96,12.97
RSYSTEMS,28.64,28.64
LOKESHMACH,58.51,58.51
BALPHARMA,19.10,19.10
SWELECTES,20.93,141.57
KAMDHENU,13.67,13.67
RATNAMANI,32.42,32.42
PIONEEREMB,24.46,24.46
JKLAKSHMI,28.30,28.30
PFOCUS,,
ALLCARGO,110.51,65.76
MUNJALAU,10.56,13.02
EMAMILTD,28.91,28.91
GMRAIRPORT,,
TECHM,38.61,38.70
GRINDWELL,42.93,42.93
RAMANEWS,,
VOLTAMP,28.19,28.19
SELAN,10.95,10.95
ACE,32.14,32.14
ANANTRAJ,40.49,40.49
HOVS,16.04,16.04
BINANIIND,6.74,
TALBROAUTO,13.17,18.45
ALICON,21.48,21.48
GEECEE,12.45,12.45
MADHUCON,,
JMFINANCIL,,10.54
INFOMEDIA,,
FIEMIND,18.78,18.78
JHS,,
DCBBANK,5.51,5.51
GLOBALVECT,,
INSPIRISYS,13.77,13.77
SHYAMTEL,,
GTLINFRA,,
SHIVAMAUTO,,
NAUKRI,107.59,109.94
AARVEEDEN,19.42,19.42
GESHIP,4.01,4.01
TORNTPOWER,26.21,26.21
MANALIPETC,53.27,47.06
SUTLEJTEX,,
LTFOODS,20.80,20.80
DONEAR,11.58,11.58
RUCHIRA,5.88,5.88
SOBHA,210.88,210.90
VENUSREM,11.37,14.21
JINDRILL,18.98,18.98
HIRECT,44.94,44.94
NFL,23.84,23.84
PLASTIBLEN,14.27,14.27
PRAENG,,
PARACABLES,16.79,16.79
HBLENGINE,42.87,40.36
TANLA,11.29,11.29
AVTNPL,18.99,18.99
ZEEMEDIA,,
SITINET,,
VEEDOL,19.75,18.99
LUMAXTECH,16.97,16.97
SARLAPOLY,10.05,10.05
PTL,14.83,14.83
WANBURY,12.80,30.62
AUTOIND,14.90,13.42
GANDHITUBE,11.99,11.99
PITTIENG,26.28,26.28
NETWORK18,,
UNOMINDA,55.85,57.48
IZMO,7.05,6.78
HUBTOWN,,
CTE,,
TIIL,22.11,21.51
ORIENTBELL,85.76,85.76
PGIL,28.69,28.76
REDINGTON,14.30,14.30
TTL,18.24,35.15
FSL,42.51,43.03
PFC,4.05,4.05
TFL,161.96,161.96
SMSPHARMA,25.63,25.63
INDIANB,6.68,6.68
ORIENTALTL,,
IDEA,,
PAGEIND,67.11,67.11
LAOPALA,23.84,23.84
RAJTV,,
AMDIND,80.65,80.65
JKTYRE,12.34,11.56
ASTRAL,68.78,68.78
EMBDL,,
NAHARSPING,,
NAHARPOLY,22.62,22.62
THEMISMED,41.83,41.83
NCLIND,20.10,17.55
BALAMINES,21.98,21.98
BANSWRAS,18.74,18.74
ICRA,31.61,31.61
DISHTV,,
PHOENIXLTD,41.19,41.61
AROGRANITE,,
NDLVENTURE,386.40,386.40
ZENITHSTL,12.27,12.27
BFUTILITIE,9.24,9.24
FORTIS,56.87,55.15
SRHHYPOLTD,10.18,9.74
ALPHAGEO,85.95,19.60
WEBELSOLAR,82.57,75.05
TGBHOTELS,,
HILTON,84.95,84.95
INSECTICID,12.38,12.39
KMSUGAR,7.86,7.86
NAVINFLUOR,70.65,70.65
TIMETECHNO,21.52,21.52
NAGREEKEXP,14.18,14.18
HGS,,
NELCAST,28.82,32.85
V2RETAIL,78.77,78.77
DLF,64.13,87.77
TARMAT,,87.40
SPARC,,
MEGASOFT,76.78,76.78
ADSL,20.90,20.90
ALPA,8.14,8.14
OMAXE,,
CENTRALBK,10.64,10.64
ASIANTILES,,
TAKE,,
KPRMILL,33.25,33.25
CIEINDIA,17.45,17.45
PURVA,,
MOTILALOFS,10.69,10.69
INDOWIND,31.31,31.31
NAGREEKCAP,1.07,1.07
MAGNUM,10.96,16.79
KSCL,16.90,16.90
CENTUM,,
POWERGRID,14.99,14.99
MANGCHEFER,11.74,11.74
MAANALU,25.70,25.70
IL&FSENGG,,
DELTACORP,15.97,21.43
BAJAJELEC,67.12,67.12
ENERGYDEV,,125.56
CERA,28.66,28.66
RELIGARE,34.89,240.65
BVCL,28.53,28.53
ADANIPORTS,22.84,21.73
EDELWEISS,14.59,14.59
RGL,19.04,19.04
KOLTEPATIL,119.81,119.81
KAUSHALYA,2.63,2.63
COLPAL,45.86,45.86
JYOTHYLAB,31.80,31.80
MADHAV,391.49,391.49
KALYANIFRG,27.48,27.48
HITECHCORP,19.76,20.59
ECLERX,26.04,26.04
TARIL,70.64,70.64
BRIGADE,36.05,36.05
BGRENERGY,,
MANAKSIA,7.00,5.39
DVL,12.45,12.45
PATINTLOG,14.80,14.80
PPAP,,
ARIES,9.74,9.74
AMBIKCO,11.49,11.49
CEATLTD,22.80,20.93
BIRLAMONEY,10.06,10.06
RPOWER,5.55,
JKIL,13.54,13.54
CORDSCABLE,16.37,16.37
KNRCON,4.62,4.58
HERCULES,22.09,22.09
ONMOBILE,,
SEPC,96.88,58.83
BANG,,
IRB,3.88,27.36
NMDC,8.49,8.46
GSS,19.25,19.25
NAHARCAP,12.05,12.05
RECLTD,6.06,6.06
VGUARD,45.10,45.10
DHANI,,
NESCO,15.65,15.65
DPSCLTD,72.34,72.34
TITAGARH,30.63,30.46
KIRIINDUS,,
BAJAJFINSV,17.72,17.72
BAJAJ-AUTO,27.48,27.48
DIGISPICE,24.42,45.67
GOKUL,48.19,48.19
RPGLIFE,43.69,39.77
ALMONDZ,48.78,48.78
RBL,11.55,11.29
RANEENGINE,49.16,20.54
ARCHIDPLY,,
LOTUSEYE,241.15,252.44
VINYLINDIA,18.33,18.33
UBL,120.73,116.96
LPDC,,
ZFCVINDIA,47.80,47.80
20MICRONS,10.00,9.88
JOCIL,59.12,59.12
ALKALI,,
COUNCODOS,78.59,78.59
TPHQ,23.82,23.82
FELDVR,,
MAWANASUG,3.27,8.00
AJMERA,21.88,21.88
MHRIL,43.18,43.18
GKWLIMITED,,
VINATIORGA,40.91,40.91
EXCEL,38.59,38.59
ADANIPOWER,14.33,14.33
NHPC,23.52,23.52
GLOBUSSPR,146.26,146.26
OIL,7.63,7.64
EXPLEOSOL,14.67,14.67
RTNPOWER,0.44,37.78
AMRUTANJAN,33.87,33.87
SUNTECK,26.59,26.59
ZYDUSWELL,30.54,31.10
DEN,7.06,7.06
ASTEC,,
SHILPAMED,64.86,67.54
SARDAEN,24.11,24.08
REFEX,35.16,35.21
GILLANDERS,7597.88,
AHLUCONT,13.60,24.54
DLINKINDIA,12.76,12.76
JSWENERGY,42.93,42.93
GODREJPROP,37.99,37.99
DBCORP,8.19,8.19
HINDCOPPER,48.59,48.59
BEARDSELL,13.41,13.41
MMTC,73.17,69.45
NESTLEIND,64.37,67.30
TRF,12.43,12.43
WHIRLPOOL,36.48,34.99
UNITEDTEA,10.33,10.33
MBLINFRA,2.19,
JUBLFOOD,105.97,177.60
VASCONEQ,7.05,15.86
THANGAMAYL,50.82,50.82
EMMBI,19.64,19.64
DBREALTY,,
HATHWAY,31.16,30.71
ORIENTLTD,,
TEXMOPIPES,28.37,10.29
MANINFRA,18.52,18.52
IL&FSTRANS,,
LGBBROSLTD,13.40,13.93
PERSISTENT,62.64,62.64
ISFT,13.33,13.33
GOENKA,,
KIRLOSBROS,30.01,29.67
KSL,18.10,18.10
SJVN,32.96,35.99
SUNDARAM,,
KIRLOSIND,11.94,11.32
MANAPPURAM,8.63,8.63
UMESLTD,109.53,109.53
TI,23.34,22.36
HMVL,14.07,14.07
IMFA,8.48,8.48
BLISSGVS,19.10,8.19
EMAMIREAL,,
AHLEAST,8.34,8.34
IITL,18.53,19.23
BAJAJCON,16.42,16.42
UGARSUGAR,,
PRAKASHSTL,3.26,88.72
GPPL,17.75,16.29
ADFFOODS,33.20,33.20
WELINV,66.67,66.67
KILITCH,27.58,27.58
ORISSAMINE,647.27,647.27
DEEPAKNTR,33.73,36.70
SASTASUNDR,,8.12
CAREERP,9.50,9.50
GREENPOWER,56.66,55.22
RAMKY,10.89,10.89
CANTABIL,28.67,29.16
WABAG,30.24,29.85
ASHOKA,3.13,3.29
BEDMUTHA,16.90,16.90
JWL,31.57,31.57
OBEROIRLTY,21.00,21.00
PRESTIGE,60.56,60.56
SHAH,6.53,36.25
CGCL,34.38,34.38
RESPONIND,27.60,27.60
COALINDIA,6.70,6.70
IOLCP,18.40,18.40
GRAVITA,40.95,40.95
JINDWORLD,101.08,101.08
PENIND,18.80,18.80
RPPINFRA,6.49,6.49
JAMNAAUTO,15.37,15.37
MOIL,16.54,16.54
ZEELEARN,1.26,5.72
A2ZINFRA,24.24,
KIRLOSENG,16.89,17.75
RKDL,37.86,37.86
PSB,32.38,32.38
SURANASOL,252.74,252.74
SHEKHAWATI,0.53,5.58
BFINVEST,,
KICL,21.67,28.73
SUMMITSEC,18.19,16.37
STEL,44.08,44.08
HINDMOTORS,14.47,14.47
TEXRAIL,24.85,24.85
HFCL,31.34,31.34
INDTERRAIN,,
DHUNINV,9.53,9.57
LOVABLE,,
PFS,11.64,11.64
MUTHOOTFIN,16.82,16.82
VADILALIND,18.20,18.20
SYMPHONY,40.07,30.62
PIIND,27.00,27.00
RELAXO,60.60,60.60
OMINFRAL,41.50,41.50
VSTTILLERS,25.41,25.50
ESTER,,
KARMAENG,,
ASHIANA,197.60,149.82
DHANUKA,20.44,20.44
MAITHANALL,3.04,3.04
RUSHIL,15.85,15.85
INVENTURE,13.35,12.29
ELGIRUBCO,28.79,
LTF,13.13,13.13
WINDMACHIN,,
YAARI,,
BODALCHEM,111.60,92.49
GAYAPROJ,,
WINSOME,,
TREEHOUSE,,
ASAHISONG,31.05,30.60
FILATEX,13.89,13.89
BROOKS,129.82,129.82
TDPOWERSYS,32.03,32.03
APLLTD,24.26,24.67
VASWANI,11.82,11.82
PGEL,104.11,104.11
PANAMAPET,10.44,10.44
SETUINFRA,,
TIJARIA,,
PAISALO,17.57,17.60
ONELIFECAP,,
FLEXITUFF,,
SHAKTIPUMP,25.05,25.05
TRITURBINE,45.50,45.50
INDOTHAI,157.31,157.31
ESSARSHPNG,0.83,54.19
DSSL,19.56,19.56
JISLDVREQS,1.47,1.47
POLYMED,66.12,66.12
RUPA,19.70,19.02
VIKASECO,27.99,27.99
APLAPOLLO,62.95,62.95
KANANIIND,44.22,44.22
MINDACORP,43.00,43.00
DBSTOCKBRO,19.51,19.51
IRFC,22.47,22.47
COMPUSOFT,172.25,172.25
RHIM,,30.16
SCHNEIDER,67.57,72.07
NDL,9.09,9.09
NBCC,38.14,33.74
HEXATRADEX,,
TBZ,15.34,15.34
VSSL,15.54,15.54
SWANENERGY,13.43,13.43
SPECIALITY,26.07,26.07
CINELINE,,
SAMPANN,,
RTNINDIA,15.85,15.85
MORARJEE,,
THEJO,36.10,36.10
KITEX,25.99,25.99
MAYURUNIQ,14.54,14.54
ROSSELLIND,9.92,9.86
DUCON,14.16,14.16
TVSHLTD,7.21,7.21
ZUARI,4.59,4.59
VETO,11.09,11.09
CARERATING,27.70,27.70
PCJEWELLER,16.91,16.91
INDUSTOWER,8.53,8.53
VMART,,
ANKITMETAL,,
MOHITIND,,
REPCOHOME,4.82,4.82
VIVIDHA,,
JUSTDIAL,13.18,13.18
CEREBRAINT,,
ATULAUTO,70.55,70.55
ORIENTCEM,57.59,57.59
ABFRL,,
SAMMAANCAP,,
ESSENTIA,26.48,26.48
FLFL,,
PILITA,62.65,62.65
LYPSAGEMS,,
MITCON,11.99,11.99
JPOLYINVST,18.70,18.70
SREEL,23.28,23.28
NATHBIOGEN,7.15,7.29
AGRITECH,161.81,161.81
SECURKLOUD,,
SANCO,,
CASTROLIND,22.68,22.68
SDBL,21.44,21.44
IREDA,27.33,27.33
BUTTERFLY,279.10,193.53
WONDERLA,33.54,33.54
AGARIND,10.77,10.77
HATSUN,75.22,75.22
CAPLIPOINT,26.79,26.79
GOCLCORP,10.27,9.44
GULFOILLUB,15.42,15.42
SNOWMAN,195.69,195.69
SHARDACROP,18.30,18.30
SUPERHOUSE,15.90,33.21
SHEMAROO,,
CIGNITITEC,23.44,23.03
PDSL,25.77,26.23
INTELLECT,34.50,34.52
MONTECARLO,16.01,16.01
GOODLUCK,12.89,12.89
FCL,21.89,21.89
DTIL,,
CAMLINFINE,,
GULPOLY,40.32,40.32
APOLSINHOT,45.81,45.81
CCHHL,151.52,151.52
LAMBODHARA,14.22,14.22
GRPLTD,58.67,53.97
GENUSPAPER,128.06,128.06
MOLDTKPAC,25.24,25.24
GREENLAM,53.38,53.38
VISHNU,22.58,22.58
GANECOS,32.95,32.95
LINC,17.02,17.02
MENONBE,22.43,22.43
HESTERBIO,41.89,41.89
JMA,6.76,6.76
ORTEL,,
MANAKALUCO,22.38,22.38
MANAKSTEEL,33.71,28.79
MANAKCOAT,37.84,40.07
ZENTEC,42.29,42.65
IMAGICAA,49.61,44.49
INOXWIND,68.15,62.20
LFIC,6.34,6.34
BYKE,55.06,55.06
AVANTIFEED,18.43,18.43
VIPULLTD,0.74,0.73
VRLLOG,30.31,30.31
MEP,,
PRIVISCL,37.51,37.51
UFO,19.65,20.18
TPLPLASTEH,26.80,26.80
NILAINFRA,16.59,16.59
ARROWGREEN,12.96,12.96
PNCINFRA,5.85,5.85
SKIPPER,35.29,35.29
ALANKIT,18.89,18.89
ORICONENT,106.71,100.93
SHYAMCENT,,
BALKRISHNA,,
ADANIENSOL,132.68,34.94
SYNGENE,52.37,55.22
AYMSYNTEX,39.28,62.83
EMKAYTOOLS,4.08,4.08
KAYA,,
RAMASTEEL,66.73,66.73
AURUM,,
PKTEA,28.87,28.87
MUTHOOTCAP,8.75,8.75
SATIN,5.51,5.51
ARVSMART,26.39,26.39
POWERMECH,18.83,18.81
SHARDAMOTR,14.29,14.29
NAVKARCORP,,
SHREEPUSHK,16.79,16.79
GUJGASLTD,20.13,20.86
SADBHIN,,
IDFCFIRSTB,22.19,22.19
INDIGO,28.43,28.43
SHK,349.77,14.80
PERFECT,23.66,23.66
BALAXI,10.75,11.17
LUXIND,22.62,22.62
TTKHLTCARE,19.73,24.12
UMANGDAIRY,26.57,26.57
SALZERELEC,22.97,22.97
PILANIINVS,24.91,24.91
KRIDHANINF,1.06,129.40
LINCOLN,11.68,11.68
LALPATHLAB,45.71,45.71
ALKEM,25.28,25.17
NH,37.65,37.65
OCCL,8.55,8.55
PRECAM,92.74,107.82
TEAMLEASE,32.45,32.45
QUICKHEAL,71.55,71.55
HITECH,31.68,31.68
VIDHIING,52.73,52.73
BHAGERIA,22.72,22.72
NECCLTD,17.76,17.76
KELLTONTEC,12.52,12.52
SEQUENT,160.65,171.87
GOKULAGRO,16.02,16.02
SIMBHALS,6.10,6.10
KDDL,25.04,25.02
PDMJEPAPER,8.44,8.44
HCG,108.25,113.25
HECPROJECT,25.90,25.90
WEALTH,18.46,18.07
BHARATWIRE,13.26,13.26
INFIBEAM,22.68,22.68
THYROCARE,33.73,33.69
CROMPTON,39.32,39.32
SAGARDEEP,48.16,48.16
PARAGMILK,16.84,16.84
SHRIPISTON,16.94,16.94
UNITEDPOLY,24.40,24.40
ARMANFIN,14.88,14.88
ALBERTDAVD,12.01,12.01
BLS,29.09,29.09
ASPINWALL,10.96,10.96
NAGAFERT,0.17,0.17
SALONA,18.16,18.16
PREMEXPLN,56.46,56.46
CONTROLPR,20.55,20.55
INCREDIBLE,14.67,14.67
SETCO,,
DAMODARIND,17.99,17.99
MGL,11.69,11.69
MOLDTECH,17.24,17.24
POKARNA,23.64,23.64
COMPINFO,0.57,0.57
GPTINFRA,17.37,17.37
QUESS,22.89,22.40
GROBTEA,6.52,6.52
SOMICONVEY,24.93,24.93
LLOYDSENGG,60.12,60.12
LTIM,30.22,30.22
GATECH,17.62,17.62
MINDTECK,20.33,19.29
ADVENZYMES,21.20,19.75
DBL,10.67,18.83
SPAL,18.28,18.28
NDGL,31.76,30.63
RBLBANK,9.68,9.68
BIGBLOC,75.02,75.02
MBAPL,56.70,56.70
CUPID,18.93,18.93
LTTS,37.07,37.07
GNA,13.08,13.08
CROWN,10.21,32.45
ICICIPRULI,81.86,81.86
MARATHON,12.41,12.41
HPL,32.72,32.72
JAIPURKURT,11.35,11.35
MASKINVEST,,
SAKAR,35.65,35.53
AURDIS,8.66,8.66
PANSARI,72.19,72.19
DRL,22.69,22.69
ARTNIRMAN,73.98,73.98
ENDURANCE,30.99,30.99
GICL,82.52,82.52
MAZDA,15.69,15.69
PNBHOUSING,10.87,10.87
VBL,55.95,55.95
KINGFA,24.27,24.27
AGROPHOS,863.84,863.84
PODDARMENT,11.66,11.66
ROLLT,,
NBIFIN,77.55,77.55
KIOCL,,
JETFREIGHT,9.61,9.62
SFL,54.45,92.79
HEADSUP,,
TCIEXP,26.58,26.58
LAURUSLABS,145.15,145.15
TERASOFT,26.66,26.57
ITDC,58.09,58.04
HISARMETAL,23.69,23.69
LIBAS,5.48,5.48
PROLIFE,11.65,11.65
CAPTRUST,81.68,81.68
MAHESHWARI,13.01,13.01
BHANDARI,17.70,17.70
BSE,74.31,74.31
MCL,15.68,15.68
PRICOLLTD,27.94,27.94
STEELCITY,7.86,7.86
JITFINFRA,27.22,48.37
KRISHANA,20.19,20.19
GLOBAL,9.97,9.97
NITIRAJ,22.47,22.47
SANGINITA,306.99,306.99
AKASH,26.36,26.36
RADIOCITY,46.58,46.58
DMART,81.44,81.44
TASTYBITE,102.78,102.78
INTENTECH,13.46,13.46
AIRAN,11.78,11.78
AKSHARCHEM,,
ARIHANTSUP,24.85,24.85
LAXMICOT,178.56,213.51
CLEDUCATE,58.50,53.89
EIFFL,161.86,161.86
NRAIL,11.23,11.23
SHANKARA,18.38,18.38
NACLIND,,
APCL,,
CREATIVE,16.93,16.93
WIPL,80.94,80.94
FOCUS,21.13,21.13
DEVIT,14.67,14.67
ASLIND,,1873.96
SIKKO,26.80,26.80
MKPL,22.43,22.43
DOLLAR,23.32,23.48
PANACHE,114.36,49.25
INFOBEAN,20.81,20.81
SCHAND,12.73,12.73
ZOTA,,
BHAGYANGR,20.21,20.21
PSPPROJECT,36.41,36.41
VSCL,63.31,63.31
STARCEMENT,62.45,62.45
GLOBE,11.16,12.15
TEJASNET,18.78,18.78
ERIS,45.70,45.70
CDSL,41.98,41.98
GTPL,22.33,22.33
AUBANK,21.34,20.69
ACEINTEG,39.67,39.67
SHRENIK,,
DYNPRO,21.23,21.23
STEELXIND,22.97,22.97
SALASAR,31.80,31.80
UNIVASTU,0.00,0.00
AVADHSUGAR,10.46,10.46
PALASHSECU,,
MAGADSUGAR,7.64,7.64
GANGESSECU,23.81,23.81
THEINVEST,22.33,22.33
SHANTI,,
TOTAL,47.13,47.13
OPTIEMUS,65.85,65.85
WEWIN,30.32,30.32
SIS,22.24,22.24
COCHINSHIP,41.77,41.77
SMSLIFE,15.32,15.32
VAISHALI,359.23,359.23
LEXUS,,
GEEKAYWIRE,10.16,10.16
SERVOTECH,88.13,88.13
ABCAPITAL,11.84,11.84
APEX,396.21,396.21
PASHUPATI,178.66,178.66
BRNL,2.69,2.69
MANAV,13.31,13.31
DIXON,98.67,124.76
DCAL,,
LASA,,
MATRIMONY,23.55,23.55
CHOLAHLDNG,6.85,6.85
CAPACITE,13.43,13.43
ICICIGI,67.35,67.35
WORTH,11.84,11.84
MPTODAY,5.62,5.64
SBILIFE,59.47,59.47
RMDRIP,119.94,119.94
CADSYS,,
DPWIRES,13.15,13.15
AARVI,15.17,15.17
DIAMONDYD,,178.22
TIRUPATI,91.60,91.60
AIROLAM,86.20,86.20
RKEC,6.97,6.97
GATECHDVR,3.67,3.67
GOLDSTAR,77.45,77.45
JASH,37.39,37.36
CMMIPL,,
BETA,38.68,38.68
TIRUPATIFL,42.15,42.15
OMFURN,27.55,27.55
GODREJAGRO,39.15,39.15
TCPLPACK,26.54,26.54
MILTON,111.25,111.25
MASFIN,14.09,14.09
IEX,35.09,35.09
DPABHUSHAN,30.57,30.57
GICRE,8.61,8.61
TIINDIA,40.90,40.72
NAM-INDIA,24.46,24.46
MAHLOG,,
NIACL,23.31,23.31
IFGLEXPOR,26.28,26.28
KHADIM,101.20,101.20
5PAISA,17.07,17.07
HDFCLIFE,74.98,74.98
AISL,20.60,20.60
VERTOZ,31.96,31.96
PULZ,11.69,11.69
SILVERTUC,42.31,42.31
ZODIAC,38.23,38.23
FELIX,34.72,34.72
ICEMAKE,39.71,39.71
DNAMEDIA,0.46,
SHRADHA,12.96,12.96
SHALBY,67.93,67.93
TOUCHWOOD,19.28,19.28
ONEPOINT,40.92,40.92
SMVD,0.86,
SHIVATEX,22.66,22.66
ASTRON,,
AJOONI,46.59,46.59
MOKSH,12.48,12.48
BCONCEPTS,61.98,61.98
SILLYMONKS,40.63,40.63
APOLLO,62.42,62.42
NEWGEN,42.48,42.48
AMBER,75.74,75.74
PRAXIS,,
SOLEX,38.86,38.86
GALAXYSURF,25.36,25.36
SINTERCOM,316.14,316.14
MHHL,10.56,10.56
SOUTHWEST,34.59,36.44
SHIVAMILLS,,
ARVEE,71.01,71.01
ASTERDM,66.07,62.61
BANKA,,
GMMPFAUDLR,45.29,45.29
HGINFRA,11.49,11.49
HINDCON,36.06,36.06
SARVESHWAR,27.24,27.24
UNIINFO,,
MACPOWER,29.57,29.57
TARACHAND,20.00,20.00
BDL,63.21,63.21
MDL,40.02,38.91
SUNDARMHLD,23.30,23.30
BANDHANBNK,9.16,9.16
HAL,23.85,23.86
URAVIDEF,275.77,275.77
MITTAL,35.81,43.96
SANDHAR,15.35,16.12
ISEC,12.43,12.43
KAPSTON,30.24,30.24
CENTRUM,,
MIDHANI,45.41,45.41
LEMONTREE,44.07,44.07
AVG,9.55,14.22
MMP,20.08,20.08
NARMADA,16.43,16.43
PIGL,26.00,26.00
CHEMFAB,146.65,146.65
BSHSL,55.51,55.51
MAHICKRA,44.11,44.11
AAKASH,16.16,16.16
SOFTTECH,202.17,202.17
ORIENTELEC,65.31,65.31
E2E,96.59,96.59
INDOSTAR,35.81,35.81
BORORENEW,,
SIRCA,31.16,31.16
SUULD,,
SVLL,371.48,371.48
LATTEYS,63.65,63.64
DIL,7.86,8.08
SONAMLTD,28.19,28.19
ADANIGREEN,80.17,68.88
OSWALSEEDS,,
PRITI,24.09,24.09
ACCURACY,9.16,9.16
SOLARA,,
GAYAHWS,,1.11
FINEORG,25.04,25.01
RITES,23.89,23.94
VARROC,66.79,32.67
GANGAFORGE,99.27,100.91
REPL,26.22,26.22
AMBANIORGO,,
HBSL,,
AVROIND,49.23,49.23
HDFCAMC,32.83,32.83
CREDITACC,16.65,16.65
AARON,46.64,46.64
SIGIND,12.17,12.17
DANGEE,,
SUPREMEENG,,
SUMIT,28.00,28.00
LAGNAM,15.49,15.49
RPPL,13.88,13.88
AKG,57.22,57.22
IRCON,18.78,18.78
AHLADA,8.87,8.87
SPECTRUM,136.75,136.75
RAJMET,,
AAVAS,23.70,23.70
KSHITIJPOL,,15.33
GRSE,36.45,36.45
KRITIKA,18.17,18.17
PARIN,221.34,221.34
SILGO,21.85,21.85
VINNY,13.28,13.28
BBTCL,,
MARINE,55.52,55.71
IRISDOREME,31.87,31.87
ATGL,93.59,93.59
TECHNOE,35.29,35.29
UNIPARTS,15.57,15.57
SHRIRAMPPS,17.52,17.52
TREJHARA,18.80,725.84
NILASPACES,35.62,35.62
AWHCL,17.73,17.73
DALBHARAT,54.64,46.51
RPSGVENT,44.60,8.33
SPENCERS,,
SURANI,67.26,67.26
XELPMOC,,
CHALET,159.26,159.26
MSTCLTD,7.48,14.99
OSIAHYPER,13.87,13.87
ANUP,43.17,43.17
ARVINDFASN,34.57,34.57
PAR,8.35,8.35
KHFM,40.10,40.10
RVNL,57.06,57.06
POLYCAB,38.02,38.02
METROPOLIS,53.17,53.17
KPITTECH,42.48,42.48
SWSOLAR,186.74,186.74
NEOGEN,89.50,89.50
VIKASLIFE,,
EMAMIPAP,10.93,10.93
VCL,,
CONFIPET,23.52,23.77
PPL,9.76,9.76
DGCONTENT,12.12,12.12
INDIAMART,22.72,22.72
ATMASTCO,37.98,37.98
OAL,21.65,21.65
DCMNVL,53.55,156.69
SATIA,5.73,5.73
WEL,170.90,170.90
AFFLE,53.71,53.71
CHEMCON,29.88,29.88
SPANDANA,,
WESTLIFE,933.58,933.58
DOLATALGO,5.41,5.41
HNDFDS,57.43,57.43
UJJIVANSFB,6.39,6.39
MAZDOCK,32.89,32.89
IRCTC,43.26,43.52
SAFARI,70.37,70.37
DCI,23.71,23.71
360ONE,38.52,36.26
IIFLCAPS,8.79,8.79
HPIL,96.71,96.71
SAMHI,62.10,66.78
VISHWARAJ,,
FLUOROCHEM,86.36,86.36
GREENPANEL,45.47,45.47
KUANTUM,7.37,7.37
RBA,,
APOLLOPIPE,48.07,48.07
CHEMBOND,17.95,18.47
MGEL,15.58,14.19
ROUTE,16.74,17.04
SBICARD,39.03,39.03
HOMEFIRST,25.36,25.36
SIGMA,14.75,14.75
CSBBANK,8.84,8.84
EQUITASBNK,20.74,20.74
EASEMYTRIP,52.13,28.21
ROSSARI,24.39,24.39
HINDWAREAP,,
PRINCEPIPE,43.06,43.06
ESAFSFB,,
LIKHITHA,14.32,14.32
PARKHOTELS,41.26,41.26
ARTEMISMED,43.33,43.33
PATANJALI,55.49,55.49
SUMICHEM,44.51,44.51
LGHL,88.43,88.51
ATALREAL,31.01,31.01
ASALCBR,27.50,27.50
MAHEPC,132.47,128.79
UNIVPHOTO,6.85,6.85
ALOKINDS,,
BARBEQUE,,
BAFNAPH,40.51,37.41
SUVENPHAR,110.67,110.67
POWERINDIA,152.43,152.43
STOVEKRAFT,59.54,59.54
BHARTIHEXA,52.27,62.08
KSOLVES,25.19,25.19
RAJRATAN,26.90,26.90
HAPPSTMNDS,46.94,48.96
AARTISURF,38.12,74.83
GLAND,36.32,36.32
BOROLTD,54.12,54.12
NDRAUTO,35.72,35.72
MAXHEALTH,94.29,89.67
PAVNAIND,47.28,47.28
AAATECH,38.56,38.56
KALYANKJIL,71.80,71.80
MAXIND,,
BTML,28.61,28.60
SHAREINDIA,9.59,9.59
UNIDT,33.25,33.25
SIGACHI,18.29,18.29
ANGELONE,14.64,14.64
ADL,174.31,174.31
NIRAJ,15.47,14.55
VALIANTORG,,
CAMS,34.14,34.14
SURYODAY,5.73,5.73
ROML,47.06,47.06
UTIAMC,13.49,13.49
RAILTEL,34.19,32.32
HEMIPROP,,
BECTORFOOD,56.92,56.92
KHAICHEM,,
ORCHPHARMA,44.26,44.26
SUBEXLTD,,
NURECA,,
INDIGOPNTS,34.90,34.90
HERANBA,22.01,22.01
LXCHEM,35.76,35.76
TARC,,
RVHL,,
MTARTECH,89.96,89.96
FAIRCHEMOR,33.31,33.31
ANURAS,50.56,50.56
KANPRPLA,21.78,21.78
ISGEC,26.51,26.51
STYLAMIND,20.57,20.44
PAKKA,20.35,20.35
CLSEL,13.27,13.27
PARTYCRUS,14.78,14.78
CARYSIL,23.90,23.90
SHAILY,83.21,83.21
MODISONLTD,18.60,18.87
FIBERWEB,8.67,8.67
BCLIND,10.80,10.80
BHAGCHEM,163.98,163.98
SBCL,29.73,29.73
AADHARHFC,18.89,18.89
SMCGLOBAL,5.74,5.74
QMSMEDI,16.00,16.00
NPST,97.82,97.82
ARIHANTCAP,9.41,9.77
NAZARA,104.26,103.13
IPL,23.39,23.39
GENCON,12.95,12.95
LODHA,44.90,44.90
HLEGLAS,35.37,35.37
BESTAGRO,31.75,31.75
VMARCIND,18.85,18.85
SONACOMS,52.57,51.47
UTKARSHBNK,14.55,14.55
DRCSYSTEMS,18.07,18.07
PARAS,70.11,70.11
CRAFTSMAN,52.76,50.90
DODLA,26.15,26.15
EXXARO,,
JUBLINGREA,47.57,47.55
ROLEXRINGS,26.94,22.40
ORTINGLOBE,,
SHYAMMETL,21.85,21.85
KIMS,54.86,54.86
SUVIDHAA,,
MAKS,97.38,41.34
JSFB,6.13,6.13
TATVA,113.20,113.20
CLEAN,48.66,48.66
ALIVUS,24.55,24.55
ABSLAMC,19.49,19.49
DEEPINDS,16.87,16.92
ZOMATO,323.28,323.28
CHEMPLASTS,,
BEWLTD,13.32,13.32
PIXTRANS,16.98,16.98
MEDIASSIST,33.28,33.28
WINDLAS,25.92,25.92
CARTRADE,59.32,59.32
KRSNAA,30.31,30.31
EQUIPPP,,
DEVYANI,,1502.61
APTUS,21.70,21.70
SUPRIYA,27.55,27.55
ANMOL,9.87,9.87
BMETRICS,15.98,15.98
ABCOTS,55.87,55.87
VIJAYA,65.91,65.91
AMIORG,71.95,71.80
IWEL,33.87,32.32
VINEETLAB,,
MOL,,
SANSERA,34.07,34.07
BAJAJHCARE,,43.65
PRITIKAUTO,14.08,14.08
AAREYDRUGS,18.50,18.50
GRINFRA,8.35,10.53
INTLCONV,5.00,5.00
PAYTM,,
STEELCAS,25.75,25.75
HPAL,21.90,21.90
UGROCAP,10.58,10.58
STARHEALTH,28.00,28.00
KPIGREEN,28.19,27.97
YUKEN,41.42,41.42
SGIL,35.70,35.70
ANANDRATHI,58.50,58.50
SJS,23.80,23.80
FINOPB,19.69,19.69
POLICYBZR,276.98,323.29
NYKAA,704.94,704.94
AWL,28.03,28.03
MONARCH,15.56,15.55
SAPPHIRE,595.51,347.99
DKEGL,9.25,9.25
QUADPRO,15.73,15.73
PRUDENT,36.35,36.35
EPIGRAL,20.07,20.07
NUVOCO,,
GOCOLORS,44.22,44.22
NGIL,,
TRACXN,,
CMSINFO,20.54,20.54
FUSION,,
COASTCORP,,
TARSONS,54.21,54.21
MEDPLUS,64.57,64.57
TEGA,48.25,48.25
RATEGAIN,28.31,28.31
MANORG,34.73,34.73
LATENTVIEW,47.25,47.25
METROBRAND,73.75,73.75
PVSL,33.89,33.89
MICEL,24.22,24.22
PASUPTAC,9.74,9.74
FOODSIN,26.18,26.18
PARADEEP,17.16,17.16
MAPMYINDIA,65.69,65.69
ABMINTLLTD,278.98,278.98
3IINFOLTD,,
TMB,5.66,5.66
KRITI,183.12,183.12
DYNAMIC,22.46,22.51
MANYAVAR,50.80,50.80
GANESHBE,11.74,11.74
GVPTECH,59.72,59.72
KOTYARK,19.38,19.38
MEDICAMEQ,97.40,97.40
EMIL,28.67,28.67
SHIVALIK,57.60,57.60
PRECISION,11.43,11.43
UMAEXPORTS,18.06,17.75
DATAPATTNS,45.01,45.01
JSLL,46.29,46.29
MEDANTA,60.87,60.87
AHL,9.66,9.66
MALLCOM,18.60,18.60
NIDAN,,9.02
IRIS,49.47,49.47
ASIANENE,37.28,35.38
DIGJAMLMTD,,
SMLT,35.88,35.88
NRL,29.06,29.06
RADIANTCMS,13.72,13.72
GPTHEALTH,21.55,21.55
CHOICEIN,62.57,62.57
EUROBOND,24.12,24.12
SELMC,,
HARIOMPIPE,17.51,17.51
GRWRHITECH,28.15,28.15
CAPITALSFB,9.64,9.64
DELHIVERY,752.90,418.74
DCMSRIND,11.70,11.70
VERANDA,,
RAJRILTD,,
EMUDHRA,83.63,83.63
DYCL,25.03,25.03
FIVESTAR,21.78,21.78
STARTECK,23.47,23.47
VIRINCHI,34.94,34.94
SBC,35.84,35.84
DHRUV,30.85,30.85
ELDEHSG,23.80,23.80
RICHA,15.98,15.98
ELIN,34.92,34.92
SHIGAN,19.62,19.62
TIMESCAN,7.88,7.88
MADHAVBAUG,25.07,25.07
SEJALLTD,44.58,44.58
MHLXMIRU,14.09,14.09
LOYALTEX,,
RELCHEMQ,46.24,46.24
GATEWAY,4.83,12.55
SYRMA,46.60,46.07
ZIMLAB,28.74,28.74
UDAICEMENT,,
JTLIND,28.52,28.52
CAMPUS,66.95,66.95
RAINBOW,52.73,52.73
TBOTEK,59.99,60.92
VENUSPIPES,27.92,27.92
AETHER,106.30,62.59
ROTO,36.33,36.33
SPRL,12.15,12.15
MEGASTAR,70.22,70.22
INDOBORAX,11.18,11.18
LANDMARK,69.47,
RACE,78.80,78.80
AVONMORE,19.77,19.77
ETHOSLTD,64.93,64.93
DREAMFOLKS,20.83,20.83
AGSTRA,,
SONUINFRA,15.29,15.29
MSUMI,32.86,32.86
KNAGRI,15.95,15.95
LEMERITE,209.95,209.95
DHARMAJ,18.00,18.00
HARSHA,28.01,28.01
OBCL,108.91,108.91
GMRP&UI,3.93,
KCK,180.10,180.10
LICI,10.88,10.88
INDOAMIN,15.53,15.53
KRISHNADEF,44.35,44.35
PROPEQUITY,16.95,16.95
TVSSCS,,
SWARAJ,14.06,14.06
INOXGREEN,128.67,128.67
FEDFINA,15.76,15.76
ACI,37.42,31.84
BIKAJI,58.65,58.65
RITCO,18.38,18.38
SADHNANIQ,208.41,208.41
SURAJEST,14.07,14.07
VEEKAYEM,25.64,25.64
SKP,358.19,358.19
RILINFRA,15.97,15.97
HARDWYN,50.07,50.07
CHEVIOT,9.58,9.58
MUKKA,16.66,16.66
HMAAGRO,20.90,20.90
MWL,14.04,14.04
MEDICO,53.20,53.20
CMRSL,9.61,7.76
KFINTECH,46.33,46.33
YATHARTH,26.56,26.56
DCXINDIA,50.59,50.59
YATRA,40.91,40.91
AKSHAR,,
ARISTO,14.78,14.78
KAYNES,102.54,102.54
NGLFINE,20.04,20.04
SABAR,3.67,3.67
SWASTIK,32.40,32.40
FIDEL,21.71,21.71
AXITA,46.12,49.20
PLAZACABLE,148.89,148.89
SENCO,37.24,37.24
USASEEDS,16.31,16.31
TRU,15.45,15.45
RADHIKAJWE,18.03,18.03
TIPSFILMS,,
SPLPETRO,24.30,24.30
RAMRAT,29.74,29.74
VIVIANA,50.86,50.86
CSLFINANCE,8.08,8.08
AGNI,104.48,104.48
KORE,41.63,41.52
GOYALALUM,60.39,60.39
RUSTOMJEE,40.32,40.32
GENSOL,26.88,26.85
DBOL,44.46,37.41
KANDARP,58.61,58.61
GSLSU,,
SPORTKING,9.87,9.87
ALLETEC,31.22,31.22
AIIL,5.96,5.96
MANORAMA,69.05,69.05
ISHAN,32.96,30.97
ARABIAN,9.50,9.50
INNOVACAP,32.60,32.60
GRMOVER,21.28,21.28
SYNCOMF,36.83,36.83
BAHETI,36.88,36.88
SULA,30.29,30.29
SIGNATURE,180.55,180.55
ANNAPURNA,33.47,33.47
KRITINUT,11.18,11.18
MEGAFLEX,35.54,35.54
KALAMANDIR,20.69,20.69
VITAL,,
RAMAPHO,27.56,27.56
PPLPHARMA,,
AVALON,95.09,95.09
RITEZONE,8.66,8.66
CONCORDBIO,47.68,47.68
GODIGIT,77.73,77.73
BAIDFIN,11.56,11.56
LLOYDS,,
PHANTOMFX,13.46,13.46
QUICKTOUCH,8.15,8.15
AMIABLE,9.67,9.67
IPSL,40.93,40.93
KAMOPAINTS,38.16,38.16
BLUEJET,55.71,55.71
MVGJL,10.12,10.12
SCPL,16.34,16.34
SUKHJITS,12.12,12.12
ARHAM,28.51,28.51
FROG,30.75,30.75
MANKIND,46.08,46.08
SKYGOLD,43.12,43.12
BLAL,,
ARIHANTACA,26.68,26.68
SATINDLTD,12.42,12.40
DIVGIITTS,53.32,53.32
PRITIKA,70.84,70.84
USK,17.32,17.32
ANLON,33.59,33.59
MOTISONS,40.39,40.78
VELS,,
VERTEXPLUS,,
CMNL,31.00,30.44
SRIVASAVI,13.60,13.60
DIACABS,109.55,115.76
IKIO,40.24,40.24
MANOMAY,14.41,14.41
FAZE3Q,24.91,24.91
UMA,25.64,25.64
NSLNISP,,
RBMINFRA,17.40,17.40
LLOYDSME,35.04,35.04
AARTIPHARM,26.65,26.65
RHL,43.70,43.70
SAHYADRI,13.05,13.05
SAHANA,40.39,40.39
NINSYS,34.61,34.61
DUCOL,30.38,30.38
HOMESFY,16.28,15.92
SBFC,29.44,29.44
SBGLP,68.14,68.14
ASMS,157.94,181.72
HYBRIDFIN,9.59,8.97
SHERA,34.29,34.29
VIAZ,31.34,31.34
LRRPL,73.69,73.69
INDGN,32.07,32.26
ZAGGLE,61.39,61.39
GANDHAR,16.17,16.17
AGARWALFT,26.25,26.25
MCON,42.22,42.22
HONASA,89.50,89.50
RISHABH,46.21,46.21
IRMENERGY,20.01,20.01
SAH,265.26,265.26
DENEERS,20.10,20.10
JGCHEM,18.55,18.55
CYIENTDLM,53.44,53.44
NIRMAN,17.94,17.94
MASTER,31.65,31.65
YCCL,99.33,99.33
RPTECH,8.45,8.83
LORDSCHLO,96.33,96.33
SYSTANGO,16.42,16.42
RATNAVEER,17.00,17.00
PATTECH,30.92,30.92
SECMARK,43.14,43.14
AUROIMPEX,13.28,13.28
SOTAC,27.41,26.85
SPECTSTM,23.23,23.23
ATAM,15.46,15.46
IDEAFORGE,,
CRAYONS,8.99,8.99
INFOLLION,34.13,34.13
LAL,15.17,15.17
URBAN,15.81,15.81
INFINIUM,34.90,34.90
AARTECH,38.85,38.85
POCL,30.29,30.29
KRISHCA,22.12,22.12
ESFL,120.41,120.41
AATMAJ,,
DOLPHIN,24.38,24.75
TATATECH,42.26,42.26
REMUS,32.38,32.38
NOVAAGRI,15.51,15.51
REDTAPE,47.17,47.17
ASHOKAMET,4.23,4.23
SICALLOG,,
YUDIZ,,
PENTAGON,16.17,16.17
CELLPOINT,167.17,167.17
SEL,48.77,48.77
TRIDHYA,8.10,8.10
ACL,,
GREENCHEF,25.89,25.89
PROV,46.73,46.73
PTCIL,298.87,296.82
NETWEB,81.44,81.44
PYRAMID,22.45,22.45
MAGSON,37.79,37.79
AEROFLEX,43.29,43.29
EMSLIMITED,18.35,18.35
EFACTOR,14.31,14.31
GHCLTEXTIL,13.71,13.71
VPRPL,18.22,18.22
UDS,18.54,18.54
DENTALKART,54.56,54.56
SYNOPTICS,14.29,14.29
CLSL,29.40,29.40
SSFL,25.38,25.38
KIRLPNU,33.87,32.83
DHTL,,
ATL,19.78,18.73
BALUFORGE,30.78,30.78
RRKABEL,38.67,38.68
JSWINFRA,40.07,40.07
JLHL,48.55,48.98
SCILAL,48.65,48.65
SAHAJ,14.51,14.51
NUVAMA,21.37,21.37
GLOBALPET,71.62,71.62
YASHO,104.64,104.64
SERVICE,37.18,37.18
KEL,37.71,37.71
PRAMARA,29.23,29.23
NIITMTS,24.49,23.69
VINSYS,18.35,18.35
VALIANTLAB,,
ZEAL,10.73,10.73
ARVINDPORT,14.22,14.22
SAROJA,26.54,26.54
SINDHUTRAD,29.21,29.21
UNIHEALTH,18.71,18.71
ORIANA,25.95,25.95
ASKAUTOLTD,30.71,30.71
CHAVDA,16.15,16.15
ONDOOR,12.50,12.42
BAWEJA,15.52,15.52
TRANSTEEL,17.32,17.25
SANDUMA,13.07,13.07
VLEGOV,,486.81
PLADAINFO,7.69,7.69
OLIL,31.81,31.81
RBZJEWEL,23.04,23.04
KODYTECH,82.24,82.24
KARNIKA,44.84,44.84
AKANKSHA,216.58,216.58
SCML,13.88,13.88
SAAKSHI,28.81,28.81
MUFIN,64.77,63.15
MAL,13.09,13.09
HIGREEN,52.37,52.37
PLATIND,25.79,25.79
MUFTI,12.91,12.91
FLAIR,18.43,18.43
CELLECOR,50.25,50.25
MUTHOOTMF,7.60,7.60
SRGHFL,17.13,17.13
INDIFRA,43.74,43.74
JIOFIN,111.51,111.51
CPS,,
MADHUSUDAN,17.04,17.04
NEWJAISA,35.99,35.99
GOYALSALT,17.17,17.17
TICL,,
WOMANCART,38.72,38.72
RCDL,28.64,28.64
BLSE,26.58,26.58
SHANTHALA,30.05,30.05
TREL,3.87,25.17
MARCO,24.02,24.02
DIAMINESQ,93.44,93.44
VISHNUINFR,17.88,17.88
KONTOR,36.27,36.27
RKSWAMY,33.11,33.11
MICROPRO,10.40,10.40
INSPIRE,,
EPACK,74.45,74.45
HAPPYFORGE,29.93,29.93
IBLFL,54.76,54.76
INDIASHLTR,22.56,22.56
CELLO,33.50,33.50
CANARYS,15.16,15.16
DIGIDRIVE,17.52,17.52
DOMS,69.84,69.84
MAITREYA,41.74,41.74
DIGIKORE,22.77,22.77
GLOSTERLTD,,
LANCORHOL,22.84,22.84
AMNPLST,27.37,27.37
POLYSIL,7.96,7.96
SARTELE,36.46,36.46
VINYAS,108.72,108.72
SAIFL,8.47,8.47
JNKINDIA,48.21,48.21
PARAGON,14.23,14.23
INOXINDIA,42.54,43.70
GRAPHISAD,13.93,13.49
SHEETAL,33.60,33.60
ROXHITECH,6.70,6.70
JYOTICNC,59.23,57.91
BAJEL,106.46,86.93
EFORCE,,
DEEM,8.72,8.72
APS,50.01,50.01
ENTERO,56.62,56.62
TECHLABS,78.74,78.74
SIGNPOST,23.95,23.95
ROCKINGDCE,36.96,36.96
BABAFP,14.92,14.92
SUNCLAY,,
SHREEOSFM,14.53,14.53
PRESSTONIC,,
EXICOM,,
MEGATHERM,22.50,22.50
OWAIS,32.60,32.60
VR,66.25,65.75
KLL,13.81,13.81
ZENITHDRUG,12.19,12.33
SJLOGISTIC,19.38,19.38
CBAZAAR,,
PURVFLEXI,22.91,22.91
KTL,4.96,4.96
SRM,19.57,19.57
AZAD,98.23,98.23
KONSTELEC,12.09,12.09
JUNIPER,88.80,88.80
KRYSTAL,10.06,10.06
VSTL,23.66,23.66
FONEBOX,27.51,27.51
INM,23.59,23.41
ITALIANE,15.06,15.06
SUPREMEPWR,19.97,19.97
KCEIL,28.16,28.16
MAXESTATES,847.46,847.53
CGRAPHICS,28.67,28.67
ACCENTMIC,14.09,14.09
COMSYN,24.43,24.43
LAWSIKHO,29.09,29.09
SADHAV,16.00,16.00
MANDEEP,,
GOPAL,40.98,40.98
DAVANGERE,33.68,33.68
MAXPOSURE,29.87,29.87
ALPEXSOLAR,32.65,35.79
VHLTD,17.18,17.34
SONAMAC,11.59,11.59
BIRDYS,,
TCL,16.36,16.36
ENSER,23.26,23.26
DELAPLEX,12.79,12.79
RULKA,15.17,15.17
NAMAN,12.33,12.31
SINCLAIR,25.81,25.81
SHREEKARNI,23.75,23.75
BLUEPEBBLE,18.46,18.46
DCG,29.70,29.70
AWFIS,79.75,139.76
RADIOWALLA,1.71,1.53
RBS,15.56,15.56
ASPIRE,5.46,5.46
ESCONET,48.98,48.98
MVKAGRO,7.76,7.76
ENFUSE,89.47,89.47
AVPINFRA,19.23,19.23
SILKFLEX,11.72,11.72
VISHWAS,22.28,22.28
TGL,22.35,22.35
TAC,114.62,114.62
EMMIL,19.78,20.01
YASHOPTICS,20.95,20.95
ALUWIND,24.13,24.16
PRLIND,16.33,16.58
IEML,26.42,26.42
ABSMARINE,35.00,35.00
VERITAAS,11.33,11.33
WINSOL,45.52,45.52
HOACFOODS,82.90,82.90
SLONE,18.84,18.84
