SERIES,SYMBOL,SECURITY,RECORD_DT,BC_STRT_DT,BC_END_DT,EX_DT,ND_STRT_DT,ND_END_DT,PURPOSE
BE,IOLCP,IOL Chem and Pharma Ltd,11/03/2025, , ,11/03/2025, , ,FVSPLT FRM RS 10 TO RS 2 
BE,ABINFRA,A B Infrabuild Limited,10/03/2025, , ,10/03/2025, , ,RIGHT1:5 @PRM RS 27.50/- 
BE,BEL,Bharat Electronics Ltd,11/03/2025, , ,11/03/2025, , ,INTDIV - RS 1.50 PER SH  
BE,SBC,SBC Exports Limited,10/03/2025, , ,10/03/2025, , ,BONUS 1:2                
BE,SBILIFE,SBI Life Insurance Co Ltd,07/03/2025, , ,07/03/2025, , ,INTDIV - RS 2.70 PER SH  
BE,METROBRAND,Metro Brands Limited,07/03/2025, , ,07/03/2025, , ,INT/SPDV RS 3 & RS 14.50 
BE,JASH,Jash Engineering Limited,10/03/2025, , ,10/03/2025, , ,INTDIV - RE 0.80 PER SH  
BE,KESORAMIND,KESORAM INDUSTRIES LTD,10/03/2025, , ,10/03/2025, , ,DEMERGER                 
BZ,KESORAMIND,Kesoram Industries Ltd.,10/03/2025, , ,10/03/2025, , ,DEMERGER                 
EQ,SBC,SBC Exports Limited,10/03/2025, , ,10/03/2025, , ,BONUS 1:2                
EQ,KESORAMIND,Kesoram Industries Ltd.,10/03/2025, , ,10/03/2025, , ,DEMERGER                 
EQ,METROBRAND,Metro Brands Limited,07/03/2025, , ,07/03/2025, , ,INT/SPDV RS 3 & RS 14.50 
EQ,IOLCP,IOL Chem and Pharma Ltd,11/03/2025, , ,11/03/2025, , ,FVSPLT FRM RS 10 TO RS 2 
EQ,SBILIFE,SBI Life Insurance Co Ltd,07/03/2025, , ,07/03/2025, , ,INTDIV - RS 2.70 PER SH  
EQ,ABINFRA,A B Infrabuild Limited,10/03/2025, , ,10/03/2025, , ,RIGHT1:5 @PRM RS 27.50/- 
EQ,BEL,Bharat Electronics Ltd,11/03/2025, , ,11/03/2025, , ,INTDIV - RS 1.50 PER SH  
EQ,JASH,Jash Engineering Limited,10/03/2025, , ,10/03/2025, , ,INTDIV - RE 0.80 PER SH  
GB,SGBMAR25,2.50%GOLDBONDS 2025Tr-VII,13/03/2025, , , , , ,REDEMPTION               
GS,GS200325C,GOI STRIPS C 200325,18/03/2025, , , , , ,REDEMPTION               
GS,74GS2035,GOI LOAN 7.40% 2035,07/03/2025, , ,07/03/2025, , ,INTEREST PAYMENT         
GS,1018GS2026,GOI LOAN 10.18% 2026,10/03/2025, , ,10/03/2025, , ,INTEREST PAYMENT         
GS,GS150325C,GOI STRIPS C 150325,12/03/2025, , , , , ,REDEMPTION               
M3,IBULHSG,Sec Re NCD 9.25% Sr II,12/03/2025, , ,12/03/2025, , ,INTEREST PAYMENT         
MD,IBULHSG,Sec Re NCD 9.25% Sr VIII,12/03/2025, , ,12/03/2025, , ,INTEREST PAYMENT         
MF,UFDQIPIGVI,UTIAMC - UFDQIPIGVI,10/03/2025, , , , , ,STP                      
MF,UDAIPIGIII,UTIAMC - UDAIPIGIII,10/03/2025, , , , , ,STP                      
MF,UDAIPIPIII,UTIAMC - UDAIPIPIII,10/03/2025, , , , , ,DIV/STP                  
MF,UIAIPRGIII,UTI-FIIF AIP - III - RG,10/03/2025, , , , , ,STP                      
MF,UFDQIPIPVI,UTIAMC - UFDQIPIPVI,10/03/2025, , , , , ,DIV/STP                  
MF,UFIQIPRPVI,UTI-FIIF II-QIP- VI-RDP,10/03/2025, , , , , ,DIV/STP                  
MF,UFIQIPRRVI,UTI-FIIF II-QIP- VI-RDR,10/03/2025, , , , , ,DIV/STP                  
MF,UFIQIPRGVI,UTI-FIIF II-QIP- VI-RG,10/03/2025, , , , , ,DIVIDEND                 
MF,UIAIPRPIII,UTI-FIIF AIP - III - RDP,10/03/2025, , , , , ,DIV/STP                  
MF,UFDQIPIRVI,UTIAMC - UFDQIPIRVI,10/03/2025, , , , , ,DIV/STP                  
MG,IBULHSG,Sec Re NCD 9.71% Sr VIII,12/03/2025, , ,12/03/2025, , ,INTEREST PAYMENT         
MM,IBULHSG,Sec Re NCD 10.25% Sr XII,12/03/2025, , ,12/03/2025, , ,INTEREST PAYMENT         
MQ,IBULHSG,Sec Re NCD 9.25% Sr II,11/03/2025, , ,11/03/2025, , ,INTEREST PAYMENT         
MS,IBULHSG,Sec Re NCD 9.4% Sr IV,11/03/2025, , ,11/03/2025, , ,INTEREST PAYMENT         
MU,IBULHSG,Sec Re NCD 9.02% Sr V,11/03/2025, , ,11/03/2025, , ,INTEREST PAYMENT         
MV,IBULHSG,Sec Re NCD 9.48% Sr V,11/03/2025, , ,11/03/2025, , ,INTEREST PAYMENT         
MZ,IBULHSG,Sec Re NCD 9.25% Sr VIII,11/03/2025, , ,11/03/2025, , ,INTEREST PAYMENT         
N1,1025SCL34Z,Sammaan Capital Limited,12/03/2025, , ,12/03/2025, , ,INTEREST PAYMENT         
N1,925SCL26W,Sammaan Capital Limited,12/03/2025, , ,12/03/2025, , ,INTEREST PAYMENT         
N1,888SCL26X,Sammaan Capital Limited,12/03/2025, , ,12/03/2025, , ,INTEREST PAYMENT         
N1,902SCL27C,Sec Re NCD 9.02% Sr V,10/03/2025, , ,10/03/2025, , ,INTEREST PAYMENT         
N1,948SCL27R,Sammaan Capital Limited,12/03/2025, , ,12/03/2025, , ,INTEREST PAYMENT         
N1,925SCL29C,Sec Re NCD 9.25% Sr VIII,10/03/2025, , ,10/03/2025, , ,INTEREST PAYMENT         
N1,980SCL34B,Sec Re NCD 9.80% Sr XII,10/03/2025, , ,10/03/2025, , ,INTEREST PAYMENT         
N1,1003SCL31P,Sammaan Capital Limited,12/03/2025, , ,12/03/2025, , ,INTEREST PAYMENT         
N1,1003SCL31A,Sec Re NCD 10.03% Sr X,10/03/2025, , ,10/03/2025, , ,INTEREST PAYMENT         
N1,1025SCL34B,Sec Re NCD 10.25% Sr XII,10/03/2025, , ,10/03/2025, , ,INTEREST PAYMENT         
N1,948SCL27D,Sec Re NCD 9.48% Sr V,10/03/2025, , ,10/03/2025, , ,INTEREST PAYMENT         
N1,NABARD,7.35% Tax Free TrI SrIIA,07/03/2025, , ,07/03/2025, , ,INTEREST PAYMENT         
N2,LICHSGFIN,LHFL 7.73% 2034 Tr 439,07/03/2025, , ,07/03/2025, , ,INTEREST PAYMENT         
N2,NABARD,7.64% Tax Free TrI SrIIB,07/03/2025, , ,07/03/2025, , ,INTEREST PAYMENT         
N3,SIDBI,SIDBI 7.68% 2027 Sr IX,11/03/2025, , ,11/03/2025, , ,INTEREST PAYMENT         
N3,IBULHSG,Sec Re NCD 9.80% Sr XII,11/03/2025, , ,11/03/2025, , ,INTEREST PAYMENT         
N3,NHBTF2023,NHB 8.68 NCD Tr II Sr 2 A,09/03/2025, , ,07/03/2025, , ,INTEREST PAYMENT         
N4,IBULHSG,Sec Re NCD 10.25% Sr XII,11/03/2025, , ,11/03/2025, , ,INTEREST PAYMENT         
N4,NHBTF2023,NHB 8.65 NCD Tr II Sr 3 A,09/03/2025, , ,07/03/2025, , ,INTEREST PAYMENT         
N5,IBULHSG,Sec Re NCD 9.25% Sr II,11/03/2025, , ,11/03/2025, , ,INTEREST PAYMENT         
N6,NHBTF2023,NHB 8.93 NCD Tr II Sr 2 B,09/03/2025, , ,07/03/2025, , ,INTEREST PAYMENT         
N6,ERFLNCDI,Sec Red NCD 9.25% Sr. VI,10/03/2025, , ,10/03/2025, , ,INTEREST PAYMENT         
N7,NHBTF2023,NHB 8.90 NCD Tr II Sr 3 B,09/03/2025, , ,07/03/2025, , ,INTEREST PAYMENT         
N7,NTPC,8.49% Sec Non-Cum Red NCD,10/03/2025, , , , , ,INT PAYMENT/REDEMPTION   
N7,UGROCAP,Sec Red NCD 10.50% Sr.III,11/03/2025, , ,11/03/2025, , ,INTEREST PAYMENT         
N8,IBULHSG,Sec Re NCD 9.02% Sr V,11/03/2025, , ,11/03/2025, , ,INTEREST PAYMENT         
N9,IBULHSG,Sec Re NCD 9.48% Sr V,11/03/2025, , ,11/03/2025, , ,INTEREST PAYMENT         
NC,IBULHSG,Sec Re NCD 9.57% Sr X,11/03/2025, , ,11/03/2025, , ,INTEREST PAYMENT         
ND,IBULHSG,Sec Re NCD 10.03% Sr X,11/03/2025, , ,11/03/2025, , ,INTEREST PAYMENT         
NE,IIFL,IIFL Finance Limited,10/03/2025, , ,10/03/2025, , ,INTEREST PAYMENT         
NF,TATACAPHSG,TCHFL 7.92% 2034 Sr E,07/03/2025, , ,07/03/2025, , ,INTEREST PAYMENT         
NL,MUTHOOTFIN,MFL Repo Rate Link 2027,11/03/2025, , ,11/03/2025, , ,INTEREST PAYMENT         
NT,SAMMAANCAP,Sec Re NCD 8.89% Sr.VIII,10/03/2025, , ,10/03/2025, , ,INTEREST PAYMENT         
NV,SAMMAANCAP,UnSe Re NCD 8.89% Sr.X,10/03/2025, , ,10/03/2025, , ,INTEREST PAYMENT         
NW,SAMMAANCAP,UnSe Re NCD 9.35% Sr.X,10/03/2025, , ,10/03/2025, , ,INTEREST PAYMENT         
SG,669MP25,SDL MP 6.69% 2025,13/03/2025, , , , , ,REDEMPTION               
SG,664BR25,SDL BR 6.64% 2025,13/03/2025, , , , , ,REDEMPTION               
SG,603RJ25,SDL RJ 6.03% 2025,07/03/2025, , , , , ,REDEMPTION               
SG,738MP25,SDL MP 7.38% 2025,12/03/2025, , , , , ,REDEMPTION               
SG,695PN25,SDL PN 6.95% 2025,27/03/2025, , , , , ,REDEMPTION               
SG,688TS25,SDL TS 6.88% 2025,27/03/2025, , , , , ,REDEMPTION               
SG,588GJ25,SDL GJ 5.88% 2025,27/03/2025, , , , , ,REDEMPTION               
U1,1025SCL34Z,Sammaan Capital Limited,12/03/2025, , ,12/03/2025, , ,INTEREST PAYMENT         
U1,925SCL26W,Sammaan Capital Limited,12/03/2025, , ,12/03/2025, , ,INTEREST PAYMENT         
U1,888SCL26X,Sammaan Capital Limited,12/03/2025, , ,12/03/2025, , ,INTEREST PAYMENT         
U1,902SCL27C,Sec Re NCD 9.02% Sr V,10/03/2025, , ,10/03/2025, , ,INTEREST PAYMENT         
U1,948SCL27R,Sammaan Capital Limited,12/03/2025, , ,12/03/2025, , ,INTEREST PAYMENT         
U1,980SCL34B,Sec Re NCD 9.80% Sr XII,10/03/2025, , ,10/03/2025, , ,INTEREST PAYMENT         
U1,1003SCL31P,Sammaan Capital Limited,12/03/2025, , ,12/03/2025, , ,INTEREST PAYMENT         
U1,1003SCL31A,Sec Re NCD 10.03% Sr X,10/03/2025, , ,10/03/2025, , ,INTEREST PAYMENT         
U1,1025SCL34B,Sec Re NCD 10.25% Sr XII,10/03/2025, , ,10/03/2025, , ,INTEREST PAYMENT         
U1,948SCL27D,Sec Re NCD 9.48% Sr V,10/03/2025, , ,10/03/2025, , ,INTEREST PAYMENT         
U1,925SCL29C,Sec Re NCD 9.25% Sr VIII,10/03/2025, , ,10/03/2025, , ,INTEREST PAYMENT         
U1,NABARD,7.35% Tax Free TrI SrIIA,07/03/2025, , ,07/03/2025, , ,INTEREST PAYMENT         
U2,LICHSGFIN,LHFL 7.73% 2034 Tr 439,07/03/2025, , ,07/03/2025, , ,INTEREST PAYMENT         
U2,NABARD,7.64% Tax Free TrI SrIIB,07/03/2025, , ,07/03/2025, , ,INTEREST PAYMENT         
U3,NHBTF2023,NHB 8.68 NCD Tr II Sr 2 A,09/03/2025, , ,07/03/2025, , ,INTEREST PAYMENT         
U3,SIDBI,SIDBI 7.68% 2027 Sr IX,11/03/2025, , ,11/03/2025, , ,INTEREST PAYMENT         
U3,IBULHSG,Sec Re NCD 9.80% Sr XII,11/03/2025, , ,11/03/2025, , ,INTEREST PAYMENT         
U4,NHBTF2023,NHB 8.65 NCD Tr II Sr 3 A,09/03/2025, , ,07/03/2025, , ,INTEREST PAYMENT         
U5,IBULHSG,Sec Re NCD 9.25% Sr II,11/03/2025, , ,11/03/2025, , ,INTEREST PAYMENT         
U6,NHBTF2023,NHB 8.93 NCD Tr II Sr 2 B,09/03/2025, , ,07/03/2025, , ,INTEREST PAYMENT         
U6,ERFLNCDI,Sec Red NCD 9.25% Sr. VI,10/03/2025, , ,10/03/2025, , ,INTEREST PAYMENT         
U7,NHBTF2023,NHB 8.90 NCD Tr II Sr 3 B,09/03/2025, , ,07/03/2025, , ,INTEREST PAYMENT         
U7,NTPC,8.49% Sec Non-Cum Red NCD,10/03/2025, , , , , ,INT PAYMENT/REDEMPTION   
U7,UGROCAP,Sec Red NCD 10.50% Sr.III,11/03/2025, , ,11/03/2025, , ,INTEREST PAYMENT         
U8,IBULHSG,Sec Re NCD 9.02% Sr V,11/03/2025, , ,11/03/2025, , ,INTEREST PAYMENT         
U9,IBULHSG,Sec Re NCD 9.48% Sr V,11/03/2025, , ,11/03/2025, , ,INTEREST PAYMENT         
UC,IBULHSG,Sec Re NCD 9.57% Sr X,11/03/2025, , ,11/03/2025, , ,INTEREST PAYMENT         
UD,IBULHSG,Sec Re NCD 10.03% Sr X,11/03/2025, , ,11/03/2025, , ,INTEREST PAYMENT         
UE,IIFL,IIFL Finance Limited,10/03/2025, , ,10/03/2025, , ,INTEREST PAYMENT         
UF,TATACAPHSG,TCHFL 7.92% 2034 Sr E,07/03/2025, , ,07/03/2025, , ,INTEREST PAYMENT         
UL,MUTHOOTFIN,MFL Repo Rate Link 2027,11/03/2025, , ,11/03/2025, , ,INTEREST PAYMENT         
UT,SAMMAANCAP,Sec Re NCD 8.89% Sr.VIII,10/03/2025, , ,10/03/2025, , ,INTEREST PAYMENT         
UV,SAMMAANCAP,UnSe Re NCD 8.89% Sr.X,10/03/2025, , ,10/03/2025, , ,INTEREST PAYMENT         
UW,SAMMAANCAP,UnSe Re NCD 9.35% Sr.X,10/03/2025, , ,10/03/2025, , ,INTEREST PAYMENT         
Y3,IBULHSG,Sec Re NCD 9.25% Sr II,12/03/2025, , ,12/03/2025, , ,INTEREST PAYMENT         
YD,IBULHSG,Sec Re NCD 9.25% Sr VIII,12/03/2025, , ,12/03/2025, , ,INTEREST PAYMENT         
YG,IBULHSG,Sec Re NCD 9.71% Sr VIII,12/03/2025, , ,12/03/2025, , ,INTEREST PAYMENT         
YM,IBULHSG,Sec Re NCD 10.25% Sr XII,12/03/2025, , ,12/03/2025, , ,INTEREST PAYMENT         
YQ,IBULHSG,Sec Re NCD 9.25% Sr II,11/03/2025, , ,11/03/2025, , ,INTEREST PAYMENT         
YS,IBULHSG,Sec Re NCD 9.4% Sr IV,11/03/2025, , ,11/03/2025, , ,INTEREST PAYMENT         
YU,IBULHSG,Sec Re NCD 9.02% Sr V,11/03/2025, , ,11/03/2025, , ,INTEREST PAYMENT         
YV,IBULHSG,Sec Re NCD 9.48% Sr V,11/03/2025, , ,11/03/2025, , ,INTEREST PAYMENT         
YZ,IBULHSG,Sec Re NCD 9.25% Sr VIII,11/03/2025, , ,11/03/2025, , ,INTEREST PAYMENT         

