SYMBOL,SERIES,SECURITY,HIGH/LOW,INDEX FLAG
63MOONS,EQ,63 MOONS TECHNOLOGIES LTD,H
865SCL24B,Z8,SEC RE NCD 8.70% SR.VIII,H
A2ZINFRA,BE,A2Z INFRA ENGINEERING LTD,H
AARVEEDEN,BE,AARVEE DEN. & EXP. LTD,H
ACMESOLAR,EQ,ACME SOLAR HOLDINGS LTD,H
AGNI,ST,AGNI GREEN POWER LTD,H
AKANKSHA,SM,AKANKSHA POWER N INFRA L,H
AKSHAR,BE,AKSHAR SPINTEX LIMITED,H
ALPHAGEO,BE,ALPHAGEO (INDIA) LIMITED,H
ALPSINDUS,BE,ALPS INDUSTRIES LTD.,H
ANKITMETAL,BZ,ANKIT MET & POW LTD,H
APRAMEYA,ST,APRAMEYA ENGINEERING LTD,H
ARIHANTACA,SM,ARIHANT ACADEMY LIMITED,H
ARROWGREEN,BE,ARROW GREENTECH LIMITED,H
ARSSINFRA,BE,ARSS INFRA PROJ. LTD,H
ARVEE,EQ,ARVEE LABORATORIES I LTD,H
ARVINDPORT,ST,ARVIND PORT AND INFRA LTD,H
ASHAPURMIN,EQ,ASHAPURA MINECHEM LTD,H
ASKAUTOLTD,EQ,ASK AUTOMOTIVE LIMITED,H
ASPIRE,ST,ASPIRE & INNOVATIVE ADV L,H
AURDIS,ST,AURANGABAD DISTILLERY LTD,H
AUSOMENT,EQ,AUSOM ENTERPRISE LIMITED,H
AVONMORE,BE,AVONMORE CAP&MGT SERV LTD,H
AXISCADES,BE,AXISCADES TECH LTD,H
BAGFILMS,BE,B.A.G FILMS AND MEDIA LTD,H
BAJAJINDEF,BE,INDEF MANUFACTURING LTD,H
BALAXI,EQ,BALAXI PHARMA LTD,H
BANARBEADS,BE,BANARASBEADSLTD-ROLLSETT,H
BANKA,EQ,BANKA BIOLOO LIMITED,H
BBOX,EQ,BLACK BOX LIMITED,H
BESTAGRO,BE,BEST AGROLIFE LIMITED,H
BGRENERGY,BE,BGR ENERGY SYSTEMS LTD,H
BIRLAMONEY,BE,ADITYA BIRLA MONEY LTD,H
BLUECHIP,BE,BLUE CHIP INDIA LIMITED,H
BLUEJET,EQ,BLUE JET HEALTHCARE LTD,H
BOHRAIND,BE,BOHRA INDUSTRIES LIMITED,H
BYKE,BE,THE BYKE HOSPITALITY LTD,H
CADSYS,ST,CADSYS (INDIA) LIMITED,H
CALSOFT,BE,CALIFORNIA SOFTWARE CO LT,H
CALSOFTPP,X1,CALSOFT RS.2.50 PPD UP,H
CAPTRUST,EQ,CAPITAL TRUST LIMITED,H
CBAZAAR,ST,NET AVENUE TECHNOLOGIES L,H
CEREBRAINT,BZ,CEREBRA INT TECH LTD,H
CMRSL,SM,CYBER MEDIA RES & SER LTD,H
COMPINFO,BZ,COMPUAGE INFOCOM LTD,H
CRAYONS,ST,CRAYONS ADVERTISING LTD,H
CREATIVEYE,EQ,CREATIVE EYE LIMITED,H
DCG,ST,DCG CABLES & WIRES LTD,H
DELPHIFX,BE,DELPHI WORLD MONEY LTD,H
DELTAMAGNT,BE,DELTA MANUFACTURING LTD,H
DHRUV,BE,DHRUV CONSULTANCY SER LTD,H
DHTL,SM,DOCMODE HEALTH TECH LTD,H
DIFFNKG,BE,DIFFUSION ENGINEERS LTD,H
DIGJAMLMTD,BE,DIGJAM LTD,H
EFFWA,SM,EFFWA INFRA & RESEARCH L,H
ENSER,ST,ENSER COMMUNICATIONS LTD,H
ESCONET,ST,ESCONET TECHNOLOGIES LTD,H
ESPRIT,ST,ESPRIT STONES LIMITED,H
ESSARSHPNG,BE,ESSAR SHIPPING LTD,H
EVERESTIND,BE,EVEREST INDUSTRIES LTD,H
EXCEL,BE,EXCEL REALTY N INFRA LTD,H
FEL,BZ,FUTURE ENTERPRISES LTD,H
FELIX,SM,FELIX INDUSTRIES LTD.,H
FICRF3GP,MF,FRANTEMAMC - FICRF3GP,H
FIDEL,ST,FIDEL SOFTECH LIMITED,H
FLEXITUFF,BE,FLEXITUFF VENTURES INT L,H
GAJANAND,ST,GAJANAND INTERNATIONAL L,H
GAYAHWS,BE,GAYATRI HIGHWAYS LIMITED,H
GAYAPROJ,BZ,GAYATRI PROJECTS LTD,H
GENUSPAPER,EQ,GENUS P&B LIMITED,H
GICL,ST,GLOBE INTL CARRIERS LTD,H
GLOBALE,BE,GLOBALE TESSILE LIMITED,H
GODAVARIB,BE,GODAVARI BIOREFINERIES L,H
GODHA,BE,GODHA CABCON INSULAT LTD,H
GOENKA,BZ,GOENKA DIAMOND&JEWELS LTD,H
GSTL,ST,GLOBESECURE TECHNO LTD,H
GTECJAINX,BE,G-TEC JAINX EDUCATION LTD,H
GVKPIL,BE,GVK POW. & INFRA LTD.,H
HDIL,BZ,HOUSING DEV & INFRA LTD,H
HMT,BZ,HMT LTD -,H
HRHNEXT,ST,HRH NEXT SERVICES LIMITED,H
IBLFL,ST,IBL FINANCE LIMITED,H
IEML,ST,INDIAN EMULSIFIERS LTD,H
IITL,BE,INDUSTRIAL INV TRUST LTD,H
IL&FSTRANS,BZ,IL&FS TRANS NET LTD,H
INDOTECH,EQ,INDO TECH TRANSFORM LTD.,H
ISHAN,SM,ISHAN INTERNATIONAL LTD,H
ITI,BE,ITI LTD,H
ITTL,ST,INNOVATIVE TYRE & TUBE LT,H
IZMO,BE,IZMO LIMITED,H
JAICORPLTD,EQ,JAI CORP LIMITED,H
JAYBEE,ST,JAY BEE LAMINATIONS LTD,H
JHS,BE,JHS SVEND. LAB. LTD,H
JITFINFRA,BE,JITF INFRALOGISTICS LTD,H
JNKINDIA,EQ,JNK INDIA LIMITED,H
JPASSOCIAT,BE,JAIPRAKASH ASSOCIATES LTD,H
K2INFRA,ST,K2 INFRAGEN LIMITED,H
KAMOPAINTS,BE,KAMDHENU VENTURES LIMITED,H
KARMAENG,EQ,KARMA ENERGY LIMITED,H
KERNEX,BE,KERNEX MICROSYS(I) LTD,H
KKJEWELS,ST,KABRA JEWELS LIMITED,H
KORE,ST,JAY JALARAM TECHNO LTD,H
KOTHARIPRO,BE,KOTHARI PRODUCTS,H
KPEL,EQ,K.P. ENERGY LIMITED,H
KPIGREEN,EQ,KPI GREEN ENERGY LIMITED,H
KRISHNADEF,SM,KRISHNA DEF AND ALD IND L,H
KRITIKA,BE,KRITIKA WIRES LIMITED,H
KSHITIJPOL,BE,KSHITIJ POLYLINE LIMITED,H
LAKSHYA,ST,LAKSHYA POWERTECH LIMITED,H
LAL,BE,LORENZINI APPARELS LTD,H
LAMBODHARA,BE,LAMBODHARA TEXTILES LTD.,H
LATTEYS,BE,LATTEYS INDUSTRIES LTD,H
LAWSIKHO,ST,ADDICTIVE LEARNING TECH L,H
LCCINFOTEC,BE,LCC INFOTECH LTD,H
MACPOWER,BE,MACPOWER CNC MACHINES LTD,H
MAHKTECH,EQ,MIRAEAMC - MAHKTECH,H
MANAKCOAT,BE,MAN COAT METAL & IND LTD,H
MANAV,SM,MANAV INFRA PROJECTS LTD,H
MARINE,BE,MARINE ELECTRICAL (I) LTD,H
MASKINVEST,BE,MASK INVESTMENTS LIMITED,H
MAZDA,BE,MAZDA LIMITED,H
MCLEODRUSS,BE,MCLEOD RUSSEL INDIA LTD.,H
MEGASOFT,BE,MEGASOFT LTD,H
MFML,BE,MAHALAXMI FABRIC MILLS LT,H
MICEL,EQ,MIC ELECTRONICS LTD,H
MODTHREAD,EQ,MODERN THREADS INDIA LTD,H
MOHITIND,BE,MOHIT INDUSTRIES LTD,H
MONOPHARMA,SM,MONO PHARMACARE LIMITED,H
MSPL,EQ,MSP STEEL & POWER LTD.,H
MTEDUCARE,BE,MT EDUCARE LTD,H
NAMAN,ST,NAMAN IN-STORE (INDIA) L,H
NARMADA,BE,NARMADA AGROBASE LIMITED,H
NEPHROCARE,SM,NEPHRO CARE INDIA LIMITED,H
NGLFINE,BE,NGL FINE CHEM LIMITED,H
NILASPACES,BE,NILA SPACES LIMITED,H
NIRMAN,SM,NIRMAN AGRI GENTICS LTD,H
ODIGMA,BE,ODIGMA CONSULTANCY SOL L,H
OMKARCHEM,BZ,OMKAR SPL CHEM LTD,H
ORCHPHARMA,EQ,ORCHID PHARMA LIMITED,H
ORIANA,SM,ORIANA POWER LIMITED,H
ORTEL,BZ,ORTEL COMMUNICATIONS LTD,H
OSELDEVICE,ST,OSEL DEVICES LIMITED,H
OSIAHYPER,EQ,OSIA HYPER RETAIL LIMITED,H
PALREDTEC,BE,PALRED TECHNOLOGIES LTD,H
PANACHE,BE,PANACHE DIGILIFE LIMITED,H
PANSARI,BE,PANSARI DEVELOPERS LTD,H
PAR,BE,PAR DRUGS AND CHEM LTD,H
PARASPETRO,EQ,PARAS PETROFILS LTD.,H
PCJEWELLER,EQ,PC JEWELLER LTD,H
PENINLAND,BE,PENINSULA LAND LIMITED,H
PERFECT,ST,PERFECT INFRAENGINEER LTD,H
PIONEEREMB,BE,PIONEER EMBROIDERIES LTD,H
PKTEA,BE,THE P K TEA PROD CO LTD,H
POLYSIL,ST,POLYSIL IRRIGATION SYST L,H
PRESSTONIC,ST,PRESSTONIC ENGINEERING L,H
PTCIL,EQ,PTC INDUSTRIES LIMITED,H
QFIL,SM,QUALITY FOILS (INDIA) LTD,H
QUICKTOUCH,ST,QUICKTOUCH TECHNOLOGIES L,H
RAMANEWS,BE,SHREE RAMA NEWSPRINT LTD,H
RBMINFRA,ST,RBM INFRACON LIMITED,H
READYMIX,ST,READYMIX CONSTRU MACHI L,H
REFEX,EQ,REFEX INDUSTRIES LIMITED,H
REGENCERAM,BE,REGENCYCERAMICS-LTD,H
RICHA,SM,RICHA INFO SYSTEMS LTD,H
RKEC,EQ,RKEC PROJECTS LIMITED,H
ROLLT,BE,ROLLATAINERS LIMITED,H
ROLTA,BZ,ROLTA INDIA LTD,H
ROSSELLIND,BE,ROSSELL INDIA LIMITED,H
RPPINFRA,BE,R.P.P INFRA PROJECTS LTD.,H
RSSOFTWARE,BE,R. S. SOFTWARE (INDIA) LI,H
RVTH,EQ,REVATHI EQUIPMENT INDIA L,H
SABAR,ST,SABAR FLEX INDIA LIMITED,H
SADBHAV,BE,SADBHAV ENGINEERING LTD,H
SADBHIN,EQ,SADBHAV INFRA PROJ LTD.,H
SADHNANIQ,BE,SADHANA NITROCHEM LIMITED,H
SAH,EQ,SAH POLYMERS LIMITED,H
SAHANA,ST,SAHANA SYSTEM LIMITED,H
SAHASRA,ST,SAHASRA ELECTRONIC SOLU L,H
SAJHOTELS,ST,SAJ HOTELS LIMITED,H
SAKUMA,BE,SAKUMA EXPORTS LIMITED,H
SANWARIA,BZ,SANWARIA CONSUMER LIMITED,H
SARLAPOLY,BE,SARLA PERF. FIBERS LTD,H
SECURKLOUD,EQ,SECUREKLOUD TECH LIMITED,H
SEJALLTD,EQ,SEJAL GLASS LIMITED,H
SELMC,EQ,SEL MANUFACTURING CO LTD,H
SETCO,BE,SETCO AUTOMOTIVE LTD,H
SETUINFRA,BZ,SETUBANDHAN INFRA LTD,H
SHAHALLOYS,EQ,SHAH ALLOYS LIMITED,H
SHAILY,BE,SHAILY ENG PLASTICS LTD,H
SHAKTIPUMP,BE,SHAKTI PUMPS (I) LTD,H
SHANTI,EQ,SHANTI OVERSEAS INDIA LTD,H
SHEKHAWATI,BE,SHEKHAWATI INDUSTRIES LTD,H
SHIGAN,ST,SHIGAN QUANTUM TECH LTD,H
SHREEKARNI,ST,SHREE KARNI FABCOM LTD,H
SHYAMTEL,BE,SHYAM TELECOM LIMITED,H
SILLYMONKS,EQ,SILLY MONKS ENTERTAIN LTD,H
SITINET,BZ,SITI NETWORKS LIMITED,H
SIYSIL,EQ,SIYARAM SILK MILLS LTD,H
SOLARAPP,E1,SOLAR ACT RS.3.50 PPD UP,H
SOMICONVEY,EQ,SOMI CONVEYOR BELT. LTD.,H
SONUINFRA,ST,SONU INFRATECH LIMITED,H
SPECTSTM,SM,SPECTRUM TALENT MGMT LTD,H
SPMLINFRA,BE,SPML INFRA LIMITED,H
SPRL,SM,SP REFRACTORIES LIMITED,H
SRPL,BZ,SHREE RAM PROTEINS LTD.,H
SUMIT,EQ,SUMIT WOODS LIMITED,H
SUPERSPIN,EQ,SUPER SPINNING MILLS LTD,H
SUULD,BZ,SUUMAYA INDUSTRIES LTD,H
SWANDEF,BE,SWAN DEFENCE N HEVY IND L,H
SWELECTES,BE,SWELECT ENERGY SYS LTD,H
TAKE,BZ,TAKE SOLUTIONS LTD,H
TECHLABS,ST,TRIDENT TECHLABS LIMITED,H
TGL,ST,TEERTH GOPICON LIMITED,H
TIRUPATIFL,BE,TIRUPATI FORGE LIMITED,H
TNTELE,BE,TAMILNADU TELECOMMUNICATI,H
TOLINS,BE,TOLINS TYRES LIMITED,H
UMANGDAIRY,BE,UMANG DAIRIES LIMITED,H
UMESLTD,EQ,USHA MARTIN EDU & SOL LTD,H
UNITECH,BZ,UNITECH LIMITED,H
URJA,BE,URJA GLOBAL LIMITED,H
VERITAAS,ST,VERITAAS ADVERTISING LTD,H
VERTEXPLUS,SM,VERTEXPLUS TECHNOLOGIES L,H
VERTOZ,BE,VERTOZ LIMITED,H
VINNY,BE,VINNY OVERSEAS LIMITED,H
VIPULLTD,BE,VIPUL LIMITED,H
VIVIANA,ST,VIVIANA POWER TECH LTD,H
VMARCIND,ST,V MARC INDIA LIMITED,H
VSCL,ST,VADIVARHE SPCLTY CHEM LTD,H
WALCHANNAG,EQ,WALCHANDNAGAR INDUSTRIES,H
WEALTH,BE,WEALTH FRST PORT. MG. LTD,H
WEBELSOLAR,BE,WEBSOL ENERGY SYSTEM LTD,H
WINDMACHIN,EQ,WINDSOR MACHINES LIMITED,H
WINNY,ST,WINNY IMMIGRA & EDU SER L,H
WSI,BE,W.S.INDUSTRIES (I) LTD.,H
YAARI,BE,YAARI DIGI INT SER LTD,H
ZENTEC,EQ,ZEN TECHNOLOGIES LIMITED,H
ZTECH,ST,Z-TECH (INDIA) LIMITED,H
1030SFIL28,NM,SEC RE NCD 10.30% SR.VII,L
21STCENMGM,BE,21ST CENTURY MGMT SERVICE,L
727GS2026,GS,GOI LOAN 7.27% 2026,L
966SFIL25A,NI,SEC RE NCD 10.05% SR.IV,L
AGARWALFT,ST,AGARWAL FLOAT GLASS I LTD,L
AGSTRA,BE,AGS TRANSACT TECH LTD,L
ANSALAPI,BZ,ANSAL PROP & INFRA LTD,L
ATLASCYCLE,BE,ATLAS CYCLE (HARYANA) LTD,L
BAGFILMS,BE,B.A.G FILMS AND MEDIA LTD,L
BTML,BE,BODHI TREE MULTIMEDIA LTD,L
C2C,ST,C2C ADVANCED SYSTEMS LTD,L
CALSOFTPP,X1,CALSOFT RS.2.50 PPD UP,L
COFFEEDAY,BE,COFFEE DAY ENTERPRISE LTD,L
CTE,EQ,CAMBRIDGE TECH ENTER LTD,L
DIACABS,BE,DIAMOND POWER INFRA LTD,L
DYNAMIC,ST,DYNAMIC SRVCS & SEC LTD,L
ELGIRUBCO,BE,ELGI RUBBER CO. LTD,L
EMAMIREAL,BE,EMAMI REALTY LIMITED,L
FRESHARA,ST,FRESHARA AGRO EXPORTS LTD,L
GSMFOILS,ST,GSM FOILS LIMITED,L
HARDWYN,BE,HARDWYN INDIA LIMITED,L
HIGREEN,SM,HI GREEN CARBON LIMITED,L
HOLMARC,ST,HOLMARC OPTO MECHATRO L,L
INFOMEDIA,BE,INFOMEDIA PRESS LIMITED,L
K2INFRA,ST,K2 INFRAGEN LIMITED,L
KCK,ST,KCK INDUSTRIES LTD,L
KEEPLEARN,BE,DSJ KEEP LEARNING LTD,L
KONTOR,SM,KONTOR SPACE LIMITED,L
KORE,ST,JAY JALARAM TECHNO LTD,L
KTL,ST,KALAHRIDHAAN TRENDZ LTD,L
LAKPRE,BZ,LAKSHMI PRE SCRE LTD,L
LGHL,BE,LAXMI GOLDORNA HOUSE LTD,L
MARINETRAN,ST,MARINETRANS INDIA LIMITED,L
MEP,BZ,MEP INFRA. DEVELOPERS LTD,L
MFML,BE,MAHALAXMI FABRIC MILLS LT,L
MIEL,ST,MANGLAM INFRA & ENG LTD,L
NAVKARURB,BE,NAVKAR URBANSTRUCTURE LTD,L
NEELAM,ST,NEELAM LINENS & GAR (I) L,L
ORBTEXP,BE,ORBIT EXPORTS LIMITED,L
PIGL,BE,POWER INSTRUMENT (G) LTD,L
PRUDMOULI,BE,PRUDENTIAL SUGAR CORPORAT,L
RAJRILTD,BE,RAJ RAYON INDUSTRIES LTD,L
RAMANEWS,BE,SHREE RAMA NEWSPRINT LTD,L
SBGLP,BE,SURATWWALA BUS GROUP LTD,L
SEYAIND,BE,SEYA INDUSTRIES LIMITED,L
SHANTHALA,ST,SHANTHALA FMCG PRODUCTS L,L
SHUBHLAXMI,ST,SHUBHLAXMI JEWEL ART LTD,L
SLONE,ST,SLONE INFOSYSTEMS LIMITED,L
SOTAC,SM,SOTAC PHARMACEUTICALS LTD,L
SURANI,ST,SURANI STEEL TUBES LTD.,L
TAC,ST,TAC INFOSEC LIMITED,L
TERASOFT,BE,TERA SOFTWARE LIMITED,L
TFL,BE,TRANSWARRANTY FIN. LTD.,L
TNTELE,BE,TAMILNADU TELECOMMUNICATI,L
URBAN,SM,URBAN ENVIRO WASTE MGMT L,L
VELS,ST,VELS FILM INTERNATIONAL L,L
VLEGOV,BE,VL E GOV AND IT SOL LTD,L
WINSOME,BZ,WINSOME YARNS LIMITED,L
YAARI,BE,YAARI DIGI INT SER LTD,L
YUDIZ,SM,YUDIZ SOLUTIONS LIMITED,L
