GAIN_LOSS,SECURITY,CLOSE_PRIC,PREV_CL_PR,PERCENT_CG
 ,Nifty 50 Sec., , , 
 , , , , 
G,RELIANCE INDUSTRIES LTD,      1249.80,      1209.60,3.32
G,NESTLE INDIA LIMITED,      2238.45,      2201.20,1.69
G,BAJAJ AUTO LIMITED,      7574.75,      7462.25,1.51
G,BHARAT ELECTRONICS LTD,       276.99,       272.95,1.48
G,HINDALCO  INDUSTRIES  LTD,       691.35,       681.95,1.38
G,TATA MOTORS LIMITED,       648.30,       639.65,1.35
G,HDFC LIFE INS CO LTD,       625.20,       618.25,1.12
G,BRITANNIA INDUSTRIES LTD,      4748.25,      4702.55,.97
G,ULTRATECH CEMENT LIMITED,     10582.40,     10493.50,.85
G,TATA STEEL LIMITED,       151.56,       150.44,.74
G,ADANI PORT & SEZ LTD,      1144.50,      1136.20,.73
G,KOTAK MAHINDRA BANK LTD,      1935.40,      1921.70,.71
G,GRASIM INDUSTRIES LTD,      2407.25,      2393.65,.57
G,TATA CONSUMER PRODUCT LTD,       962.05,       958.15,.41
G,AXIS BANK LIMITED,      1037.65,      1034.10,.34
G,TATA CONSULTANCY SERV LT,      3611.20,      3601.60,.27
G,BHARTI AIRTEL LIMITED,      1630.70,      1626.90,.23
G,OIL AND NATURAL GAS CORP.,       232.89,       232.60,.12
G,EICHER MOTORS LTD,      5100.70,      5094.40,.12
G,HERO MOTOCORP LIMITED,      3652.50,      3648.75,.1
G,ASIAN PAINTS LIMITED,      2270.00,      2267.70,.1
G,STATE BANK OF INDIA,       732.75,       732.05,.1
G,JSW STEEL LIMITED,      1011.15,      1011.10,0
 , , , , 
L,INDUSIND BANK LIMITED,       936.75,       971.70,-3.6
L,NTPC LTD,       329.55,       337.90,-2.47
L,SHRIRAM FINANCE LIMITED,       630.85,       644.35,-2.1
L,INFOSYS LIMITED,      1686.00,      1715.85,-1.74
L,HCL TECHNOLOGIES LTD,      1557.95,      1585.45,-1.73
L,BHARAT PETROLEUM CORP  LT,       261.26,       265.04,-1.43
L,TRENT LTD,      4999.85,      5069.50,-1.37
L,TITAN COMPANY LIMITED,      3079.35,      3121.10,-1.34
L,POWER GRID CORP. LTD.,       263.30,       266.65,-1.26
L,APOLLO HOSPITALS ENTER. L,      6216.10,      6274.10,-0.92
L,TECH MAHINDRA LIMITED,      1492.35,      1503.45,-0.74
L,SBI LIFE INSURANCE CO LTD,      1411.60,      1421.30,-0.68
L,HINDUSTAN UNILEVER LTD.,      2204.55,      2218.95,-0.65
L,DR. REDDY S LABORATORIES,      1133.25,      1140.10,-0.6
L,MAHINDRA & MAHINDRA LTD,      2727.85,      2742.40,-0.53
L,COAL INDIA LTD,       380.65,       382.60,-0.51
L,LARSEN & TOUBRO LTD.,      3244.70,      3259.90,-0.47
L,ITC LTD,       403.90,       405.70,-0.44
L,WIPRO LTD,       284.80,       285.90,-0.38
L,SUN PHARMACEUTICAL IND L,      1609.30,      1614.00,-0.29
L,ICICI BANK LTD.,      1214.55,      1218.05,-0.29
L,ADANI ENTERPRISES LIMITED,      2247.50,      2252.85,-0.24
L,CIPLA LTD,      1458.45,      1461.75,-0.23
L,HDFC BANK LTD,      1689.25,      1691.20,-0.12
L,BAJAJ FINANCE LIMITED,      8404.50,      8410.85,-0.08
L,MARUTI SUZUKI INDIA LTD.,     11664.15,     11666.40,-0.02
L,BAJAJ FINSERV LTD.,      1845.30,      1845.45,-0.01
 , , , , 
 ,Nifty Next 50 Sec., , , 
 , , , , 
G,BAJAJ HOLDINGS & INVS LTD,     11774.95,     11361.95,3.63
G,INDIAN RAILWAY FIN CORP L,       123.42,       120.59,2.35
G,ADANI ENERGY SOLUTION LTD,       747.60,       733.25,1.96
G,ADANI TOTAL GAS LIMITED,       607.20,       595.90,1.9
G,AVENUE SUPERMARTS LIMITED,      3593.60,      3540.50,1.5
G,GODREJ CONSUMER PRODUCTS,      1045.30,      1030.30,1.46
G,HINDUSTAN AERONAUTICS LTD,      3452.05,      3417.70,1.01
G,JIO FIN SERVICES LTD,       221.81,       219.94,0.85
G,UNION BANK OF INDIA,       117.78,       116.90,0.75
G,HAVELLS INDIA LIMITED,      1460.55,      1450.75,0.68
G,ADANI POWER LTD,       506.15,       503.15,0.6
G,TVS MOTOR COMPANY  LTD,      2332.90,      2319.50,0.58
G,VEDANTA LIMITED,       445.45,       442.95,0.56
G,TORRENT PHARMACEUTICALS L,      3073.80,      3059.00,0.48
G,PIDILITE INDUSTRIES LTD,      2751.20,      2738.05,0.48
G,DLF LIMITED,       667.05,       665.30,0.26
G,AMBUJA CEMENTS LTD,       499.80,       498.50,0.26
G,PUNJAB NATIONAL BANK,        91.17,        90.99,0.2
G,DIVI S LABORATORIES LTD,      5578.75,      5568.70,0.18
G,DABUR INDIA LTD,       495.80,       495.00,0.16
 , , , , 
L,ZOMATO LIMITED,       216.83,       225.43,-3.81
L,MACROTECH DEVELOPERS LTD,      1113.00,      1138.15,-2.21
L,INTERGLOBE AVIATION LTD,      4657.55,      4762.40,-2.2
L,LTIMINDTREE LIMITED,      4721.95,      4823.10,-2.1
L,GAIL (INDIA) LTD,       158.14,       161.46,-2.06
L,REC LIMITED,       406.20,       413.15,-1.68
L,JSW ENERGY LIMITED,       491.70,       499.60,-1.58
L,POWER FIN CORP LTD.,       401.10,       405.75,-1.15
L,SIEMENS LTD,      5106.10,      5160.30,-1.05
L,INFO EDGE (I) LTD,      6833.85,      6906.35,-1.05
L,ADANI GREEN ENERGY LTD,       837.20,       845.95,-1.03
L,ICICI LOMBARD GIC LIMITED,      1686.95,      1702.30,-0.9
L,ABB INDIA LIMITED,      5326.55,      5370.00,-0.81
L,INDIAN OIL CORP LTD,       124.84,       125.84,-0.79
L,TATA POWER CO LTD,       351.45,       354.05,-0.73
L,VARUN BEVERAGES LIMITED,       487.75,       491.35,-0.73
L,BHEL,       196.95,       198.40,-0.73
L,ZYDUS LIFESCIENCES LTD,       900.80,       907.40,-0.73
L,NHPC LTD,        77.03,        77.51,-0.62
L,JINDAL STEEL & POWER LTD,       908.95,       914.60,-0.62
L,BANK OF BARODA,       205.90,       207.16,-0.61
L,LIFE INSURA CORP OF INDIA,       763.15,       766.80,-0.48
L,CANARA BANK,        85.02,        85.35,-0.39
L,UNITED SPIRITS LIMITED,      1327.85,      1332.85,-0.38
L,SHREE CEMENT LIMITED,     27985.20,     28061.75,-0.27
L,INDIAN RAIL TOUR CORP LTD,       700.65,       702.35,-0.24
L,BOSCH LIMITED,     27033.40,     27070.05,-0.14
L,ICICI PRU LIFE INS CO LTD,       549.55,       550.15,-0.11
L,CHOLAMANDALAM IN & FIN CO,      1457.35,      1458.60,-0.09
L,SAMVRDHNA MTHRSN INTL LTD,       127.79,       127.87,-0.06
 , , , , 
 ,OTHER SECURITIES, , , 
 , , , , 
G,SEC RE NCD 8.70% SR.VIII,       996.00,       830.00,20
G,BANKA BIOLOO LIMITED,        81.32,        67.77,19.99
G,SOMI CONVEYOR BELT. LTD.,       184.31,       154.25,19.49
G,AARTI SURFACTANTS LIMITED,       163.95,       137.85,18.93
G,BALAXI PHARMA LTD,        70.93,        59.88,18.45
G,ARIHANT ACADEMY LIMITED,       234.45,       200.00,17.23
G,LAXMI DENTAL LIMITED,       434.00,       373.05,16.34
G,COMPUCOM SOFTWARE LTD,        22.50,        19.46,15.62
G,JUBILANT AGRI N CON PRO L,      1356.95,      1178.05,15.19
G,GANESH BENZOPLAST LIMITED,       126.54,       110.02,15.02
G,DATA PATTERNS INDIA LTD,      1628.25,      1421.10,14.58
G,CAPITAL TRUST LIMITED,       104.15,        90.93,14.54
G,TRIVENI TURBINE LIMITED,       613.50,       535.75,14.51
G,NAHAR SPINNING MILLS LTD.,       228.19,       201.39,13.31
G,INOX WIND LIMITED,       170.75,       153.19,11.46
G,ASSO ALCOHOLS & BREW LTD,      1327.70,      1193.35,11.26
G,STANLEY LIFESTYLES LTD,       325.10,       292.30,11.22
G,PICTUREPOST STUDIOS LTD,        32.95,        29.75,10.76
G,PURV FLEXIPACK LIMITED,       121.35,       109.80,10.52
G,GENUS P&B LIMITED,        19.34,        17.50,10.51
G,SEC RE NCD 9.71% SR VIII,       860.00,       780.00,10.26
G,KRISHNA DEF AND ALD IND L,       621.55,       565.05,10
G,KARMA ENERGY LIMITED,        57.79,        52.54,9.99
G,JNK INDIA LIMITED,       334.70,       304.30,9.99
G,SADBHAV INFRA PROJ LTD.,         5.73,         5.21,9.98
G,FRANTEMAMC - FICRF3GP,         3.75,         3.41,9.97
G,SE RE NCD 9.35% SR.V OP2,      1150.00,      1050.00,9.52
G,SAH POLYMERS LIMITED,        93.27,        85.16,9.52
G,DRC SYSTEMS INDIA LIMITED,        22.50,        20.56,9.44
G,ZEE LEARN LIMITED,         7.08,         6.48,9.26
 , , , , 
L,SEC RE NCD 10.05% SR.IV,       782.57,       978.22,-20
L,SEC RE NCD 10.30% SR.VII,       660.00,       825.00,-20
L,SEC RED NCD 10.27% SR. VI,      1050.00,      1299.00,-19.17
L,IREDA 8.55NCDTR I SR II A,      1083.10,      1332.50,-18.72
L,NAGARJUN FERT AND CHE LTD,         6.93,         8.20,-15.49
L,SEC RE NCD 10.25% SR XII,       827.00,       950.00,-12.95
L,7.35% TAX FREE TRI SRIIA,      1090.00,      1199.50,-9.13
L,D K ENTERPRISES GLOBAL L,        64.25,        70.00,-8.21
L,MITCON CON RS.2.50 PPD UP,        28.03,        30.44,-7.92
L,MRO-TEK REALTY LIMITED,        68.07,        73.02,-6.78
L,INTEGRATED PERSO SER LTD,       270.00,       289.10,-6.61
L,S. P. APPARELS LIMITED,       708.85,       757.95,-6.48
L,7.64% TAX FREE TRI SRIIB,      1095.92,      1167.94,-6.17
L,GARWARE HI-TECH FILMS LTD,      4214.05,      4490.05,-6.15
L,DAVANGERE SUGAR COMPANY L,         4.56,         4.84,-5.79
L,EXCELLENT WIRES N PACK L,        54.00,        57.30,-5.76
L,SECMARK CONSULTANCY LTD,        84.69,        89.75,-5.64
L,BETA DRUGS LIMITED,      1716.10,      1817.35,-5.57
L,WOL 3D INDIA LIMITED,       106.00,       112.00,-5.36
L,AURUM PROPTECH LIMITED,       184.77,       194.89,-5.19
L,KALAHRIDHAAN TRENDZ LTD,         9.40,         9.90,-5.05
L,SHREE TIRUPATI BALAJEE,       906.00,       954.00,-5.03
L,BEARDSELL LIMITED,        30.47,        32.08,-5.02
L,BRAINBEES SOLUTIONS LTD,       392.75,       413.50,-5.02
L,YUDIZ SOLUTIONS LIMITED,        42.65,        44.90,-5.01
L,VELS FILM INTERNATIONAL L,        71.15,        74.90,-5.01
L,GOI LOAN 7.27% 2026,       103.04,       108.47,-5.01
L,AGARWAL FLOAT GLASS I LTD,        44.65,        47.00,-5
L,CAMBRIDGE TECH ENTER LTD,        53.39,        56.20,-5
L,TAC INFOSEC LIMITED,      1200.95,      1264.15,-5
