SECURITY,NEW,PREVIOUS,NEW_STATUS
TSI 9.35% 34 SR I-H,105952.65,105826.56,H
GOI TBILL 91D-17/04/25,99.23,99.21,H
SEC RE NCD 8.70% SR.VIII,996,990,H
SEC RE NCD SR III,1033.02,1031.2,H
GOI TBILL 182D-31/07/25,97.4,97.39,H
TSI 9.35% 31 SR I-E,105129.05,105029,H
2.50%GOLDBONDS2027SR-VII,8844,8700,H
SWELECT ENERGY SYS LTD,525.3,519,H
GOI TBILL 364D-13/03/25,99.85,99.71,H
GOI TBILL 182D-05/06/25,98.32,98.27,H
HERANBA INDUSTRIES LTD,246.95,244,H
TCPL PACKAGING LIMITED,4776.9,4500,H
SHREE VASU LOGISTICS LTD,436.8,430,H
SEC RE NCD SR III,1134.58,1132.97,H
INNOVATIVE TYRE & TUBE LT,31.65,31.05,H
GOI TBILL 91D-24/04/25,99.12,99.09,H
REXPRO ENTERPRISES LTD,101.5,96,H
VOLER CAR LIMITED,90,89.9,H
CALSOFT RS.2.50 PPD UP,4.41,4.2,H
ARIHANT ACADEMY LIMITED,240,228,H
PUDUMJEE PAPER PRO. LTD,106.78,103.3,H
DHANUKA REALTY LIMITED,24,23.05,H
GOI TBILL 364D-27/11/25,95.54,95.24,H
PARAGON FINE S.C. LTD.,74.3,72.85,H
P S RAJ STEELS LIMITED,144.5,141,H
IDENTICAL BRAINS STUDIO L,52.55,52,H
R M DRIP & SPRINK SYS LTD,440,403.9,H
BLUE COAST HOTELS LIMITED,48.52,47.57,H
TAX FREE7.35% SR.IIA,1168.5,1163,H
GOI TBILL 182D-23/05/25,98.53,98.33,H
MAXVOLT ENERGY INDUS L,174,173,H
SEC RE NCD SR.V,1272.4,1271.8,H
GOI TBILL 364D-10/07/25,97.65,97.12,H
COMMERCIAL SYN BAGS LTD,86.99,86.31,H
NORBEN TEA &EXPORTS LTD,51.02,50.02,H
FRANTEMAMC - FICRF3GP,3.75,3.41,H
KARNIKA INDUSTRIES LTD,635,618,H
GOI TBILL 364D-31/07/25,97.23,97.2,H
SWAN DEFENCE N HEVY IND L,74.48,70.94,H
JUBILANT AGRI N CON PRO L,1385,1299,H
MPS LIMITED,2922.95,2897.9,H
KANDARP DG SMART BPO LTD,78,75,H
SHAILY ENG PLASTICS LTD,1796.3,1750,H
DIFFUSION ENGINEERS LTD,307.49,299.01,H
MAGSON RETAIL AND DIST L,108,105,H
LAXMI GOLDORNA HOUSE LTD,654.85,647.95,H
CHANDAN HEALTHCARE LTD,188,182.3,H
ELEGANZ INTERIORS LIMITED,117,116.25,H
SCL 9.90% 2027 SR IV,948.78,950,L
LAMOSAIC INDIA LIMITED,49.9,50.9,L
GP ECO SOLUTIONS INDIA L,258.25,262.75,L
GOI TBILL 182D-31/07/25,97.2,97.39,L
ON DOOR CONCEPTS LIMITED,145.25,152.4,L
7.64% TAX FREE TRI SRIIB,1095.1,1120,L
WOL 3D INDIA LIMITED,98,100,L
BARFLEX POLYFILMS LIMITED,45,46.1,L
TECHERA ENGINEER (IND) L,139.1,141.9,L
SEC RE NCD 9.25% SR II,950.2,960,L
SEMAC CONSULTANTS LIMITED,345.75,352.8,L
AGS TRANSACT TECH LTD,15.43,16.25,L
SEC RE NCD 10.30% SR.VII,660,756,L
JFL LIFE SCIENCES LIMITED,19.45,19.85,L
MARSHALL MACHINES LTD,16.71,17.06,L
MEDICAMEN ORGANICS LTD,28.25,28.35,L
INDO US BIOTECH LTD,184,187,L
MARINETRANS INDIA LIMITED,17.8,18.6,L
NEWJAISA TECHNOLOGIES LTD,48.35,67.3,L
CALSOFT RS.2.50 PPD UP,3.99,4.2,L
RAJNANDINI METAL LIMITED,4.95,4.96,L
DCG CABLES & WIRES LTD,62.7,81.25,L
MEP INFRA. DEVELOPERS LTD,1.97,2.08,L
ZENITH DRUGS LIMITED,61,62.55,L
ATLANTAA LIMITED,32,32.26,L
SUPREME FACILITY MGMT LTD,36,36.05,L
SIGNORIA CREATION LIMITED,67,70,L
COOL CAPS INDUSTRIES LTD,781.1,782.3,L
SOFTTECH ENGINEERS LTD,332.8,339.5,L
SEC RE NCD 10.25% SR XII,827,900.3,L
DAVANGERE SUGAR COMPANY L,4.1,4.36,L
DREAMFOLKS SERVICES LTD,237.45,238.1,L
SVP GLOBAL TEXTILES LTD,3.02,3.09,L
SURATWWALA BUS GROUP LTD,30.66,32.28,L
REFRACTORY SHAPES LIMITED,77.5,79.05,L
DELTA AUTOCORP LIMITED,80,81.6,L
GOI TBILL 91D-08/05/25,98.47,98.89,L
GENSOL ENGINEERING LTD,307.25,334.8,L
KALAHRIDHAAN TRENDZ LTD,9.4,9.9,L
B&B TRIPLEWALL CONT LTD,142.73,143.01,L
8.75% TAX FREE TR I S IIB,1116.3,1120.01,L
DHARIWALCORP LIMITED,101,102.05,L
COMPUAGE INFOCOM LTD,1.91,1.98,L
INDIAN EMULSIFIERS LTD,118.1,124.15,L
K2 INFRAGEN LIMITED,83.15,87.5,L
SHANTHALA FMCG PRODUCTS L,22.55,23.7,L
INDUS INFRA TRUST,107.94,109.25,L
JIWANRAM SHEODUTTRA IND L,7.95,8.1,L
BRACE PORT LOGISTICS LTD,81.05,82.7,L
KORE DIGITAL LIMITED,353.45,360.65,L
OMFURN INDIA LIMITED,81.35,85.3,L
TRUST FINTECH LIMITED,87.85,89.65,L
NOIDA TOLL BRIDGE CO LTD,3.65,3.73,L
ANSAL PROP & INFRA LTD,4.98,5.25,L
7.35% TAX FREE TRI SRIIA,1090,1120,L
C2C ADVANCED SYSTEMS LTD,291.7,307.05,L
ADITYA ULTRA STEEL LTD,29.25,29.5,L
PRATHAM EPC PROJECTS LTD,169.1,171.35,L

