SYMBOL,SYMBOL P/E,ADJUSTED P/E
PENINLAND,48.56,47.64
THERMAX,64.51,64.51
WHEELS,13.70,13.70
ZODIACLOTH,,
RIIL,121.86,121.86
PREMIERPOL,26.01,26.01
RAYMOND,19.94,19.56
RSWM,,
SHREDIGCEM,27.34,27.34
SESHAPAPER,13.87,13.87
SMLISUZU,14.66,14.66
SUPERSPIN,,
SUNDRMFAST,36.19,36.19
FACT,,510.16
EXIDEIND,37.86,37.86
EUROTEXIND,,
ELECON,26.16,26.16
CRISIL,48.64,48.64
LMW,136.38,136.38
ORIENTPPR,,
PEL,43.34,
NELCO,97.97,97.97
MASTEK,18.95,19.49
MAHSCOOTER,65.96,68.73
LUMAXIND,41.76,41.76
TRENT,99.82,140.15
KECL,72.53,308.37
CUMMINSIND,47.19,47.19
KCP,9.66,8.76
JAYBARMARU,31.19,31.19
JBCHEPHARM,38.72,38.72
INFY,25.74,25.74
INDIAGLYCO,20.94,20.94
IONEXCHANG,33.79,33.79
IFBIND,35.84,35.84
IGPL,13.39,13.39
HIMATSEIDE,18.70,18.70
GNFC,14.64,14.64
GFLLIMITED,,
BPCL,8.86,8.68
BHARATFORG,60.49,54.56
BASF,32.33,32.87
FORCEMOT,19.06,19.06
ATUL,40.04,40.04
ARVIND,29.04,29.04
ACC,13.53,14.88
TATAMOTORS,7.40,7.38
SCI,7.73,7.73
MRPL,24.72,24.51
LINDEINDIA,119.45,119.45
HINDPETRO,11.36,11.36
ESCORTS,30.30,30.30
RELINFRA,36.93,
BAJAJHLDNG,83.53,83.53
ASHOKLEY,20.31,20.59
ZUARIIND,,513.16
VOLTAS,55.29,55.29
TITAN,85.62,85.62
TATASTEEL,79.03,65.50
SUNDARMFIN,29.97,28.84
SPIC,19.73,13.31
VEDL,9.71,10.79
SBIN,8.08,8.08
RELIANCE,20.59,20.59
PFIZER,30.56,30.56
NOCIL,25.70,25.70
BOSCHLTD,39.45,39.47
DRREDDY,17.52,17.52
BATAINDIA,45.99,63.93
DEEPAKFERT,15.36,15.36
CHAMBLFERT,15.36,15.36
CARBORUNIV,48.09,56.87
MAHSEAMLES,11.25,11.25
HINDOILEXP,14.27,17.58
DICIND,31.01,31.95
COROMANDEL,30.26,30.26
BALMLAWRIE,14.58,14.58
WILLAMAGOR,,
VINDHYATEL,16.17,16.17
MOTOGENFIN,47.04,47.04
MARALOVER,,
ASIANPAINT,52.53,50.94
RAMCOCEM,55.46,114.56
INDIACEM,,
PGHL,36.58,35.26
ABREL,123.78,123.78
BEML,41.08,41.08
ADORWELD,28.12,25.45
CENTENKA,14.34,14.34
TATACHEM,,39.71
TORNTPHARM,55.60,55.60
VTL,14.34,14.34
ATFL,554.42,496.23
FEDERALBNK,10.98,10.98
EPL,24.82,23.75
VLSFINANCE,4.39,4.39
VIPIND,,
SUPREMEIND,48.31,48.31
SRF,73.70,73.70
BIRLACABLE,88.63,88.63
BALRAMCHIN,24.45,24.45
ANSALAPI,,
AEGISLOG,38.46,38.46
WEIZMANIND,21.18,21.18
UNITECH,,
UNICHEMLAB,,49.15
BBOX,32.41,25.04
HONAUT,58.42,58.42
JTEKTINDIA,36.59,36.83
SAURASHCEM,172.91,172.91
RANEHOLDIN,8.82,83.29
PRECOT,12.92,16.05
TATAELXSI,43.38,43.38
SUNPHARMA,33.72,32.69
KOHINOOR,,
OILCOUNTUB,,
SHREYANIND,5.33,5.33
SHALPAINTS,,
SANDESH,6.09,6.11
HCC,16.24,
BAJAJHIND,,
ASHIMASYN,4.21,4.21
APOLLOHOSP,68.45,68.45
ARE&M,18.14,19.62
ADANIENT,66.91,63.60
IVP,13.87,13.87
BALKRISIND,27.89,27.89
TIRUMALCHM,,
INDBANK,16.30,16.30
GINNIFILA,,144.26
EICHERMOT,36.19,36.19
RAJSREESUG,11.71,11.71
GVT&D,72.89,72.89
NEULANDLAB,50.49,63.29
ONGC,7.24,7.01
ITI,,
ZENSARTECH,26.39,26.39
TIL,7.64,160.45
TAINWALCHM,54.08,54.08
BERGEPAINT,53.80,53.80
BANARISUG,44.90,44.90
JINDALPOLY,11.24,19.04
ANIKINDS,,
KPIL,30.22,30.22
JYOTISTRUC,56.03,56.03
IGARASHI,64.98,64.98
BSL,17.13,17.13
BLUEDART,51.72,51.72
NKIND,809.47,809.47
JAYNECOIND,256.83,107.18
MUNJALSHOW,16.54,16.54
APCOTEXIND,30.92,30.92
SOTL,24.16,24.16
HSCL,41.85,41.85
RCF,25.68,27.31
RANASUG,9.99,9.99
KARURVYSYA,8.72,8.72
DECCANCE,461.73,80.95
ARENTERP,18.84,18.84
TECILCHEM,,
WSI,917.58,199.67
UFLEX,,7.14
TATAPOWER,32.44,31.28
ADVANIHOTR,21.14,21.14
THOMASCOOK,26.37,26.03
SUNFLAG,26.86,26.86
SUBROS,27.95,27.95
SPMLINFRA,35.96,37.82
SIMPLEXINF,10.53,10.53
SIEMENS,71.11,71.11
BHARATRAS,28.58,28.59
WIPRO,23.93,23.93
VSTIND,13.70,18.35
JUBLPHARMA,23.63,19.33
UNIVCABLES,38.68,38.68
UCAL,,
TATACOMM,35.80,37.34
TOKYOPLAST,139.45,139.45
SOMANYCERA,25.24,25.69
MURUDCERA,28.13,28.13
IFCI,46.42,46.89
HLVLTD,35.79,39.32
SANOFI,32.87,30.80
M&M,28.04,28.04
LIBERTSHOE,41.58,30.64
KREBSBIO,,
KAKATCEM,,
KAJARIACER,38.34,38.34
KABRAEXTRU,31.75,31.75
HEIDELBERG,35.49,35.49
MODTHREAD,27.81,27.81
MODIRUBBER,,
MIRCELECTR,,
MANGLMCEM,44.00,44.00
PRSMJOHNSN,,
PREMIER,,
POLYPLEX,9.24,9.24
PIDILITIND,70.43,68.69
PCBL,32.69,32.66
3PLAND,36.06,36.06
OSWALAGRO,17.85,17.84
EIHAHOTELS,24.77,23.80
HONDAPOWER,35.24,37.62
JINDALSAW,9.52,9.52
SAIL,27.08,17.46
RUBYMILLS,16.43,16.43
STYRENIX,19.26,19.26
ABB,60.70,60.70
ABAN,,
IDBI,10.85,10.85
GRAPHITE,18.85,18.85
CANFINHOME,9.70,9.70
BRITANNIA,52.31,51.88
BBL,22.92,22.92
ELECTCAST,8.16,8.16
DHAMPURSUG,15.13,15.13
DCMSHRIRAM,29.95,29.95
DABUR,49.60,49.60
COSMOFIRST,14.05,14.05
CIPLA,23.61,23.61
HEROMOTOCO,16.37,16.37
HDFCBANK,18.23,17.97
HARRMALAYA,2591.88,48.06
GMBREW,9.77,9.77
GIPCL,12.43,12.43
ITC,25.12,25.12
INDIANHUME,17.29,17.29
HINDCOMPOS,18.57,18.57
IOC,19.33,24.07
WALCHANNAG,,
OSWALGREEN,74.89,74.89
HUHTAMAKI,17.31,25.77
RICOAUTO,29.53,29.01
KAMATHOTEL,22.57,23.91
IFBAGRO,23.82,23.82
BANCOINDIA,15.98,15.98
DELTAMAGNT,,
MANINDS,16.22,16.22
APOLLOTYRE,19.73,18.67
SIYSIL,15.58,15.58
SHANTIGEAR,35.90,35.90
PRECWIRE,31.83,31.83
ONWARDTEC,26.22,26.22
NILKAMAL,23.89,23.89
NCC,14.11,13.76
ICIL,17.11,17.11
SEAMECLTD,24.92,27.17
ELGIEQUIP,43.55,43.55
AUROPHARMA,18.49,18.15
BBTC,6.21,6.05
EIHOTEL,30.10,30.39
KANORICHEM,,
LICHSGFIN,5.67,5.67
GICHSGFIN,5.04,5.04
BEPL,14.86,14.86
RAIN,,
BANARBEADS,24.58,24.58
MOREPENLAB,21.47,21.47
WSTCSTPAPR,6.71,6.71
21STCENMGM,1.83,1.83
TNTELE,,
VENKEYS,16.95,16.95
GHCL,10.52,10.52
S&SPOWER,,
PRUDMOULI,28.75,26.33
PRAJIND,35.30,38.44
HIL,,58.23
EVERESTIND,,
BPL,21.74,21.74
TRANSWORLD,14.23,14.23
KEEPLEARN,116.74,116.74
PGHH,61.16,61.16
VESUVIUS,31.73,31.73
TFCILTD,14.65,14.65
BOMDYEING,5.09,37.86
GTL,1.24,19.61
NAVNETEDUL,3.82,14.33
GUJALKALI,,
AGI,16.10,16.10
GLAXO,53.04,53.37
TATACONSUM,76.40,67.30
ZEEL,18.47,15.45
CHOLAFIN,30.28,30.28
INDHOTEL,58.77,68.53
FMGOETZE,12.18,12.18
KOTAKBANK,17.15,19.68
LYKALABS,105.96,105.15
ORIENTHOT,64.54,64.54
JAYSREETEA,8.99,42.25
GILLETTE,55.00,55.00
HMT,,
GOLDENTOBC,9.73,11.03
KANSAINER,16.90,30.81
FOSECOIND,30.82,30.82
ESABINDIA,41.16,41.16
3MINDIA,54.43,54.43
ANDHRAPAP,12.42,12.42
GABRIEL,32.13,32.13
SCHAEFFLER,54.15,54.15
AARTIIND,40.59,40.94
RALLIS,31.17,31.17
AMJLAND,14.17,14.17
PRAKASH,7.87,7.87
MFSL,112.34,112.34
KSB,48.00,48.00
KOPRAN,17.22,17.22
HEG,38.01,38.01
GREAVESCOT,,
GODFRYPHLP,34.68,33.04
VARDMNPOLY,27.39,27.39
SURYAROSNI,17.04,17.04
TATAINVEST,131.61,131.61
TIMKEN,48.94,48.94
ROLTA,,
SUDARSCHEM,63.03,91.89
SHREECEM,82.68,82.68
SAKHTISUG,2.62,
IPCALAB,47.69,47.13
INGERRAND,41.52,41.52
AKZOINDIA,34.58,34.58
HINDALCO,11.03,10.55
HINDZINC,19.18,19.05
HINDUNILVR,48.44,50.27
GSFC,12.93,13.08
GRASIM,21.12,19.98
AMBUJACEM,22.75,23.14
FINPIPE,14.53,25.37
FINCABLES,19.12,26.45
EIDPARRY,7.92,7.92
DCW,65.95,65.88
DCM,19.07,19.07
CGPOWER,102.98,102.29
HEUBACHIND,28.47,28.47
CESC,12.72,12.72
BIRLACORPN,32.97,33.92
BHEL,151.37,151.37
BHARATGEAR,,
BEL,40.29,40.29
BAJFINANCE,32.49,32.49
ASHAPURMIN,12.47,15.40
PVP,752.40,792.84
NAVA,9.21,9.21
KESORAMIND,,
CORALFINAC,6.96,6.96
GREENPLY,28.82,29.72
TNPL,65.57,65.57
PARASPETRO,,
AUTOAXLES,16.42,16.42
PEARLPOLY,,
REMSONSIND,28.81,29.09
DALMIASUG,9.73,9.73
NATCOPHARM,7.91,7.91
KHAITANLTD,6.59,6.59
SWARAJENG,23.91,23.91
MTNL,,
MRF,26.08,26.08
GARFIBRES,33.47,33.47
ANDHRSUGAR,30.55,27.61
TNPETRO,14.47,16.30
TTKPRESTIG,40.99,40.99
STARPAPER,5.15,5.14
SANGHIIND,,
SKFINDIA,34.79,34.79
AUSOMENT,11.72,11.72
EIMCOELECO,18.83,18.83
PANACEABIO,,
JAYAGROGN,12.80,12.80
ALPSINDUS,,
CUBEXTUB,24.70,24.70
MARICO,48.21,48.21
SILINV,13.98,13.98
REGENCERAM,,
BIOFILCHEM,123.67,123.67
KEYFINSERV,6.56,6.56
ZENITHEXPO,,
SUNDRMBRAK,71.45,71.45
SANGAMIND,46.00,39.80
MOTHERSON,22.48,22.48
SOMATEX,1.52,
VISAKAIND,,
AARTIDRUGS,22.07,22.07
STERTOOLS,19.19,19.19
CREST,12.54,12.54
INDIANCARD,1.93,13.65
HITECHGEAR,23.48,23.46
WENDT,48.77,48.77
DENORA,106.70,106.70
TVSSRICHAK,59.16,48.38
SHRIRAMFIN,13.03,14.76
SAGCEM,,
PUNJABCHEM,30.50,30.50
MIRZAINT,208.48,208.48
DYNAMATECH,52.51,103.62
GUJAPOLLO,33.39,33.39
GANESHHOUC,16.61,16.61
MMFL,14.33,14.39
JAGSNPHARM,27.53,39.44
ALKYLAMINE,48.06,48.06
JCHAC,89.60,86.65
MPHASIS,27.00,27.00
GUJRAFFIA,37.99,37.99
RUCHINFRA,,
ATLASCYCLE,4.39,4.39
RAMCOIND,24.60,24.60
KOTHARIPET,13.73,13.67
HERITGFOOD,19.12,18.72
INDRAMEDCO,20.72,20.72
BANKBARODA,5.31,5.31
BLUECHIP,,
MADRASFERT,5.84,6.02
GAIL,9.84,11.91
INDNIPPON,17.21,17.21
SKMEGGPROD,12.35,12.35
TCIFINANCE,,
BANKINDIA,5.44,5.44
CONCOR,31.77,31.13
DCMFINSERV,,
ICICIBANK,16.52,16.52
KCPSUGIND,8.56,11.40
HUDCO,13.65,13.65
INDSWFTLAB,2.54,146.80
SAREGAMA,46.52,46.52
FDC,24.07,24.07
ENGINERSIN,27.93,27.93
ADROITINFO,12.77,12.77
JAICORPLTD,26.55,26.55
ANTGRAPHIC,,
GMDCLTD,12.31,12.31
MAHAPEXLTD,13.34,16.08
INDUSINDBK,10.44,10.44
ASAHIINDIA,44.22,47.40
TRIGYN,8.56,8.30
J&KBANK,5.00,5.00
KOTHARIPRO,,
CUB,10.65,10.65
SOUTHBANK,5.30,5.30
ARCHIES,,
ASTRAZEN,192.50,85.15
ITDCEM,26.15,26.15
AXISBANK,11.34,11.34
CYIENT,21.47,21.47
SONATSOFTW,25.75,25.75
CYBERTECH,15.83,15.83
KOKUYOCMLN,86.64,86.64
GOACARBON,,
DHANBANK,22.71,22.71
SANGHVIMOV,13.58,13.58
STCINDIA,19.24,11.03
MANUGRAPH,,
RSSOFTWARE,9.63,9.63
VIPCLOTHNG,,
NATIONALUM,8.31,8.98
IVC,47.75,47.75
JINDALSTEL,22.85,22.85
ALEMBICLTD,17.66,17.66
NIPPOBATRY,2.44,2.44
ICDSLTD,68.64,68.64
BSOFT,21.20,21.20
HCLTECH,25.18,25.18
ACCELYA,20.53,20.58
STAR,17.11,16.37
HAVISHA,,
ZYDUSLIFE,19.88,19.88
GLENMARK,,
RAJESHEXPO,126.36,126.36
CINEVISTA,,
WOCKPHARMA,,
LCCINFOTEC,,
NRBBEARING,18.03,18.84
IOB,26.93,26.93
RAMCOSYS,,
GEPIL,59.82,59.82
BIL,45.31,45.31
HCL-INSYS,,
CREATIVEYE,,
KTKBANK,5.31,5.31
MAHLIFE,,
MUKTAARTS,,
BLBLIMITED,17.53,17.53
AJANTPHARM,35.75,35.75
BLUESTARCO,79.07,80.44
CALSOFT,30.66,30.66
TVSMOTOR,50.99,50.99
PNBGILTS,6.56,6.64
PNC,71.23,71.23
TAJGVK,32.17,32.17
NLCINDIA,13.50,13.50
REPRO,,
CHENNPETRO,24.71,24.71
AKSHOPTFBR,,
TTML,,
KRBL,14.50,14.50
HAVELLS,64.97,64.97
GAEL,16.19,16.19
USHAMART,25.64,25.64
AXISCADES,62.78,61.35
BALAJITELE,,
MRO-TEK,41.92,41.92
TIPSMUSIC,50.17,50.17
STLTECH,,
KHANDSE,38.89,38.89
HIKAL,61.82,61.82
TRIDENT,44.30,44.30
MARKSANS,25.97,25.97
ACLGATI,,
NEXTMEDIA,,
GOLDTECH,25.37,
SMARTLINK,12.17,12.17
GODREJCP,,54.56
SUVEN,,
JISLJALEQS,117.12,117.12
LUPIN,31.86,31.86
UNITDSPR,68.85,65.78
FEL,,
TCI,24.61,24.45
MPSLTD,36.63,36.63
BHARTIARTL,41.05,53.76
ASAL,41.65,41.65
OLECTRA,70.40,73.03
PONNIERODE,9.51,9.51
PNB,6.58,6.58
APTECHT,43.31,38.52
SURANAT&P,28.92,29.04
TIMESGTY,75.94,75.94
OFSS,29.60,29.60
UNIONBANK,5.50,5.50
NUCLEUS,15.76,15.76
CANBK,4.50,4.50
GENESYS,56.42,56.42
OMAXAUTO,5.42,
GODREJIND,24.39,24.39
DIVISLAB,71.52,71.52
RADICO,94.96,94.96
INDORAMA,,
MARUTI,25.66,25.66
VARDHACRLC,22.67,22.67
UCOBANK,19.22,19.22
BAGFILMS,42.46,42.46
JSL,22.28,22.27
NSIL,37.53,37.53
WELSPUNLIV,18.12,18.12
JAIBALAJI,17.21,17.21
TVSELECT,,
IGL,19.39,19.39
DREDGECORP,,
TVTODAY,12.34,11.85
UNIENTER,824.54,824.54
UPL,768.73,29.50
SIL,137.02,137.02
MUKANDLTD,15.72,15.72
PETRONET,12.20,12.20
PTC,7.69,7.54
VAIBHAVGBL,27.96,27.37
BIOCON,33.44,34.75
MAHABANK,7.00,7.00
POONAWALLA,130.21,130.21
XPROINDIA,58.19,55.88
RKFORGE,32.90,32.84
DATAMATICS,17.67,20.19
NDTV,,
CCL,28.43,28.43
JPASSOCIAT,,
EXCELINDUS,15.08,15.08
LT,27.07,27.19
APARINDS,28.46,28.46
AMBICAAGAR,6.68,6.68
CENTEXT,19.28,19.55
NIITLTD,35.50,35.50
ULTRACEMCO,48.52,48.31
TCS,26.59,26.59
COFORGE,59.43,60.06
TEXINFRA,,
GULFPETRO,8.85,8.85
GUFICBIO,43.98,43.98
INDSWFTLTD,1.25,1.25
ASTRAMICRO,49.29,49.29
WELENT,17.21,17.21
NTPC,15.79,15.79
SALSTEEL,,
KOTARISUG,17.62,22.93
JBMA,57.75,57.75
DWARKESH,,
INDOCO,,
IMPEXFERRO,,
SUPRAJIT,42.60,42.60
PATELENG,10.56,10.32
XCHANGING,22.57,22.57
JSWSTEEL,71.09,65.92
CONSOFINVT,5.69,5.69
JINDALPHOT,47.62,47.62
JPPOWER,7.50,6.03
EVEREADY,27.83,27.83
GOKEX,38.63,38.63
SAKSOFT,21.45,21.45
ALLDIGI,17.09,20.52
IIFL,18.26,7.35
MANGALAM,13.25,13.25
SHOPERSTOP,178.44,160.13
WELCORP,24.56,24.31
SSWL,4.27,13.24
CYBERMEDIA,,
SHAHALLOYS,,
SURYALAXMI,70.29,27.49
JKPAPER,8.49,8.49
PRIMESECU,19.45,21.02
63MOONS,,
GRANULES,25.00,25.00
JSWHL,121.41,121.41
VHL,,
GEOJITFSL,11.41,11.41
GENUSPOWER,38.34,38.34
YESBANK,24.54,24.54
MSPL,68.56,68.70
NECLIFE,37.71,37.71
SPLIL,10.66,10.65
MCLEODRUSS,,
GOLDIAM,37.17,37.17
RML,,
HTMEDIA,,
SASKEN,43.72,43.72
FCSSOFT,196.01,52.74
IMPAL,15.16,15.16
SUZLON,62.12,60.69
AURIONPRO,44.25,44.25
RENUKA,,
BASML,,
TRIVENI,37.88,37.88
AIAENG,28.81,28.83
NAHARINDUS,20.00,18.68
ORIENTCER,38.95,38.95
EKC,14.58,14.30
VIMTALABS,34.39,34.39
KERNEX,270.00,270.00
PVRINOX,,
CELEBRITY,,
NITINSPIN,11.51,11.51
ROHLTD,22.68,22.68
ENIL,75.58,75.58
GSPL,8.24,8.42
JAGRAN,10.22,10.22
GVKPIL,0.96,11.52
SADBHAV,,
SAKUMA,12.61,12.61
KEC,42.00,42.00
JKCEMENT,47.65,55.67
INDOTECH,36.30,36.30
M&MFIN,14.31,14.31
BLKASHYAP,20.83,22.66
VISASTEEL,,
NITCO,,
CENTURYPLY,77.36,75.14
KEI,49.20,49.19
SANWARIA,,
VAKRANGEE,247.60,235.73
SOLARINDS,72.36,72.36
GALLANTT,21.83,21.83
MALUPAPER,,
UTTAMSUGAR,11.67,11.67
SGL,,
KKCL,19.28,19.28
SUNTV,12.84,12.84
GPIL,15.16,15.17
RSYSTEMS,31.80,31.80
LOKESHMACH,56.54,56.54
BALPHARMA,18.51,18.51
SWELECTES,20.44,138.25
KAMDHENU,16.36,16.36
RATNAMANI,34.70,34.70
PIONEEREMB,23.61,23.61
JKLAKSHMI,30.42,30.42
PFOCUS,,
ALLCARGO,114.60,68.20
MUNJALAU,10.99,13.57
EMAMILTD,29.10,29.10
GMRAIRPORT,,
TECHM,39.01,39.11
GRINDWELL,47.14,47.14
RAMANEWS,,
VOLTAMP,31.13,31.13
LAKPRE,,
SELAN,12.01,12.01
ACE,33.77,33.77
ANANTRAJ,40.57,40.57
HOVS,15.81,15.81
BINANIIND,6.26,
TALBROAUTO,13.93,19.51
ALICON,20.72,20.72
GEECEE,13.34,13.34
MADHUCON,,
JMFINANCIL,,10.95
INFOMEDIA,,
FIEMIND,19.46,19.46
JHS,,
DCBBANK,5.66,5.66
GLOBALVECT,,
INSPIRISYS,15.05,15.05
SHYAMTEL,,
GTLINFRA,,
SHIVAMAUTO,,
NAUKRI,106.26,108.59
AARVEEDEN,18.91,18.91
GESHIP,4.32,4.32
TORNTPOWER,27.53,27.53
MANALIPETC,54.33,48.00
SUTLEJTEX,,
LTFOODS,21.43,21.43
DONEAR,12.14,12.14
RUCHIRA,6.09,6.09
SOBHA,212.77,212.79
VENUSREM,11.59,14.49
JINDRILL,20.72,20.72
HIRECT,48.95,48.95
NFL,25.32,25.32
PLASTIBLEN,14.65,14.65
PRAENG,,
PARACABLES,17.61,17.61
HBLENGINE,44.88,42.25
TANLA,12.07,12.07
AVTNPL,20.64,20.64
ZEEMEDIA,,
SITINET,,
VEEDOL,21.00,20.18
LUMAXTECH,18.05,18.05
SARLAPOLY,10.59,10.59
PTL,15.17,15.17
WANBURY,14.75,35.30
AUTOIND,16.48,14.84
GANDHITUBE,12.93,12.93
PITTIENG,27.93,27.93
NETWORK18,,
UNOMINDA,58.89,60.62
IZMO,7.62,7.32
HUBTOWN,,
CTE,,
TIIL,22.03,21.44
ORIENTBELL,84.69,84.69
PGIL,31.38,31.46
REDINGTON,15.76,15.76
TTL,18.41,35.48
FSL,43.68,44.22
PFC,4.51,4.51
TFL,158.77,158.77
SMSPHARMA,26.29,26.29
INDIANB,6.89,6.89
ORIENTALTL,,
IDEA,,
PAGEIND,67.25,67.25
LAOPALA,25.63,25.63
RAJTV,,
AMDIND,81.49,81.49
JKTYRE,12.71,11.91
ASTRAL,68.44,68.44
EMBDL,,
NAHARSPING,,
NAHARPOLY,24.14,24.14
THEMISMED,43.24,43.24
NCLIND,20.86,18.22
BALAMINES,22.59,22.59
BANSWRAS,20.50,20.50
ICRA,32.31,32.31
DISHTV,,
PHOENIXLTD,41.92,42.35
AROGRANITE,,
NDLVENTURE,382.92,382.92
ZENITHSTL,12.92,12.92
BFUTILITIE,10.06,10.06
FORTIS,60.21,58.39
SRHHYPOLTD,10.50,10.05
ALPHAGEO,90.30,20.59
WEBELSOLAR,77.68,70.60
TGBHOTELS,,
HILTON,77.09,77.09
INSECTICID,12.44,12.46
KMSUGAR,8.48,8.48
NAVINFLUOR,77.37,77.37
TIMETECHNO,23.25,23.25
NAGREEKEXP,15.67,15.67
HGS,,
NELCAST,27.85,31.74
V2RETAIL,83.38,83.38
DLF,67.13,91.88
TARMAT,,84.23
SPARC,,
MEGASOFT,78.60,78.60
HDIL,,
ADSL,21.41,21.41
ALPA,9.06,9.06
OMAXE,,
CENTRALBK,10.73,10.73
ASIANTILES,,
TAKE,,
KPRMILL,36.45,36.45
CIEINDIA,19.03,19.03
PURVA,,
MOTILALOFS,11.10,11.10
INDOWIND,33.57,33.57
NAGREEKCAP,1.15,1.15
MAGNUM,10.62,16.27
KSCL,17.94,17.94
CENTUM,,
POWERGRID,15.93,15.93
MANGCHEFER,12.41,12.41
MAANALU,28.39,28.39
IL&FSENGG,,
DELTACORP,15.75,21.13
BAJAJELEC,67.89,67.89
ENERGYDEV,,123.82
CERA,30.26,30.26
RELIGARE,37.79,260.64
BVCL,31.40,31.40
ADANIPORTS,24.26,23.09
EDELWEISS,15.11,15.11
RGL,19.05,19.05
KOLTEPATIL,135.45,135.45
KAUSHALYA,2.53,2.53
COLPAL,45.63,45.63
JYOTHYLAB,33.03,33.03
MADHAV,427.18,427.18
KALYANIFRG,29.54,29.54
HITECHCORP,19.72,20.56
ECLERX,25.61,25.61
TARIL,75.34,75.34
BRIGADE,36.47,36.47
BGRENERGY,,
MANAKSIA,6.95,5.35
DVL,13.24,13.24
PATINTLOG,14.48,14.48
PPAP,,
ARIES,10.33,10.33
AMBIKCO,12.00,12.00
CEATLTD,23.19,21.28
BIRLAMONEY,10.47,10.47
RPOWER,5.87,
JKIL,13.28,13.28
CORDSCABLE,16.66,16.66
KNRCON,4.65,4.61
HERCULES,22.81,22.81
ONMOBILE,,
SEPC,101.39,61.57
BANG,,
IRB,4.04,28.46
NMDC,9.09,9.06
GSS,18.03,18.03
NAHARCAP,13.00,13.00
RECLTD,6.95,6.95
VGUARD,47.70,47.70
DHANI,,
NESCO,16.47,16.47
DPSCLTD,75.98,75.98
TITAGARH,31.66,31.49
KIRIINDUS,,
BAJAJFINSV,17.46,17.46
BAJAJ-AUTO,25.95,25.95
DIGISPICE,25.45,47.60
GOKUL,47.50,47.50
RPGLIFE,45.36,41.29
ALMONDZ,52.56,52.56
RBL,12.06,11.79
RANEENGINE,52.55,21.96
ARCHIDPLY,,
LOTUSEYE,243.30,254.69
VINYLINDIA,19.81,19.81
UBL,117.85,114.16
LPDC,,
ZFCVINDIA,49.14,49.14
20MICRONS,12.06,11.93
JOCIL,58.58,58.58
ALKALI,,
COUNCODOS,82.64,82.64
TPHQ,23.19,23.19
FELDVR,,
MAWANASUG,3.52,8.62
AJMERA,24.25,24.25
MHRIL,45.91,45.91
GKWLIMITED,,
VINATIORGA,43.16,43.16
EXCEL,42.15,42.15
ADANIPOWER,15.06,15.06
NHPC,25.01,25.01
GLOBUSSPR,159.64,159.64
OIL,8.29,8.30
EXPLEOSOL,14.58,14.58
RTNPOWER,0.47,40.03
AMRUTANJAN,36.75,36.75
SUNTECK,29.13,29.13
ZYDUSWELL,31.94,32.53
DEN,7.20,7.20
ASTEC,,
SHILPAMED,70.31,73.22
SARDAEN,25.30,25.27
REFEX,36.47,36.53
GILLANDERS,7343.97,
AHLUCONT,14.87,26.83
DLINKINDIA,14.38,14.38
JSWENERGY,46.21,46.21
GODREJPROP,40.52,40.52
DBCORP,8.92,8.92
HINDCOPPER,53.66,53.66
BEARDSELL,14.22,14.22
MMTC,80.26,76.19
NESTLEIND,64.71,67.66
TRF,12.96,12.96
WHIRLPOOL,38.70,37.11
UNITEDTEA,10.57,10.57
MBLINFRA,2.25,
JUBLFOOD,103.15,172.88
VASCONEQ,7.37,16.58
THANGAMAYL,46.38,46.38
EMMBI,20.59,20.59
DBREALTY,,
HATHWAY,32.76,32.29
ORIENTLTD,,
ARSSINFRA,45.43,45.43
TEXMOPIPES,29.29,10.63
MANINFRA,19.12,19.12
IL&FSTRANS,,
LGBBROSLTD,13.79,14.33
PERSISTENT,62.63,62.63
ISFT,13.65,13.65
GOENKA,,
KIRLOSBROS,30.85,30.51
KSL,19.54,19.54
SJVN,34.27,37.42
SUNDARAM,,
KIRLOSIND,12.68,12.02
MANAPPURAM,8.74,8.74
UMESLTD,108.16,108.16
TI,25.93,24.84
HMVL,14.08,14.08
IMFA,8.86,8.86
BLISSGVS,19.43,8.33
EMAMIREAL,,
AHLEAST,8.49,8.49
IITL,17.61,18.26
BAJAJCON,17.16,17.16
UGARSUGAR,,
PRAKASHSTL,3.32,90.31
GPPL,19.40,17.81
ADFFOODS,34.18,34.18
WELINV,69.58,69.58
KILITCH,27.77,27.77
ORISSAMINE,713.92,713.92
DEEPAKNTR,35.66,38.80
SASTASUNDR,,8.36
CAREERP,10.26,10.26
GREENPOWER,59.83,58.31
RAMKY,12.10,12.10
CANTABIL,30.69,31.22
WABAG,31.32,30.91
ASHOKA,3.36,3.53
BEDMUTHA,17.80,17.80
JWL,33.36,33.36
OBEROIRLTY,22.14,22.14
PRESTIGE,62.98,62.98
SHAH,6.65,36.90
CGCL,35.80,35.80
RESPONIND,28.28,28.28
COALINDIA,6.94,6.94
IOLCP,20.86,20.86
GRAVITA,43.80,43.80
JINDWORLD,77.12,77.12
PENIND,20.71,20.71
RPPINFRA,7.67,7.67
JAMNAAUTO,16.08,16.08
MOIL,19.17,19.17
ZEELEARN,1.28,5.82
A2ZINFRA,26.31,
KIRLOSENG,18.70,19.64
RKDL,39.94,39.94
PSB,33.14,33.14
SURANASOL,275.31,275.31
SHEKHAWATI,0.55,5.83
BFINVEST,,
KICL,24.13,32.00
SUMMITSEC,19.87,17.89
STEL,45.86,45.86
OMKARCHEM,,
HINDMOTORS,16.84,16.84
TEXRAIL,27.04,27.04
HFCL,32.85,32.85
INDTERRAIN,,
DHUNINV,9.73,9.76
LOVABLE,,
PFS,11.88,11.88
MUTHOOTFIN,17.17,17.17
VADILALIND,22.54,22.54
SYMPHONY,43.84,33.49
PIIND,29.16,29.16
RELAXO,61.81,61.81
OMINFRAL,46.43,46.43
VSTTILLERS,25.21,25.30
ESTER,,
DELPHIFX,111.86,11.30
KARMAENG,,
ASHIANA,204.93,155.38
DHANUKA,19.02,19.02
MAITHANALL,3.20,3.20
RUSHIL,16.26,16.26
INVENTURE,14.87,13.68
ELGIRUBCO,30.70,
LTF,13.75,13.75
WINDMACHIN,,
YAARI,,
BODALCHEM,117.18,97.12
GAYAPROJ,,
WINSOME,,
TREEHOUSE,,
ASAHISONG,34.63,34.13
FILATEX,14.56,14.56
BROOKS,152.16,152.16
TDPOWERSYS,35.88,35.88
APLLTD,26.47,26.92
VASWANI,12.65,12.65
PGEL,114.07,114.07
PANAMAPET,11.19,11.19
SETUINFRA,,
TIJARIA,,
PAISALO,18.76,18.80
ONELIFECAP,,
FLEXITUFF,,
SHAKTIPUMP,27.11,27.11
TRITURBINE,50.15,50.15
INDOTHAI,155.21,155.21
ESSARSHPNG,0.84,55.00
DSSL,20.05,20.05
JISLDVREQS,1.61,1.61
POLYMED,75.37,75.37
RUPA,20.03,19.34
VIKASECO,29.64,29.64
APLAPOLLO,64.01,64.01
KANANIIND,45.16,45.16
MINDACORP,46.49,46.49
DBSTOCKBRO,19.10,19.10
IRFC,24.11,24.11
COMPUSOFT,189.49,189.49
RHIM,,32.45
SCHNEIDER,70.33,75.01
NDL,10.47,10.47
NBCC,41.92,37.08
MTEDUCARE,,
HEXATRADEX,,
TBZ,16.02,16.02
VSSL,15.41,15.41
SWANENERGY,14.73,14.73
SPECIALITY,27.22,27.22
CINELINE,,
SAMPANN,,
RTNINDIA,16.58,16.58
PROZONER,,
MORARJEE,,
THEJO,36.08,36.08
KITEX,27.41,27.41
MAYURUNIQ,15.04,15.04
ROSSELLIND,10.20,10.13
DUCON,14.76,14.76
TVSHLTD,7.57,7.57
ZUARI,4.69,4.69
VETO,11.67,11.67
CARERATING,28.90,28.90
PCJEWELLER,17.76,17.76
INDUSTOWER,8.71,8.71
VMART,,
ANKITMETAL,,
MOHITIND,,
REPCOHOME,4.76,4.76
NIBL,,
VIVIDHA,,
JUSTDIAL,13.54,13.54
CEREBRAINT,,
ATULAUTO,72.31,72.31
ORIENTCEM,58.98,58.98
ABFRL,,
SAMMAANCAP,,
ESSENTIA,28.21,28.21
FLFL,,
PILITA,63.10,63.10
LYPSAGEMS,,
MITCON,12.47,12.47
ORBTEXP,12.22,12.22
JPOLYINVST,19.98,19.98
SREEL,24.36,24.36
NATHBIOGEN,7.44,7.58
AGRITECH,155.48,155.48
SECURKLOUD,,
SANCO,,
CASTROLIND,26.23,26.23
SDBL,22.67,22.67
IREDA,26.25,26.25
BUTTERFLY,275.60,191.11
WONDERLA,34.70,34.70
AGARIND,12.53,12.53
HATSUN,69.43,69.43
CAPLIPOINT,28.42,28.43
GOCLCORP,10.80,9.93
GULFOILLUB,17.15,17.15
SNOWMAN,211.81,211.81
SHARDACROP,20.60,20.60
SUPERHOUSE,15.96,33.34
SHEMAROO,,
CIGNITITEC,24.62,24.18
PDSL,26.92,27.40
INTELLECT,35.29,35.31
MONTECARLO,17.07,17.07
GOODLUCK,13.99,13.99
FCL,22.73,22.73
DTIL,,
CAMLINFINE,,
GULPOLY,42.22,42.22
APOLSINHOT,46.44,46.44
CCHHL,187.42,187.42
LAMBODHARA,14.80,14.80
GRPLTD,55.08,50.67
GENUSPAPER,131.67,131.67
MOLDTKPAC,25.29,25.29
GREENLAM,57.61,57.61
VISHNU,24.47,24.47
GANECOS,34.70,34.70
LINC,17.07,17.07
MENONBE,22.71,22.71
HESTERBIO,40.37,40.37
JMA,7.49,7.49
ORTEL,,
MANAKALUCO,27.16,27.16
MANAKSTEEL,34.26,29.26
MANAKCOAT,40.18,42.54
ZENTEC,47.78,48.19
IMAGICAA,52.05,46.68
INOXWIND,69.51,63.44
LFIC,6.83,6.83
BYKE,55.47,55.47
AVANTIFEED,21.10,21.10
VIPULLTD,0.78,0.77
VRLLOG,33.15,33.15
MEP,,
PRIVISCL,37.73,37.73
UFO,19.99,20.53
TPLPLASTEH,26.40,26.40
NILAINFRA,18.00,18.00
ARROWGREEN,13.24,13.24
PNCINFRA,6.06,6.06
SKIPPER,37.19,37.19
ALANKIT,19.41,19.41
ORICONENT,109.78,103.84
SHYAMCENT,,
BALKRISHNA,,
ADANIENSOL,149.47,39.36
SYNGENE,55.27,58.28
AYMSYNTEX,37.04,59.24
EMKAYTOOLS,4.20,4.20
KAYA,,
RAMASTEEL,68.60,68.60
AURUM,,
PKTEA,27.59,27.59
MUTHOOTCAP,8.72,8.72
SATIN,5.48,5.48
ARVSMART,27.02,27.02
POWERMECH,20.46,20.43
SHARDAMOTR,14.14,14.14
NAVKARCORP,,
SHREEPUSHK,18.32,18.32
GUJGASLTD,21.40,22.17
SADBHIN,,
AHIMSA,,
IDFCFIRSTB,21.95,21.95
COFFEEDAY,,16.73
INDIGO,30.24,30.24
SHK,392.99,16.62
PERFECT,23.76,23.76
BALAXI,12.08,12.55
LUXIND,23.25,23.25
TTKHLTCARE,20.37,24.89
UMANGDAIRY,26.66,26.66
SALZERELEC,23.18,23.18
PILANIINVS,24.83,24.83
KRIDHANINF,1.12,136.97
LINCOLN,12.60,12.60
LALPATHLAB,49.83,49.83
ALKEM,25.82,25.71
NH,41.16,41.16
OCCL,8.88,8.88
PRECAM,96.07,111.70
TEAMLEASE,32.32,32.32
QUICKHEAL,73.87,73.87
HITECH,34.63,34.63
VIDHIING,54.69,54.69
BHAGERIA,23.49,23.49
NECCLTD,19.59,19.59
KELLTONTEC,13.44,13.44
SEQUENT,167.38,179.06
GOKULAGRO,14.89,14.89
SIMBHALS,6.51,6.51
KDDL,24.59,24.58
PDMJEPAPER,8.50,8.50
HCG,110.14,115.23
HECPROJECT,27.57,27.57
WEALTH,19.33,18.92
BHARATWIRE,16.29,16.29
INFIBEAM,23.77,23.77
PALREDTEC,,
THYROCARE,34.35,34.30
CROMPTON,42.02,42.02
SAGARDEEP,48.42,48.42
PARAGMILK,19.03,19.03
SHRIPISTON,16.76,16.76
UNITEDPOLY,21.00,21.00
ARMANFIN,14.40,14.40
ALBERTDAVD,12.30,12.30
BLS,29.12,29.12
ASPINWALL,11.43,11.43
NAGAFERT,0.22,0.22
SALONA,17.11,17.11
PREMEXPLN,59.87,59.87
CONTROLPR,21.66,21.66
INCREDIBLE,15.93,15.93
SETCO,,
DAMODARIND,19.36,19.36
MGL,12.62,12.62
MOLDTECH,17.57,17.57
POKARNA,26.14,26.14
COMPINFO,0.51,0.51
VIJIFIN,,
GPTINFRA,17.33,17.33
QUESS,24.36,23.84
GROBTEA,6.51,6.51
SOMICONVEY,28.07,28.07
LLOYDSENGG,63.77,63.77
LTIM,31.24,31.24
GATECH,17.12,17.12
MINDTECK,22.30,21.16
ADVENZYMES,23.05,21.47
DBL,11.69,20.62
SPAL,20.41,20.41
NDGL,34.98,33.74
RBLBANK,9.93,9.93
BIGBLOC,77.29,77.29
MBAPL,60.06,60.06
CUPID,18.74,18.74
LTTS,39.73,39.73
GNA,13.09,13.09
CROWN,10.36,32.95
ICICIPRULI,81.64,81.64
MARATHON,12.20,12.20
HPL,35.43,35.43
JAIPURKURT,12.53,12.53
MASKINVEST,,
SAKAR,40.23,40.09
AURDIS,9.93,9.93
PANSARI,82.41,82.41
DRL,26.76,26.76
ARTNIRMAN,80.86,80.86
ENDURANCE,32.49,32.49
GICL,82.72,82.72
MAZDA,16.15,16.15
PNBHOUSING,11.65,11.65
VBL,63.04,63.04
KINGFA,24.67,24.67
AGROPHOS,854.23,854.23
PODDARMENT,12.12,12.12
ROLLT,,
NBIFIN,78.74,78.74
KIOCL,,
JETFREIGHT,9.57,9.58
SFL,56.40,96.11
HEADSUP,,
TCIEXP,26.89,26.89
LAURUSLABS,159.84,159.84
TERASOFT,31.40,31.29
ITDC,68.54,68.48
HISARMETAL,25.55,25.55
LIBAS,5.77,5.77
CAPTRUST,95.23,95.23
MAHESHWARI,12.55,12.55
BHANDARI,18.06,18.06
BSE,68.21,68.21
MCL,16.16,16.16
PRICOLLTD,29.92,29.92
STEELCITY,8.06,8.06
JITFINFRA,26.73,47.50
KRISHANA,20.59,20.59
GLOBAL,10.02,10.02
NITIRAJ,26.02,26.02
SANGINITA,317.59,317.59
AKASH,27.55,27.55
RADIOCITY,55.51,55.51
DMART,84.71,84.71
TASTYBITE,100.14,100.14
INTENTECH,14.29,14.29
AIRAN,13.04,13.04
AKSHARCHEM,,
ARIHANTSUP,25.27,25.27
URJA,331.55,331.55
LAXMICOT,199.55,238.62
CLEDUCATE,63.32,58.33
EIFFL,153.16,153.16
NRAIL,10.20,10.20
SHANKARA,18.92,18.92
NACLIND,,
APCL,,
CREATIVE,16.56,16.56
WIPL,80.91,80.91
FOCUS,21.13,21.13
DEVIT,15.60,15.60
SIKKO,29.91,29.91
MKPL,23.08,23.08
DOLLAR,24.34,24.49
PANACHE,119.38,51.41
INFOBEAN,21.43,21.43
SCHAND,12.52,12.52
ZOTA,,
BHAGYANGR,20.82,20.82
PSPPROJECT,36.79,36.79
VSCL,58.03,58.03
STARCEMENT,67.20,67.20
GLOBE,11.83,12.88
TEJASNET,19.46,19.46
ERIS,49.05,49.05
CDSL,44.56,44.56
GTPL,23.88,23.88
ACCORD,,
AUBANK,20.87,20.23
ACEINTEG,43.38,43.38
SHRENIK,,
DYNPRO,22.73,22.73
STEELXIND,23.76,23.76
SALASAR,31.03,31.03
UNIVASTU,0.00,0.00
AVADHSUGAR,10.94,10.94
PALASHSECU,,
MAGADSUGAR,8.61,8.61
GANGESSECU,27.17,27.17
THEINVEST,23.10,23.10
SHANTI,,
TOTAL,52.67,52.67
GTECJAINX,,
OPTIEMUS,68.73,68.73
WEWIN,29.73,29.73
SIS,24.23,24.23
COCHINSHIP,42.41,42.41
SMSLIFE,15.18,15.18
VAISHALI,339.41,339.41
LEXUS,,
GEEKAYWIRE,10.98,10.98
SERVOTECH,96.71,96.71
ABCAPITAL,12.09,12.09
APEX,453.65,453.65
PASHUPATI,185.76,185.76
BRNL,2.74,2.74
MANAV,11.77,11.77
DIXON,100.94,127.62
DCAL,,
LASA,,
MATRIMONY,23.35,23.35
CHOLAHLDNG,6.75,6.75
CAPACITE,14.48,14.48
ICICIGI,67.81,67.81
WORTH,13.34,13.34
SBILIFE,59.09,59.09
RMDRIP,119.04,119.04
CADSYS,,
DPWIRES,13.45,13.45
AARVI,15.27,15.27
DIAMONDYD,,178.54
TIRUPATI,91.40,91.40
AIROLAM,84.83,84.83
RKEC,7.51,7.51
GATECHDVR,3.76,3.76
GOLDSTAR,77.84,77.84
JASH,40.86,40.83
CMMIPL,,
BETA,42.61,42.61
TIRUPATIFL,44.35,44.35
OMFURN,24.32,24.32
GODREJAGRO,42.22,42.22
TCPLPACK,29.32,29.32
MILTON,96.45,96.45
MASFIN,15.21,15.21
IEX,36.75,36.75
DPABHUSHAN,30.67,30.67
GICRE,9.11,9.11
TIINDIA,44.02,43.83
NAM-INDIA,25.56,25.56
MAHLOG,,
NIACL,24.55,24.55
IFGLEXPOR,28.27,28.27
KHADIM,96.61,96.61
5PAISA,17.22,17.22
HDFCLIFE,76.18,76.18
AISL,19.38,19.38
VERTOZ,35.01,35.01
PULZ,10.51,10.51
SILVERTUC,41.34,41.34
ZODIAC,39.40,39.40
FELIX,38.05,38.05
ICEMAKE,45.62,45.62
DNAMEDIA,0.46,
SHRADHA,12.14,12.14
SHALBY,72.00,72.00
FSC,,
TOUCHWOOD,17.55,17.55
ONEPOINT,40.83,40.83
SHIVATEX,22.36,22.36
ASTRON,,
AJOONI,46.53,46.53
MOKSH,12.72,12.72
BCONCEPTS,70.11,70.11
SILLYMONKS,39.89,39.89
APOLLO,63.06,63.06
NEWGEN,45.27,45.27
AMBER,83.09,83.09
PRAXIS,,
SOLEX,39.76,39.76
SRPL,,
GALAXYSURF,26.73,26.73
AMJUMBO,432.35,432.35
SINTERCOM,318.01,318.01
MHHL,10.80,10.80
SOUTHWEST,34.22,36.05
SHIVAMILLS,,
ARVEE,69.91,69.91
ASTERDM,68.97,65.37
BANKA,,
GMMPFAUDLR,45.06,45.06
HGINFRA,12.78,12.78
HINDCON,36.31,36.31
SARVESHWAR,29.51,29.51
UNIINFO,,
MACPOWER,27.97,27.97
TARACHAND,20.23,20.23
BDL,70.57,70.57
MDL,40.04,38.94
SUNDARMHLD,26.47,26.47
BANDHANBNK,9.69,9.69
HAL,26.39,26.40
URAVIDEF,272.53,272.53
MITTAL,34.43,42.27
SANDHAR,16.74,17.58
GIRIRAJ,53.35,53.35
ISEC,12.43,12.43
KAPSTON,30.30,30.30
CENTRUM,,
MIDHANI,49.23,49.23
LEMONTREE,47.26,47.26
AVG,8.80,13.11
MMP,19.26,19.26
NARMADA,15.94,15.94
PIGL,23.05,23.05
CHEMFAB,148.10,148.10
BSHSL,57.26,57.26
MAHICKRA,47.01,47.01
AAKASH,17.06,17.06
GODHA,15.64,15.64
ORIENTELEC,69.46,69.46
E2E,106.08,106.08
INDOSTAR,35.23,35.23
BORORENEW,,
SIRCA,30.47,30.47
SUULD,,
SVLL,400.15,400.15
LATTEYS,64.58,64.56
DIL,7.50,7.71
SONAMLTD,30.24,30.24
ADANIGREEN,87.58,75.24
OSWALSEEDS,,
PRITI,22.75,22.75
ACCURACY,9.97,9.97
SOLARA,,
GAYAHWS,,1.06
FINEORG,27.21,27.18
RITES,24.85,24.90
VARROC,70.75,34.60
GANGAFORGE,102.07,103.75
REPL,24.26,24.26
AMBANIORGO,,
HBSL,,
AVROIND,51.61,51.61
HDFCAMC,34.76,34.76
UCL,,
CREDITACC,17.84,17.84
AARON,46.63,46.63
SIGIND,11.56,11.56
DANGEE,,
SUMIT,28.52,28.52
LAGNAM,16.19,16.19
RPPL,13.91,13.91
AKG,54.25,54.25
IRCON,19.77,19.77
AHLADA,9.64,9.64
SPECTRUM,120.09,120.09
RAJMET,,
AAVAS,23.99,23.99
KSHITIJPOL,,14.85
GRSE,37.64,37.64
KRITIKA,19.43,19.43
SILGO,21.16,21.16
VINNY,14.41,14.41
BBTCL,,
MARINE,60.64,60.85
IRISDOREME,32.89,32.89
ATGL,100.10,100.10
TECHNOE,34.81,34.81
UNIPARTS,15.69,15.69
SHRIRAMPPS,18.86,18.86
TREJHARA,20.61,795.57
NILASPACES,37.80,37.80
AWHCL,18.01,18.01
DALBHARAT,55.43,47.18
RPSGVENT,48.82,9.11
SPENCERS,,
SURANI,62.13,62.13
XELPMOC,,
CHALET,168.13,168.13
MSTCLTD,7.84,15.72
OSIAHYPER,14.42,14.42
ANUP,47.36,47.36
ARVINDFASN,35.41,35.41
PAR,7.78,7.78
KHFM,41.14,41.14
RVNL,57.94,57.94
POLYCAB,40.95,40.95
METROPOLIS,55.34,55.34
KPITTECH,47.08,47.08
SWSOLAR,184.92,184.92
NEOGEN,100.65,100.65
VIKASLIFE,,
EMAMIPAP,11.71,11.71
VCL,,
CONFIPET,23.88,24.13
PPL,10.84,10.84
INDIAMART,23.25,23.25
ATMASTCO,37.46,37.46
OAL,25.40,25.40
SEYAIND,,
DCMNVL,58.96,172.51
SATIA,5.90,5.90
WEL,181.19,181.19
AFFLE,55.08,55.08
CHEMCON,29.84,29.84
SPANDANA,,
WESTLIFE,987.36,987.36
DOLATALGO,5.54,5.54
HNDFDS,60.11,60.11
UJJIVANSFB,6.74,6.74
MAZDOCK,34.61,34.61
IRCTC,45.28,45.56
SECL,132.87,132.87
SAFARI,69.94,69.94
DCI,23.72,23.72
360ONE,37.63,35.42
IIFLCAPS,8.58,8.58
HPIL,100.11,100.11
SAMHI,65.24,70.16
VISHWARAJ,,
FLUOROCHEM,90.15,90.15
GREENPANEL,43.09,43.09
KUANTUM,7.78,7.78
RBA,,
APOLLOPIPE,48.22,48.22
CHEMBOND,18.61,19.16
MGEL,17.34,15.80
ROUTE,17.67,17.98
SBICARD,39.04,39.04
HOMEFIRST,24.91,24.91
SIGMA,15.32,15.32
CSBBANK,8.78,8.78
EQUITASBNK,20.99,20.99
EASEMYTRIP,54.89,29.70
ROSSARI,27.37,27.37
HINDWAREAP,,
PRINCEPIPE,42.12,42.12
ESAFSFB,,
LIKHITHA,15.97,15.97
PARKHOTELS,43.94,43.94
ARTEMISMED,44.16,44.16
PATANJALI,55.78,55.78
SUMICHEM,48.33,48.33
LGHL,92.93,93.00
ATALREAL,31.45,31.45
ASALCBR,30.24,30.24
MAHEPC,129.68,126.08
UNIVPHOTO,7.02,7.02
ALOKINDS,,
BARBEQUE,,
BAFNAPH,43.20,39.89
SUVENPHAR,106.11,106.11
POWERINDIA,183.89,183.89
STOVEKRAFT,63.69,63.69
BHARTIHEXA,53.79,63.88
KSOLVES,24.66,24.66
RAJRATAN,26.30,26.30
HAPPSTMNDS,47.57,49.62
AARTISURF,40.95,80.38
GLAND,38.12,38.12
BOROLTD,61.59,61.59
NDRAUTO,35.58,35.58
MAXHEALTH,96.39,91.67
PAVNAIND,46.04,46.04
AAATECH,39.80,39.80
KALYANKJIL,69.96,69.96
MAXIND,,
BTML,28.79,28.79
SHAREINDIA,9.53,9.53
UNIDT,33.16,33.16
SIGACHI,19.55,19.55
ANGELONE,14.30,14.30
ADL,173.50,173.50
NIRAJ,15.58,14.66
VALIANTORG,,
CAMS,35.87,35.87
SURYODAY,5.70,5.70
ROML,44.53,44.53
UTIAMC,14.03,14.03
RAILTEL,35.99,34.02
HEMIPROP,,
BECTORFOOD,60.63,60.63
KHAICHEM,,
ORCHPHARMA,42.49,42.49
SUBEXLTD,,
NURECA,,
INDIGOPNTS,35.30,35.30
HERANBA,21.95,21.95
LXCHEM,37.21,37.21
TARC,,
RVHL,,
MTARTECH,92.67,92.67
FAIRCHEMOR,38.05,38.05
ANURAS,61.07,61.07
KANPRPLA,23.74,23.74
ISGEC,28.48,28.48
STYLAMIND,22.79,22.65
PAKKA,21.62,21.62
CLSEL,14.82,14.82
PARTYCRUS,15.60,15.60
CARYSIL,24.45,24.45
SHAILY,93.74,93.74
MODISONLTD,21.25,21.56
FIBERWEB,9.10,9.10
BCLIND,11.88,11.88
BHAGCHEM,167.63,167.63
SBCL,33.03,33.03
AADHARHFC,19.89,19.89
SMCGLOBAL,5.82,5.82
QMSMEDI,17.50,17.50
NPST,96.28,96.28
ARIHANTCAP,10.32,10.72
NAZARA,109.61,108.42
IPL,26.33,26.33
GENCON,15.00,15.00
LODHA,45.19,45.19
HLEGLAS,36.87,36.87
BESTAGRO,34.33,34.33
VMARCIND,18.95,18.95
SONACOMS,55.55,54.39
UTKARSHBNK,14.09,14.09
DRCSYSTEMS,18.84,18.84
PARAS,72.02,72.02
CRAFTSMAN,58.06,56.01
DODLA,27.65,27.65
EXXARO,,
JUBLINGREA,50.82,50.80
ROLEXRINGS,27.24,22.65
ORTINGLOBE,,
SHYAMMETL,25.28,25.28
KIMS,55.38,55.38
SUVIDHAA,,
MAKS,91.48,38.83
JSFB,6.57,6.57
TATVA,118.58,118.58
CLEAN,50.21,50.21
AILIMITED,44.99,44.99
ALIVUS,29.54,29.54
ABSLAMC,19.53,19.53
DEEPINDS,17.71,17.77
ZOMATO,328.13,328.13
CHEMPLASTS,,
BEWLTD,12.87,12.87
PIXTRANS,18.45,18.45
MEDIASSIST,34.17,34.17
WINDLAS,30.67,30.67
CARTRADE,59.82,59.82
KRSNAA,32.22,32.22
EQUIPPP,,
DEVYANI,,1560.25
APTUS,21.50,21.50
SUPRIYA,28.97,28.97
ANMOL,11.02,11.02
BMETRICS,16.42,16.42
ABCOTS,55.12,55.12
VIJAYA,75.93,75.93
AMIORG,81.69,81.52
IWEL,35.31,33.69
VINEETLAB,,
MOL,,
SANSERA,34.98,34.98
BAJAJHCARE,,46.79
PRITIKAUTO,14.26,14.26
AAREYDRUGS,19.82,19.82
GRINFRA,8.50,10.72
INTLCONV,5.39,5.39
DUGLOBAL,76.23,76.23
PAYTM,,
STEELCAS,28.42,28.42
HPAL,23.79,23.79
UGROCAP,11.60,11.60
STARHEALTH,27.53,27.53
KPIGREEN,29.19,28.96
YUKEN,44.96,44.96
SGIL,35.79,35.79
ANANDRATHI,54.21,54.21
SJS,24.34,24.34
FINOPB,17.93,17.93
POLICYBZR,266.21,310.72
NYKAA,749.18,749.18
AWL,29.45,29.45
MONARCH,15.88,15.88
SAPPHIRE,626.32,365.99
DKEGL,9.96,9.96
QUADPRO,14.79,14.79
PRUDENT,41.57,41.57
EPIGRAL,21.94,21.94
NUVOCO,,
GOCOLORS,45.58,45.58
NGIL,,
TRACXN,,
CMSINFO,20.18,20.18
FUSION,,
COASTCORP,,
TARSONS,56.42,56.42
MEDPLUS,63.64,63.64
TEGA,48.96,48.96
RATEGAIN,29.19,29.19
MANORG,35.29,35.29
LATENTVIEW,47.21,47.21
METROBRAND,75.14,75.14
PVSL,32.87,32.87
MICEL,25.13,25.13
VIVO,,
PASUPTAC,10.25,10.25
FOODSIN,28.28,28.28
PARADEEP,18.42,18.42
JAINAM,28.36,28.36
MAPMYINDIA,65.67,65.67
ABMINTLLTD,290.18,290.18
3IINFOLTD,,
TMB,5.87,5.87
KRITI,164.89,164.89
DYNAMIC,18.88,18.93
MANYAVAR,50.60,50.60
GANESHBE,12.08,12.08
GVPTECH,60.10,60.10
KOTYARK,17.64,17.64
MEDICAMEQ,92.89,92.89
EMIL,28.68,28.68
SHIVALIK,54.85,54.85
PRECISION,11.56,11.56
UMAEXPORTS,17.48,17.18
DATAPATTNS,44.49,44.49
JSLL,52.23,52.23
MEDANTA,66.34,66.34
AHL,10.37,10.37
MALLCOM,19.54,19.54
NIDAN,,9.88
IRIS,49.91,49.91
ASIANENE,39.49,37.47
DIGJAMLMTD,,
SMLT,37.35,37.35
NRL,28.54,28.54
RADIANTCMS,13.61,13.61
GPTHEALTH,21.79,21.79
CHOICEIN,65.82,65.82
EUROBOND,23.83,23.83
SELMC,,
HARIOMPIPE,18.62,18.62
GRWRHITECH,33.52,33.52
CAPITALSFB,9.91,9.91
DELHIVERY,786.47,437.41
DCMSRIND,12.03,12.03
VERANDA,,
RAJRILTD,,
EMUDHRA,82.03,82.03
DYCL,28.12,28.12
FIVESTAR,19.83,19.83
STARTECK,23.95,23.95
VIRINCHI,37.05,37.05
SBC,36.38,36.38
DHRUV,31.36,31.36
ELDEHSG,24.16,24.16
RICHA,14.16,14.16
ELIN,37.60,37.60
SHIGAN,21.33,21.33
TIMESCAN,7.79,7.79
MADHAVBAUG,25.69,25.69
SEJALLTD,46.47,46.47
MHLXMIRU,14.82,14.82
LOYALTEX,,
RELCHEMQ,45.05,45.05
GATEWAY,5.14,13.34
SYRMA,49.54,48.97
ZIMLAB,27.74,27.74
UDAICEMENT,,
JTLIND,29.12,29.12
CAMPUS,68.63,68.63
RAINBOW,55.87,55.87
TBOTEK,68.06,69.12
VENUSPIPES,30.79,30.79
AETHER,112.55,66.28
ROTO,39.54,39.54
SPRL,12.73,12.73
MEGASTAR,72.54,72.54
GSTL,29.10,29.10
INDOBORAX,11.54,11.54
LANDMARK,74.20,
RACE,75.53,75.53
AVONMORE,19.63,19.63
ETHOSLTD,66.31,66.31
DREAMFOLKS,18.79,18.79
AGSTRA,,
SONUINFRA,15.14,15.14
MSUMI,35.70,35.70
KNAGRI,15.92,15.92
LEMERITE,212.63,212.63
DHARMAJ,19.23,19.23
HARSHA,28.97,28.97
OBCL,103.81,103.81
GMRP&UI,4.09,
KCK,168.60,168.60
LICI,11.26,11.26
INDOAMIN,16.40,16.40
KRISHNADEF,44.73,44.73
BOHRAIND,,
TVSSCS,,
SWARAJ,14.92,14.92
AMEYA,19.98,19.98
INOXGREEN,134.81,134.81
FEDFINA,15.18,15.18
ACI,40.27,34.27
BIKAJI,62.28,62.28
RITCO,19.39,19.39
SADHNANIQ,206.25,206.25
SURAJEST,15.75,15.75
VEEKAYEM,23.85,23.85
SKP,348.94,348.94
RILINFRA,19.93,19.93
HARDWYN,50.64,50.64
CHEVIOT,9.69,9.69
MUKKA,16.98,16.98
HMAAGRO,21.27,21.27
MWL,14.53,14.53
MEDICO,53.69,53.69
CMRSL,8.79,7.10
KFINTECH,47.30,47.30
YATHARTH,28.58,28.58
DCXINDIA,54.43,54.43
YATRA,42.85,42.85
AKSHAR,,
ARISTO,13.46,13.46
KAYNES,105.13,105.13
NGLFINE,20.52,20.52
SABAR,3.33,3.33
SWASTIK,33.24,33.24
FIDEL,24.29,24.29
AXITA,45.99,49.05
PLAZACABLE,150.35,150.35
SENCO,37.62,37.62
USASEEDS,17.11,17.11
TRU,14.66,14.66
RADHIKAJWE,18.30,18.30
TIPSFILMS,,
SPLPETRO,26.94,26.94
RAMRAT,31.48,31.48
VIVIANA,51.13,51.13
CSLFINANCE,8.87,8.87
AGNI,99.63,99.63
KORE,35.22,35.12
GOYALALUM,63.86,63.86
RUSTOMJEE,41.98,41.98
GENSOL,16.80,16.78
DBOL,46.34,38.99
KANDARP,68.59,68.59
GSLSU,,
SPORTKING,11.60,11.60
ALLETEC,33.06,33.06
AIIL,6.41,6.41
MANORAMA,67.36,67.36
ISHAN,30.51,28.67
ARABIAN,9.42,9.42
INNOVACAP,33.02,33.02
GRMOVER,22.65,22.65
SYNCOMF,39.12,39.12
BAHETI,37.72,37.72
SULA,32.41,32.41
SIGNATURE,175.35,175.35
ANNAPURNA,31.85,31.85
KRITINUT,12.38,12.38
MEGAFLEX,35.80,35.80
KALAMANDIR,21.68,21.68
VITAL,,
RAMAPHO,29.66,29.66
PPLPHARMA,,
TAPIFRUIT,,
AVALON,102.58,102.58
RITEZONE,9.17,9.17
CONCORDBIO,55.69,55.69
GODIGIT,77.89,77.89
GRCL,116.34,116.34
BAIDFIN,11.26,11.26
LLOYDS,,
PHANTOMFX,14.44,14.44
QUICKTOUCH,7.91,7.91
AMIABLE,10.57,10.57
KAMOPAINTS,39.21,39.21
BLUEJET,58.93,58.93
MVGJL,11.15,11.15
SCPL,17.29,17.29
SUKHJITS,12.40,12.40
ARHAM,27.90,27.90
FROG,32.73,32.73
MANKIND,45.76,45.76
SKYGOLD,51.00,51.00
BLAL,,
ARIHANTACA,25.41,25.41
SATINDLTD,13.17,13.15
DIVGIITTS,52.10,52.10
PRITIKA,75.42,75.42
USK,17.60,17.60
ANLON,36.15,36.15
MOTISONS,42.56,42.96
VELS,,
VERTEXPLUS,,
CMNL,34.61,33.99
SRIVASAVI,15.01,15.01
DIACABS,119.76,126.55
IKIO,37.65,37.65
MANOMAY,14.70,14.70
FAZE3Q,28.09,28.09
UMA,25.77,25.77
NSLNISP,,
RBMINFRA,15.48,15.48
LLOYDSME,37.87,37.87
AARTIPHARM,27.15,27.15
RHL,42.27,42.27
SAHYADRI,13.55,13.55
SAHANA,39.96,39.96
NINSYS,35.23,35.23
DUCOL,30.44,30.44
HOMESFY,17.16,16.78
SBFC,29.05,29.05
SBGLP,55.49,55.49
ASMS,163.39,187.99
HYBRIDFIN,10.01,9.37
SHERA,34.22,34.22
VIAZ,29.77,29.77
LRRPL,72.37,72.37
INDGN,32.86,33.04
ZAGGLE,65.38,65.38
GANDHAR,16.29,16.29
AGARWALFT,25.23,25.23
MCON,44.87,44.87
HONASA,92.26,92.26
RISHABH,48.86,48.86
IRMENERGY,20.37,20.37
SAH,318.79,318.79
DENEERS,19.69,19.69
JGCHEM,19.61,19.61
QFIL,13.84,13.84
CYIENTDLM,55.01,55.01
NIRMAN,15.07,15.07
MASTER,33.23,33.23
YCCL,95.23,95.23
RPTECH,8.98,9.39
LORDSCHLO,98.78,98.78
SYSTANGO,17.31,17.31
RATNAVEER,18.76,18.76
MOS,55.32,55.32
SECMARK,43.28,43.28
AUROIMPEX,13.98,13.98
SOTAC,25.87,25.34
SPECTSTM,22.20,22.20
ATAM,15.81,15.81
IDEAFORGE,,
CRAYONS,8.82,8.82
SHRITECH,11.46,11.46
INFOLLION,35.57,35.57
LAL,16.22,16.22
URBAN,14.20,14.20
INFINIUM,35.65,35.65
AARTECH,40.30,40.30
POCL,30.88,30.88
KRISHCA,24.10,24.10
ESFL,117.65,117.65
AATMAJ,,
TATATECH,42.19,42.19
REMUS,28.30,28.30
NOVAAGRI,15.14,15.14
REDTAPE,46.28,46.28
ASHOKAMET,4.34,4.34
SICALLOG,,
YUDIZ,,
PENTAGON,17.44,17.44
CELLPOINT,171.24,171.24
SEL,48.08,48.08
TRIDHYA,8.35,8.35
ACL,,
GREENCHEF,27.75,27.75
PROV,42.95,42.95
PTCIL,348.79,346.39
NETWEB,87.68,87.68
PYRAMID,20.19,20.19
MAGSON,37.95,37.95
AEROFLEX,43.21,43.21
EMSLIMITED,19.22,19.22
EFACTOR,14.71,14.71
GHCLTEXTIL,15.05,15.05
MONOPHARMA,14.66,14.66
VPRPL,19.21,19.21
UDS,17.84,17.84
DENTALKART,57.04,57.04
SYNOPTICS,13.53,13.53
CLSL,29.77,29.77
SSFL,26.77,26.77
KIRLPNU,35.39,34.31
DHTL,,
ATL,19.52,18.49
BALUFORGE,30.92,30.92
RRKABEL,39.84,39.85
JSWINFRA,42.24,42.24
SANGANI,25.36,25.36
JLHL,50.70,51.14
SCILAL,50.50,50.50
SAHAJ,13.46,13.46
NUVAMA,21.70,21.70
GLOBALPET,74.25,74.25
YASHO,108.16,108.16
SERVICE,37.75,37.75
KEL,38.25,38.25
PRAMARA,28.01,28.01
NIITMTS,25.12,24.29
VINSYS,19.84,19.84
VALIANTLAB,,
ZEAL,10.43,10.43
ARVINDPORT,14.57,14.57
SINDHUTRAD,28.37,28.36
UNIHEALTH,19.55,19.55
ORIANA,25.93,25.93
ASKAUTOLTD,33.30,33.30
CHAVDA,16.35,16.35
ONDOOR,10.18,10.12
BAWEJA,15.55,15.55
TRANSTEEL,17.95,17.88
SANDUMA,16.28,16.28
VLEGOV,,414.21
PLADAINFO,7.69,7.69
OLIL,36.21,36.21
RBZJEWEL,18.10,18.10
KODYTECH,84.17,84.17
KARNIKA,47.14,47.14
AKANKSHA,223.36,223.36
SCML,14.84,14.84
SAAKSHI,29.17,29.17
MUFIN,68.36,66.65
MAL,14.19,14.19
HIGREEN,55.32,55.32
PLATIND,27.31,27.31
MUFTI,13.60,13.60
FLAIR,19.23,19.23
CELLECOR,56.31,56.31
MUTHOOTMF,7.65,7.65
SRGHFL,17.64,17.64
INDIFRA,40.52,40.52
JIOFIN,118.14,118.14
CPS,,
MADHUSUDAN,19.75,19.75
NEWJAISA,27.61,27.61
GOYALSALT,17.34,17.34
TICL,,
WOMANCART,38.25,38.25
RCDL,30.86,30.86
BLSE,26.72,26.72
HOLMARC,45.39,45.39
SHANTHALA,27.02,27.02
TREL,3.94,25.59
MARCO,26.79,26.79
DIAMINESQ,93.93,93.93
VISHNUINFR,19.15,19.15
KONTOR,35.56,35.56
RKSWAMY,32.69,32.69
MICROPRO,10.14,10.14
INSPIRE,,
EPACK,75.39,75.39
HAPPYFORGE,28.79,28.79
IBLFL,51.22,51.22
INDIASHLTR,23.06,23.06
CELLO,33.10,33.10
CANARYS,16.54,16.54
DIGIDRIVE,17.20,17.20
DOMS,79.22,79.22
MAITREYA,37.75,37.75
GLOSTERLTD,,
LANCORHOL,24.82,24.82
AMNPLST,29.49,29.49
POLYSIL,7.81,7.81
SARTELE,36.40,36.40
VINYAS,126.04,126.04
SAIFL,8.12,8.12
JNKINDIA,50.50,50.50
INOXINDIA,45.57,46.82
GRAPHISAD,14.27,13.82
SHEETAL,34.28,34.28
ROXHITECH,6.59,6.59
JYOTICNC,67.61,66.10
BAJEL,112.98,92.25
EFORCE,,
DEEM,8.74,8.74
APS,52.74,52.74
ENTERO,56.84,56.84
TECHLABS,91.91,91.91
SIGNPOST,24.95,24.95
ROCKINGDCE,38.75,38.75
BABAFP,14.67,14.67
SUNCLAY,,
SHREEOSFM,13.88,13.88
PRESSTONIC,,
HRHNEXT,33.13,33.28
EXICOM,,
MEGATHERM,25.38,25.38
OWAIS,33.50,33.50
KLL,15.27,15.27
ZENITHDRUG,11.15,11.28
SJLOGISTIC,21.52,21.52
CBAZAAR,,
PURVFLEXI,21.14,21.14
KTL,4.06,4.06
SRM,19.57,19.57
AZAD,110.04,110.04
KONSTELEC,11.18,11.18
JUNIPER,100.35,100.35
KRYSTAL,10.38,10.38
VSTL,23.46,23.46
FONEBOX,28.23,28.23
INM,24.20,24.01
ITALIANE,16.26,16.26
SUPREMEPWR,19.49,19.49
KCEIL,28.68,28.68
MAXESTATES,911.48,911.56
CGRAPHICS,31.38,31.38
ACCENTMIC,13.99,13.99
COMSYN,27.28,27.28
LAWSIKHO,27.21,27.21
SADHAV,15.74,15.74
MANDEEP,,
GOPAL,41.79,41.79
DAVANGERE,33.61,33.61
MAXPOSURE,32.92,32.92
ALPEXSOLAR,34.82,38.18
VHLTD,18.40,18.58
SONAMAC,12.89,12.89
BIRDYS,,
SIGNORIA,11.01,11.01
TCL,16.60,16.60
ENSER,22.45,22.45
DELAPLEX,12.47,12.47
RULKA,14.88,14.88
NAMAN,13.15,13.14
SINCLAIR,28.09,28.09
SHREEKARNI,27.51,27.51
BLUEPEBBLE,20.46,20.46
DCG,27.43,27.43
AWFIS,78.83,138.15
K2INFRA,10.34,10.34
RADIOWALLA,1.61,1.44
RBS,16.59,16.59
ASPIRE,5.81,5.81
ESCONET,48.24,48.24
MVKAGRO,10.06,10.06
ENFUSE,97.48,97.48
AVPINFRA,19.37,19.37
SILKFLEX,12.88,12.88
VISHWAS,21.95,21.95
TGL,22.95,22.95
TAC,121.22,121.22
EMMIL,19.32,19.54
YASHOPTICS,21.62,21.62
ALUWIND,24.02,24.05
PRLIND,16.29,16.54
IEML,21.73,21.73
ABSMARINE,37.85,37.85
VERITAAS,13.11,13.11
WINSOL,46.01,46.01
HOACFOODS,86.47,86.47
SLONE,20.20,20.20
QUESTLAB,16.63,16.63
