SERIES,SYMBOL,SECURITY,RECORD_DT,BC_STRT_DT,BC_END_DT,EX_DT,ND_STRT_DT,ND_END_DT,PURPOSE
BE,PRECWIRE,Precision Wires India Ltd,18/02/2025, , ,18/02/2025, , ,INTDIV - RE 0.30 PER SH  
BE,IOLCP,IOL Chem and Pharma Ltd,18/02/2025, , ,18/02/2025, , ,INTDIV - RS 4 PER SH     
BE,KPEL,K.P. Energy Limited,18/02/2025, , ,18/02/2025, , ,INTDIV - RE 0.20 PER SH  
BE,KOTHARIPRO,Kothari Products Ltd.,18/02/2025, , ,18/02/2025, , ,BONUS 1:1                
BE,FCL,Fineotex Chemical Limited,18/02/2025, , ,18/02/2025, , ,INTDIV - RE 0.4 PER SH   
BE,FSL,Firstsource Solutions Lim,21/02/2025, , ,21/02/2025, , ,INTDIV - RS 4 PER SH     
BE,BBTC,Bombay Burmah Trading ,21/02/2025, , ,21/02/2025, , ,INTDIV - RS 13 PER SH    
BE,SANDESH,Sandesh Ltd,21/02/2025, , ,21/02/2025, , ,INTDIV - RS 2.5 PER SH   
BE,HONDAPOWER,Honda I Power Product Ltd,18/02/2025, , ,18/02/2025, , ,SPLDIV - RS 10 PER SH    
BE,KIRLOSENG,Kirloskar Oil Eng Ltd,21/02/2025, , ,21/02/2025, , ,INTDIV - RS 2.5 PER SH   
BE,SJVN,SJVN Ltd,21/02/2025, , ,21/02/2025, , ,INTDIV - RS 1.15 PER SH  
BE,PGHL,PROCTER & GAMBLE HEALTH L,21/02/2025, , ,21/02/2025, , ,INTDIV - RS 80 PER SH    
BE,MODISONLTD,Modison Metals Limited,21/02/2025, , ,21/02/2025, , ,INTDIV - RS 1.50 PER SH  
BE,CAREERP,Career Point Limited,21/02/2025, , ,21/02/2025, , ,INTDIV - RE 1 PER SH     
BE,NATCOPHARM,Natco Pharma Limited,18/02/2025, , ,18/02/2025, , ,INTDIV - RS 1.50 PER SH  
BE,UNITEDTEA,United Nilgiri Tea Ltd,21/02/2025, , ,21/02/2025, , ,INTDIV - RE 1 PER SH     
BE,INDNIPPON,India Nippon Elect Ltd,21/02/2025, , ,21/02/2025, , ,INTDIV - RS 12.50 PER SH 
BE,CANTABIL,Cantabil Retail Ltd,21/02/2025, , ,21/02/2025, , ,INTDIV - RE 0.50 PER SH  
BE,MANAPPURAM,Manappuram Finance Ltd,21/02/2025, , ,21/02/2025, , ,INTDIV - RE 1 PER SH     
BE,GILLETTE,GILLETTE INDIA LTD-Depo,19/02/2025, , ,18/02/2025, , ,INTDIV - RS 65 PER SH    
BE,MAITHANALL,Maithan Alloys Ltd,19/02/2025, , ,18/02/2025, , ,INTDIV - RS 3 PER SH     
BE,ESABINDIA,Esabindia-depo,20/02/2025, , ,20/02/2025, , ,INTDIV - RS 23 PER SH    
BE,IRCTC,Indian Rail Tour Corp Ltd,20/02/2025, , ,20/02/2025, , ,INTDIV - RS 3 PER SH     
BE,PGHH,P&G HYGIENE & HEALTH CARE,20/02/2025, , ,20/02/2025, , ,INTDIV - RS 110 PER SH   
BE,SBCL,Shivalik Bimetal Con. Ltd,20/02/2025, , ,20/02/2025, , ,INTDIV - RS 1.2 PER SH   
BE,AVTNPL,AVT Natural Products Limi,20/02/2025, , ,20/02/2025, , ,INTDIV - RE 0.30 PER SH  
BE,SSDL,Saraswati Saree Depot Ltd,19/02/2025, , ,18/02/2025, , ,INTDIV - RS 2.27 PER SH  
BE,MBECL,Mcnally Bharat Engineerin,21/02/2025, , ,21/02/2025, , ,CAPITAL REDUCTION        
BE,UNIDT,United Drilling Tools Ltd,19/02/2025, , ,18/02/2025, , ,INTDIV - RE 0.60 PER SH  
BE,CARBORUNIV,Carborundum Univ Ltd,19/02/2025, , ,18/02/2025, , ,INTDIV - RS 1.50 PER SH  
BE,NBCC,Nbcc (India) Ltd,18/02/2025, , ,18/02/2025, , ,INTDIV - RE 0.53 PER SH  
BE,GREENPANEL,Greenpanel Industries Ltd,18/02/2025, , ,18/02/2025, , ,INTDIV - RE 0.30 PER SH  
BE,HAL,Hindustan Aeronautics Ltd,18/02/2025, , ,18/02/2025, , ,INTDIV - RS 25 PER SH    
BE,KPIGREEN,KPI Global Infra Ltd,18/02/2025, , ,18/02/2025, , ,INTDIV - RE 0.20 PER SH  
BE,AMRUTANJAN,Amrutajan Health Ltd,18/02/2025, , ,18/02/2025, , ,INTDIV - RE 1 PER SH     
BE,NCLIND,NCL Industries Limited,18/02/2025, , ,18/02/2025, , ,INTDIV - RE 1 PER SH     
BE,SUPRAJIT,Suprajit Engineering Ltd.,18/02/2025, , ,18/02/2025, , ,INTDIV - RS 1.25 PER SH  
BE,BHARATFORG,Bharat Forge Ltd,18/02/2025, , ,18/02/2025, , ,INTDIV - RS 2.5 PER SH   
BZ,MBECL,Mcnally Bharat Engineerin,21/02/2025, , ,21/02/2025, , ,CAPITAL REDUCTION        
EQ,PRECWIRE,Precision Wires India Ltd,18/02/2025, , ,18/02/2025, , ,INTDIV - RE 0.30 PER SH  
EQ,IOLCP,IOL Chem and Pharma Ltd,18/02/2025, , ,18/02/2025, , ,INTDIV - RS 4 PER SH     
EQ,KPEL,K.P. Energy Limited,18/02/2025, , ,18/02/2025, , ,INTDIV - RE 0.20 PER SH  
EQ,KOTHARIPRO,Kothari Products Ltd.,18/02/2025, , ,18/02/2025, , ,BONUS 1:1                
EQ,FCL,Fineotex Chemical Limited,18/02/2025, , ,18/02/2025, , ,INTDIV - RE 0.4 PER SH   
EQ,FSL,Firstsource Solutions Lim,21/02/2025, , ,21/02/2025, , ,INTDIV - RS 4 PER SH     
EQ,BBTC,Bombay Burmah Trading ,21/02/2025, , ,21/02/2025, , ,INTDIV - RS 13 PER SH    
EQ,SANDESH,Sandesh Ltd,21/02/2025, , ,21/02/2025, , ,INTDIV - RS 2.5 PER SH   
EQ,KIRLOSENG,Kirloskar Oil Eng Ltd,21/02/2025, , ,21/02/2025, , ,INTDIV - RS 2.5 PER SH   
EQ,HONDAPOWER,Honda I Power Product Ltd,18/02/2025, , ,18/02/2025, , ,SPLDIV - RS 10 PER SH    
EQ,SJVN,SJVN Ltd,21/02/2025, , ,21/02/2025, , ,INTDIV - RS 1.15 PER SH  
EQ,PGHL,PROCTER & GAMBLE HEALTH L,21/02/2025, , ,21/02/2025, , ,INTDIV - RS 80 PER SH    
EQ,MODISONLTD,Modison Metals Limited,21/02/2025, , ,21/02/2025, , ,INTDIV - RS 1.50 PER SH  
EQ,CAREERP,Career Point Limited,21/02/2025, , ,21/02/2025, , ,INTDIV - RE 1 PER SH     
EQ,UNITEDTEA,United Nilgiri Tea Ltd,21/02/2025, , ,21/02/2025, , ,INTDIV - RE 1 PER SH     
EQ,NATCOPHARM,Natco Pharma Limited,18/02/2025, , ,18/02/2025, , ,INTDIV - RS 1.50 PER SH  
EQ,INDNIPPON,India Nippon Elect Ltd,21/02/2025, , ,21/02/2025, , ,INTDIV - RS 12.50 PER SH 
EQ,CANTABIL,Cantabil Retail Ltd,21/02/2025, , ,21/02/2025, , ,INTDIV - RE 0.50 PER SH  
EQ,MANAPPURAM,Manappuram Finance Ltd,21/02/2025, , ,21/02/2025, , ,INTDIV - RE 1 PER SH     
EQ,GILLETTE,Gillette India Ltd.,19/02/2025, , ,18/02/2025, , ,INTDIV - RS 65 PER SH    
EQ,MAITHANALL,Maithan Alloys Ltd,19/02/2025, , ,18/02/2025, , ,INTDIV - RS 3 PER SH     
EQ,ESABINDIA,Esab India Ltd.,20/02/2025, , ,20/02/2025, , ,INTDIV - RS 23 PER SH    
EQ,IRCTC,Indian Rail Tour Corp Ltd,20/02/2025, , ,20/02/2025, , ,INTDIV - RS 3 PER SH     
EQ,PGHH,P&G Hygiene & Healthcare,20/02/2025, , ,20/02/2025, , ,INTDIV - RS 110 PER SH   
EQ,SBCL,Shivalik Bimetal Con. Ltd,20/02/2025, , ,20/02/2025, , ,INTDIV - RS 1.2 PER SH   
EQ,AVTNPL,AVT Natural Products Limi,20/02/2025, , ,20/02/2025, , ,INTDIV - RE 0.30 PER SH  
EQ,MBECL,Mcnally Bharat Engineerin,21/02/2025, , ,21/02/2025, , ,CAPITAL REDUCTION        
EQ,UNIDT,United Drilling Tools Ltd,19/02/2025, , ,18/02/2025, , ,INTDIV - RE 0.60 PER SH  
EQ,CARBORUNIV,Carborundum Univ Ltd,19/02/2025, , ,18/02/2025, , ,INTDIV - RS 1.50 PER SH  
EQ,NBCC,Nbcc (India) Ltd,18/02/2025, , ,18/02/2025, , ,INTDIV - RE 0.53 PER SH  
EQ,GREENPANEL,Greenpanel Industries Ltd,18/02/2025, , ,18/02/2025, , ,INTDIV - RE 0.30 PER SH  
EQ,HAL,Hindustan Aeronautics Ltd,18/02/2025, , ,18/02/2025, , ,INTDIV - RS 25 PER SH    
EQ,KPIGREEN,KPI Global Infra Ltd,18/02/2025, , ,18/02/2025, , ,INTDIV - RE 0.20 PER SH  
EQ,AMRUTANJAN,Amrutajan Health Ltd,18/02/2025, , ,18/02/2025, , ,INTDIV - RE 1 PER SH     
EQ,NCLIND,NCL Industries Limited,18/02/2025, , ,18/02/2025, , ,INTDIV - RE 1 PER SH     
EQ,SUPRAJIT,Suprajit Engineering Limi,18/02/2025, , ,18/02/2025, , ,INTDIV - RS 1.25 PER SH  
EQ,BHARATFORG,Bharat Forge Ltd,18/02/2025, , ,18/02/2025, , ,INTDIV - RS 2.5 PER SH   
EQ,SSDL,Saraswati Saree Depot Ltd,19/02/2025, , ,18/02/2025, , ,INTDIV - RS 2.27 PER SH  
GS,GS220225C,GOI STRIPS C 220225,18/02/2025, , , , , ,REDEMPTION               
IV,OSEINTRUST,Oriental InfraTrust,18/02/2025, , ,18/02/2025, , ,DIV/DIST RS 2.6219 PR UT 
M5,DHANILOANS,Sec Re NCD 10.49% Sr.VII,20/02/2025, , ,20/02/2025, , ,INTEREST PAYMENT         
MB,SAMMAANCAP,Sec Re NCD 8.43% Sr.VIII,19/02/2025, , ,18/02/2025, , ,INTEREST PAYMENT         
MC,SAMMAANCAP,Sec Re NCD 8.89% Sr.VIII,19/02/2025, , ,18/02/2025, , ,INTEREST PAYMENT         
MF,BSLIQPIRDP,BSL IIF- QP - SI -RPDP,21/02/2025, , , , , ,STP                      
MF,BSLIQPIRG,BSL IIF- QP - SI -RPG,21/02/2025, , , , , ,STP                      
MF,BSLIQPIIDP,BSL IIF- QP - SI -IPDP,21/02/2025, , , , , ,STP                      
MF,BSLIFQPIDG,BIRLASLAMC - BSLIFQPIDG,21/02/2025, , , , , ,STP                      
N2,HUDCO,8.20 NCD05MAR27 FV 1000,18/02/2025, , ,18/02/2025, , ,INTEREST PAYMENT         
N2,BCIPL,BCIPL 9.50% 2028,19/02/2025, , ,18/02/2025, , ,INTEREST PAYMENT         
N3,SMFG,SMFG 8.3044% 2029 Sr 105,19/02/2025, , ,18/02/2025, , ,INTEREST PAYMENT         
N4,UGROCAP,Sec Red NCD 10.40% Sr.III,18/02/2025, , ,18/02/2025, , ,INTEREST PAYMENT         
N6,POONAWALLA,Poonawalla Fincorp Ltd,19/02/2025, , ,18/02/2025, , ,INTEREST PAYMENT         
N6,IIFLSAMFIN,IIFL Samasta10.48% 2027,21/02/2025, , ,21/02/2025, , ,INTEREST PAYMENT         
N6,IIFL,IIFL Finance Limited,20/02/2025, , ,20/02/2025, , ,INTEREST PAYMENT         
N7,CREDITACC,Sec Re NCD 9.10% Sr I,20/02/2025, , ,20/02/2025, , ,INTEREST PAYMENT         
N9,CREDITACC,Sec Re NCD 9.25% Sr III,20/02/2025, , ,20/02/2025, , ,INTEREST PAYMENT         
NA,IREDA,IREDA 7.53% 2034 Sr XV F,19/02/2025, , ,18/02/2025, , ,INTEREST PAYMENT         
ND,CREDITACC,Sec Re NCD 9.70% Sr VII,20/02/2025, , ,20/02/2025, , ,INTEREST PAYMENT         
NG,IBULHSG,Sec Re NCD 8.88% Sr II,24/02/2025, , ,24/02/2025, , ,INTEREST PAYMENT         
NH,IBULHSG,Sec Re NCD 9.25% Sr II,24/02/2025, , ,24/02/2025, , ,INTEREST PAYMENT         
NM,IBULHSG,Sec Re NCD 9.02% Sr V,24/02/2025, , ,24/02/2025, , ,INTEREST PAYMENT         
NN,IBULHSG,Sec Re NCD 9.48% Sr V,24/02/2025, , ,24/02/2025, , ,INTEREST PAYMENT         
NS,IBULHSG,Sec Re NCD 9.25% Sr VIII,24/02/2025, , ,24/02/2025, , ,INTEREST PAYMENT         
NT,IBULHSG,Sec Re NCD 9.71% Sr VIII,24/02/2025, , ,24/02/2025, , ,INTEREST PAYMENT         
NV,IBULHSG,Sec Re NCD 10.03% Sr X,24/02/2025, , ,24/02/2025, , ,INTEREST PAYMENT         
NY,IBULHSG,Sec Re NCD 9.8% Sr XII,24/02/2025, , ,24/02/2025, , ,INTEREST PAYMENT         
NZ,IBULHSG,Sec Re NCD 10.25% Sr XII,24/02/2025, , ,24/02/2025, , ,INTEREST PAYMENT         
U2,HUDCO,8.20 NCD 05MAR27 FV 1000,18/02/2025, , ,18/02/2025, , ,INTEREST PAYMENT         
U2,BCIPL,BCIPL 9.50% 2028,19/02/2025, , ,18/02/2025, , ,INTEREST PAYMENT         
U3,SMFG,SMFG 8.3044% 2029 Sr 105,19/02/2025, , ,18/02/2025, , ,INTEREST PAYMENT         
U4,UGROCAP,Sec Red NCD 10.40% Sr.III,18/02/2025, , ,18/02/2025, , ,INTEREST PAYMENT         
U6,IIFLSAMFIN,IIFL Samasta10.48% 2027,21/02/2025, , ,21/02/2025, , ,INTEREST PAYMENT         
U6,POONAWALLA,Poonawalla Fincorp Ltd,19/02/2025, , ,18/02/2025, , ,INTEREST PAYMENT         
U6,IIFL,IIFL Finance Limited,20/02/2025, , ,20/02/2025, , ,INTEREST PAYMENT         
U7,CREDITACC,Sec Re NCD 9.10% Sr I,20/02/2025, , ,20/02/2025, , ,INTEREST PAYMENT         
U9,CREDITACC,Sec Re NCD 9.25% Sr III,20/02/2025, , ,20/02/2025, , ,INTEREST PAYMENT         
UA,IREDA,IREDA 7.53% 2034 Sr XV F,19/02/2025, , ,18/02/2025, , ,INTEREST PAYMENT         
UD,CREDITACC,Sec Re NCD 9.70% Sr VII,20/02/2025, , ,20/02/2025, , ,INTEREST PAYMENT         
UG,IBULHSG,Sec Re NCD 8.88% Sr II,24/02/2025, , ,24/02/2025, , ,INTEREST PAYMENT         
UH,IBULHSG,Sec Re NCD 9.25% Sr II,24/02/2025, , ,24/02/2025, , ,INTEREST PAYMENT         
UM,IBULHSG,Sec Re NCD 9.02% Sr V,24/02/2025, , ,24/02/2025, , ,INTEREST PAYMENT         
UN,IBULHSG,Sec Re NCD 9.48% Sr V,24/02/2025, , ,24/02/2025, , ,INTEREST PAYMENT         
US,IBULHSG,Sec Re NCD 9.25% Sr VIII,24/02/2025, , ,24/02/2025, , ,INTEREST PAYMENT         
UT,IBULHSG,Sec Re NCD 9.71% Sr VIII,24/02/2025, , ,24/02/2025, , ,INTEREST PAYMENT         
UV,IBULHSG,Sec Re NCD 10.03% Sr X,24/02/2025, , ,24/02/2025, , ,INTEREST PAYMENT         
UY,IBULHSG,Sec Re NCD 9.8% Sr XII,24/02/2025, , ,24/02/2025, , ,INTEREST PAYMENT         
UZ,IBULHSG,Sec Re NCD 10.25% Sr XII,24/02/2025, , ,24/02/2025, , ,INTEREST PAYMENT         
Y5,DHANILOANS,Sec Re NCD 10.49% Sr.VII,20/02/2025, , ,20/02/2025, , ,INTEREST PAYMENT         
YB,SAMMAANCAP,Sec Re NCD 8.43% Sr.VIII,19/02/2025, , ,18/02/2025, , ,INTEREST PAYMENT         
YC,SAMMAANCAP,Sec Re NCD 8.89% Sr.VIII,19/02/2025, , ,18/02/2025, , ,INTEREST PAYMENT         

