SYMBOL,SERIES,SECURITY,HIGH/LOW,INDEX FLAG
74GJ27,SG,SDL GJ 7.4% 2027,H
AARVEEDEN,BE,AARVEE DEN. & EXP. LTD,H
ARENTERP,BE,RAJDARSHAN INDUSTRIES LTD,H
AVG,BE,AVG LOGISTICS LIMITED,H
AXISCADES,BE,AXISCADES TECH LTD,H
BAFNAPH,BE,BAFNA PHARMACEUTICALS LTD,H
BAGFILMS,BE,B.A.G FILMS AND MEDIA LTD,H
BORORENEW,BE,BOROSIL RENEWABLES LTD,H
CEREBRAINT,BZ,CEREBRA INT TECH LTD,H
CMRSL,SM,CYBER MEDIA RES & SER LTD,H
COOLCAPS,ST,COOL CAPS INDUSTRIES LTD,H
DIACABS,BE,DIAMOND POWER INFRA LTD,H
ELGNZ,ST,ELEGANZ INTERIORS LIMITED,H
ESFL,SM,ESSEN SPECIALITY FILMS L,H
EXCEL,BE,EXCEL REALTY N INFRA LTD,H
FEL,BZ,FUTURE ENTERPRISES LTD,H
FICRF3GP,MF,FRANTEMAMC - FICRF3GP,H
GAYAHWS,BE,GAYATRI HIGHWAYS LIMITED,H
GODFRYPHLP,EQ,GODFREY PHILLIPS INDIA LT,H
GOENKA,BZ,GOENKA DIAMOND&JEWELS LTD,H
GOLDTECH,EQ,AION-TECH SOLUTIONS LTD,H
GRETEX,ST,GRETEX INDUSTRIES LTD.,H
HAVISHA,EQ,SRI HAVISHA HOSP & INFR L,H
HIGREEN,ST,HI GREEN CARBON LIMITED,H
HNGSNGBEES,EQ,NIP IND ETF HANGSENG BEES,H
IL&FSTRANS,BZ,IL&FS TRANS NET LTD,H
INFOMEDIA,BE,INFOMEDIA PRESS LIMITED,H
JAKHARIA,ST,JAKHARIA FABRIC LIMITED,H
JALAN,ST,JALAN TRANSOLU. INDIA LTD,H
KBCGLOBAL,BE,KBC GLOBAL LIMITED,H
KOPRAN,BE,KOPRAN LTD,H
LAKPRE,BZ,LAKSHMI PRE SCRE LTD,H
LICNMID100,EQ,LICNAMC - LICNMID100,H
MAFANG,EQ,MIRAEAMC - MAFANG,H
MAHKTECH,EQ,MIRAEAMC - MAHKTECH,H
MAITREYA,ST,MAITREYA MEDICARE LIMITED,H
MARINE,BE,MARINE ELECTRICAL (I) LTD,H
MASPTOP50,EQ,MIRAEAMC - MASPTOP50,H
MBECL,BZ,MCNALLY BH. ENG. CO.LTD,H
MCLEODRUSS,BE,MCLEOD RUSSEL INDIA LTD.,H
MEGAFLEX,SM,MEGA FLEX PLASTICS LTD,H
MEP,BZ,MEP INFRA. DEVELOPERS LTD,H
MFML,BE,MAHALAXMI FABRIC MILLS LT,H
MITCON,EQ,MITCON CON & ENG SER LTD,H
MONQ50,EQ,MOTILALAMC - MONQ50,H
MYMUDRA,ST,MY MUDRA FINCORP LIMITED,H
NEPHROCARE,SM,NEPHRO CARE INDIA LIMITED,H
NORBTEAEXP,BE,NORBEN TEA &EXPORTS LTD,H
PRATHAM,ST,PRATHAM EPC PROJECTS LTD,H
PREMIER,BE,PREMIER LIMITED,H
RAJRILTD,BE,RAJ RAYON INDUSTRIES LTD,H
REGENCERAM,BE,REGENCYCERAMICS-LTD,H
SABEVENTS,BE,SAB EVENTS & GOVERNANCE,H
SAMPANN,BE,SAMPANN UTPADAN INDIA LTD,H
SANWARIA,BZ,SANWARIA CONSUMER LIMITED,H
SELMC,EQ,SEL MANUFACTURING CO LTD,H
SITINET,BZ,SITI NETWORKS LIMITED,H
TARACHAND,BE,TARA CHAND INFRA SOLN LTD,H
TOTAL,EQ,TOTAL TRANSPORT SYS LTD,H
TVVISION,BE,TV VISION LIMITED,H
VELS,ST,VELS FILM INTERNATIONAL L,H
21STCENMGM,BE,21ST CENTURY MGMT SERVICE,L
A2ZINFRA,BE,A2Z INFRA ENGINEERING LTD,L
ABSMARINE,ST,ABS MARINE SERVICES LTD,L
AGNI,ST,AGNI GREEN POWER LTD,L
AGSTRA,BE,AGS TRANSACT TECH LTD,L
AHIMSA,ST,AHIMSA INDUSTRIES LTD.,L
AISL,SM,ANI INTEGRATED SERV LTD.,L
AKSHAR,BE,AKSHAR SPINTEX LIMITED,L
AKSHOPTFBR,BE,AKSH OPTIFIBRE  LTD,L
ALLETEC,ST,ALL E TECHNOLOGIES LTD,L
ALMONDZ,EQ,ALMONDZ GLOBAL SEC LTD,L
ALPSINDUS,BE,ALPS INDUSTRIES LTD.,L
ANKITMETAL,BZ,ANKIT MET & POW LTD,L
ANSALAPI,BZ,ANSAL PROP & INFRA LTD,L
APRAMEYA,ST,APRAMEYA ENGINEERING LTD,L
APS,SM,AUSTRALIAN PREM SOLAR I L,L
ARROWGREEN,BE,ARROW GREENTECH LIMITED,L
ARTNIRMAN,BE,ART NIRMAN LIMITED,L
ARVEE,EQ,ARVEE LABORATORIES I LTD,L
ASCOM,ST,ASCOM LEASIN & INVEST LTD,L
ASHAPURMIN,EQ,ASHAPURA MINECHEM LTD,L
ASLIND,SM,ASL INDUSTRIES LIMITED,L
ASTRON,EQ,ASTRON PAPER BORD MIL LTD,L
ATALREAL,BE,ATAL REALTECH LIMITED,L
ATLANTAA,BE,ATLANTAA LIMITED,L
ATMASTCO,ST,ATMASTCO LIMITED,L
AUSOMENT,EQ,AUSOM ENTERPRISE LIMITED,L
AVG,BE,AVG LOGISTICS LIMITED,L
AVONMORE,BE,AVONMORE CAP&MGT SERV LTD,L
AVPINFRA,ST,AVP INFRACON LIMITED,L
AVROIND,EQ,AVRO INDIA LIMITED,L
AYMSYNTEX,EQ,AYM SYNTEX LIMITED,L
BANG,BE,BANG OVERSEAS LTD.,L
BASILIC,ST,BASILIC FLY STUDIO LTD,L
BBOX,EQ,BLACK BOX LIMITED,L
BESTAGRO,EQ,BEST AGROLIFE LIMITED,L
BGRENERGY,BE,BGR ENERGY SYSTEMS LTD,L
BIL,BE,BHARTIYA INETRNATIONAL LT,L
BIRLAMONEY,BE,ADITYA BIRLA MONEY LTD,L
BLACKBUCK,EQ,ZINKA LOGISTICS SOL LTD,L
BLUECHIP,BE,BLUE CHIP INDIA LIMITED,L
BRACEPORT,ST,BRACE PORT LOGISTICS LTD,L
BTML,BE,BODHI TREE MULTIMEDIA LTD,L
C2C,SM,C2C ADVANCED SYSTEMS LTD,L
CADSYS,ST,CADSYS (INDIA) LIMITED,L
CCCL,BE,CONS. CONST. CONSORT LTD,L
CEREBRAINT,BZ,CEREBRA INT TECH LTD,L
CHAMUNDA,ST,CHAMUNDA ELECTRICAL LTD,L
CHANDAN,ST,CHANDAN HEALTHCARE LTD,L
COMPINFO,BZ,COMPUAGE INFOCOM LTD,L
COOLCAPS,ST,COOL CAPS INDUSTRIES LTD,L
CPS,ST,C P S SHAPERS LIMITED,L
CREATIVEYE,EQ,CREATIVE EYE LIMITED,L
CTE,EQ,CAMBRIDGE TECH ENTER LTD,L
CUBEXTUB,BE,CUBEXTUBINGS-ROLLSETT,L
DBSTOCKBRO,EQ,DB (INT) STOCK BROKERS,L
DCI,EQ,DC INFOTECH AND COMUN LTD,L
DCMFINSERV,EQ,DCM FINANCIAL SERVICES LT,L
DELTIC,ST,DELTA AUTOCORP LIMITED,L
DENEERS,ST,DE NEERS TOOLS LIMITED,L
DGCONTENT,BE,DIGICONTENT LIMITED,L
DHANLAXMI,ST,DHANLAXMI CROP SCIENCE L,L
DHRUV,BE,DHRUV CONSULTANCY SER LTD,L
DIGIKORE,ST,DIGIKORE STUDIOS LIMITED,L
DIGJAMLMTD,BE,DIGJAM LTD,L
DJML,BE,DJ MEDIAPRINT & LOG LTD,L
DPEL,ST,DIVINE POWER ENERGY LTD,L
DRONE,ST,DRONE DESTINATION LIMITED,L
DYNAMIC,ST,DYNAMIC SRVCS & SEC LTD,L
EFFWA,SM,EFFWA INFRA & RESEARCH L,L
ELGIRUBCO,BE,ELGI RUBBER CO. LTD,L
EMAMIREAL,BE,EMAMI REALTY LIMITED,L
EMMIL,ST,ENERGY MISSION MACH IND L,L
ENSER,ST,ENSER COMMUNICATIONS LTD,L
EPACK,EQ,EPACK DURABLE LIMITED,L
ESPRIT,ST,ESPRIT STONES LIMITED,L
ESSARSHPNG,BE,ESSAR SHIPPING LTD,L
EVERESTIND,BE,EVEREST INDUSTRIES LTD,L
EXICOM,EQ,EXICOM TELE SYSTEMS LTD,L
FEL,BZ,FUTURE ENTERPRISES LTD,L
FELIX,ST,FELIX INDUSTRIES LTD.,L
FIDEL,ST,FIDEL SOFTECH LIMITED,L
FLEXITUFF,BE,FLEXITUFF VENTURES INT L,L
FOCUS,EQ,FOCUS LIGHTG & FIXTRS LTD,L
FORCAS,ST,FORCAS STUDIO LIMITED,L
FRESHARA,ST,FRESHARA AGRO EXPORTS LTD,L
GAJANAND,ST,GAJANAND INTERNATIONAL L,L
GANGAFORGE,EQ,GANGA FORGING LIMITED,L
GATECHDVR,BE,GACM TECHNOLOGIES LIMITED,L
GAYAHWS,BE,GAYATRI HIGHWAYS LIMITED,L
GAYAPROJ,BZ,GAYATRI PROJECTS LTD,L
GGBL,ST,GANESH GREEN BHARAT LTD,L
GILLANDERS,BE,GILLANDERS ARBUTHNOT LTD,L
GLOBALE,BE,GLOBALE TESSILE LIMITED,L
GLOBALVECT,BE,GLOBAL VEC HELICORP LTD,L
GOLDENTOBC,BZ,GOLDEN TOBACCO LIMITED,L
GPECO,ST,GP ECO SOLUTIONS INDIA L,L
GRAPHISAD,SM,GRAPHISADS LIMITED,L
GUJRAFFIA,BE,GUJARAT RAFFIA INDUST LTD,L
GVKPIL,BE,GVK POW. & INFRA LTD.,L
GVT&D,EQ,GE VERNOVA T&D INDIA LTD,L
HECPROJECT,EQ,HEC INFRA PROJECTS LTD,L
HEXATRADEX,EQ,HEXA TRADEX LIMITED,L
HINDCON,BE,HINDCON CHEMICALS LIMITED,L
HITECHGEAR,BE,THE HI-TECH GEARS LIMITED,L
HMT,BZ,HMT LTD -,L
HOACFOODS,ST,HOAC FOODS INDIA LIMITED,L
HUBTOWN,EQ,HUBTOWN LIMITED,L
ICDSLTD,BE,ICDSLTD,L
IDENTICAL,ST,IDENTICAL BRAINS STUDIO L,L
IEL,BE,INDIABULLS ENT LTD,L
IEML,ST,INDIAN EMULSIFIERS LTD,L
IMPEXFERRO,BZ,IMPEX FERRO TECH LIMITED,L
INDIFRA,ST,INDIFRA LIMITED,L
INDOTECH,EQ,INDO TECH TRANSFORM LTD.,L
INFOLLION,SM,INFOLLION RESEARCH SER L,L
INNOVANA,EQ,INNOVANA THINKLABS LTD,L
ISHAN,SM,ISHAN INTERNATIONAL LTD,L
ITI,BE,ITI LTD,L
IZMO,BE,IZMO LIMITED,L
JAICORPLTD,EQ,JAI CORP LIMITED,L
JAINAM,ST,JAINAM FER ALLOYS (I) LTD,L
JAYBEE,ST,JAY BEE LAMINATIONS LTD,L
JUBLCPL,BE,JUBILANT AGRI N CON PRO L,L
KAMOPAINTS,BE,KAMDHENU VENTURES LIMITED,L
KANDARP,SM,KANDARP DG SMART BPO LTD,L
KARMAENG,EQ,KARMA ENERGY LIMITED,L
KCEIL,ST,KAY CEE ENERGY & INFRA L,L
KCK,ST,KCK INDUSTRIES LTD,L
KEEPLEARN,BE,DSJ KEEP LEARNING LTD,L
KEN,ST,KEN ENTERPRISES LIMITED,L
KERNEX,BE,KERNEX MICROSYS(I) LTD,L
KITEX,BE,KITEX GARMENTS LTD,L
KONTOR,SM,KONTOR SPACE LIMITED,L
KORE,ST,JAY JALARAM TECHNO LTD,L
KOTYARK,ST,KOTYARK INDUSTRIES LTD,L
KPEL,EQ,K.P. ENERGY LIMITED,L
KPIGREEN,EQ,KPI GREEN ENERGY LIMITED,L
KRIDHANINF,BE,KRIDHAN INFRA LIMITED,L
KRISHCA,ST,KRISHCA STRAPPING SLTN L,L
KRISHNADEF,SM,KRISHNA DEF AND ALD IND L,L
KRITIKA,BE,KRITIKA WIRES LIMITED,L
LAMBODHARA,BE,LAMBODHARA TEXTILES LTD.,L
LAMOSAIC,ST,LAMOSAIC INDIA LIMITED,L
LATTEYS,BE,LATTEYS INDUSTRIES LTD,L
LCCINFOTEC,BE,LCC INFOTECH LTD,L
LORDSCHLO,BE,LORDS CHLORO ALKALI LTD,L
LOYALTEX,BE,LOYAL TEXTILE MILLS LTD,L
MADHUCON,EQ,MADHUCON PROJECTS LTD.,L
MAITREYA,ST,MAITREYA MEDICARE LIMITED,L
MANAKCOAT,BE,MAN COAT METAL & IND LTD,L
MASKINVEST,BE,MASK INVESTMENTS LIMITED,L
MASON,ST,MASON INFRATECH LIMITED,L
MBECL,BZ,MCNALLY BH. ENG. CO.LTD,L
MCLEODRUSS,BE,MCLEOD RUSSEL INDIA LTD.,L
MFML,BE,MAHALAXMI FABRIC MILLS LT,L
MHLXMIRU,BE,MAHALAXMI RUBTECH LIMITED,L
MICEL,EQ,MIC ELECTRONICS LTD,L
MIEL,ST,MANGLAM INFRA & ENG LTD,L
MOHITIND,BE,MOHIT INDUSTRIES LTD,L
MORARJEE,BZ,MORARJEE TEXTILES LIMITED,L
MPTODAY,SM,M P TODAY MEDIA LIMITED,L
MSPL,EQ,MSP STEEL & POWER LTD.,L
NAMAN,ST,NAMAN IN-STORE (INDIA) L,L
NAVKARURB,BE,NAVKAR URBANSTRUCTURE LTD,L
NIBE,EQ,NIBE LIMITED,L
NIRMAN,SM,NIRMAN AGRI GENTICS LTD,L
NKIND,BE,NKINDUSTRIES LTD,L
NMSTEEL,ST,NEWMALAYALAM STEEL LTD,L
OBSCP,ST,OBSC PERFECTION LIMITED,L
OILCOUNTUB,EQ,OIL COUNTRY TUBULAR LTD,L
ONDOOR,ST,ON DOOR CONCEPTS LIMITED,L
ONELIFECAP,EQ,ONELIFE CAP ADVISORS LTD,L
ONYX,ST,ONYX BIOTEC LIMITED,L
ORIANA,SM,ORIANA POWER LIMITED,L
ORIENTTECH,EQ,ORIENT TECHNOLOGIES LTD,L
ORTEL,BZ,ORTEL COMMUNICATIONS LTD,L
OSIAHYPER,BE,OSIA HYPER RETAIL LIMITED,L
OSWALSEEDS,BE,SHREEOSWAL S AND CHE LTD,L
PANACHE,BE,PANACHE DIGILIFE LIMITED,L
PANSARI,BE,PANSARI DEVELOPERS LTD,L
PAR,BE,PAR DRUGS AND CHEM LTD,L
PARAGON,ST,PARAGON FINE S.C. LTD.,L
PDMJEPAPER,EQ,PUDUMJEE PAPER PRO. LTD,L
PELATRO,ST,PELATRO LIMITED,L
PERFECT,ST,PERFECT INFRAENGINEER LTD,L
PHANTOMFX,ST,PHANTOM DIGITAL EFF LTD,L
PHOGLOBAL,ST,PHOENIX OVERSEAS LIMITED,L
PNC,BE,PRITISH NANDY COMMUNICATI,L
PRAXIS,BE,PRAXIS HOME RETAIL LTD,L
PRECISION,ST,PRECISION METALIKS LTD,L
PRECOT,BE,PRECOT LIMITED,L
PREMIER,BE,PREMIER LIMITED,L
PREMIERPOL,BE,PREMIER POLYFILMS LTD,L
PRESSTONIC,ST,PRESSTONIC ENGINEERING L,L
PRITIKA,ST,PRITIKA ENG COMPO LTD,L
PRIZOR,ST,PRIZOR VIZTECH LIMITED,L
PRUDMOULI,BE,PRUDENTIAL SUGAR CORPORAT,L
PTCIL,EQ,PTC INDUSTRIES LIMITED,L
PULZ,SM,PULZ ELECTRONICS LIMITED,L
PURVA,EQ,PURAVANKARA LIMITED,L
QUICKTOUCH,ST,QUICKTOUCH TECHNOLOGIES L,L
QVCEL,ST,QVC EXPORTS LIMITED,L
RAJTV,BE,RAJ TV NETWORK LTD,L
RAPPID,ST,RAPPID VALVES (INDIA) LTD,L
RBMINFRA,ST,RBM INFRACON LIMITED,L
READYMIX,ST,READYMIX CONSTRU MACHI L,L
REGENCERAM,BE,REGENCYCERAMICS-LTD,L
REPL,BE,RUDRABHISHEK ENTERP LTD,L
RKEC,EQ,RKEC PROJECTS LIMITED,L
ROLLT,BE,ROLLATAINERS LIMITED,L
ROSSELLIND,BE,ROSSELL INDIA LIMITED,L
RPPINFRA,BE,R.P.P INFRA PROJECTS LTD.,L
RSSOFTWARE,BE,R. S. SOFTWARE (INDIA) LI,L
RULKA,ST,RULKA ELECTRICALS LIMITED,L
RVTH,EQ,REVATHI EQUIPMENT INDIA L,L
S&SPOWER,EQ,S&S POWER SWITCHGEARS LTD,L
SABAR,ST,SABAR FLEX INDIA LIMITED,L
SADBHAV,BE,SADBHAV ENGINEERING LTD,L
SAHANA,ST,SAHANA SYSTEM LIMITED,L
SAJHOTELS,ST,SAJ HOTELS LIMITED,L
SAMBHAAV,BE,SAMBHAAV MEDIA LTD,L
SANCO,BZ,SANCO INDUSTRIES LIMITED,L
SANWARIA,BZ,SANWARIA CONSUMER LIMITED,L
SARLAPOLY,BE,SARLA PERF. FIBERS LTD,L
SATECH,ST,S A TECH SOFTWARE INDIA L,L
SATKARTAR,SM,SAT KARTAR SHOPPING LTD,L
SBGLP,EQ,SURATWWALA BUS GROUP LTD,L
SECURKLOUD,EQ,SECUREKLOUD TECH LIMITED,L
SEJALLTD,EQ,SEJAL GLASS LIMITED,L
SEL,ST,SUNGARNER ENERGIES LTD,L
SETUINFRA,BZ,SETUBANDHAN INFRA LTD,L
SGIL,BE,SYNERGY GREEN IND. LTD,L
SHAILY,BE,SHAILY ENG PLASTICS LTD,L
SHALPAINTS,EQ,SHALIM PAINTS LTD,L
SHANTHALA,ST,SHANTHALA FMCG PRODUCTS L,L
SHANTI,EQ,SHANTI OVERSEAS INDIA LTD,L
SHRADHA,BE,SHRADHA INFRAPROJECTS LTD,L
SHREEKARNI,ST,SHREE KARNI FABCOM LTD,L
SHREERAMA,BE,SHREE RAMA MULTI TECH LTD,L
SHUBHSHREE,ST,SHUBHSHREE BIOFUELS ENE L,L
SICALLOG,BE,SICAL LOGISTICS LIMITED,L
SIGNPOST,BE,SIGNPOST INDIA LIMITED,L
SILKFLEX,SM,SILKFLEX POLYMERS INDIA L,L
SILLYMONKS,EQ,SILLY MONKS ENTERTAIN LTD,L
SIMBHALS,BE,SIMBHAOLI SUGARS LTD.,L
SITINET,BZ,SITI NETWORKS LIMITED,L
SIYSIL,EQ,SIYARAM SILK MILLS LTD,L
SKYGOLD,BE,SKY GOLD LIMITED,L
SLONE,ST,SLONE INFOSYSTEMS LIMITED,L
SMARTLINK,BE,SMARTLINK HOLDINGS LTD,L
SMSLIFE,BE,SMS LIFESCIENCES (I) LTD,L
SOLARA,EQ,SOLARA ACTIVE PHA SCI LTD,L
SOLARAPP,E1,SOLAR ACT RS.3.50 PPD UP,L
SOLEX,ST,SOLEX ENERGY LIMITED,L
SPMLINFRA,BE,SPML INFRA LIMITED,L
SPRL,SM,SP REFRACTORIES LIMITED,L
SRD,EQ,SHANKAR LAL RAMPAL LTD,L
SRM,BE,SRM CONTRACTORS LIMITED,L
SUMIT,EQ,SUMIT WOODS LIMITED,L
SUNDRMBRAK,BE,SUNDARAMBRAKE LININGS LTD,L
SUPREMEENG,BE,SUPREME ENGINEERING LTD,L
SUPREMEPWR,ST,SUPREME POWER EQUIPMENT L,L
SUULD,BZ,SUUMAYA INDUSTRIES LTD,L
TAC,ST,TAC INFOSEC LIMITED,L
TAKE,BZ,TAKE SOLUTIONS LTD,L
TARC,EQ,TARC LIMITED,L
TARIL,EQ,TRANS & RECTI. LTD,L
TBZ,EQ,TRIB BHIMJI ZAVERI LTD,L
TECHLABS,ST,TRIDENT TECHLABS LIMITED,L
TFL,BE,TRANSWARRANTY FIN. LTD.,L
TGL,ST,TEERTH GOPICON LIMITED,L
THESL,ST,THINKING HATS ENTER SOL L,L
TIL,EQ,TIL LTD,L
TIMESGTY,BE,TIMES GUARANTY LIMITED,L
TIRUPATIFL,BE,TIRUPATI FORGE LIMITED,L
TPHQ,BE,TEAMO PRODUCTIONS HQ LTD,L
TRANSTEEL,ST,TRANSTEEL SEATING TECH L,L
TRU,BE,TRUCAP FINANCE LIMITED,L
TRUST,ST,TRUST FINTECH LIMITED,L
UHTL,ST,UNITED HEAT TRANSFER LTD,L
UMESLTD,EQ,USHA MARTIN EDU & SOL LTD,L
UNITECH,BZ,UNITECH LIMITED,L
URBAN,SM,URBAN ENVIRO WASTE MGMT L,L
V2RETAIL,BE,V2 RETAIL LIMITED,L
VAKRANGEE,EQ,VAKRANGEE LIMITED,L
VARDMNPOLY,BE,VARDHMAN POLYTEX LTD.,L
VEEKAYEM,ST,VEEKAYEM FASH & APP LTD,L
VELS,ST,VELS FILM INTERNATIONAL L,L
VERTOZ,BE,VERTOZ LIMITED,L
VINNY,BE,VINNY OVERSEAS LIMITED,L
VIPULLTD,BE,VIPUL LIMITED,L
VIVIANA,ST,VIVIANA POWER TECH LTD,L
VLEGOV,BE,VL E GOV AND IT SOL LTD,L
VLINFRA,ST,V.L.INFRAPROJECTS LIMITED,L
VMARCIND,ST,V MARC INDIA LIMITED,L
VR,ST,V R INFRASPACE LIMITED,L
VSCL,ST,VADIVARHE SPCLTY CHEM LTD,L
WALCHANNAG,EQ,WALCHANDNAGAR INDUSTRIES,L
WEALTH,EQ,WEALTH FRST PORT. MG. LTD,L
WEBELSOLAR,BE,WEBSOL ENERGY SYSTEM LTD,L
WINDMACHIN,EQ,WINDSOR MACHINES LIMITED,L
WINNY,ST,WINNY IMMIGRA & EDU SER L,L
WINSOME,BZ,WINSOME YARNS LIMITED,L
YAARI,BE,YAARI DIGI INT SER LTD,L
YUDIZ,SM,YUDIZ SOLUTIONS LIMITED,L
ZAGGLE,EQ,ZAGGLE PREPA OCEAN SER L,L
ZENITHEXPO,EQ,ZENITH EXPORTS LTD,L
ZENTEC,EQ,ZEN TECHNOLOGIES LIMITED,L
ZTECH,ST,Z-TECH (INDIA) LIMITED,L
