GAIN_LOSS,SECURITY,CLOSE_PRIC,PREV_CL_PR,PERCENT_CG
 ,Nifty 50 Sec., , , 
 , , , , 
G,NTPC LTD,       311.20,       302.35,2.93
G,TECH MAHINDRA LIMITED,      1705.00,      1664.95,2.41
G,WIPRO LTD,       312.20,       305.35,2.24
G,POWER GRID CORP. LTD.,       266.95,       263.20,1.42
G,OIL AND NATURAL GAS CORP.,       236.60,       233.65,1.26
G,APOLLO HOSPITALS ENTER. L,      6376.85,      6300.20,1.22
G,KOTAK MAHINDRA BANK LTD,      1963.35,      1945.30,.93
G,HCL TECHNOLOGIES LTD,      1725.50,      1709.90,.91
G,SHRIRAM FINANCE LIMITED,       553.35,       550.35,.55
G,JSW STEEL LIMITED,       978.80,       973.55,.54
G,INFOSYS LIMITED,      1851.95,      1842.30,.52
G,CIPLA LTD,      1482.10,      1474.65,.51
G,BAJAJ FINANCE LIMITED,      8465.90,      8426.60,.47
G,TATA CONSUMER PRODUCT LTD,      1026.95,      1023.25,.36
G,HDFC BANK LTD,      1723.05,      1717.35,.33
G,COAL INDIA LTD,       361.10,       360.10,.28
G,NESTLE INDIA LIMITED,      2222.40,      2216.50,.27
G,ADANI PORT & SEZ LTD,      1085.15,      1082.90,.21
G,TATA STEEL LIMITED,       134.54,       134.29,.19
G,MARUTI SUZUKI INDIA LTD.,     12786.20,     12762.90,.18
G,BHARAT PETROLEUM CORP  LT,       252.75,       252.30,.18
G,AXIS BANK LIMITED,       994.15,       992.95,.12
G,HINDALCO  INDUSTRIES  LTD,       611.45,       610.85,.1
G,RELIANCE INDUSTRIES LTD,      1225.40,      1224.90,.04
 , , , , 
L,INDUSIND BANK LIMITED,      1024.10,      1048.25,-2.3
L,TRENT LTD,      4997.75,      5096.45,-1.94
L,ULTRATECH CEMENT LIMITED,     11308.90,     11490.10,-1.58
L,BHARAT ELECTRONICS LTD,       244.60,       248.50,-1.57
L,MAHINDRA & MAHINDRA LTD,      2790.05,      2831.95,-1.48
L,BRITANNIA INDUSTRIES LTD,      4891.20,      4963.70,-1.46
L,HINDUSTAN UNILEVER LTD.,      2296.00,      2329.40,-1.43
L,BAJAJ AUTO LIMITED,      8446.60,      8537.15,-1.06
L,HERO MOTOCORP LIMITED,      3840.50,      3876.45,-0.93
L,ITC LTD,       405.25,       408.60,-0.82
L,TATA CONSULTANCY SERV LT,      3873.20,      3904.50,-0.8
L,SUN PHARMACEUTICAL IND L,      1701.60,      1714.20,-0.74
L,HDFC LIFE INS CO LTD,       618.95,       623.25,-0.69
L,ICICI BANK LTD.,      1243.05,      1251.15,-0.65
L,TATA MOTORS LIMITED,       682.40,       686.60,-0.61
L,ASIAN PAINTS LIMITED,      2237.60,      2250.85,-0.59
L,EICHER MOTORS LTD,      4719.40,      4745.20,-0.54
L,BHARTI AIRTEL LIMITED,      1668.90,      1675.55,-0.4
L,TITAN COMPANY LIMITED,      3221.85,      3233.20,-0.35
L,STATE BANK OF INDIA,       725.80,       727.70,-0.26
L,ADANI ENTERPRISES LIMITED,      2220.30,      2223.70,-0.15
L,DR. REDDY S LABORATORIES,      1197.40,      1198.95,-0.13
L,BAJAJ FINSERV LTD.,      1893.70,      1894.85,-0.06
L,SBI LIFE INSURANCE CO LTD,      1475.35,      1476.20,-0.06
L,LARSEN & TOUBRO LTD.,      3220.15,      3221.85,-0.05
L,GRASIM INDUSTRIES LTD,      2463.20,      2463.85,-0.03
 , , , , 
 ,Nifty Next 50 Sec., , , 
 , , , , 
G,LTIMINDTREE LIMITED,      5668.60,      5472.60,3.58
G,INFO EDGE (I) LTD,      7558.90,      7338.90,3
G,SAMVRDHNA MTHRSN INTL LTD,       128.36,       124.79,2.86
G,GAIL (INDIA) LTD,       164.07,       160.17,2.43
G,ZOMATO LIMITED,       223.31,       218.53,2.19
G,JSW ENERGY LIMITED,       440.40,       431.50,2.06
G,AVENUE SUPERMARTS LIMITED,      3676.60,      3621.50,1.52
G,JINDAL STEEL & POWER LTD,       846.95,       837.65,1.11
G,INTERGLOBE AVIATION LTD,      4345.55,      4303.00,0.99
G,ADANI TOTAL GAS LIMITED,       579.40,       574.45,0.86
G,POWER FIN CORP LTD.,       375.50,       372.35,0.85
G,ADANI GREEN ENERGY LTD,       897.55,       890.35,0.81
G,ICICI LOMBARD GIC LIMITED,      1738.40,      1725.05,0.77
G,VEDANTA LIMITED,       418.20,       415.15,0.73
G,TATA POWER CO LTD,       339.60,       337.20,0.71
G,UNION BANK OF INDIA,       109.73,       109.01,0.66
G,INDIAN OIL CORP LTD,       119.00,       118.45,0.46
G,BOSCH LIMITED,     26977.60,     26911.25,0.25
G,SHREE CEMENT LIMITED,     28361.20,     28309.15,0.18
 , , , , 
L,HINDUSTAN AERONAUTICS LTD,      3344.60,      3475.70,-3.77
L,BHEL,       186.57,       193.47,-3.57
L,ADANI ENERGY SOLUTION LTD,       677.15,       702.00,-3.54
L,GODREJ CONSUMER PRODUCTS,      1015.55,      1039.25,-2.28
L,INDIAN RAILWAY FIN CORP L,       119.27,       121.78,-2.06
L,ABB INDIA LIMITED,      5142.05,      5241.90,-1.9
L,DIVI S LABORATORIES LTD,      5839.70,      5923.75,-1.42
L,PUNJAB NATIONAL BANK,        91.86,        93.18,-1.42
L,HAVELLS INDIA LIMITED,      1510.95,      1532.55,-1.41
L,TORRENT PHARMACEUTICALS L,      3041.80,      3078.00,-1.18
L,VARUN BEVERAGES LIMITED,       469.10,       474.55,-1.15
L,ADANI POWER LTD,       484.75,       490.25,-1.12
L,UNITED SPIRITS LIMITED,      1335.00,      1349.70,-1.09
L,ZYDUS LIFESCIENCES LTD,       914.05,       923.90,-1.07
L,DABUR INDIA LTD,       515.15,       520.55,-1.04
L,REC LIMITED,       385.30,       389.10,-0.98
L,INDIAN RAIL TOUR CORP LTD,       719.20,       725.45,-0.86
L,LIFE INSURA CORP OF INDIA,       758.95,       765.15,-0.81
L,JIO FIN SERVICES LTD,       221.02,       222.45,-0.64
L,PIDILITE INDUSTRIES LTD,      2766.55,      2781.70,-0.54
L,CANARA BANK,        84.65,        85.09,-0.52
L,TVS MOTOR COMPANY  LTD,      2353.65,      2365.70,-0.51
L,CHOLAMANDALAM IN & FIN CO,      1350.40,      1356.95,-0.48
L,MACROTECH DEVELOPERS LTD,      1162.55,      1167.80,-0.45
L,BANK OF BARODA,       206.09,       206.96,-0.42
L,DLF LIMITED,       672.10,       674.75,-0.39
L,ICICI PRU LIFE INS CO LTD,       573.20,       575.20,-0.35
L,SIEMENS LTD,      4843.65,      4859.30,-0.32
L,AMBUJA CEMENTS LTD,       486.75,       488.30,-0.32
L,NHPC LTD,        73.01,        73.21,-0.27
 , , , , 
 ,OTHER SECURITIES, , , 
 , , , , 
G,TOTAL TRANSPORT SYS LTD,        75.52,        62.97,19.93
G,TFB 7.37% 2035 SR. 3A,      1374.00,      1148.04,19.68
G,AION-TECH SOLUTIONS LTD,        66.24,        56.07,18.14
G,MITCON CON & ENG SER LTD,        94.20,        80.19,17.47
G,ONECLICK LOGISTICS IND L,       141.80,       123.60,14.72
G,SIKKO INDUSTRIES LIMITED,        81.85,        73.14,11.91
G,GILLETTE INDIA LTD,      8229.85,      7451.60,10.44
G,SRI HAVISHA HOSP & INFR L,         2.09,         1.91,9.42
G,BSL LTD,       171.24,       156.59,9.36
G,NLC INDIA LIMITED,       226.87,       208.20,8.97
G,ADANI WILMAR LIMITED,       256.25,       235.75,8.7
G,TIME TECHNOPLAST LTD.,       408.00,       376.25,8.44
G,GLAXOSMITHKLINE PHARMA LT,      2536.85,      2340.25,8.4
G,MAGELLANIC CLOUD LIMITED,        62.34,        57.57,8.29
G,VINEET LABORATORIES LTD,        42.32,        39.18,8.01
G,SBC EXPORTS LIMITED,        18.66,        17.41,7.18
G,RACHANA INFRA LTD,        30.30,        28.35,6.88
G,THERMAX LTD,      3211.75,      3011.45,6.65
G,MANGALAM ORGANICS LIMITED,       383.85,       360.85,6.37
G,KHADIM INDIA LIMITED,       289.95,       273.70,5.94
G,SHARP CHUCKS N MACHINES L,        97.05,        92.00,5.49
G,MIRAEAMC - MAHKTECH,        24.63,        23.36,5.44
G,SCHAEFFLER INDIA LIMITED,      3097.70,      2942.10,5.29
G,RAJGOR CASTOR DERIVATI L,        22.25,        21.15,5.2
G,SANDUR MANG & IRON ORES L,       436.10,       414.60,5.19
G,TREE HOUSE EDU LTD,        15.25,        14.50,5.17
G,ALLCARGO TERMINALS LTD,        28.32,        26.93,5.16
G,SEC RE NCD 9.15% SR.VIII,       946.90,       900.50,5.15
G,SENCO GOLD LIMITED,       342.10,       325.45,5.12
G,GUJARAT PIPAVAV PORT LTD,       136.81,       130.27,5.02
 , , , , 
L,ONELIFE CAP ADVISORS LTD,        10.37,        12.97,-20.05
L,SURATWWALA BUS GROUP LTD,        66.80,        83.51,-20.01
L,SEC RE NCD 10.30% SR.VII,       803.00,       963.65,-16.67
L,KABRA JEWELS LIMITED,       132.30,       158.60,-16.58
L,NITIRAJ ENGINEERS LTD,       257.23,       303.01,-15.11
L,EXCELLENT WIRES N PACK L,        53.00,        61.80,-14.24
L,NGIL RS. 6 PPD UP,        18.46,        21.39,-13.7
L,B&B TRIPLEWALL CONT LTD,       150.85,       171.58,-12.08
L,JHS SVEND. LAB. LTD,        13.43,        15.27,-12.05
L,LANCOR HOLDINGS LIMITED,        21.61,        24.55,-11.98
L,BANKA BIOLOO LIMITED,        63.41,        71.81,-11.7
L,ORTIN GLOBAL LIMITED,        10.75,        12.17,-11.67
L,OWAIS METAL & MINERAL,       609.90,       688.80,-11.45
L,DEE DEVELOPMENT ENG LTD,       178.35,       200.65,-11.11
L,MADHUSUDAN MASALA LIMITED,       133.70,       150.35,-11.07
L,PENINSULA LAND LIMITED,        24.85,        27.94,-11.06
L,THEMIS MEDICARE LTD.,       163.22,       182.26,-10.45
L,GANGA FORGING LIMITED,         4.81,         5.35,-10.09
L,SAT KARTAR SHOPPING LTD,       153.90,       171.00,-10
L,ZEN TECHNOLOGIES LIMITED,       972.00,      1080.00,-10
L,PTC INDUSTRIES LIMITED,     10734.65,     11927.35,-10
L,REVATHI EQUIPMENT INDIA L,      1394.15,      1549.05,-10
L,KRISHNA DEF AND ALD IND L,       547.30,       608.10,-10
L,BEST AGROLIFE LIMITED,       298.55,       331.70,-9.99
L,KARMA ENERGY LIMITED,        48.24,        53.48,-9.8
L,WE WIN LIMITED,        49.18,        54.39,-9.58
L,S. P. APPARELS LIMITED,       745.95,       824.45,-9.52
L,AUSTRALIAN PREM SOLAR I L,       386.00,       426.60,-9.52
L,SHALIM PAINTS LTD,       109.35,       120.76,-9.45
L,CAMBRIDGE TECH ENTER LTD,        59.85,        66.04,-9.37
