SECURITY,NEW,PREVIOUS,NEW_STATUS
2.50%GOLDBONDS 2025 SR-XI,8666,8610,H
TSI 9.35% 34 SR I-H,105500,105100,H
DENTA WATER N INFRA SOL L,339.8,336.35,H
UNITED POLYFAB GUJ. LTD.,168,166.4,H
RELIABLE DATA SERVICE LTD,97.4,94.74,H
ELEGANZ INTERIORS LIMITED,122.85,122,H
TCPL PACKAGING LIMITED,3911.6,3830,H
2.50% GOLDBONDS2025SR-VI,8548,8500,H
SEC RED NCD 8.10% SR.IV,1065,1060,H
AARTI PHARMALABS LIMITED,825,804.65,H
COOL CAPS INDUSTRIES LTD,889.15,869,H
SE RE NCD 9.35% SR.V OP2,1164,1148,H
GOI TBILL 91D-03/04/25,99.18,99.08,H
SEC RE NCD 9.10% SR III,1054.2,1050,H
GOI TBILL 364D-06/11/25,95.46,95.45,H
BLUE COAST HOTELS LIMITED,38.31,37.56,H
GOI TBILL 364D-05/06/25,97.85,97.72,H
AJAX ENGINEERING LIMITED,617.85,609,H
ONECLICK LOGISTICS IND L,145,134.1,H
GOI TBILL 364D-15/05/25,98.13,98,H
GOI TBILL 364D-29/05/25,98.07,97.8,H
SEC RE NCD 8.40% SR 5,1052,1042,H
GOI TBILL 91D-06/03/25,99.64,99.54,H
NORBEN TEA &EXPORTS LTD,40.27,38.36,H
2.50% GOLDBONDS2025SR-V,8500,8399.99,H
MIRAEAMC - MAHKTECH,24.64,24,H
SEC RE NCD 9.60% SR II,1027.8,1025,H
GOI TBILL 364D-06/03/25,99.73,99.6,H
FRANTEMAMC - FICRF3GP,1.79,1.63,H
GOI TBILL 364D-23/10/25,95.69,95.68,H
MPS LIMITED,2877.3,2844.85,H
SDL GJ 7.4% 2027,99.22,96,H
MAHAMAYA STEEL INDS LTD,237.66,234.54,H
GOI TBILL 182D-17/07/25,97.51,97.39,H
MUSIC BROADCAST LIMITED,9.65,9.7,L
LINC LIMITED,106.7,107,L
RAJSHREE POLYPACK LTD,26.36,26.67,L
HERANBA INDUSTRIES LTD,242.35,260.3,L
HP ADHESIVES LIMITED,47.27,49.12,L
SHRENIK LIMITED,0.67,0.69,L
EXXARO TILES LIMITED,7.61,8.01,L
SAHYADRI INDUSTRIES LTD,225.05,230.25,L
SANCO INDUSTRIES LIMITED,3.3,3.43,L
MOS UTILITY LIMITED,249.95,255.05,L
GLOSTER LIMITED,569.4,587.5,L
QUICKTOUCH TECHNOLOGIES L,58.45,59.15,L
SIGNPOST INDIA LIMITED,243.45,255.25,L
BRAINBEES SOLUTIONS LTD,373.35,385.6,L
CADSYS (INDIA) LIMITED,76.8,80.8,L
TRANSWORLD SHIP LINES LTD,256,256.05,L
TROM INDUSTRIES LIMITED,157,166,L
AKUMS DRUGS AND PHARMA L,483,513.2,L
ALLCARGO GATI LIMITED,62.12,63.99,L
ARCHIDPLY DECOR LIMITED,72.45,74,L
DIFFUSION ENGINEERS LTD,232.6,246.35,L
DIGIDRIVE DISTRIBUTORS L,30.75,32.52,L
STANLEY LIFESTYLES LTD,274.6,275.9,L
SADHAV SHIPPING LIMITED,109.2,111.05,L
NAMO EWASTE MANAGEMENT L,156.05,159,L
LAMOSAIC INDIA LIMITED,44.9,47.25,L
SAMMAAN CAPITAL LIMITED,115.11,118.53,L
HARDWYN INDIA LIMITED,14.1,14.18,L
EDELAMC - ECAPINSURE,17.87,17.9,L
GLOBESECURE TECHNO LTD,26.15,26.65,L
MAGELLANIC CLOUD LIMITED,52.81,57.16,L
RAMA PHOSPHATES LIMITED,85.15,92.51,L
SHEELA FOAM LIMITED,730,735.95,L
SUBEX LTD,14.55,14.8,L
CYIENT DLM LIMITED,402.5,403,L
T T LIMITED,12,12.59,L
MAHALAXMI FABRIC MILLS LT,32.47,33.91,L
MANDEEP AUTO INDUSTRIES L,24.5,24.6,L
MAXPOSURE LIMITED,61.5,64,L
MCNALLY BH. ENG. CO.LTD,2.97,3.02,L
QVC EXPORTS LIMITED,30.85,31.5,L
ORIENT CERATECH LIMITED,35.05,38.09,L
ORTIN GLOBAL LIMITED,10.65,11.81,L
8.20 NCD05MAR27 FV 1000,1040.2,1085,L
SHREEOSWAL S AND CHE LTD,13.07,13.71,L
CEIGALL INDIA LIMITED,241.85,253,L
CELL POINT (INDIA) LTD,19.3,19.9,L
V.L.INFRAPROJECTS LIMITED,41.7,42,L
AGS TRANSACT TECH LTD,28.64,30.15,L
AKI INDIA LIMITED,10.34,10.56,L
EMCURE PHARMACEUTICALS L,941.5,945.3,L
DOCMODE HEALTH TECH LTD,55,57.2,L
KNOWLEDGE MARINE & EN W L,1640,1690.1,L
FORCAS STUDIO LIMITED,79,80.7,L
DURLAX TOP SURFACE LTD,46,47.5,L
THAAI CASTING LIMITED,97,106,L
INDIAN PHOSPHATE LIMITED,57.2,60,L
HERCULES HOI. LTD.,152,157.89,L
SUUMAYA INDUSTRIES LTD,2.61,2.75,L
TECHERA ENGINEER (IND) L,163.35,166.65,L
TECIL CHEMICALS,20.04,20.06,L
PRECISION METALIKS LTD,33.05,34.5,L
READYMIX CONSTRU MACHI L,100.2,105.45,L
SAHASRA ELECTRONIC SOLU L,390.15,398,L
BARFLEX POLYFILMS LIMITED,46.25,48.1,L
KABRA JEWELS LIMITED,127.35,151.35,L
NIBE LIMITED,1091.5,1148.95,L
ALLCARGO LOGISTICS LTD,29.5,32.27,L
BINANI INDUSTRIES LTD,11.81,12.02,L
3I INFOTECH LIMITED,24.3,25.05,L
INDIA PESTICIDES LIMITED,128.4,129.53,L
IRIS CLOTHINGS LIMITED,51,55,L
BCL INDUSTRIES LIMITED,34.5,34.92,L
SAKUMA EXPORTS LIMITED,2.71,2.8,L
SHANTI OVERSEAS INDIA LTD,11.51,12,L
MAZDA LIMITED,227,237.55,L
GROWWAMC - GROWWDEFNC,50.84,52.36,L
LAKSHYA POWERTECH LIMITED,178,188.95,L
GODAVARI BIOREFINERIES L,176.02,181.55,L
GOPAL SNACKS LIMITED,278.95,279.5,L
OLA ELECTRIC MOBILITY LTD,58.8,59.29,L
ABS MARINE SERVICES LTD,120.85,127.2,L
UNILEX COLOURS AND CHEM L,65.5,65.7,L
DEEM ROLL TECH LIMITED,68,69,L
VRAJ IRON AND STEEL LTD,157,160.55,L
WESTERN CARRIERS (IND) L,89.1,91.01,L
NAMAN IN-STORE (INDIA) L,86.7,91.25,L
TOLINS TYRES LIMITED,124.24,130.01,L
POPULAR VEHICLES N SER L,117.94,120.64,L
MOTISONS JEWELLERS LTD,18.65,19.75,L
PRESSTONIC ENGINEERING L,90.25,92.15,L
INTERNATIO GEMM INS (I) L,418,430,L
KATARIA INDUSTRIES LTD,115,116.55,L
ROSSELL TECHSYS LIMITED,278,285.85,L
RUDRABHISHEK ENTERP LTD,216.85,226,L
JUBILANT AGRI N CON PRO L,1363.15,1434.9,L
ORIENTAL CARBN & CHEM LTD,175.5,180,L
KAMDHENU LIMITED,31.1,31.5,L
RAJNANDINI METAL LIMITED,6.05,6.42,L
JAIPRAKASH ASSOCIATES LTD,3.82,4.02,L
SIGMA SOLVE LIMITED,269,274.95,L
KRITIKA WIRES LIMITED,8.11,8.38,L
SURATWWALA BUS GROUP LTD,66.8,83.51,L
IDEAFORGE TECHNO LTD,366.6,376,L
AATMAJ HEALTHCARE LIMITED,16.95,17.8,L
LAXMI DENTAL LIMITED,344.3,358.2,L
MASTER TRUST LIMITED,106,113.6,L
BAID FINSERV LIMITED,10.91,11,L
YUDIZ SOLUTIONS LIMITED,48.65,50.35,L
REDTAPE LIMITED,150.55,153.3,L
CARRARO INDIA LIMITED,325,339,L
ANUH PHARMA LIMITED,160.1,162.26,L
EUREKA FORBES LIMITED,461.5,475.05,L
FLAIR WRITING INDUST LTD,200.85,207.85,L
GANDHAR OIL REFINE IND L,141.05,145.35,L
DAM CAPITAL ADVISORS LTD,238.6,245.2,L
DCG CABLES & WIRES LTD,70.25,70.5,L
DDEV PLASTIKS IND LTD,216.2,219.95,L
DIENSTEN TECH LIMITED,112,115,L
ZENITH DRUGS LIMITED,75.7,75.8,L
GANESH INFRAWORLD LIMITED,126,129,L
PLAZA WIRES LIMITED,58.1,59.6,L
NEPHRO CARE INDIA LIMITED,126.2,126.35,L
S A TECH SOFTWARE INDIA L,60.55,63.7,L
ONE MOBIKWIK SYSTEMS LTD,309.2,313.85,L
PARAGON FINE S.C. LTD.,68.6,72.2,L
SURAKSHA DIAGNOSTIC LTD,279,281,L
PURPLE UNITED SALES LTD,120.3,127,L
SUPREME FACILITY MGMT LTD,36.5,38.1,L
IDENTICAL BRAINS STUDIO L,39.85,41.9,L
REVATHI EQUIPMENT INDIA L,1394.15,1549.05,L
SADHANA NITROCHEM LIMITED,25,25.45,L
AKG EXIM LIMITED,14,15.07,L
SANGINITA CHEMICALS LTD,11.22,11.5,L
GENERIC ENG CONS PROJ LTD,26.71,26.91,L
SECUREKLOUD TECH LIMITED,24.14,26.22,L
VISHWARAJ SUGAR IND LTD,10.21,10.53,L
KSHITIJ POLYLINE LIMITED,3.45,3.48,L
DREAMFOLKS SERVICES LTD,268.55,270.05,L
SAH POLYMERS LIMITED,67,67.25,L
GLOBAL SURFACES LIMITED,101,107.41,L
HMA AGRO INDUSTRIES LTD,32.73,33.04,L
IKIO LIGHTING LIMITED,167.73,172.2,L
CIE AUTOMOTIVE INDIA LTD,405.3,406.8,L
SABAR FLEX INDIA LIMITED,7.95,8.35,L
ACE INTEGRATED SOLU. LTD.,20.05,21.5,L
LANCOR HOLDINGS LIMITED,20.71,22.32,L
M.V.K. AGRO FOOD PROD LTD,32.2,32.75,L
MAMATA MACHINERY LIMITED,364.3,367.3,L
MANGLAM INFRA & ENG LTD,32.35,32.75,L
RAGHAV PRODUCTIVITY ENH L,518.55,531.6,L
A B INFRABUILD LIMITED,68.43,72.78,L
SHREE TIRUPATI BALAJEE L,54.1,57,L
CEREBRA INT TECH LTD,5.43,5.72,L
URJA GLOBAL LIMITED,12.88,13.15,L
VADIVARHE SPCLTY CHEM LTD,32.5,34.1,L
AGARWAL TOUGH GLASS IND L,100,102,L
ANKIT MET & POW LTD,2.34,2.46,L
APEX ECOTECH LIMITED,112.2,118.5,L
FILATEX FASHIONS LIMITED,0.5,0.52,L
FUT LIFESTYLE FASH LTD,1.78,1.8,L
GAJANAND INTERNATIONAL L,13.05,13.65,L
CREATIVE GRAPHICS S IND L,138,139.95,L
DHRUV CONSULTANCY SER LTD,86.37,90.88,L
DIVINE POWER ENERGY LTD,92.95,97.75,L
WINSOL ENGINEERS LIMITED,188.5,198,L
ENERGY MISSION MACH IND L,236.15,243.7,L
EXICOM TELE SYSTEMS LTD,160.78,167.25,L
GE VERNOVA T&D INDIA LTD,1375.65,1401.1,L
VINNY OVERSEAS LIMITED,1.21,1.28,L
SVP GLOBAL TEXTILES LTD,3.44,3.45,L
PALRED TECHNOLOGIES LTD,61.73,62.99,L
OCCL LIMITED,74.01,74.96,L
BAAZAR STYLE RETAIL LTD,181,182.1,L
DELTA AUTOCORP LIMITED,74.25,78.15,L
INDIAN CARD,270.25,275.75,L
ATLAS CYCLE (HARYANA) LTD,117.75,120.16,L
ODIGMA CONSULTANCY SOL L,44.03,44.93,L
CHAMUNDA ELECTRICAL LTD,54.6,57.45,L
TWAMEV CONS AND INFRA LTD,43.25,47.23,L
HINDWARE HME INOVATON LTD,177.42,190.06,L
SPANDANA SPHOORTY FIN LTD,275.55,286.65,L
STERLITE TECHNOLOGIES LTD,92.11,93.14,L
DHAMPUR BIO ORGANICS LTD,64.4,68.25,L
TRACXN TECHNOLOGIES LTD,58.9,59.91,L
PHANTOM DIGITAL EFF LTD,165.05,171.6,L
SULA VINEYARDS LIMITED,288.1,298,L
B&B TRIPLEWALL CONT LTD,145,167.03,L
MORARJEE TEXTILES LIMITED,6.35,6.69,L
MOSCHIP TECHNOLOGIES LTD,161.05,163.2,L
VERTOZ LIMITED,9.58,9.7,L
VIRINCHI LIMITED,24.26,26.12,L
WELSPUN LIVING LIMITED,114.5,115.32,L
RISHABH INSTRUMENTS LTD,217.45,235,L
BRACE PORT LOGISTICS LTD,72.2,76,L
AFFORD ROBO & AUTO LTD,405.7,430.4,L
AKME FINTRADE (INDIA) LTD,66,67.99,L
EFFWA INFRA & RESEARCH L,173.1,181.7,L
ELECTRO FORCE (INDIA) LTD,40.2,40.4,L
DIGIKORE STUDIOS LIMITED,191.25,201.3,L
WISE TRAVEL INDIA LIMITED,151.55,154.65,L
XTGLOBAL INFOTECH LIMITED,28.65,31.1,L
JEYYAM GLOBAL FOODS LTD,36,37.5,L
JITF INFRALOGISTICS LTD,380,388.4,L
COMPUAGE INFOCOM LTD,2.36,2.4,L
ECOS (INDIA) MOB & HOSP L,175.35,199.04,L
SAAKSHI MEDTEC N PANELS L,153.1,161,L
MOTILALAMC - MODEFENCE,55.64,57.52,L
INDIAN EMULSIFIERS LTD,148.2,155.65,L
ENSER COMMUNICATIONS LTD,27.75,29.2,L
VISION INFRA EQUIP SOL L,125,135,L
AVANTEL LIMITED,100.1,107.5,L
RULKA ELECTRICALS LIMITED,172.35,176.7,L
SHANTHALA FMCG PRODUCTS L,29.1,30.6,L
INDUS INFRA TRUST,111.05,111.11,L
THE P K TEA PROD CO LTD,639.4,650,L
STALLION IND FLUOROCHEM L,71.11,77.16,L
K2 INFRAGEN LIMITED,121,122.95,L
CHANDAN HEALTHCARE LTD,164.7,165.1,L
MEGHMANI ORGANICS LIMITED,70.3,70.67,L
ROTO PUMPS LIMITED,201.4,205.75,L
NGL FINE CHEM LIMITED,962.55,1039.45,L
BANDHAN BANK LIMITED,128.16,131.13,L
TARSONS PRODUCTS LIMITED,280,300,L
TATVA CHIN PHARM CHEM LTD,660,678,L
PVR INOX LIMITED,982.45,999,L
PAR DRUGS AND CHEM LTD,141.88,149.35,L
SUKHJIT STARCH & CHEM LTD,201,201.5,L
MUTHOOT MICROFIN LIMITED,131.5,135.21,L
KRYSTAL INTEGRATED SER L,415.6,438.2,L
LORENZINI APPARELS LTD,14.12,14.41,L
LOYAL TEXTILE MILLS LTD,226.25,238.15,L
MAHINDRA EPC IRRIG LTD,119,122,L
YATRA ONLINE LIMITED,75.66,79,L
ABHA POWER N STEEL LTD,36.5,37,L
SHIVALIC POWER CONTROL L,167.55,168,L
DEBOCK INDUSTRIES LIMITED,2.45,2.52,L
DMCC SPECIALITY CHEMICALS,318.35,324.85,L
JNK INDIA LIMITED,343.1,356.2,L
KAMDHENU VENTURES LIMITED,11.99,12.63,L
ESCONET TECHNOLOGIES LTD,246.85,251.85,L
SARLA PERF. FIBERS LTD,72.11,75.23,L
KORE DIGITAL LIMITED,450.2,459.35,L
NORTHERN ARC CAPITAL LTD,165.16,166.12,L
PARAMOUNT DYE TEC LIMITED,66.4,68.1,L
PARAMOUNT SPECIALI FORG L,52.1,56.2,L
AURANGABAD DISTILLERY LTD,153.15,161,L
TBI CORN LIMITED,135.3,138,L
INNOVANA THINKLABS LTD,322.2,350,L
THINKING HATS ENTER SOL L,34.4,36.2,L
SAMEERA AGRO AND INFRA L,63.7,64,L
COMMERCIAL SYN BAGS LTD,66,67.73,L
CONCORD ENVIRO SYSTEMS L,445,449.95,L
NEWMALAYALAM STEEL LTD,36.25,37.85,L
ONESOURCE SPECL PHARMA L,1272.55,1301.35,L
NATURAL CAPSULES LIMITED,212.1,236,L
POWERGRID INFRA. INVITS,80,80.02,L
ASTRON PAPER BORD MIL LTD,14.2,14.65,L
ART NIRMAN LIMITED,46.55,47.2,L
SHEETAL COOL PRODUCTS LTD,262.6,270.85,L
NURECA LIMITED,259,260.1,L
SINDHU TRADE LINKS LTD,15.81,16.29,L
AKSHAR SPINTEX LIMITED,0.59,0.62,L
MICROPRO SOFTWARE SOL L,26.2,26.35,L
MUFIN GREEN FINANCE LTD,69.3,73.36,L
ZEAL GLOBAL SERVICES LTD,124.1,131.8,L
NOIDA TOLL BRIDGE CO LTD,4.72,4.82,L
SHEKHAWATI INDUSTRIES LTD,23.8,24,L
ICICIPRAMC - ICICIFMCG,55.36,55.71,L
BIKEWO GREEN TECH LIMITED,18.05,19.85,L
BODHI TREE MULTIMEDIA LTD,8.06,8.49,L
C2C ADVANCED SYSTEMS LTD,539.55,567.95,L
TRUST FINTECH LIMITED,81.8,85.75,L
UNIMECH AEROSPACE N MFG L,983,1029.35,L
ANSAL PROP & INFRA LTD,6.99,7.36,L
DEE DEVELOPMENT ENG LTD,167,200.65,L
KOTAKMAMC - KOTAKALPHA,41.79,41.93,L
TATA TECHNOLOGIES LIMITED,711.2,715.5,L
IRM ENERGY LIMITED,265.8,270.15,L
ATAM VALVES LIMITED,91.5,93.28,L
VINTAGE COFFEE N BVRGS L,88,94.56,L
NEELAM LINENS & GAR (I) L,33.25,34.95,L
PHOENIX OVERSEAS LIMITED,22.55,23.5,L
DSPAMC - TOP10ADD,90.65,90.7,L
ROX HI TECH LIMITED,61.6,63.2,L
OSEL DEVICES LIMITED,244.2,249.15,L
STANDARD GLASS LIN TECH L,131.15,135.25,L
SANATHAN TEXTILES LIMITED,307,307.4,L
TAKE SOLUTIONS LTD,9.74,10.1,L
TRANS & RECTI. LTD,363.6,382.7,L
INDIFRA LIMITED,15.8,16.6,L
SOLEX ENERGY LIMITED,830.85,860.3,L
KEN ENTERPRISES LIMITED,65.85,69.3,L
JYOTI STRUCTURES LIMITED,1.25,1.94,L

