SYMBOL,SYMBOL P/E,ADJUSTED P/E
KAUSHALYA,2.75,2.75
JYOTHYLAB,34.04,34.04
HITECHCORP,21.73,22.65
TARIL,70.11,70.11
DVL,13.21,13.21
PATINTLOG,15.85,15.85
ARIES,10.57,10.57
CEATLTD,23.99,22.02
JKIL,14.23,14.23
KNRCON,5.08,5.03
SEPC,104.3,63.34
GSS,21.72,21.72
VGUARD,49.39,49.39
DPSCLTD,86.11,86.11
TITAGARH,33.9,33.72
BAJAJFINSV,17.93,17.93
DIGISPICE,25.43,47.55
RPGLIFE,46.33,42.17
RBL,12.08,11.81
UBL,125.82,121.88
ZFCVINDIA,47.53,47.53
20MICRONS,9.91,9.8
COUNCODOS,85.85,85.85
TPHQ,22.23,22.23
EXCEL,39.61,39.61
EXPLEOSOL,16.32,16.32
SUNTECK,30.43,30.43
SARDAEN,25.55,25.52
GODREJPROP,38.73,38.73
BEARDSELL,14.73,14.73
NESTLEIND,65.16,68.13
MBLINFRA,2.62,
THANGAMAYL,48.03,48.03
ISFT,15.3,15.3
MANAPPURAM,8.3,8.3
HMVL,13.38,13.38
AHLEAST,8.5,8.5
PRAKASHSTL,3.47,94.53
SASTASUNDR,,9.41
ASHOKA,3.75,3.95
JWL,33.4,33.4
SHAH,6.66,36.99
RESPONIND,29.67,29.67
GRAVITA,43.06,43.06
ZEELEARN,1.37,6.2
SUMMITSEC,19.82,17.84
HFCL,34.45,34.45
PIIND,27.93,27.93
OMINFRAL,42.93,42.93
MAITHANALL,3.07,3.07
INVENTURE,14.78,13.6
BODALCHEM,124.98,103.59
BROOKS,163.93,163.93
VASWANI,14.63,14.63
PANAMAPET,9.19,9.19
SHAKTIPUMP,25.69,25.69
INDOTHAI,156.17,156.17
JISLDVREQS,1.63,1.63
POLYMED,68.4,68.4
APLAPOLLO,58.35,58.35
MINDACORP,46.33,46.33
IRFC,24.34,24.34
COMPUSOFT,190.46,190.46
RHIM,,30.76
NDL,11.54,11.54
SWANENERGY,14.54,14.54
RTNINDIA,17.63,17.63
THEJO,36.03,36.03
MAYURUNIQ,15.6,15.6
DUCON,15.23,15.23
TVSHLTD,7.73,7.73
CARERATING,28.47,28.47
INDUSTOWER,8.95,8.95
ATULAUTO,74.74,74.74
ORIENTCEM,57.6,57.6
ESSENTIA,28.43,28.43
MITCON,12.36,12.36
SREEL,24.75,24.75
BUTTERFLY,291.3,201.99
CAPLIPOINT,29.21,29.21
SNOWMAN,211,211
CIGNITITEC,24.51,24.07
PDSL,26.92,27.4
APOLSINHOT,47.05,47.05
MOLDTKPAC,28.1,28.1
GANECOS,35.12,35.12
LINC,17.53,17.53
MANAKALUCO,25.14,25.14
ZENTEC,43.69,44.07
IMAGICAA,53.35,47.84
VIPULLTD,1.04,1.03
PRIVISCL,39.91,39.91
NILAINFRA,18.03,18.03
SKIPPER,36.68,36.68
ADANIENSOL,143.1,37.68
ARVSMART,26.08,26.08
SHK,365.73,15.47
PERFECT,33.04,33.04
KRIDHANINF,1.26,153.84
ALKEM,26.09,25.97
QUICKHEAL,92.39,92.39
KELLTONTEC,14.11,14.11
SIMBHALS,7.14,7.14
HCG,111.81,117.28
WEALTH,19.34,18.93
THYROCARE,35.31,35.27
UNITEDPOLY,26.92,26.92
ARMANFIN,14.62,14.62
NAGAFERT,.19,.19
CONTROLPR,21.39,21.39
INCREDIBLE,15.6,15.6
MOLDTECH,17.62,17.62
QUESS,22.75,22.27
LLOYDSENGG,69.29,69.29
LTIM,35.45,35.45
GATECH,16.86,16.86
MINDTECK,22.2,21.06
DBL,10.73,18.92
MBAPL,56.13,56.13
CUPID,19.4,19.4
CROWN,11.03,35.07
ICICIPRULI,85.36,85.36
HPL,35.81,35.81
JAIPURKURT,13.55,13.55
SAKAR,34.9,34.78
AURDIS,9.29,9.29
PANSARI,96.89,96.89
ARTNIRMAN,85.13,85.13
PNBHOUSING,11.12,11.12
AGROPHOS,959.13,959.13
PODDARMENT,12.33,12.33
JETFREIGHT,9.88,9.89
SFL,58.86,100.31
HISARMETAL,26.24,26.24
LIBAS,5.37,5.37
MAHESHWARI,12.91,12.91
BHANDARI,20.3,20.3
MCL,16.32,16.32
PRICOLLTD,29.84,29.84
STEELCITY,7.85,7.85
KRISHANA,19.1,19.1
GLOBAL,10.07,10.07
NITIRAJ,25.25,25.25
SANGINITA,341.14,341.14
AKASH,27.57,27.57
RADIOCITY,48.13,48.13
LAXMICOT,184.84,221.03
NRAIL,12.07,12.07
FOCUS,21.62,21.62
ASLIND,,1841.75
SIKKO,27.54,27.54
DOLLAR,23.76,23.91
PANACHE,117.82,50.74
BHAGYANGR,20.6,20.6
GLOBE,13.13,14.29
CDSL,45.73,45.73
DYNPRO,23.79,23.79
THEINVEST,24.77,24.77
TOTAL,43.88,43.88
SIS,24.39,24.39
VAISHALI,378.04,378.04
GEEKAYWIRE,9.87,9.87
ABCAPITAL,11.66,11.66
PASHUPATI,180.93,180.93
ICICIGI,68.71,68.71
AARVI,16.8,16.8
DIAMONDYD,,165.45
RKEC,7.35,7.35
GATECHDVR,3.89,3.89
GOLDSTAR,79.8,79.8
BETA,40.77,40.77
TIRUPATIFL,43.66,43.66
DPABHUSHAN,34.94,34.94
TIINDIA,43.25,43.06
NAM-INDIA,24.84,24.84
KHADIM,97.43,97.43
AISL,17.09,17.09
VERTOZ,35.32,35.32
ZODIAC,41.36,41.36
FELIX,46.86,46.86
ICEMAKE,43.32,43.32
SHRADHA,12.83,12.83
ONEPOINT,38.54,38.54
AJOONI,42.68,42.68
MOKSH,12.87,12.87
SILLYMONKS,42.44,42.44
NEWGEN,43.9,43.9
AMJUMBO,465.81,465.81
SINTERCOM,326.02,326.02
MHHL,10.35,10.35
HGINFRA,13.33,13.33
SARVESHWAR,29.63,29.63
MACPOWER,30.35,30.35
TARACHAND,17.5,17.5
BANDHANBNK,8.62,8.62
URAVIDEF,287.57,287.57
MITTAL,36.32,44.59
SANDHAR,15.87,16.66
GIRIRAJ,58.58,58.58
KAPSTON,30.57,30.57
MIDHANI,49.04,49.04
AVG,10.32,15.38
MMP,21.77,21.77
NARMADA,18.15,18.15
CHEMFAB,164.11,164.11
BSHSL,58.54,58.54
AAKASH,17.86,17.86
SOFTTECH,163.94,163.94
E2E,108.69,108.69
INDOSTAR,35.88,35.88
SIRCA,31.24,31.24
SVLL,364.71,364.71
LATTEYS,73.67,73.66
SONAMLTD,29,29
PRITI,25.89,25.89
ACCURACY,9.9,9.9
GAYAHWS,,1.2
RITES,24.27,24.32
GANGAFORGE,99.83,101.48
REPL,28.63,28.63
AVROIND,64.79,64.79
AARON,44.3,44.3
SIGIND,12.86,12.86
SUMIT,36.31,36.31
LAGNAM,15.58,15.58
RPPL,15.71,15.71
AKG,61.15,61.15
IRCON,20.49,20.49
AHLADA,10.03,10.03
KSHITIJPOL,,15.15
GRSE,37.57,37.57
KRITIKA,19.27,19.27
PARIN,206.12,206.12
SILGO,19.21,19.21
VINNY,13.18,13.18
MARINE,59.88,60.09
ATGL,96.5,96.5
TECHNOE,33.32,33.32
DRSDILIP,44.49,44.49
SHRIRAMPPS,18.83,18.83
AWHCL,17.86,17.86
RPSGVENT,49.63,9.26
SURANI,71.44,71.44
MSTCLTD,8.44,16.92
ANUP,43.87,43.87
ARVINDFASN,35.11,35.11
RVNL,58.78,58.78
METROPOLIS,56.39,56.39
KPITTECH,46.49,46.49
NEOGEN,97.13,97.13
EMAMIPAP,11.17,11.17
CONFIPET,26.08,26.36
DGCONTENT,11.51,11.51
ATMASTCO,39.99,39.99
OAL,23.87,23.87
SATIA,6.19,6.19
WEL,155.05,155.05
CHEMCON,32.49,32.49
WESTLIFE,976.5,976.5
DOLATALGO,5.84,5.84
UJJIVANSFB,6.38,6.38
MAZDOCK,32.15,32.15
SAFARI,63.33,63.33
360ONE,34.59,32.55
HPIL,89.75,89.75
SAMHI,65.95,70.92
FLUOROCHEM,89.55,89.55
GREENPANEL,51.86,51.86
APOLLOPIPE,47.9,47.9
MGEL,13.45,12.26
ROUTE,18.28,18.6
HOMEFIRST,23.77,23.77
CSBBANK,8.8,8.8
EQUITASBNK,22.4,22.4
ROSSARI,26.12,26.12
LIKHITHA,14.93,14.93
ARTEMISMED,48.22,48.22
PATANJALI,56.16,56.16
LGHL,78.73,78.79
ASALCBR,27.6,27.6
MAHEPC,141.64,137.71
BAFNAPH,39.07,36.07
SUVENPHAR,101.99,101.99
STOVEKRAFT,59.71,59.71
BHARTIHEXA,53.25,63.24
RAJRATAN,30.47,30.47
AARTISURF,41.99,82.43
GLAND,34.58,34.58
NDRAUTO,40.36,40.36
MAXHEALTH,97.81,93.02
AAATECH,43.2,43.2
KALYANKJIL,78.76,78.76
BTML,25.81,25.81
UNIDT,35.37,35.37
SIGACHI,16.67,16.67
ADL,203.02,203.02
NIRAJ,13.1,12.33
CAMS,36.73,36.73
SURYODAY,6.35,6.35
ROML,47.02,47.02
RAILTEL,37.01,34.99
BECTORFOOD,57.71,57.71
HERANBA,24.29,24.29
LXCHEM,39.33,39.33
FAIRCHEMOR,38.19,38.19
ANURAS,51.56,51.56
ISGEC,26.44,26.44
STYLAMIND,22.5,22.35
PAKKA,20.67,20.67
CLSEL,13.41,13.41
CARYSIL,24.14,24.14
SHAILY,79.45,79.45
MODISONLTD,20.12,20.41
FIBERWEB,9.66,9.66
BCLIND,10.82,10.82
BHAGCHEM,170.15,170.15
SBCL,32.45,32.45
AADHARHFC,19.49,19.49
SMCGLOBAL,5.57,5.57
QMSMEDI,16.81,16.81
ARIHANTCAP,10.97,11.39
SIDDHIKA,13.45,13.45
NAZARA,106.1,104.95
IPL,24.69,24.69
GENCON,13.72,13.72
LODHA,46.36,46.36
HLEGLAS,40.31,40.31
BESTAGRO,40.68,40.68
SONACOMS,51.87,50.78
UTKARSHBNK,15.65,15.65
DRCSYSTEMS,19.91,19.91
PARAS,70.86,70.86
CRAFTSMAN,47.12,45.46
DODLA,26.01,26.01
JUBLINGREA,49.81,49.78
ROLEXRINGS,28.4,23.61
WALPAR,15.99,15.99
SHYAMMETL,22.19,22.19
KIMS,59.1,59.1
MAKS,103.28,43.84
JSFB,6.23,6.23
TATVA,113.43,113.43
CLEAN,53.25,53.25
ALIVUS,29.35,29.35
ABSLAMC,20.52,20.52
DEEPINDS,18.4,18.46
ZOMATO,318.08,318.08
PIXTRANS,17.25,17.25
MEDIASSIST,34.7,34.7
WINDLAS,25.97,25.97
CARTRADE,59.59,59.59
KRSNAA,30.28,30.28
DEVYANI,,1460.36
APTUS,21.33,21.33
SUPRIYA,29.67,29.67
ANMOL,10.84,10.84
BMETRICS,16.85,16.85
ABCOTS,56.39,56.39
VIJAYA,65.27,65.27
AMIORG,73.14,72.99
IWEL,38.39,36.64
SANSERA,35.86,35.86
BAJAJHCARE,,44.6
PRITIKAUTO,13.76,13.76
AAREYDRUGS,21.08,21.08
GRINFRA,8.47,10.69
INTLCONV,5.14,5.14
STEELCAS,25.9,25.9
HPAL,25.11,25.11
UGROCAP,10.97,10.97
KPIGREEN,29.5,29.26
YUKEN,40.75,40.75
ANANDRATHI,52.85,52.85
SJS,23.89,23.89
POLICYBZR,282.8,330.08
AWL,26.85,26.85
SAPPHIRE,571.95,334.22
DKEGL,9.25,9.25
QUADPRO,16.9,16.9
PRUDENT,44.14,44.14
GOCOLORS,53.06,53.06
MEDPLUS,65.59,65.59
RATEGAIN,31.19,31.19
LATENTVIEW,49.42,49.42
METROBRAND,74.61,74.61
MICEL,25.82,25.82
FOODSIN,29.08,29.08
PARADEEP,19.61,19.61
ABMINTLLTD,319.92,319.92
KRITI,178.09,178.09
DYNAMIC,26.36,26.42
GANESHBE,13.11,13.11
GVPTECH,62.12,62.12
FOCE,43.62,43.62
EMIL,29.52,29.52
PRECISION,13.48,13.48
UMAEXPORTS,18.4,18.08
DATAPATTNS,47.54,47.54
COOLCAPS,187.1,186.94
AHL,9.13,9.13
MALLCOM,19.96,19.96
SMLT,37.04,37.04
RADIANTCMS,14.31,14.31
CHOICEIN,66.14,66.14
EUROBOND,26.71,26.71
GRWRHITECH,28.43,28.43
CAPITALSFB,10.46,10.46
DCMSRIND,11.43,11.43
EMUDHRA,66.68,66.68
FIVESTAR,19.6,19.6
STARTECK,23.16,23.16
SBC,31.45,31.45
ELDEHSG,24.63,24.63
RICHA,18.62,18.62
TIMESCAN,9.24,9.24
SEJALLTD,51.91,51.91
MHLXMIRU,14.37,14.37
RELCHEMQ,46.07,46.07
GATEWAY,5.63,14.63
ZIMLAB,30.1,30.1
JTLIND,30.47,30.47
CAMPUS,72.66,72.66
TBOTEK,77.6,78.81
VENUSPIPES,26.39,26.39
ROTO,40.28,40.28
SPRL,13.06,13.06
INDOBORAX,11.4,11.4
LANDMARK,73.81,
AVONMORE,24.31,24.31
DREAMFOLKS,21.9,21.9
SONUINFRA,18.24,18.24
LEMERITE,211.61,211.61
DHARMAJ,18.88,18.88
OBCL,109.51,109.51
GMRP&UI,4.17,
KCK,173.8,173.8
INDOAMIN,16.8,16.8
KRISHNADEF,48.13,48.13
SWARAJ,13.91,13.91
AMEYA,18.56,18.56
INOXGREEN,133.38,133.38
FEDFINA,15.14,15.14
BIKAJI,53.73,53.73
SADHNANIQ,217.26,217.26
SURAJEST,15.83,15.83
SKP,354.23,354.23
CHEVIOT,9.83,9.83
HMAAGRO,22.28,22.28
MWL,14.88,14.88
MEDICO,63.28,63.28
CMRSL,8.92,7.2
YATHARTH,29.12,29.12
YATRA,46.73,46.73
KAYNES,100.2,100.2
NGLFINE,19.9,19.9
SWASTIK,31.73,31.73
AXITA,47.13,50.27
PLAZACABLE,157.38,157.38
SENCO,41.26,41.26
USASEEDS,18.71,18.71
TRU,16.11,16.11
RADHIKAJWE,20.14,20.14
SPLPETRO,26.35,26.35
RAMRAT,30.93,30.93
CSLFINANCE,8.06,8.06
AGNI,117.16,117.16
KORE,52.2,52.06
GOYALALUM,58.59,58.59
RUSTOMJEE,39.65,39.65
GENSOL,28.39,28.35
DBOL,49.66,41.79
SPORTKING,10.18,10.18
ALLETEC,36.3,36.3
AIIL,6.77,6.77
MANORAMA,74.95,74.95
ARABIAN,9.72,9.72
INNOVACAP,35.91,35.91
GRMOVER,21.35,21.35
SYNCOMF,41.2,41.2
DJML,49.7,49.7
BAHETI,41.96,41.96
SULA,36.1,36.1
SIGNATURE,195.04,195.04
KRITINUT,13.03,13.03
MEGAFLEX,34.78,34.78
KALAMANDIR,24.24,24.24
RAMAPHO,29.47,29.47
AVALON,89.22,89.22
RITEZONE,11.71,11.71
CONCORDBIO,53.62,53.62
GODIGIT,77.27,77.27
GRCL,118.92,118.92
BAIDFIN,12.16,12.16
PHANTOMFX,10.73,10.73
AMIABLE,10.83,10.83
IPSL,37.73,37.73
KAMOPAINTS,44.25,44.25
BLUEJET,55.73,55.73
MVGJL,11.58,11.58
SCPL,15.2,15.2
SUKHJITS,13.46,13.46
ARHAM,27.34,27.34
FROG,33.27,33.27
MANKIND,47.2,47.2
SKYGOLD,49.99,49.99
SATINDLTD,14.44,14.42
DIVGIITTS,49.23,49.23
PRITIKA,78.17,78.17
USK,19.21,19.21
MOTISONS,46.07,46.51
SRIVASAVI,14.38,14.38
DIACABS,109.42,115.63
IKIO,31.66,31.66
MANOMAY,17.08,17.08
FAZE3Q,26.83,26.83
RBMINFRA,18.16,18.16
LLOYDSME,38.76,38.76
AARTIPHARM,28.75,28.75
RHL,44.09,44.09
SAHYADRI,13.05,13.05
NINSYS,34.73,34.73
DUCOL,31.97,31.97
HOMESFY,17.86,17.46
SBFC,26.96,26.96
SBGLP,143.54,143.54
ASMS,170.15,195.77
HYBRIDFIN,9.24,8.65
VIAZ,29.14,29.14
INDGN,35.93,36.14
ZAGGLE,61.04,61.04
AGARWALFT,24.23,24.23
HONASA,92.76,92.76
RISHABH,52.65,52.65
SAH,274.73,274.73
CYIENTDLM,55.87,55.87
NIRMAN,17.7,17.7
MASTER,32.4,32.4
RPTECH,9.23,9.64
SYSTANGO,16.15,16.15
RATNAVEER,17.74,17.74
SPECTSTM,27.27,27.27
ATAM,16.43,16.43
CRAYONS,12.75,12.75
INFOLLION,35.04,35.04
INFINIUM,35.53,35.53
POCL,34.95,34.95
KRISHCA,22.78,22.78
TATATECH,45.36,45.36
NOVAAGRI,16.43,16.43
ASHOKAMET,4.38,4.38
PENTAGON,17.99,17.99
TRIDHYA,9.6,9.6
PROV,53.92,53.92
PTCIL,349.32,346.92
PYRAMID,21.64,21.64
AEROFLEX,48.69,48.69
EFACTOR,17.54,17.54
GHCLTEXTIL,14.81,14.81
VPRPL,19.49,19.49
DENTALKART,53.42,53.42
SYNOPTICS,15.24,15.24
SSFL,26.32,26.32
KIRLPNU,34.42,33.37
BALUFORGE,34.26,34.26
RRKABEL,48.98,48.98
SANGANI,27.63,27.63
JLHL,50.04,50.48
NUVAMA,20.98,20.98
DRONE,37.57,37.57
GLOBALPET,76.05,76.05
YASHO,111.33,111.33
KEL,40.82,40.82
VINSYS,21.53,21.53
ZEAL,11.09,11.09
MARINETRAN,64.66,64.66
SINDHUTRAD,32.74,32.74
UNIHEALTH,18.19,18.19
ORIANA,28.83,28.83
ONDOOR,16.93,16.82
TRANSTEEL,17.24,17.17
SANDUMA,14,14
VLEGOV,,711.27
PLADAINFO,7.78,7.78
KARNIKA,28.4,28.4
AKANKSHA,240.81,240.81
SAAKSHI,31.51,31.51
MUFIN,60.08,58.58
HIGREEN,54.66,54.66
MUFTI,14.12,14.12
FLAIR,18.06,18.06
CELLECOR,48.04,48.04
SRGHFL,17.6,17.6
INDIFRA,46.54,46.54
MADHUSUDAN,17.42,17.42
GOYALSALT,19.19,19.19
WOMANCART,38.94,38.94
RCDL,29.4,29.4
BLSE,28.94,28.94
SHANTHALA,34.89,34.89
TREL,3.97,25.79
MARCO,28.48,28.48
DIAMINESQ,90.26,90.26
VISHNUINFR,20.75,20.75
KONTOR,34.22,34.22
RKSWAMY,33.8,33.8
MICROPRO,10.31,10.31
EPACK,74.13,74.13
HAPPYFORGE,32.1,32.1
IBLFL,56.05,56.05
INDIASHLTR,20.42,20.42
CELLO,37.52,37.52
CANARYS,16.89,16.89
DIGIDRIVE,19.07,19.07
DOMS,74.58,74.58
MAITREYA,45.58,45.58
DIGIKORE,20.85,20.85
LANCORHOL,23.46,23.46
AMNPLST,33.6,33.6
POLYSIL,11.4,11.4
SARTELE,39.72,39.72
VINYAS,114.77,114.77
SAIFL,9.12,9.12
JNKINDIA,62.72,62.72
PARAGON,14.09,14.09
INOXINDIA,39.94,41.03
GRAPHISAD,12.11,11.74
SHEETAL,33.37,33.37
ROXHITECH,6.89,6.89
JYOTICNC,71.04,69.46
BAJEL,114.94,93.85
DEEM,9.71,9.71
APS,50.65,50.65
ENTERO,55.76,55.76
TECHLABS,105.24,105.24
SIGNPOST,27.02,27.02
ROCKINGDCE,40.74,40.74
BABAFP,15.47,15.47
SHREEOSFM,15.57,15.57
HRHNEXT,36.52,36.69
MEGATHERM,23.86,23.86
OWAIS,37.5,37.5
VR,72.15,71.6
KLL,15.1,15.1
SJLOGISTIC,19.5,19.5
PURVFLEXI,25.83,25.83
KTL,7.03,7.03
SRM,20.66,20.66
AZAD,95.26,95.26
PRATHAM,24.62,24.62
KONSTELEC,13.46,13.46
JUNIPER,81.98,81.98
KRYSTAL,10.16,10.16
VSTL,25.24,25.24
FONEBOX,29.43,29.43
INM,23.24,23.05
ITALIANE,17.79,17.79
SUPREMEPWR,20.34,20.34
KCEIL,29.95,29.95
MAXESTATES,941.25,941.33
CGRAPHICS,30.05,30.05
ACCENTMIC,15,15
COMSYN,22.49,22.49
LAWSIKHO,34.02,34.02
SADHAV,16.7,16.7
GOPAL,41.72,41.72
DAVANGERE,35.98,35.98
MAXPOSURE,32.45,32.45
ALPEXSOLAR,34.59,37.92
VHLTD,18.33,18.51
SONAMAC,13.52,13.52
SIGNORIA,13.44,13.44
TCL,17.31,17.31
ENSER,31.6,31.6
DELAPLEX,14.71,14.71
RULKA,16.59,16.59
NAMAN,14.33,14.31
SINCLAIR,28,28
SHREEKARNI,26.48,26.48
BLUEPEBBLE,22.21,22.21
DCG,32.77,32.77
AWFIS,78.85,138.18
RADIOWALLA,1.93,1.73
RBS,16.78,16.78
ASPIRE,6,6
MVKAGRO,6.3,6.3
AVPINFRA,19.38,19.38
SILKFLEX,12.43,12.43
VISHWAS,24.11,24.11
TGL,23.51,23.51
TAC,105.72,105.72
EMMIL,22.91,23.17
TRUST,20.56,20.56
YASHOPTICS,21.34,21.34
ALUWIND,25.76,25.79
PRLIND,17.53,17.79
IEML,27.31,27.31
ABSMARINE,38.56,38.56
VERITAAS,13.82,13.82
WINSOL,48.23,48.23
SLONE,19.26,19.26
THERMAX,58.87,58.87
RIIL,124.81,124.81
RAYMOND,20.02,19.64
SHREDIGCEM,25.33,25.33
SMLISUZU,13.62,13.62
SUNDRMFAST,37.15,37.15
CRISIL,52.86,52.86
LMW,126.68,126.68
NELCO,103.28,103.28
MAHSCOOTER,64.63,67.34
KECL,62.42,265.37
KCP,9.35,8.48
JBCHEPHARM,39.89,39.89
IONEXCHANG,34.64,34.64
IFBIND,37.01,37.01
HIMATSEIDE,18.45,18.45
BHARATFORG,60.28,54.37
FORCEMOT,16.83,16.83
ARVIND,25.93,25.93
TATAMOTORS,7.94,7.93
LINDEINDIA,110.04,110.04
ESCORTS,29.22,29.22
ASHOKLEY,21.57,21.87
ZUARIIND,,517.96
SUNDARMFIN,30.75,29.58
VEDL,9.1,10.11
RELIANCE,20.85,20.85
BATAINDIA,47.82,66.47
CARBORUNIV,51.14,60.47
BALMLAWRIE,13.43,13.43
MOTOGENFIN,45.94,45.94
ABREL,133.3,133.3
CENTENKA,12.63,12.63
ATFL,346.07,309.75
SUPREMEIND,51.56,51.56
BALRAMCHIN,23.61,23.61
AEGISLOG,34.13,34.13
BBOX,42.77,33.04
JTEKTINDIA,37.64,37.88
SAURASHCEM,176.47,176.47
TATAELXSI,47.3,47.3
SANDESH,5.62,5.64
ARE&M,17.44,18.86
IVP,13.56,13.56
INDBANK,16.3,16.3
RAJSREESUG,12.21,12.21
GVT&D,75.96,75.96
TIL,7.44,156.32
BANARISUG,48.05,48.05
KPIL,30.43,30.43
BSL,15.51,15.51
JAYNECOIND,248.66,103.77
RCF,27.49,29.23
ADVANIHOTR,21,21
SUBROS,26.74,26.74
SIEMENS,66.96,66.96
TOKYOPLAST,136.79,136.79
IFCI,47.62,48.11
HLVLTD,34.79,38.23
HEIDELBERG,43.27,43.27
PIDILITIND,71.55,69.79
HONDAPOWER,37.06,39.57
RUBYMILLS,14.98,14.98
BBL,24.81,24.81
DABUR,52.16,52.16
COSMOFIRST,14.29,14.29
HDFCBANK,18.51,18.25
GMBREW,9.93,9.93
ITC,25.3,25.29
IOC,18.2,22.65
OSWALGREEN,79.53,79.53
HUHTAMAKI,17.32,25.79
RICOAUTO,30.7,30.16
BANCOINDIA,14.79,14.79
MANINDS,14.97,14.97
SIYSIL,15.34,15.34
ONWARDTEC,26.96,26.96
NCC,14.42,14.07
ELGIEQUIP,48.01,48.01
BBTC,6.64,6.47
BEPL,14.54,14.54
BANARBEADS,23.55,23.55
GHCL,10.09,10.09
PRUDMOULI,31.26,28.63
TRANSWORLD,15.2,15.2
KEEPLEARN,131.98,131.98
PGHH,62.45,62.45
TFCILTD,12.73,12.73
NAVNETEDUL,3.68,13.8
AGI,15.42,15.42
TATACONSUM,81.59,71.87
FMGOETZE,13.19,13.19
ORIENTHOT,57.44,57.44
KANSAINER,16.56,30.19
3MINDIA,52.53,52.53
ANDHRAPAP,13.04,13.04
RALLIS,30.44,30.44
KSB,49.17,49.17
HEG,33.59,33.59
SURYAROSNI,15.69,15.69
SAKHTISUG,2.66,
HINDZINC,18.7,18.58
GRASIM,21.74,20.57
FINCABLES,20.73,28.68
HEUBACHIND,27.63,27.63
CESC,11.45,11.45
BAJFINANCE,32.55,32.55
NAVA,8.24,8.24
CORALFINAC,7.08,7.08
REMSONSIND,25.56,25.81
ANDHRSUGAR,32.08,28.99
AUSOMENT,12.85,12.85
CUBEXTUB,27.25,27.25
SAMBHAAV,50.43,58.78
MOTHERSON,21.94,21.94
SOMATEX,1.46,
DENORA,98.03,98.03
SHRIRAMFIN,11.12,12.6
MIRZAINT,213.83,213.83
GANESHHOUC,19.11,19.11
JCHAC,85.93,83.1
HERITGFOOD,19.16,18.77
INDNIPPON,18.49,18.49
BANKINDIA,5.5,5.5
INDSWFTLAB,2.35,135.81
FDC,24.04,24.04
ADROITINFO,10.83,10.83
MAHAPEXLTD,14.87,17.91
TRIGYN,9.46,9.16
ITDCEM,25.83,25.83
SONATSOFTW,27.56,27.56
CYBERTECH,16.49,16.49
DHANBANK,22.33,22.33
STCINDIA,20.41,11.7
RSSOFTWARE,13.41,13.41
IVC,47.41,47.41
ALEMBICLTD,18.06,18.06
ICDSLTD,68.13,68.13
BSOFT,23.05,23.05
ZYDUSLIFE,20.25,20.25
RAJESHEXPO,120.64,120.64
SHREERAMA,24.55,24.55
IOB,28,28
GEPIL,52.08,52.08
BLBLIMITED,19.3,19.3
BLUESTARCO,71.88,73.13
PNC,79.39,79.39
CHENNPETRO,22.69,22.69
KRBL,14.13,14.13
KHANDSE,45.42,45.42
GODREJCP,,55.03
LUPIN,31.99,31.99
BHARTIARTL,42.26,55.34
PNB,6.74,6.74
OFSS,33.27,33.27
CANBK,4.49,4.49
MARUTI,28.08,28.08
BAGFILMS,46.14,46.14
WELSPUNLIV,18.03,18.03
UNIENTER,793.65,793.65
PTC,7.21,7.07
MAHABANK,7.14,7.14
RKFORGE,9.11,9.1
EXCELINDUS,13.68,13.68
AMBICAAGAR,6.61,6.61
ULTRACEMCO,53.13,52.9
COFORGE,59.89,60.53
GUFICBIO,49.34,49.34
WELENT,18.98,18.98
JINDALPHOT,46.75,46.75
ALLDIGI,17.05,20.46
IIFL,17.63,7.1
WELCORP,23.03,22.8
SURYALAXMI,70.51,27.57
GRANULES,26.43,26.43
GEOJITFSL,11.43,11.43
MSPL,71.38,71.52
GOLDIAM,37.68,37.68
SUZLON,61.3,59.9
AIAENG,31.43,31.45
ORIENTCER,43.88,43.88
EKC,14.85,14.56
ENIL,82.53,82.53
JAGRAN,10.4,10.4
M&MFIN,14.19,14.19
KEI,51.59,51.58
SOLARINDS,66.45,66.45
SUNTV,13.31,13.31
BALPHARMA,20.16,20.16
KAMDHENU,15.1,15.1
EMAMILTD,28.57,28.57
VOLTAMP,28.86,28.86
ATLANTAA,1.12,2.97
SELAN,12.11,12.11
HOVS,18.69,18.69
GEECEE,13.57,13.57
JMFINANCIL,,11.48
TORNTPOWER,25.72,25.72
MANALIPETC,53.52,47.28
LTFOODS,23.07,23.07
VENUSREM,11.86,14.83
HBLENGINE,47.28,44.5
AVTNPL,22.29,22.29
VEEDOL,19.7,18.94
LUMAXTECH,18.34,18.34
GANDHITUBE,12.94,12.94
UNOMINDA,60.22,61.98
ORIENTBELL,84.83,84.83
TTL,19.68,37.92
SMSPHARMA,25.89,25.89
LAOPALA,24.37,24.37
BALAMINES,23.61,23.61
NDLVENTURE,376.3,376.3
ZENITHSTL,12.65,12.65
SRHHYPOLTD,10.89,10.42
HILTON,71.32,71.32
TIMETECHNO,22.65,22.65
DLF,68.08,93.18
ALPA,9.25,9.25
KPRMILL,34.62,34.62
MOTILALOFS,11.16,11.16
RELIGARE,36.74,253.43
EDELWEISS,16.2,16.2
RGL,20.02,20.02
HSCL,40.03,40.03
RANASUG,15.61,15.61
ARENTERP,21.7,21.7
WSI,877.93,191.04
TATAPOWER,30.89,29.8
SUNFLAG,24.5,24.5
SIMPLEXINF,11.6,11.6
WIPRO,25.56,25.56
JUBLPHARMA,25.57,20.91
TATACOMM,38.59,40.25
MURUDCERA,28.37,28.37
SANOFI,28.9,26.9
LIBERTSHOE,47.91,35.3
KAJARIACER,38.53,38.53
MODTHREAD,28.16,28.16
MANGLMCEM,44.21,44.21
PCBL,31.37,31.34
EIHAHOTELS,25.53,24.54
STYRENIX,18.76,18.76
IDBI,10.81,10.81
DHAMPURSUG,15.37,15.37
INDHOTEL,56.62,66.02
GILLETTE,51.22,51.22
ESABINDIA,42.92,42.92
AARTIIND,41.32,41.68
SUDARSCHEM,58.44,85.19
HINDALCO,9.88,9.45
AMBUJACEM,22.29,22.66
CGPOWER,95.58,94.94
BEL,36.68,36.68
AUTOAXLES,16.42,16.42
SWARAJENG,21.6,21.6
TNPETRO,14.64,16.5
EIMCOELECO,16.74,16.74
SILINV,14.52,14.52
KEYFINSERV,5.75,5.75
WENDT,53.14,53.14
PUNJABCHEM,25.73,25.73
MMFL,14.5,14.56
GUJRAFFIA,41.65,41.65
BANKBARODA,5.31,5.31
SKMEGGPROD,12.85,12.85
KCPSUGIND,8.15,10.86
TAJGVK,27.14,27.14
AXISCADES,55.09,53.83
TIPSMUSIC,51.36,51.36
MARKSANS,29.38,29.38
UNITDSPR,69.72,66.61
ASAL,36.97,36.97
SURANAT&P,27.89,28.01
GENESYS,55.77,55.77
UCOBANK,19.94,19.94
NSIL,35.26,35.26
JAIBALAJI,16.39,16.39
UPL,777.96,29.86
MUKANDLTD,15.14,15.14
VAIBHAVGBL,30.32,29.68
POONAWALLA,129.78,129.78
DATAMATICS,16.96,19.39
APARINDS,32.19,32.19
CENTEXT,19,19.26
TCS,28.83,28.83
INDSWFTLTD,1.16,1.16
NTPC,14.13,14.13
KOTARISUG,17.36,22.58
PATELENG,10.97,10.73
CONSOFINVT,5.87,5.87
SAKSOFT,23.05,23.05
SSWL,4.3,13.34
PRIMESECU,17.77,19.19
GENUSPOWER,37.97,37.97
FCSSOFT,167.64,45.1
INSPIRISYS,14.46,14.46
JINDRILL,21.53,21.53
AUTOIND,16.77,15.09
IZMO,9.64,9.26
PGIL,30.56,30.64
INDIANB,6.77,6.77
AMDIND,84.92,84.92
NAHARPOLY,23.13,23.13
ICRA,33.81,33.81
BFUTILITIE,10.56,10.56
NAGREEKEXP,17.17,17.17
TARMAT,,91.27
CIEINDIA,19.4,19.4
INDOWIND,33.6,33.6
POWERGRID,15.73,15.73
CERA,32.77,32.77
KOLTEPATIL,127.02,127.02
COLPAL,45.82,45.82
MADHAV,424.81,424.81
KALYANIFRG,29.26,29.26
ECLERX,27.56,27.56
BRIGADE,37.58,37.58
MANAKSIA,7.5,5.77
AMBIKCO,12.53,12.53
EMKAYTOOLS,4.66,4.66
AVSL,29.19,27.58
PROLIFE,13.18,13.18
JALAN,,15.62
RMDRIP,112.89,112.89
TIRUPATI,90.22,90.22
OMFURN,28.94,28.94
PULZ,13.07,13.07
SOLEX,44.94,44.94
MDL,40.95,39.82
MAHICKRA,44.45,44.45
SPECTRUM,135.2,135.2
SHUBHLAXMI,21.26,21.26
KHFM,46.43,46.43
PARTYCRUS,14.98,14.98
NPST,100.62,100.62
VMARCIND,22.69,22.69
BEWLTD,14.07,14.07
DUGLOBAL,74.8,74.8
KOTYARK,21.81,21.81
JSLL,49.25,49.25
NIDAN,,9.99
SHIGAN,23.14,23.14
MADHAVBAUG,28.63,28.63
KNAGRI,16.75,16.75
KRISHIVAL,41.37,41.37
PROPEQUITY,22.24,22.24
VEEKAYEM,28.29,28.29
RILINFRA,16.49,16.49
ARISTO,15.7,15.7
FIDEL,27.57,27.57
VIVIANA,58.73,58.73
KANDARP,51.28,51.28
ISHAN,39.06,36.7
ANNAPURNA,34.18,34.18
QUICKTOUCH,8.74,8.74
DOLLEX,21.62,21.62
ARIHANTACA,25.65,25.65
ANLON,34.3,34.3
CMNL,32.24,31.66
UMA,27.73,27.73
SAHANA,43.84,43.84
SHERA,37.47,37.47
LRRPL,78.01,78.01
DENEERS,20.62,20.62
YCCL,108.79,108.79
AUROIMPEX,14.4,14.4
SHRITECH,10.66,10.66
URBAN,17.59,17.59
ESFL,119.19,119.19
REMUS,30.6,30.6
CELLPOINT,170.42,170.42
GREENCHEF,29.5,29.5
MAGSON,35.96,35.96
MONOPHARMA,14.85,14.85
CLSL,29.64,29.64
SAHAJ,16.11,16.11
SERVICE,38.21,38.21
PRAMARA,31.96,31.96
ARVINDPORT,16.6,16.6
SAROJA,28.24,28.24
CHAVDA,17.86,17.86
BAWEJA,17.61,17.61
OLIL,27.9,27.9
KODYTECH,90,90
SCML,12.84,12.84
MAL,11.49,11.49
BASILIC,27.32,27.32
NEWJAISA,38.06,38.06
BIRLAMONEY,10.59,10.59
RPOWER,6.17,
CORDSCABLE,17.55,17.55
HERCULES,22.06,22.06
IRB,4.28,30.17
NMDC,8.5,8.47
NAHARCAP,12.88,12.88
RECLTD,6.55,6.55
NESCO,16.62,16.62
BAJAJ-AUTO,29.69,29.69
GOKUL,45.23,45.23
ALMONDZ,51.59,51.59
RANEENGINE,52.93,22.12
LOTUSEYE,240.01,251.24
VINYLINDIA,19.51,19.51
JOCIL,65.48,65.48
MAWANASUG,3.64,8.91
AJMERA,24.55,24.55
MHRIL,46.51,46.51
VINATIORGA,42.74,42.74
NHPC,23.62,23.62
GLOBUSSPR,142.51,142.51
RTNPOWER,.48,40.75
DEN,7.55,7.55
REFEX,33.49,33.54
AHLUCONT,13.92,25.12
DLINKINDIA,14.42,14.42
DBCORP,8.59,8.59
TRF,12.31,12.31
UNITEDTEA,11.18,11.18
VASCONEQ,7.73,17.39
MANINFRA,21.01,21.01
PERSISTENT,65.32,65.32
KIRLOSBROS,34.33,33.95
KSL,19.06,19.06
UMESLTD,126.71,126.71
IMFA,8.64,8.64
ADFFOODS,32.64,32.64
KILITCH,27.55,27.55
ORISSAMINE,704.44,704.44
CAREERP,9.82,9.82
RAMKY,12.13,12.13
CANTABIL,30.91,31.44
OBEROIRLTY,22.5,22.5
COALINDIA,6.53,6.53
PENIND,20.15,20.15
RPPINFRA,7.85,7.85
MOIL,17.33,17.33
KIRLOSENG,18.85,19.8
RKDL,38.72,38.72
SURANASOL,276.67,276.67
STEL,37.59,37.59
ADANIPOWER,14.67,14.67
OIL,8.92,8.93
AMRUTANJAN,35.34,35.34
ZYDUSWELL,32.85,33.45
SHILPAMED,70.38,73.29
GILLANDERS,8136.59,
JSWENERGY,39.92,39.92
HINDCOPPER,51.71,51.71
MMTC,83.44,79.21
WHIRLPOOL,39.29,37.68
JUBLFOOD,115.37,193.36
EMMBI,21.49,21.49
HATHWAY,32.12,31.67
TEXMOPIPES,33.06,12
LGBBROSLTD,14.05,14.61
KIRLOSIND,12.21,11.58
BLISSGVS,19.32,8.28
BAJAJCON,17.61,17.61
WELINV,70.73,70.73
GREENPOWER,60.54,59
BEDMUTHA,18.73,18.73
CGCL,35.87,35.87
JINDWORLD,87.7,87.7
A2ZINFRA,27.44,
SHEKHAWATI,.56,5.96
HINDMOTORS,15.67,15.67
PFS,12.84,12.84
RELAXO,63.94,63.94
ASHIANA,197.76,149.94
LTF,13.25,13.25
TDPOWERSYS,33.53,33.53
CASTROLIND,22.2,22.2
IREDA,28.99,28.99
GOCLCORP,11.46,10.53
FCL,26.14,26.14
LAMBODHARA,16.29,16.29
VISHNU,26.93,26.93
JMA,7.16,7.16
INOXWIND,77.5,70.73
VRLLOG,31.25,31.25
ARROWGREEN,14.19,14.19
RAMASTEEL,69.13,69.13
SHREEPUSHK,18.77,18.77
BALAXI,11.27,11.71
PILANIINVS,27.57,27.57
OCCL,9.29,9.29
HITECH,31.2,31.2
GOKULAGRO,16.97,16.97
HECPROJECT,26.73,26.73
INFIBEAM,24.31,24.31
SHRIPISTON,17.94,17.94
ASPINWALL,12.32,12.32
DMART,86.65,86.65
AIRAN,13.4,13.4
ARIHANTSUP,25.33,25.33
EIFFL,162.33,162.33
SHANKARA,18.39,18.39
CREATIVE,18.65,18.65
DEVIT,15.63,15.63
MKPL,21.9,21.9
INFOBEAN,22.19,22.19
STARCEMENT,64.56,64.56
ERIS,48.37,48.37
GTPL,22.76,22.76
ACEINTEG,39.39,39.39
STEELXIND,25.2,25.2
MAGADSUGAR,8.27,8.27
WEWIN,36.62,36.62
COCHINSHIP,40.05,40.05
SERVOTECH,93.12,93.12
BRNL,2.75,2.75
CHOLAHLDNG,6.07,6.07
WORTH,12.67,12.67
DPWIRES,14.6,14.6
AIROLAM,88.14,88.14
JASH,36.52,36.5
GODREJAGRO,38.6,38.6
IEX,37.63,37.63
GICRE,8.44,8.44
IFGLEXPOR,26.81,26.81
SILVERTUC,43.22,43.22
DNAMEDIA,.49,
TOUCHWOOD,20.8,20.8
BCONCEPTS,64.05,64.05
APOLLO,62.76,62.76
SOUTHWEST,40.11,42.25
ARVEE,66.9,66.9
GMMPFAUDLR,46.42,46.42
HINDCON,38.7,38.7
IRISDOREME,37.17,37.17
UNIPARTS,15.39,15.39
TREJHARA,19.53,753.86
OSIAHYPER,15.19,15.19
PAR,11.91,11.91
POLYCAB,43.68,43.68
SWSOLAR,193.1,193.1
PPL,9.59,9.59
INDIAMART,24.3,24.3
DCMNVL,54.09,158.27
AFFLE,59.22,59.22
HNDFDS,58.62,58.62
IRCTC,46.77,47.05
DCI,26.22,26.22
IIFLCAPS,9.02,9.02
KUANTUM,7.57,7.57
CHEMBOND,18.65,19.19
SBICARD,39.7,39.7
SIGMA,16.03,16.03
EASEMYTRIP,52.53,28.42
PRINCEPIPE,41.82,41.82
PARKHOTELS,46.05,46.05
SUMICHEM,45.77,45.77
ATALREAL,32.85,32.85
UNIVPHOTO,6.94,6.94
POWERINDIA,146.77,146.77
KSOLVES,28.1,28.1
HAPPSTMNDS,46.29,48.27
BOROLTD,60.43,60.43
PAVNAIND,54.15,54.15
SHAREINDIA,10.65,10.65
ANGELONE,14.93,14.93
UTIAMC,13.33,13.33
ORCHPHARMA,39.11,39.11
INDIGOPNTS,36.86,36.86
MTARTECH,88.09,88.09
KANPRPLA,22.23,22.23
STARHEALTH,29.4,29.4
SGIL,37.63,37.63
FINOPB,20.65,20.65
NYKAA,770.15,770.15
MONARCH,16.9,16.9
EPIGRAL,22.49,22.49
CMSINFO,19.39,19.39
TARSONS,55.3,55.3
TEGA,49.08,49.08
MANORG,31.18,31.18
PVSL,36.84,36.84
PASUPTAC,10.51,10.51
MAPMYINDIA,65.26,65.26
TMB,5.79,5.79
MANYAVAR,51.33,51.33
MEDICAMEQ,85.81,85.81
SHIVALIK,54.86,54.86
MEDANTA,59.89,59.89
ASIANENE,35.47,33.66
NRL,33.57,33.57
GPTHEALTH,22.99,22.99
HARIOMPIPE,18.32,18.32
DELHIVERY,805.63,448.07
DYCL,28.37,28.37
VIRINCHI,39.02,39.02
DHRUV,32.27,32.27
ELIN,40.61,40.61
SYRMA,50.05,49.48
RAINBOW,55.14,55.14
AETHER,96.92,57.07
MEGASTAR,83.1,83.1
RACE,76.51,76.51
ETHOSLTD,63.45,63.45
MSUMI,34.41,34.41
HARSHA,26.87,26.87
LICI,11.24,11.24
ACI,31.9,27.14
RITCO,19.78,19.78
HARDWYN,55.72,55.72
MUKKA,16.44,16.44
KFINTECH,43.92,43.92
DCXINDIA,54.73,54.73
GANDHAR,17.33,17.33
IRMENERGY,20.83,20.83
JGCHEM,19.91,19.91
LORDSCHLO,105.08,105.08
SECMARK,46.78,46.78
AARTECH,44.49,44.49
DOLPHIN,27.11,27.52
REDTAPE,51.1,51.1
NETWEB,76.76,76.76
EMSLIMITED,20.04,20.04
UDS,19.07,19.07
ATL,18.74,17.74
JSWINFRA,35.46,35.46
SCILAL,53.69,53.69
NIITMTS,26.24,25.38
ASKAUTOLTD,36.11,36.11
RBZJEWEL,27.01,27.01
PLATIND,24.78,24.78
MUTHOOTMF,7.86,7.86
JIOFIN,119.48,119.48
PFIZER,30.86,30.86
BOSCHLTD,39.22,39.24
DEEPAKFERT,14.04,14.04
MAHSEAMLES,10.59,10.59
COROMANDEL,29.82,29.82
VINDHYATEL,16.85,16.85
ASIANPAINT,52.13,50.56
PGHL,37.2,35.86
BEML,42.82,42.82
TATACHEM,,41.65
VTL,15.53,15.53
EPL,29.62,28.34
BIRLACABLE,90.68,90.68
HONAUT,56.25,56.25
RANEHOLDIN,8.95,84.49
SHREYANIND,5.36,5.36
ASHIMASYN,5.02,5.02
NEULANDLAB,49.35,61.86
BERGEPAINT,51.99,51.99
JYOTISTRUC,59.5,59.5
MUNJALSHOW,17.58,17.58
TEXRAIL,27.1,27.1
DHUNINV,10.28,10.31
MUTHOOTFIN,17.7,17.7
SYMPHONY,41.93,32.04
DHANUKA,22.03,22.03
ELGIRUBCO,34.69,
ASAHISONG,29.65,29.23
APLLTD,26.6,27.05
PGEL,102.56,102.56
PAISALO,19.02,19.06
TRITURBINE,51.2,51.2
ESSARSHPNG,.93,61.04
DSSL,20.49,20.49
RUPA,21.67,20.92
VIKASECO,28.58,28.58
KANANIIND,44.6,44.6
DBSTOCKBRO,20.59,20.59
SCHNEIDER,67.97,72.49
NBCC,42.93,37.98
TBZ,17.36,17.36
VSSL,16.09,16.09
SPECIALITY,27.99,27.99
KITEX,32.31,32.31
ROSSELLIND,10.54,10.48
ZUARI,4.93,4.93
VETO,11.47,11.47
PCJEWELLER,18,18
REPCOHOME,4.92,4.92
JUSTDIAL,12.22,12.22
PILITA,66.53,66.53
JPOLYINVST,19.79,19.79
NATHBIOGEN,7.56,7.71
SDBL,21.32,21.32
WONDERLA,33.57,33.57
HATSUN,74.62,74.62
GULFOILLUB,15.24,15.24
SUPERHOUSE,17.62,36.81
MONTECARLO,17.44,17.44
MPHASIS,29.85,29.85
RAMCOIND,24.26,24.26
INDRAMEDCO,23.12,23.12
MADRASFERT,6.04,6.23
ICICIBANK,16.97,16.97
HUDCO,13.68,13.68
SAREGAMA,46.41,46.41
ENGINERSIN,27.53,27.53
JAICORPLTD,29.19,29.19
GMDCLTD,12.56,12.56
INDUSINDBK,11.26,11.26
ASAHIINDIA,45.29,48.54
J&KBANK,4.97,4.97
CUB,10.93,10.93
SOUTHBANK,5.03,5.03
ASTRAZEN,180.67,79.92
AXISBANK,10.89,10.89
CYIENT,24.23,24.23
KOKUYOCMLN,87.03,87.03
SANGHVIMOV,13.99,13.99
NATIONALUM,7.79,8.42
JINDALSTEL,20.93,20.93
NIPPOBATRY,2.54,2.54
HCLTECH,27.16,27.16
ACCELYA,20.16,20.21
STAR,17.09,16.35
NRBBEARING,18.39,19.22
BIL,52.25,52.25
KTKBANK,5.08,5.08
AJANTPHARM,37.02,37.02
CALSOFT,29.72,29.72
PNBGILTS,6.92,7
NLCINDIA,12.24,12.24
GAEL,15.9,15.9
USHAMART,23.63,23.63
MRO-TEK,43.93,43.93
TRIDENT,47.88,47.88
SMARTLINK,14.47,14.47
JISLJALEQS,114.07,114.07
TCI,24.11,23.95
OLECTRA,72.47,75.18
APTECHT,42.08,37.43
TIMESGTY,75.92,75.92
NUCLEUS,14.31,14.31
OMAXAUTO,4.87,
GODREJIND,18.29,18.29
RADICO,83.83,83.83
VARDHACRLC,24.32,24.32
JSL,20.17,20.16
IGL,19.61,19.61
TVTODAY,12.31,11.82
SIL,141.79,141.79
PETRONET,12.04,12.04
BIOCON,34.9,36.27
XPROINDIA,57.23,54.95
CCL,29,29
LT,26.76,26.87
NIITLTD,35.77,35.77
GULFPETRO,9.19,9.19
ASTRAMICRO,49.46,49.46
JBMA,62.8,62.8
SUPRAJIT,43.87,43.87
XCHANGING,22.82,22.82
JSWSTEEL,68.45,63.47
JPPOWER,7.45,6
GOKEX,42.78,42.78
SHOPERSTOP,180.71,162.16
JKPAPER,8.74,8.74
YESBANK,25.52,25.52
SPLIL,11.32,11.31
SASKEN,46.84,46.84
IMPAL,14.45,14.45
AURIONPRO,42.43,42.43
TRIVENI,38.37,38.37
NAHARINDUS,20.67,19.3
VIMTALABS,36.79,36.79
KERNEX,320.98,320.98
GOODLUCK,13.56,13.56
GULPOLY,45.5,45.5
CCHHL,174.33,174.33
GRPLTD,60.96,56.07
GREENLAM,63.05,63.05
HESTERBIO,45.67,45.67
MANAKSTEEL,35.29,30.13
LFIC,6.67,6.67
BYKE,57.77,57.77
TPLPLASTEH,27.67,27.67
PNCINFRA,5.82,5.82
ORICONENT,109.97,104.02
AYMSYNTEX,43.08,68.91
MUTHOOTCAP,8.7,8.7
SHARDAMOTR,14.35,14.35
GUJGASLTD,21.28,22.05
INDIGO,27.32,27.32
LUXIND,23.8,23.8
TTKHLTCARE,20.77,25.39
SALZERELEC,23.05,23.05
LINCOLN,12.9,12.9
NH,34.58,34.58
PRECAM,121.64,141.41
VIDHIING,52.86,52.86
BHAGERIA,24.91,24.91
SEQUENT,162.99,174.37
PDMJEPAPER,9.52,9.52
BHARATWIRE,14.4,14.4
SAGARDEEP,49.43,49.43
PARAGMILK,18.44,18.44
BLS,31.75,31.75
SALONA,19.71,19.71
DAMODARIND,20.03,20.03
MGL,12.07,12.07
POKARNA,23.76,23.76
COMPINFO,.64,.64
GPTINFRA,19.24,19.24
GROBTEA,6.43,6.43
SOMICONVEY,24.73,24.73
ADVENZYMES,24.56,22.87
SPAL,22.2,22.2
NDGL,33.62,32.43
RBLBANK,9.52,9.52
BIGBLOC,72.1,72.1
LTTS,39.39,39.39
GNA,14.18,14.18
MARATHON,15.33,15.33
ENDURANCE,31.9,31.9
MAZDA,16.64,16.64
VBL,60.89,60.89
KINGFA,22.84,22.84
NBIFIN,73.42,73.42
TCIEXP,27.36,27.36
LAURUSLABS,152.94,152.94
ITDC,58.66,58.61
CAPTRUST,98.23,98.23
BSE,83.53,83.53
JITFINFRA,28.65,50.91
TASTYBITE,99.74,99.74
INTENTECH,13.67,13.67
CLEDUCATE,68.26,62.89
WIPL,82.65,82.65
SCHAND,12.78,12.78
PSPPROJECT,36.26,36.26
TEJASNET,20.63,20.63
AUBANK,19.7,19.09
SALASAR,37.15,37.15
AVADHSUGAR,11.24,11.24
GANGESSECU,27.19,27.19
OPTIEMUS,77.23,77.23
SMSLIFE,17.71,17.71
APEX,424,424
DIXON,100.53,127.1
MATRIMONY,22.08,22.08
CAPACITE,14.59,14.59
SBILIFE,61.37,61.37
TCPLPACK,25.51,25.51
MASFIN,14.4,14.4
NIACL,25.13,25.13
5PAISA,17.76,17.76
SHALBY,71.83,71.83
SHIVATEX,22.49,22.49
AMBER,77.77,77.77
GALAXYSURF,26.87,26.87
ASTERDM,66.53,63.06
BDL,69.46,69.46
SUNDARMHLD,25.84,25.84
HAL,26.84,26.85
ISEC,13.05,13.05
LEMONTREE,46.71,46.71
ORIENTELEC,67.96,67.96
ADANIGREEN,92.18,79.19
FINEORG,27.69,27.66
VARROC,73.31,35.86
HDFCAMC,33.75,33.75
CREDITACC,18.39,18.39
AAVAS,23.71,23.71
NILASPACES,37.67,37.67
CHALET,145.8,145.8
PENINLAND,53.38,52.36
WHEELS,14.43,14.43
PREMIERPOL,22.98,22.98
SESHAPAPER,13.7,13.7
FACT,,579.72
EXIDEIND,38.53,38.53
ELECON,27.47,27.47
PEL,43.09,
MASTEK,18.56,19.09
LUMAXIND,39.8,39.8
TRENT,100.35,140.9
CUMMINSIND,43.2,43.2
JAYBARMARU,31.4,31.4
INFY,27.63,27.63
INDIAGLYCO,20.42,20.42
IGPL,13.55,13.55
GNFC,16.31,16.31
BPCL,8.44,8.27
BASF,30.8,31.32
ATUL,38.39,38.39
ACC,13.83,15.21
SCI,7.74,7.74
MRPL,24.26,24.06
HINDPETRO,10.66,10.66
RELINFRA,38.26,
BAJAJHLDNG,88.32,88.32
VOLTAS,48.82,48.82
TITAN,88.69,88.69
TATASTEEL,70.54,58.46
SPIC,19.14,12.92
SBIN,8.04,8.04
NOCIL,26.36,26.36
DRREDDY,18.43,18.43
CHAMBLFERT,14.46,14.46
HINDOILEXP,16.18,19.94
DICIND,112.45,52.65
RAMCOCEM,54.48,112.53
ADORWELD,27.88,25.23
TORNTPHARM,55.95,55.95
FEDERALBNK,10.97,10.97
VLSFINANCE,4.88,4.88
SRF,71.02,71.02
WEIZMANIND,22.28,22.28
UNICHEMLAB,,48.59
PRECOT,13.7,17.03
APOLLOHOSP,68.74,68.74
BALKRISIND,29.12,29.12
GINNIFILA,,152.27
ONGC,7.27,7.04
TAINWALCHM,55.84,55.84
JINDALPOLY,11.57,19.59
IGARASHI,66.84,66.84
NKIND,1034.91,1034.91
APCOTEXIND,32.96,32.96
SOTL,24.41,24.41
KARURVYSYA,9.35,9.35
DECCANCE,334.61,58.66
UFLEX,,7.36
THOMASCOOK,23.8,23.49
SPMLINFRA,39.09,41.1
BHARATRAS,27.94,27.95
VSTIND,15.13,20.25
UNIVCABLES,38.82,38.82
SOMANYCERA,26.06,26.53
M&M,28.95,28.95
KABRAEXTRU,33.49,33.49
POLYPLEX,8.91,8.91
3PLAND,37.31,37.31
OSWALAGRO,19.52,19.51
JINDALSAW,8.18,8.18
ABB,59.26,59.26
GRAPHITE,18.38,18.38
CANFINHOME,9.74,9.74
ELECTCAST,8.04,8.04
DCMSHRIRAM,29.99,29.99
CIPLA,23.82,23.82
HEROMOTOCO,17.39,17.39
HARRMALAYA,2630.28,48.77
GIPCL,11.91,11.91
INDIANHUME,17.59,17.59
HINDCOMPOS,18.15,18.15
KAMATHOTEL,21.41,22.68
IFBAGRO,23.58,23.58
APOLLOTYRE,20.49,19.39
SHANTIGEAR,32.84,32.84
PRECWIRE,29.8,29.8
NILKAMAL,24.4,24.4
ICIL,18.95,18.95
SEAMECLTD,22.48,24.51
AUROPHARMA,19.41,19.05
EIHOTEL,28.24,28.5
LICHSGFIN,5.75,5.75
GICHSGFIN,5.15,5.15
MOREPENLAB,22.29,22.29
WSTCSTPAPR,7.24,7.24
21STCENMGM,1.89,1.89
VENKEYS,17.18,17.18
PRAJIND,36.12,39.33
HIL,,60.49
BPL,21.09,21.09
VESUVIUS,30.21,30.21
BOMDYEING,5.31,39.47
GTL,1.25,19.74
GLAXO,46.14,46.42
CHOLAFIN,28.17,28.17
KOTAKBANK,17.36,19.93
JAYSREETEA,8.9,41.8
FOSECOIND,30.39,30.53
SCHAEFFLER,50.47,50.28
AMJLAND,13.71,13.71
MFSL,116.75,116.75
GODFRYPHLP,45.04,42.91
VARDMNPOLY,33.19,33.19
TIMKEN,48.57,48.57
SHREECEM,83.41,83.41
INGERRAND,40.95,40.95
AKZOINDIA,35.43,35.43
HINDUNILVR,50.85,52.77
FINPIPE,15.02,26.22
EIDPARRY,8.11,8.11
DCM,19.57,19.57
BHEL,147.61,147.61
PVP,833.89,878.72
GREENPLY,27.86,28.72
NATCOPHARM,8.37,8.37
KHAITANLTD,7.51,7.51
MRF,26.6,26.6
TTKPRESTIG,45.41,45.41
STARPAPER,5.15,5.15
SKFINDIA,34.37,34.37
JAYAGROGN,12.74,12.74
MARICO,49.56,49.56
BIOFILCHEM,132.3,132.3
SUNDRMBRAK,77.7,77.7
AARTIDRUGS,23.13,23.13
STERTOOLS,21.55,21.55
HITECHGEAR,25.72,25.69
ELECTHERM,2.52,2.62
GUJAPOLLO,35.84,35.84
JAGSNPHARM,28,40.11
NITINSPIN,11.28,11.28
ROHLTD,19.96,19.96
GSPL,8,8.17
GVKPIL,1,12.02
SAKUMA,12.26,12.26
KEC,42.76,42.76
JKCEMENT,49.06,57.31
INDOTECH,31.15,31.15
BLKASHYAP,21.83,23.75
CENTURYPLY,76.46,74.26
VAKRANGEE,281.73,268.22
GALLANTT,20.02,20.02
UTTAMSUGAR,11.54,11.54
KKCL,21.3,21.3
GPIL,14.56,14.57
RSYSTEMS,32.58,32.58
LOKESHMACH,69.72,69.72
SWELECTES,25.18,170.35
RATNAMANI,33.02,33.02
PIONEEREMB,27.3,27.3
JKLAKSHMI,30.72,30.72
ALLCARGO,115.56,68.77
MUNJALAU,11.21,13.83
TECHM,43.2,43.31
GRINDWELL,46.68,46.68
ACE,35.67,35.67
ANANTRAJ,45.37,45.37
BINANIIND,7.1,
TALBROAUTO,13.82,19.36
FIEMIND,18.96,18.96
NAUKRI,112.92,115.39
AARVEEDEN,19.96,19.96
DONEAR,12.03,12.03
SOBHA,201.1,201.13
HIRECT,52.34,52.34
PLASTIBLEN,15.34,15.34
PARACABLES,18.37,18.37
PTL,15.22,15.22
WANBURY,15.73,37.63
REDINGTON,15.48,15.48
PFC,4.14,4.14
JKTYRE,13.17,12.34
THEMISMED,48.3,48.3
BANSWRAS,20.66,20.66
FORTIS,56.94,55.22
WEBELSOLAR,100.21,91.08
INSECTICID,12.44,12.45
NAVINFLUOR,77.14,77.14
V2RETAIL,79.12,79.12
ADSL,23.87,23.87
CENTRALBK,11.4,11.4
NAGREEKCAP,1.21,1.21
MAGNUM,11.7,17.92
CCCL,.37,
MANGCHEFER,13.35,13.35
DELTACORP,15.42,20.7
ENERGYDEV,,124.42
BVCL,29.87,29.87
SAIL,25.48,16.42
BRITANNIA,55.22,54.76
ZEEL,18.2,15.23
LYKALABS,108.73,107.89
GOLDENTOBC,10.87,12.33
GABRIEL,28.92,28.92
PRAKASH,7.4,7.4
KOPRAN,17.5,17.5
TATAINVEST,110.85,110.85
IPCALAB,51.7,51.1
GSFC,14.18,14.36
DCW,65.17,65.1
BIRLACORPN,32.85,33.8
ASHAPURMIN,15.17,18.74
TNPL,67.58,67.58
DALMIASUG,10.31,10.31
GARFIBRES,31.22,31.22
SANGAMIND,46.44,40.18
CREST,11.83,11.83
TVSSRICHAK,62.74,51.31
DYNAMATECH,51.19,100.99
ALKYLAMINE,46.18,46.18
KOTHARIPET,13,12.94
GAIL,9.76,11.82
CONCOR,33.66,32.98
TVSMOTOR,52,52
HAVELLS,68.63,68.63
HIKAL,57.38,57.38
GOLDTECH,22.99,
MPSLTD,35.88,35.88
PONNIERODE,9.25,9.25
UNIONBANK,5.13,5.13
DIVISLAB,76.08,76.08
EVEREADY,27.22,27.22
MANGALAM,16.56,16.56
JSWHL,92.74,92.74
NECLIFE,38.89,38.89
ALICON,23.38,23.38
DCBBANK,5.72,5.72
GESHIP,4.46,4.46
RUCHIRA,5.71,5.71
NFL,26.32,26.32
TANLA,12.83,12.83
SARLAPOLY,10.36,10.36
PITTIENG,29.13,29.13
TIIL,23.65,23.02
FSL,42.36,42.88
TFL,177.93,177.93
PAGEIND,67.79,67.79
ASTRAL,71.21,71.21
NCLIND,20.75,18.12
PHOENIXLTD,41.1,41.53
ALPHAGEO,88.19,20.11
KMSUGAR,7.98,7.98
NELCAST,32.11,36.59
MEGASOFT,82.85,82.85
KSCL,16.42,16.42
MAANALU,27.39,27.39
BAJAJELEC,73.41,73.41
ADANIPORTS,23.13,22
SJVN,34.73,37.92
TI,27.41,26.25
GPPL,18.5,16.98
DEEPAKNTR,34.59,37.63
WABAG,30.27,29.87
PRESTIGE,66.68,66.68
IOLCP,20.6,20.6
JAMNAAUTO,17.62,17.62
PSB,34.45,34.45
KICL,22.91,30.38
VADILALIND,18.4,18.4
VSTTILLERS,27.23,27.32
RUSHIL,16.58,16.58
FILATEX,14.67,14.67
AGRITECH,169.42,169.42
AGARIND,11.34,11.34
SHARDACROP,20.09,20.09
INTELLECT,36.37,36.39
GENUSPAPER,138.37,138.37
MENONBE,23.42,23.42
MANAKCOAT,43.65,46.22
AVANTIFEED,17.51,17.51
UFO,20.79,21.36
ALANKIT,18.77,18.77
SYNGENE,56.26,59.33
SATIN,5.32,5.32
POWERMECH,19.85,19.82
IDFCFIRSTB,23.37,23.37
UMANGDAIRY,28.4,28.4
LALPATHLAB,52.02,52.02
TEAMLEASE,34.12,34.12
NECCLTD,19.96,19.96
KDDL,18.07,18.06
CROMPTON,40.72,40.72
ALBERTDAVD,12.56,12.56
PREMEXPLN,63.5,63.5
HDFCLIFE,76.8,76.8
DALBHARAT,58.47,49.78
SUNPHARMA,35.81,34.72
HCC,17.68,
ADANIENT,66.04,62.78
EICHERMOT,33.71,33.71
ZENSARTECH,28.74,28.74
BLUEDART,51.67,51.67
