SERIES,SYMBOL,SECURITY,RECORD_DT,BC_STRT_DT,BC_END_DT,EX_DT,ND_STRT_DT,ND_END_DT,PURPOSE
BE,COASTCORP,Coastal Corporation Ltd,04/03/2025, , ,04/03/2025, , ,FV SPLT FRM RS10 TO RS 2 
BE,JINDWORLD,Jindal Worldwide Ltd,28/02/2025, , ,28/02/2025, , ,BONUS 4:1                
BE,IGIL,Internatio Gemm Ins (I) L,28/02/2025, , ,28/02/2025, , ,INDIV - RS 2.44 PER SH   
BE,NAVA,Nava Bharat Ventures Ltd.,28/02/2025, , ,28/02/2025, , ,BUY BACK                 
BE,PFC,Power Finance Corporation,28/02/2025, , ,28/02/2025, , ,INTDIV - RS 3.50 PER SH  
BE,ANANDRATHI,Anand Rathi Wealth Ltd,05/03/2025, , ,05/03/2025, , ,BONUS 1:1                
BE,MGEL,Mangalam Global Ent Ltd,04/03/2025, , ,04/03/2025, , ,FV SPLT FRM RS 2 TO RE 1 
BE,IOLCP,IOL Chem and Pharma Ltd,11/03/2025, , ,11/03/2025, , ,FVSPLT FRM RS 10 TO RS 2 
EQ,IOLCP,IOL Chem and Pharma Ltd,11/03/2025, , ,11/03/2025, , ,FVSPLT FRM RS 10 TO RS 2 
EQ,MGEL,Mangalam Global Ent Ltd,04/03/2025, , ,04/03/2025, , ,FV SPLT FRM RS 2 TO RE 1 
EQ,JINDWORLD,Jindal Worldwide Ltd,28/02/2025, , ,28/02/2025, , ,BONUS 4:1                
EQ,IGIL,Internatio Gemm Ins (I) L,28/02/2025, , ,28/02/2025, , ,INDIV - RS 2.44 PER SH   
EQ,NAVA,Nava Bharat Ventures Ltd.,28/02/2025, , ,28/02/2025, , ,BUY BACK                 
EQ,PFC,Power Finance Corporation,28/02/2025, , ,28/02/2025, , ,INTDIV - RS 3.50 PER SH  
EQ,ANANDRATHI,Anand Rathi Wealth Ltd,05/03/2025, , ,05/03/2025, , ,BONUS 1:1                
EQ,COASTCORP,Coastal Corporation Ltd,04/03/2025, , ,04/03/2025, , ,FV SPLT FRM RS10 TO RS 2 
EQ,HDFCLIQUID,HDFCAMC - HDFCLIQUID,28/02/2025, , ,28/02/2025, , ,CHANGE IN ATTRIBUTE      
GB,SGBMAR25,2.50%GOLDBONDS 2025Tr-VII,13/03/2025, , , , , ,REDEMPTION               
GS,GS150325C,GOI STRIPS C 150325,12/03/2025, , , , , ,REDEMPTION               
GS,GS090325C,GOI STRIPS C 090325,05/03/2025, , , , , ,REDEMPTION               
GS,GS200325C,GOI STRIPS C 200325,18/03/2025, , , , , ,REDEMPTION               
N3,CREDITACC,Sec Re NCD 9.60% Sr. III,28/02/2025, , ,28/02/2025, , ,INTEREST PAYMENT         
N5,NHAI,8.50% Tax Free Tr I S IIA,28/02/2025, , ,28/02/2025, , ,INTEREST PAYMENT         
N5,NAVIFIN,Sec Re NCD 10.25% Sr.II,03/03/2025, , ,03/03/2025, , ,INTEREST PAYMENT         
N5,CREDITACC,Sec Re NCD 10% Sr. V,28/02/2025, , ,28/02/2025, , ,INTEREST PAYMENT         
N6,NHAI,8.75% Tax Free Tr I S IIB,28/02/2025, , ,28/02/2025, , ,INTEREST PAYMENT         
N7,NAVIFIN,Sec Re NCD 10.50% Sr.IV,03/03/2025, , ,03/03/2025, , ,INTEREST PAYMENT         
NE,ABFL,ABFL 8.33% 2027 Sr L1,03/03/2025, , ,03/03/2025, , ,INTEREST PAYMENT         
NR,CHOLAFIN,Chola 8.60% 2029 Sr 638,28/02/2025, , ,28/02/2025, , ,INTEREST PAYMENT         
SG,603RJ25,SDL RJ 6.03% 2025,07/03/2025, , , , , ,REDEMPTION               
SG,664BR25,SDL BR 6.64% 2025,13/03/2025, , , , , ,REDEMPTION               
SG,695PN25,SDL PN 6.95% 2025,27/03/2025, , , , , ,REDEMPTION               
SG,669MP25,SDL MP 6.69% 2025,13/03/2025, , , , , ,REDEMPTION               
SG,752GJ25,SDL GJ 7.52% 2025,05/03/2025, , , , , ,REDEMPTION               
SG,588GJ25,SDL GJ 5.88% 2025,27/03/2025, , , , , ,REDEMPTION               
SG,593RJ25,SDL RJ 5.93% 2025,06/03/2025, , , , , ,REDEMPTION               
SG,688TS25,SDL TS 6.88% 2025,27/03/2025, , , , , ,REDEMPTION               
SG,738MP25,SDL MP 7.38% 2025,12/03/2025, , , , , ,REDEMPTION               
SM,MANAV,Manav Infra Projects Ltd,28/02/2025, , ,28/02/2025, , ,RIGHTS 1:1 @ PRM RE 1/-  
SQ,MANAV,Manav Infra Projects Ltd,28/02/2025, , ,28/02/2025, , ,RIGHTS 1:1 @ PRM RE 1/-  
ST,MANAV,Manav Infra Projects Ltd,28/02/2025, , ,28/02/2025, , ,RIGHTS 1:1 @ PRM RE 1/-  
U3,CREDITACC,Sec Re NCD 9.60% Sr. III,28/02/2025, , ,28/02/2025, , ,INTEREST PAYMENT         
U5,NAVIFIN,Sec Re NCD 10.25% Sr.II,03/03/2025, , ,03/03/2025, , ,INTEREST PAYMENT         
U5,CREDITACC,Sec Re NCD 10% Sr. V,28/02/2025, , ,28/02/2025, , ,INTEREST PAYMENT         
U5,NHAI,8.50% Tax Free Tr I S IIA,28/02/2025, , ,28/02/2025, , ,INTEREST PAYMENT         
U6,NHAI,8.75% Tax Free Tr I S IIB,28/02/2025, , ,28/02/2025, , ,INTEREST PAYMENT         
U7,NAVIFIN,Sec Re NCD 10.50% Sr.IV,03/03/2025, , ,03/03/2025, , ,INTEREST PAYMENT         
UE,ABFL,ABFL 8.33% 2027 Sr L1,03/03/2025, , ,03/03/2025, , ,INTEREST PAYMENT         
UR,CHOLAFIN,Chola 8.60% 2029 Sr 638,28/02/2025, , ,28/02/2025, , ,INTEREST PAYMENT         

