SYMBOL,SERIES,SECURITY,HIGH/LOW,INDEX FLAG
21STCENMGM,BE,21ST CENTURY MGMT SERVICE,H
698GR2054,GS,GOI LOAN   6.98% 2054,H
AHL,BE,ABANS HOLDINGS LIMITED,H
AMBANIORGO,ST,AMBANI ORGOCHEM LIMITED,H
BLUECHIP,BE,BLUE CHIP INDIA LIMITED,H
COMSYN,BE,COMMERCIAL SYN BAGS LTD,H
DHANBANK,BE,DHANLAXMI BANK LIMITED,H
DHANLAXMI,ST,DHANLAXMI CROP SCIENCE L,H
DOLPHIN,BE,DOLPHIN OFF ENT (IND) L,H
EMAMIREAL,BE,EMAMI REALTY LIMITED,H
ENFUSE,ST,ENFUSE SOLUTIONS LIMITED,H
EQUIPPP,BE,EQUIPPP SOC IMP TECH LTD,H
FEL,BZ,FUTURE ENTERPRISES LTD,H
FICRF3GP,MF,FRANTEMAMC - FICRF3GP,H
GAYAHWS,BE,GAYATRI HIGHWAYS LIMITED,H
GOENKA,BZ,GOENKA DIAMOND&JEWELS LTD,H
ICDSLTD,BE,ICDSLTD,H
JINDWORLD,EQ,JINDAL WORLDWIDE LTD,H
KERNEX,BE,KERNEX MICROSYS(I) LTD,H
KREBSBIO,BE,KREBS BIOCHEMICALS & IND,H
LAMOSAIC,ST,LAMOSAIC INDIA LIMITED,H
MAHKTECH,EQ,MIRAEAMC - MAHKTECH,H
MASPTOP50,EQ,MIRAEAMC - MASPTOP50,H
MHLXMIRU,BE,MAHALAXMI RUBTECH LIMITED,H
MPTODAY,SM,M P TODAY MEDIA LIMITED,H
NAGREEKCAP,BE,NAGREEKA CAP & INFR.LTD,H
ORTEL,BZ,ORTEL COMMUNICATIONS LTD,H
PRAXIS,BE,PRAXIS HOME RETAIL LTD,H
PREMIER,BE,PREMIER LIMITED,H
SAMPANN,BE,SAMPANN UTPADAN INDIA LTD,H
SANCO,BZ,SANCO INDUSTRIES LIMITED,H
SANWARIA,BZ,SANWARIA CONSUMER LIMITED,H
SETUINFRA,BZ,SETUBANDHAN INFRA LTD,H
SHAILY,BE,SHAILY ENG PLASTICS LTD,H
SITINET,BZ,SITI NETWORKS LIMITED,H
SOLARAPP,E1,SOLAR ACT RS.3.50 PPD UP,H
SRD,EQ,SHANKAR LAL RAMPAL LTD,H
TPHQ,BE,TEAMO PRODUCTIONS HQ LTD,H
TRU,BE,TRUCAP FINANCE LIMITED,H
VAKRANGEE,EQ,VAKRANGEE LIMITED,H
VELS,ST,VELS FILM INTERNATIONAL L,H
VERTEXPLUS,SM,VERTEXPLUS TECHNOLOGIES L,H
WOMANCART,ST,WOMANCART LIMITED,H
ZENITHEXPO,BE,ZENITH EXPORTS LTD,H
63MOONS,EQ,63 MOONS TECHNOLOGIES LTD,L
AARVEEDEN,BE,AARVEE DEN. & EXP. LTD,L
ABHAPOWER,ST,ABHA POWER N STEEL LTD,L
ABMINTLLTD,EQ,ABM INTERNATIONAL LTD,L
ABSMARINE,ST,ABS MARINE SERVICES LTD,L
AGNI,ST,AGNI GREEN POWER LTD,L
AGSTRA,BE,AGS TRANSACT TECH LTD,L
AKANKSHA,SM,AKANKSHA POWER N INFRA L,L
AKSHOPTFBR,BE,AKSH OPTIFIBRE  LTD,L
ALMONDZ,EQ,ALMONDZ GLOBAL SEC LTD,L
ALPSINDUS,BE,ALPS INDUSTRIES LTD.,L
ANKITMETAL,BZ,ANKIT MET & POW LTD,L
ANSALAPI,BZ,ANSAL PROP & INFRA LTD,L
ANTGRAPHIC,EQ,ANTARCTICA LTD,L
APRAMEYA,ST,APRAMEYA ENGINEERING LTD,L
ARENTERP,BE,RAJDARSHAN INDUSTRIES LTD,L
ARIES,BE,ARIES AGRO LTD.,L
ARROWGREEN,BE,ARROW GREENTECH LIMITED,L
ASHAPURMIN,EQ,ASHAPURA MINECHEM LTD,L
ASKAUTOLTD,EQ,ASK AUTOMOTIVE LIMITED,L
ATALREAL,EQ,ATAL REALTECH LIMITED,L
ATMASTCO,ST,ATMASTCO LIMITED,L
AUSOMENT,EQ,AUSOM ENTERPRISE LIMITED,L
AVG,BE,AVG LOGISTICS LIMITED,L
AVONMORE,BE,AVONMORE CAP&MGT SERV LTD,L
AVPINFRA,ST,AVP INFRACON LIMITED,L
AVROIND,EQ,AVRO INDIA LIMITED,L
AXISCADES,BE,AXISCADES TECH LTD,L
AYMSYNTEX,EQ,AYM SYNTEX LIMITED,L
BAJAJINDEF,BE,INDEF MANUFACTURING LTD,L
BBOX,EQ,BLACK BOX LIMITED,L
BESTAGRO,BE,BEST AGROLIFE LIMITED,L
BGRENERGY,BE,BGR ENERGY SYSTEMS LTD,L
BIRDYS,SM,GRILL SPLENDOUR SER LTD,L
BIRLAMONEY,BE,ADITYA BIRLA MONEY LTD,L
BLUECHIP,BE,BLUE CHIP INDIA LIMITED,L
BLUEJET,EQ,BLUE JET HEALTHCARE LTD,L
BOSS,ST,BOSS PACKAGING SOLU LTD,L
BTML,BE,BODHI TREE MULTIMEDIA LTD,L
BYKE,BE,THE BYKE HOSPITALITY LTD,L
C2C,ST,C2C ADVANCED SYSTEMS LTD,L
CADSYS,ST,CADSYS (INDIA) LIMITED,L
CALSOFT,BE,CALIFORNIA SOFTWARE CO LT,L
CEREBRAINT,BZ,CEREBRA INT TECH LTD,L
CHANDAN,ST,CHANDAN HEALTHCARE LTD,L
CINELINE,BE,CINELINE INDIA LIMITED,L
CMMIPL,SZ,CMM INFRAPROJECTS LIMITED,L
CMRSL,SM,CYBER MEDIA RES & SER LTD,L
COMPINFO,BZ,COMPUAGE INFOCOM LTD,L
CPS,ST,C P S SHAPERS LIMITED,L
CREATIVEYE,EQ,CREATIVE EYE LIMITED,L
CTE,EQ,CAMBRIDGE TECH ENTER LTD,L
CUBEXTUB,BE,CUBEXTUBINGS-ROLLSETT,L
DCI,EQ,DC INFOTECH AND COMUN LTD,L
DCMFINSERV,EQ,DCM FINANCIAL SERVICES LT,L
DGCONTENT,BE,DIGICONTENT LIMITED,L
DHRUV,BE,DHRUV CONSULTANCY SER LTD,L
DIACABS,BE,DIAMOND POWER INFRA LTD,L
DIFFNKG,BE,DIFFUSION ENGINEERS LTD,L
DIGIKORE,ST,DIGIKORE STUDIOS LIMITED,L
DIGJAMLMTD,BE,DIGJAM LTD,L
DIL,BE,DEBOCK INDUSTRIES LIMITED,L
DIVYADHAN,ST,DIVYADHAN RECYCLING IND L,L
DPEL,ST,DIVINE POWER ENERGY LTD,L
DRL,ST,DHANUKA REALTY LIMITED,L
DYNAMIC,ST,DYNAMIC SRVCS & SEC LTD,L
E2E,EQ,E2E NETWORKS LIMITED,L
EFFWA,SM,EFFWA INFRA & RESEARCH L,L
ELGIRUBCO,BE,ELGI RUBBER CO. LTD,L
ELGNZ,ST,ELEGANZ INTERIORS LIMITED,L
EMMIL,ST,ENERGY MISSION MACH IND L,L
ENERGYDEV,BE,ENERGY DEVE. CO.LTD,L
ENFUSE,ST,ENFUSE SOLUTIONS LIMITED,L
ENSER,ST,ENSER COMMUNICATIONS LTD,L
ESCONET,ST,ESCONET TECHNOLOGIES LTD,L
ESFL,SM,ESSEN SPECIALITY FILMS L,L
ESPRIT,ST,ESPRIT STONES LIMITED,L
ESSARSHPNG,BE,ESSAR SHIPPING LTD,L
EUROTEXIND,BE,EUROTEX IND & EXPORTS LTD,L
EVERESTIND,BE,EVEREST INDUSTRIES LTD,L
EXCEL,BE,EXCEL REALTY N INFRA LTD,L
EXICOM,EQ,EXICOM TELE SYSTEMS LTD,L
FALCONTECH,ST,FALCON TECHNOPROJ IND LTD,L
FEL,BZ,FUTURE ENTERPRISES LTD,L
FELDVR,BE,FUTURE ENTERPRISES LTD,L
FELIX,SM,FELIX INDUSTRIES LTD.,L
FIDEL,ST,FIDEL SOFTECH LIMITED,L
FLEXITUFF,BE,FLEXITUFF VENTURES INT L,L
FOCUS,EQ,FOCUS LIGHTG & FIXTRS LTD,L
FORCAS,ST,FORCAS STUDIO LIMITED,L
FRESHARA,ST,FRESHARA AGRO EXPORTS LTD,L
GANGAFORGE,EQ,GANGA FORGING LIMITED,L
GATECH,BE,GACM TECHNOLOGIES LIMITED,L
GATECHDVR,BE,GACM TECHNOLOGIES LIMITED,L
GAYAHWS,BE,GAYATRI HIGHWAYS LIMITED,L
GAYAPROJ,BZ,GAYATRI PROJECTS LTD,L
GICL,ST,GLOBE INTL CARRIERS LTD,L
GILLANDERS,BE,GILLANDERS ARBUTHNOT LTD,L
GLOBALE,BE,GLOBALE TESSILE LIMITED,L
GLOBALVECT,BE,GLOBAL VEC HELICORP LTD,L
GLOBE,EQ,GLOBE TEXTILES (I) LTD.,L
GOENKA,BZ,GOENKA DIAMOND&JEWELS LTD,L
GRANULES,EQ,GRANULES INDIA LIMITED,L
GUJRAFFIA,BE,GUJARAT RAFFIA INDUST LTD,L
GVKPIL,BE,GVK POW. & INFRA LTD.,L
HARDWYN,BE,HARDWYN INDIA LIMITED,L
HEADSUP,EQ,HEADS UP VENTURES LIMITED,L
HEXATRADEX,EQ,HEXA TRADEX LIMITED,L
HITECHGEAR,BE,THE HI-TECH GEARS LIMITED,L
HUBTOWN,EQ,HUBTOWN LIMITED,L
HVAX,ST,HVAX TECHNOLOGIES LIMITED,L
ICDSLTD,BE,ICDSLTD,L
IITL,BE,INDUSTRIAL INV TRUST LTD,L
IL&FSENGG,BZ,IL&FS ENG AND CONS CO LTD,L
IL&FSTRANS,BZ,IL&FS TRANS NET LTD,L
INDIFRA,ST,INDIFRA LIMITED,L
INDOTECH,EQ,INDO TECH TRANSFORM LTD.,L
INDOUS,BE,INDO US BIOTECH LTD,L
INDSWFTLTD,BE,IND-SWIFT LIMITED,L
INFINIUM,SM,INFINIUM PHARMACHEM LTD,L
INFOMEDIA,BE,INFOMEDIA PRESS LIMITED,L
IPHL,ST,INDIAN PHOSPHATE LIMITED,L
IRIS,BE,IRIS BUSINESS SERV LTD,L
ISHAN,SM,ISHAN INTERNATIONAL LTD,L
ITI,BE,ITI LTD,L
IZMO,BE,IZMO LIMITED,L
JAICORPLTD,EQ,JAI CORP LIMITED,L
JAYBEE,ST,JAY BEE LAMINATIONS LTD,L
JETFREIGHT,BE,JET FREIGHT LOGISTICS LTD,L
JITFINFRA,BE,JITF INFRALOGISTICS LTD,L
JSWHL,EQ,JSW HOLDINGS LIMITED,L
KALYANIFRG,BE,KALYANI FORGE LIMITED,L
KAMOPAINTS,BE,KAMDHENU VENTURES LIMITED,L
KCEIL,ST,KAY CEE ENERGY & INFRA L,L
KCK,ST,KCK INDUSTRIES LTD,L
KEEPLEARN,BE,DSJ KEEP LEARNING LTD,L
KITEX,BE,KITEX GARMENTS LTD,L
KONTOR,SM,KONTOR SPACE LIMITED,L
KORE,ST,JAY JALARAM TECHNO LTD,L
KOTHARIPRO,BE,KOTHARI PRODUCTS,L
KOTYARK,ST,KOTYARK INDUSTRIES LTD,L
KPEL,EQ,K.P. ENERGY LIMITED,L
KRIDHANINF,BE,KRIDHAN INFRA LIMITED,L
KRISHNADEF,SM,KRISHNA DEF AND ALD IND L,L
KRITIKA,BE,KRITIKA WIRES LIMITED,L
KSHITIJPOL,BE,KSHITIJ POLYLINE LIMITED,L
KTL,ST,KALAHRIDHAAN TRENDZ LTD,L
LAKSHYA,ST,LAKSHYA POWERTECH LIMITED,L
LAL,BE,LORENZINI APPARELS LTD,L
LAMBODHARA,BE,LAMBODHARA TEXTILES LTD.,L
LATTEYS,BE,LATTEYS INDUSTRIES LTD,L
LAWSIKHO,ST,ADDICTIVE LEARNING TECH L,L
LCCINFOTEC,BE,LCC INFOTECH LTD,L
LOKESHMACH,BE,LOKESH MACHINES LTD,L
LOYALTEX,BE,LOYAL TEXTILE MILLS LTD,L
LPDC,BE,LANDMARK PR.DEV.CO.LTD,L
LRRPL,ST,LEAD REC AND RUB PROD LTD,L
MAANALU,BE,MAAN ALUMINIUM LIMITED,L
MACPOWER,BE,MACPOWER CNC MACHINES LTD,L
MADHUCON,EQ,MADHUCON PROJECTS LTD.,L
MAKS,SM,MAKS ENERGY SOL INDIA LTD,L
MANAKCOAT,BE,MAN COAT METAL & IND LTD,L
MANAV,SM,MANAV INFRA PROJECTS LTD,L
MANORG,EQ,MANGALAM ORGANICS LIMITED,L
MARINE,BE,MARINE ELECTRICAL (I) LTD,L
MASKINVEST,BE,MASK INVESTMENTS LIMITED,L
MAZDA,BE,MAZDA LIMITED,L
MCLEODRUSS,BE,MCLEOD RUSSEL INDIA LTD.,L
MEDIORG,SM,MEDICAMEN ORGANICS LTD,L
MEGAFLEX,ST,MEGA FLEX PLASTICS LTD,L
MEGASOFT,BE,MEGASOFT LTD,L
MEP,BZ,MEP INFRA. DEVELOPERS LTD,L
MFML,BE,MAHALAXMI FABRIC MILLS LT,L
MHLXMIRU,BE,MAHALAXMI RUBTECH LIMITED,L
MICEL,EQ,MIC ELECTRONICS LTD,L
MIEL,ST,MANGLAM INFRA & ENG LTD,L
MILTON,SM,MILTON INDUSTRIES LIMITED,L
MODTHREAD,EQ,MODERN THREADS INDIA LTD,L
MOHITIND,BE,MOHIT INDUSTRIES LTD,L
MORARJEE,BZ,MORARJEE TEXTILES LIMITED,L
MSPL,EQ,MSP STEEL & POWER LTD.,L
NAMAN,ST,NAMAN IN-STORE (INDIA) L,L
NAVKARURB,BE,NAVKAR URBANSTRUCTURE LTD,L
NEPHROCARE,SM,NEPHRO CARE INDIA LIMITED,L
NEXTMEDIA,BE,NEXT MEDIAWORKS LIMITED,L
NGLFINE,BE,NGL FINE CHEM LIMITED,L
NIBE,EQ,NIBE LIMITED,L
NILASPACES,BE,NILA SPACES LIMITED,L
NIRMAN,SM,NIRMAN AGRI GENTICS LTD,L
OILCOUNTUB,EQ,OIL COUNTRY TUBULAR LTD,L
OMFURN,ST,OMFURN INDIA LIMITED,L
ONDOOR,ST,ON DOOR CONCEPTS LIMITED,L
ONELIFECAP,BE,ONELIFE CAP ADVISORS LTD,L
ORCHPHARMA,EQ,ORCHID PHARMA LIMITED,L
ORIANA,SM,ORIANA POWER LIMITED,L
OSIAHYPER,EQ,OSIA HYPER RETAIL LIMITED,L
PANACHE,BE,PANACHE DIGILIFE LIMITED,L
PAR,BE,PAR DRUGS AND CHEM LTD,L
PARAGON,ST,PARAGON FINE S.C. LTD.,L
PELATRO,ST,PELATRO LIMITED,L
PENINLAND,BE,PENINSULA LAND LIMITED,L
PERFECT,ST,PERFECT INFRAENGINEER LTD,L
PHOGLOBAL,ST,PHOENIX OVERSEAS LIMITED,L
PIGL,BE,POWER INSTRUMENT (G) LTD,L
PIONEEREMB,BE,PIONEER EMBROIDERIES LTD,L
PNC,BE,PRITISH NANDY COMMUNICATI,L
PRECISION,ST,PRECISION METALIKS LTD,L
PRECOT,BE,PRECOT LIMITED,L
PREMIER,BE,PREMIER LIMITED,L
PRESSTONIC,ST,PRESSTONIC ENGINEERING L,L
PRITIKA,ST,PRITIKA ENG COMPO LTD,L
PRIZOR,ST,PRIZOR VIZTECH LIMITED,L
PROLIFE,SM,PROLIFE INDUSTRIES LTD,L
PRUDMOULI,BE,PRUDENTIAL SUGAR CORPORAT,L
PULZ,SM,PULZ ELECTRONICS LIMITED,L
PURVA,EQ,PURAVANKARA LIMITED,L
QUADPRO,SM,QUADPRO ITES LIMITED,L
QVCEL,ST,QVC EXPORTS LIMITED,L
RADHIKAJWE,EQ,RADHIKA JEWELTECH LIMITED,L
RAJRILTD,BE,RAJ RAYON INDUSTRIES LTD,L
RAMANEWS,BE,SHREE RAMA NEWSPRINT LTD,L
RAPPID,ST,RAPPID VALVES (INDIA) LTD,L
RBMINFRA,ST,RBM INFRACON LIMITED,L
REFEX,EQ,REFEX INDUSTRIES LIMITED,L
REGENCERAM,BE,REGENCYCERAMICS-LTD,L
REPL,BE,RUDRABHISHEK ENTERP LTD,L
RICHA,SM,RICHA INFO SYSTEMS LTD,L
RKEC,EQ,RKEC PROJECTS LIMITED,L
RMDRIP,ST,R M DRIP & SPRINK SYS LTD,L
ROXHITECH,ST,ROX HI TECH LIMITED,L
RPPINFRA,BE,R.P.P INFRA PROJECTS LTD.,L
RSSOFTWARE,BE,R. S. SOFTWARE (INDIA) LI,L
RULKA,ST,RULKA ELECTRICALS LIMITED,L
RVHL,BE,RAVINDER HEIGHTS LIMITED,L
RVTH,EQ,REVATHI EQUIPMENT INDIA L,L
S&SPOWER,EQ,S&S POWER SWITCHGEARS LTD,L
SABAR,ST,SABAR FLEX INDIA LIMITED,L
SADBHAV,BE,SADBHAV ENGINEERING LTD,L
SAHANA,ST,SAHANA SYSTEM LIMITED,L
SAHASRA,ST,SAHASRA ELECTRONIC SOLU L,L
SAJHOTELS,ST,SAJ HOTELS LIMITED,L
SAKUMA,BE,SAKUMA EXPORTS LIMITED,L
SAMPANN,BE,SAMPANN UTPADAN INDIA LTD,L
SANCO,BZ,SANCO INDUSTRIES LIMITED,L
SANWARIA,BZ,SANWARIA CONSUMER LIMITED,L
SATECH,ST,S A TECH SOFTWARE INDIA L,L
SATKARTAR,SM,SAT KARTAR SHOPPING LTD,L
SBGLP,BE,SURATWWALA BUS GROUP LTD,L
SECURKLOUD,EQ,SECUREKLOUD TECH LIMITED,L
SEJALLTD,EQ,SEJAL GLASS LIMITED,L
SEL,ST,SUNGARNER ENERGIES LTD,L
SETCO,BE,SETCO AUTOMOTIVE LTD,L
SETUINFRA,BZ,SETUBANDHAN INFRA LTD,L
SFML,ST,SUPREME FACILITY MGMT LTD,L
SHANTHALA,ST,SHANTHALA FMCG PRODUCTS L,L
SHANTI,EQ,SHANTI OVERSEAS INDIA LTD,L
SHEKHAWATI,BE,SHEKHAWATI INDUSTRIES LTD,L
SHREEKARNI,ST,SHREE KARNI FABCOM LTD,L
SHYAMTEL,BE,SHYAM TELECOM LIMITED,L
SICALLOG,BE,SICAL LOGISTICS LIMITED,L
SIGNPOST,BE,SIGNPOST INDIA LIMITED,L
SILKFLEX,SM,SILKFLEX POLYMERS INDIA L,L
SILLYMONKS,EQ,SILLY MONKS ENTERTAIN LTD,L
SIMBHALS,BE,SIMBHAOLI SUGARS LTD.,L
SIMPLEXINF,EQ,SIMPLEX INFRASTRUCTURES L,L
SITINET,BZ,SITI NETWORKS LIMITED,L
SKYGOLD,BE,SKY GOLD LIMITED,L
SLONE,ST,SLONE INFOSYSTEMS LIMITED,L
SMARTLINK,EQ,SMARTLINK HOLDINGS LTD,L
SMSLIFE,BE,SMS LIFESCIENCES (I) LTD,L
SOFTTECH,BE,SOFTTECH ENGINEERS LTD,L
SOLEX,ST,SOLEX ENERGY LIMITED,L
SONAMAC,ST,SONA MACHINERY LIMITED,L
SONUINFRA,ST,SONU INFRATECH LIMITED,L
SPCL,ST,SHIVALIC POWER CONTROL L,L
SPMLINFRA,BE,SPML INFRA LIMITED,L
SPRL,SM,SP REFRACTORIES LIMITED,L
SSFL,SM,SRIVARI SPICES N FOODS L,L
SUMIT,EQ,SUMIT WOODS LIMITED,L
SUNDRMBRAK,BE,SUNDARAMBRAKE LININGS LTD,L
SUNFLAG,BE,SUNFLAG IRON AND STEEL CO,L
SUPREMEENG,BE,SUPREME ENGINEERING LTD,L
SURANI,ST,SURANI STEEL TUBES LTD.,L
TAC,ST,TAC INFOSEC LIMITED,L
TAKE,BZ,TAKE SOLUTIONS LTD,L
TARACHAND,BE,TARA CHAND INFRA SOLN LTD,L
TBZ,EQ,TRIB BHIMJI ZAVERI LTD,L
TCIFINANCE,BE,TCIFINANCELTD-ROLL SETT,L
TECHLABS,ST,TRIDENT TECHLABS LIMITED,L
TERASOFT,BE,TERA SOFTWARE LIMITED,L
TGL,ST,TEERTH GOPICON LIMITED,L
THESL,ST,THINKING HATS ENTER SOL L,L
TICL,EQ,TWAMEV CONS AND INFRA LTD,L
TIJARIA,BE,TIJARIA POLYPIPES LTD,L
TIL,EQ,TIL LTD,L
TIPSFILMS,BE,TIPS FILMS LIMITED,L
TIRUPATIFL,BE,TIRUPATI FORGE LIMITED,L
TNTELE,BE,TAMILNADU TELECOMMUNICATI,L
TPHQ,BE,TEAMO PRODUCTIONS HQ LTD,L
TRANSTEEL,ST,TRANSTEEL SEATING TECH L,L
TTL,BE,T T LIMITED,L
UCAL,BE,UCAL LIMITED,L
UHTL,ST,UNITED HEAT TRANSFER LTD,L
UMESLTD,EQ,USHA MARTIN EDU & SOL LTD,L
UNITECH,BZ,UNITECH LIMITED,L
URBAN,SM,URBAN ENVIRO WASTE MGMT L,L
V2RETAIL,BE,V2 RETAIL LIMITED,L
VARDMNPOLY,BE,VARDHMAN POLYTEX LTD.,L
VEEKAYEM,ST,VEEKAYEM FASH & APP LTD,L
VERITAAS,ST,VERITAAS ADVERTISING LTD,L
VERTOZ,BE,VERTOZ LIMITED,L
VHLTD,BE,VICEROY HOTELS LIMITED,L
VINYAS,SM,VINYAS INNOVATIVE TECH L,L
VIPULLTD,BE,VIPUL LIMITED,L
VIVIANA,ST,VIVIANA POWER TECH LTD,L
VLEGOV,BE,VL E GOV AND IT SOL LTD,L
VMARCIND,ST,V MARC INDIA LIMITED,L
VOLERCAR,ST,VOLER CAR LIMITED,L
VR,ST,V R INFRASPACE LIMITED,L
VSCL,ST,VADIVARHE SPCLTY CHEM LTD,L
WALCHANNAG,EQ,WALCHANDNAGAR INDUSTRIES,L
WEALTH,BE,WEALTH FRST PORT. MG. LTD,L
WEBELSOLAR,BE,WEBSOL ENERGY SYSTEM LTD,L
WEWIN,EQ,WE WIN LIMITED,L
WINDMACHIN,EQ,WINDSOR MACHINES LIMITED,L
WINSOME,BZ,WINSOME YARNS LIMITED,L
WOCKPHARMA,EQ,WOCKHARDT LIMITED,L
WOMANCART,ST,WOMANCART LIMITED,L
WSI,BE,W.S.INDUSTRIES (I) LTD.,L
XELPMOC,EQ,XELPMOC DESIGN & TECH LTD,L
YAARI,BE,YAARI DIGI INT SER LTD,L
YUDIZ,SM,YUDIZ SOLUTIONS LIMITED,L
ZODIACLOTH,EQ,ZODIAC CLOTHING CO. LTD.,L
ZTECH,ST,Z-TECH (INDIA) LIMITED,L
