GAIN_LOSS,SECURITY,CLOSE_PRIC,PREV_CL_PR,PERCENT_CG
 ,Nifty 50 Sec., , , 
 , , , , 
G,HDFC BANK LTD,      1732.40,      1700.70,1.86
G,SHRIRAM FINANCE LIMITED,       617.30,       606.80,1.73
G,COAL INDIA LTD,       369.35,       363.85,1.51
G,TRENT LTD,      4851.55,      4805.30,.96
G,HINDALCO  INDUSTRIES  LTD,       634.35,       631.95,.38
 , , , , 
L,TECH MAHINDRA LIMITED,      1487.85,      1588.25,-6.32
L,WIPRO LTD,       277.65,       294.50,-5.72
L,INDUSIND BANK LIMITED,       990.10,      1046.70,-5.41
L,MAHINDRA & MAHINDRA LTD,      2585.10,      2726.55,-5.19
L,BHARTI AIRTEL LIMITED,      1570.20,      1650.40,-4.86
L,TITAN COMPANY LIMITED,      3077.25,      3223.10,-4.53
L,TATA CONSUMER PRODUCT LTD,       963.70,      1008.00,-4.39
L,INFOSYS LIMITED,      1687.70,      1764.30,-4.34
L,TATA MOTORS LIMITED,       620.65,       648.55,-4.3
L,BAJAJ AUTO LIMITED,      7902.90,      8232.35,-4
L,BRITANNIA INDUSTRIES LTD,      4595.45,      4782.80,-3.92
L,NESTLE INDIA LIMITED,      2189.65,      2278.20,-3.89
L,TATA CONSULTANCY SERV LT,      3483.25,      3612.55,-3.58
L,MARUTI SUZUKI INDIA LTD.,     11945.85,     12380.60,-3.51
L,HCL TECHNOLOGIES LTD,      1575.05,      1629.20,-3.32
L,SUN PHARMACEUTICAL IND L,      1593.25,      1647.50,-3.29
L,EICHER MOTORS LTD,      4773.60,      4935.50,-3.28
L,ULTRATECH CEMENT LIMITED,     10128.45,     10447.65,-3.06
L,BHARAT PETROLEUM CORP  LT,       237.30,       244.75,-3.04
L,BAJAJ FINSERV LTD.,      1872.30,      1925.55,-2.77
L,SBI LIFE INSURANCE CO LTD,      1430.50,      1469.75,-2.67
L,JSW STEEL LIMITED,       950.70,       975.00,-2.49
L,OIL AND NATURAL GAS CORP.,       225.25,       231.00,-2.49
L,BHARAT ELECTRONICS LTD,       246.25,       252.45,-2.46
L,HINDUSTAN UNILEVER LTD.,      2190.25,      2244.95,-2.44
L,CIPLA LTD,      1407.50,      1441.15,-2.33
L,KOTAK MAHINDRA BANK LTD,      1902.95,      1947.55,-2.29
L,STATE BANK OF INDIA,       688.80,       703.90,-2.15
L,APOLLO HOSPITALS ENTER. L,      6052.60,      6185.20,-2.14
L,POWER GRID CORP. LTD.,       250.85,       256.25,-2.11
 , , , , 
 ,Nifty Next 50 Sec., , , 
 , , , , 
G,JSW ENERGY LIMITED,       464.10,       458.80,1.16
G,INTERGLOBE AVIATION LTD,      4477.30,      4443.40,0.76
 , , , , 
L,INDIAN RAILWAY FIN CORP L,       112.42,       120.36,-6.6
L,JIO FIN SERVICES LTD,       207.61,       221.70,-6.36
L,MACROTECH DEVELOPERS LTD,      1130.90,      1194.95,-5.36
L,INFO EDGE (I) LTD,      6992.65,      7381.25,-5.26
L,PUNJAB NATIONAL BANK,        87.39,        91.96,-4.97
L,TVS MOTOR COMPANY  LTD,      2225.50,      2338.95,-4.85
L,REC LIMITED,       360.30,       378.50,-4.81
L,HINDUSTAN AERONAUTICS LTD,      3088.20,      3242.65,-4.76
L,ADANI GREEN ENERGY LTD,       774.40,       811.75,-4.6
L,BHEL,       179.17,       187.44,-4.41
L,GODREJ CONSUMER PRODUCTS,      1005.15,      1051.40,-4.4
L,LTIMINDTREE LIMITED,      4665.95,      4878.60,-4.36
L,BAJAJ HOLDINGS & INVS LTD,     11574.35,     12068.65,-4.1
L,ABB INDIA LIMITED,      4935.40,      5144.70,-4.07
L,ADANI TOTAL GAS LIMITED,       557.15,       580.75,-4.06
L,UNITED SPIRITS LIMITED,      1284.45,      1335.40,-3.82
L,ADANI POWER LTD,       478.95,       497.25,-3.68
L,POWER FIN CORP LTD.,       364.30,       378.10,-3.65
L,SHREE CEMENT LIMITED,     27284.00,     28306.40,-3.61
L,SAMVRDHNA MTHRSN INTL LTD,       118.59,       122.90,-3.51
L,INDIAN RAIL TOUR CORP LTD,       670.95,       694.35,-3.37
L,CANARA BANK,        80.90,        83.46,-3.07
L,ZOMATO LIMITED,       222.10,       229.04,-3.03
L,BANK OF BARODA,       197.07,       203.18,-3.01
L,AVENUE SUPERMARTS LIMITED,      3403.95,      3507.20,-2.94
L,VARUN BEVERAGES LIMITED,       436.05,       448.30,-2.73
L,CHOLAMANDALAM IN & FIN CO,      1400.75,      1438.65,-2.63
L,UNION BANK OF INDIA,       112.10,       115.13,-2.63
L,INDIAN OIL CORP LTD,       113.49,       116.42,-2.52
L,VEDANTA LIMITED,       394.75,       404.55,-2.42
 , , , , 
 ,OTHER SECURITIES, , , 
 , , , , 
G,INTEGRATED PERSO SER LTD,       326.50,       281.85,15.84
G,MEDICO REMEDIES LIMITED,        56.75,        50.54,12.29
G,HOME FIRST FIN CO IND LTD,      1018.65,       924.90,10.14
G,FRANTEMAMC - FICRF3GP,         2.36,         2.15,9.77
G,MARVEL DECOR LIMITED,        89.95,        82.00,9.7
G,SHREM INVIT,       114.00,       104.05,9.56
G,IKIO LIGHTING LIMITED,       221.88,       204.43,8.54
G,UMA EXPORTS LIMITED,        89.48,        82.54,8.41
G,CMS INFO SYSTEMS LIMITED,       457.85,       425.00,7.73
G,CRAFTSMAN AUTOMATION LTD,      4501.85,      4181.05,7.67
G,MAHESHWARI LOGISTICS LTD.,        59.13,        55.03,7.45
G,MANGALAM ALLOYS LIMITED,        33.95,        31.60,7.44
G,KIRLOSKAR ELECTRIC CO LTD,       118.64,       110.55,7.32
G,SEC RE NCD 9.70% SR VIII,      1180.40,      1102.00,7.11
G,KDDL LIMITED,      2953.50,      2763.25,6.89
G,GOKUL REFOILS & SOLV LTD,        49.30,        46.40,6.25
G,TCI EXPRESS LIMITED,       678.85,       638.95,6.24
G,UNSEC RE NCD 0% SR.III,      1290.20,      1215.30,6.16
G,TRANSRAIL LIGHTING LTD,       517.10,       488.05,5.95
G,CROP LIFE SCIENCE LIMITED,        47.55,        45.00,5.67
G,CARTRADE TECH LIMITED,      1528.55,      1447.55,5.6
G,WONDERLA HOLIDAYS LTD.,       639.35,       607.10,5.31
G,SEC RE NCD 0% SR.V,      1234.99,      1173.65,5.23
G,ADITYA VISION LIMITED,       434.40,       413.50,5.05
G,SOLAR ACT RS.3.50 PPD UP,       237.30,       226.05,4.98
G,LAMOSAIC INDIA LIMITED,        55.10,        52.50,4.95
G,VERTEXPLUS TECHNOLOGIES L,        89.05,        84.85,4.95
G,AMBANI ORGOCHEM LIMITED,       109.30,       104.15,4.94
G,M P TODAY MEDIA LIMITED,        33.05,        31.50,4.92
G,SUVEN PHARMACEUTICALS LTD,      1214.70,      1157.90,4.91
 , , , , 
L,TFB 7.37% 2035 SR. 3A,      1152.00,      1367.99,-15.79
L,READYMIX CONSTRU MACHI L,        65.80,        76.95,-14.49
L,E FACTOR EXPERIENCES LTD,       162.75,       190.00,-14.34
L,CYBER MEDIA (INDIA) LTD.,        16.02,        18.54,-13.59
L,SUNDARAM CLAYTON LIMITED,      1946.40,      2234.15,-12.88
L,CHAMUNDA ELECTRICAL LTD,        42.70,        48.55,-12.05
L,MRO-TEK REALTY LIMITED,        63.81,        72.52,-12.01
L,TBO TEK LIMITED,      1200.85,      1359.80,-11.69
L,PRANIK LOGISTICS LIMITED,        70.00,        79.00,-11.39
L,WILLIAMSON MAGOR,        26.04,        29.38,-11.37
L,DPSC LIMITED,        11.93,        13.40,-10.97
L,REDINGTON LIMITED,       224.32,       251.03,-10.64
L,BSE LIMITED,      4633.70,      5162.50,-10.24
L,TWAMEV CONS AND INFRA LTD,        40.45,        44.95,-10.01
L,FELIX INDUSTRIES LTD.,       119.60,       132.85,-9.97
L,SECUREKLOUD TECH LIMITED,        21.34,        23.66,-9.81
L,PENTAGON RUBBER LIMITED,        61.10,        67.70,-9.75
L,TOTAL TRANSPORT SYS LTD,        67.63,        74.86,-9.66
L,MANORAMA INDUSTRIES LTD,       952.95,      1053.50,-9.54
L,SE RE NCD 9.35% SR.V OP2,      1050.00,      1160.00,-9.48
L,ASHIANA HOUSING LTD,       300.35,       331.70,-9.45
L,SURYALAKSHMI COT MIL LTD,        65.69,        72.49,-9.38
L,KANORIA CHEMICALS & INDUS,        77.68,        85.72,-9.38
L,ZODIAC CLOTHING CO. LTD.,        88.38,        97.48,-9.34
L,TRIDHYA TECH LIMITED,        24.05,        26.50,-9.25
L,AGARWAL TOUGH GLASS IND L,        92.65,       102.00,-9.17
L,PRECISION CAMSHAFTS LTD.,       166.10,       182.75,-9.11
L,WE WIN LIMITED,        45.03,        49.50,-9.03
L,PARAS PETROFILS LTD.,         2.13,         2.34,-8.97
L,GRANULES INDIA LIMITED,       461.80,       506.95,-8.91
