SECURITY,NEW,PREVIOUS,NEW_STATUS
SGB2.50%MAY2025SR-I 17-18,8589.99,8580,H
DSPAMC - DSPN50ETF,278.3,275.64,H
CAPITAL INFRA TRUST,102.3,101,H
GOI TBILL 364D-11/09/25,96.69,96.28,H
TSI 9.35% 34 SR I-H,105776.23,105500,H
GOI TBILL 91D-17/04/25,99.2,99.09,H
RELCAPAMC - NETFGILT5Y,71,61.2,H
TAX FREE7.60% SR.IIB,1165,1164.77,H
SEC RE NCD 9.9% SR IV,1055,1048.1,H
SEC RE NCD 10.50% SR VI,1004,999,H
SEC RE NCD 9.71% SR VIII,999,979,H
SDL CG 7.38% 2032,100.97,100,H
SEC RE NCD 9.70% SR VIII,1180.4,1120,H
SEC RE NCD 9.65% SR.I,1080.5,1076.8,H
SEC RE NCD 9.57% SR.II,995,994,H
SAMBHAAV MEDIA LTD,6.97,5.85,H
EDELAMC - EBBETF0430,1499.8,1499,H
GOI TBILL 364D-12/06/25,98.1,98,H
2.50%GOLDBONDS2027SR-II,8708.78,8618.88,H
SEC RE NCD 10.15% SR I,1010,1009.8,H
GOI TBILL 364D-05/06/25,98.15,98.07,H
BLUE COAST HOTELS LIMITED,43.97,43.11,H
SEC RE NCD SR.V,1268.6,1267.6,H
JALAN TRANSOLU. INDIA LTD,13.9,13.7,H
NHB 8.68 NCD TR II SR 2 A,5963,5953,H
GOI TBILL 91D-10/04/25,99.33,99.18,H
2.50% GOLDBONDS2025SR-V,8599,8500,H
FRANTEMAMC - FICRF3GP,2.36,2.15,H
NORBEN TEA &EXPORTS LTD,46.22,45.32,H
GOI LOAN   6.64% 2027,101.75,101.2,H
GOI TBILL 364D-07/08/25,96.95,96.75,H
KANDARP DG SMART BPO LTD,65.1,64.4,H
LAXMI GOLDORNA HOUSE LTD,640,621,H
GOI TBILL 364D-15/08/25,96.64,96.61,H
GOI TBILL 364D-18/07/25,97.3,97.28,H
BOMBAY METRICS S C LTD,46.1,50,L
CMM INFRAPROJECTS LIMITED,2.2,2.3,L
TRANSWORLD SHIP LINES LTD,237,248.25,L
UNICOMMERCE ESOLUTIONS L,106,108,L
VAIDYA SANE AYUR LAB LTD,96.2,101.4,L
PERFECT INFRAENGINEER LTD,11.1,11.65,L
HERANBA INDUSTRIES LTD,236,238.2,L
MUSIC BROADCAST LIMITED,9.5,9.56,L
QUICKTOUCH TECHNOLOGIES L,51.35,52,L
RADIOWALLA NETWORK LTD,86,88,L
RAJSHREE POLYPACK LTD,24,25.5,L
RAPPID VALVES (INDIA) LTD,248.25,256,L
RAYMOND LIFESTYLE LIMITED,1080,1118.55,L
LINC LIMITED,105.75,106.7,L
DIGIDRIVE DISTRIBUTORS L,30.15,30.75,L
EDELAMC - ECAPINSURE,17.65,17.73,L
HP ADHESIVES LIMITED,45,47.27,L
POLYSIL IRRIGATION SYST L,15.45,15.7,L
NAMO EWASTE MANAGEMENT L,152.05,156.05,L
GLOSTER LIMITED,561.05,569.4,L
TBO TEK LIMITED,1180.1,1231.65,L
SANCO INDUSTRIES LIMITED,2.71,2.75,L
MIRAEAMC - MIDSMALL,40.67,41.23,L
MIRAEAMC - SMALLCAP,38.4,39.24,L
CREDO BRANDS MARKETING L,118,120,L
HARDWYN INDIA LIMITED,12.48,13.03,L
ICICIPRAMC - OILIETF,9.7,9.76,L
VISHAL MEGA MART LIMITED,95.99,96.7,L
STANLEY LIFESTYLES LTD,261,266,L
SADHAV SHIPPING LIMITED,105.05,109.05,L
SAMMAAN CAPITAL LIMITED,105.61,111.5,L
SARASWATI SAREE DEPOT LTD,99,100.92,L
RESTAURANT BRAND ASIA LTD,63,65.13,L
AKUMS DRUGS AND PHARMA L,445.05,470.15,L
SEC RE NCD 10% SR. V,990,1002,L
ANDHRA PAPER LIMITED,73.02,74.8,L
FORGE AUTO INTERNATION L,72.75,73,L
ADITYA BIRLA REAL EST LTD,1638,1770,L
PROTEAN EGOV TECHNO LTD,1268.55,1278,L
ARCHIDPLY DECOR LIMITED,66,70,L
GLOBESECURE TECHNO LTD,22.8,23.25,L
SIGNPOST INDIA LIMITED,223.7,231.3,L
IREDA 8.80NCDTR I SR IIIB,1200,1230.1,L
T T LIMITED,11.31,11.86,L
CANARYS AUTOMATIONS LTD,25.55,26.15,L
ORIENT CERATECH LIMITED,33.4,34.95,L
PRECISION METALIKS LTD,29.45,30.05,L
SHEELA FOAM LIMITED,708,715,L
NIDAN LABS AND HEALTH LTD,19.55,21.05,L
NUPUR RECYCLERS LIMITED,65.41,68.05,L
KOTAK PSU BANK,560.11,573.02,L
RACHANA INFRA LTD,26.1,27,L
RADIANT CASH MGMT SER LTD,59.56,60.6,L
DURLAX TOP SURFACE LTD,42.25,44.5,L
ZERODHAAMC - TOP100CASE,9.3,9.46,L
ICICIPRAMC - ICICIALPLV,24.27,24.89,L
NET AVENUE TECHNOLOGIES L,6,6.15,L
NIBE LIMITED,980.75,1001.3,L
NTPC GREEN ENERGY LIMITED,87.02,92.6,L
LAKSHYA POWERTECH LIMITED,177.4,186.65,L
MAHALAXMI FABRIC MILLS LT,28.57,30,L
MAXPOSURE LIMITED,59.1,61.1,L
MIRAEAMC - EVINDIA,25.5,26.2,L
TRANSINDIA REAL ESTATE L,24.73,28.05,L
CYIENT DLM LIMITED,391.2,399.7,L
INDIAN PHOSPHATE LIMITED,52.2,54.85,L
DOCMODE HEALTH TECH LTD,47.5,48,L
STEEL EXCHANGE INDIA LTD,7.7,7.8,L
SUBEX LTD,13.5,13.95,L
JAY BEE LAMINATIONS LTD,237.5,240,L
ARABIAN PETROLEUM LIMITED,69.5,70,L
ELEGANZ INTERIORS LIMITED,109.65,110.3,L
KNOWLEDGE MARINE & EN W L,1480.05,1511.25,L
AGS TRANSACT TECH LTD,19.97,21.03,L
AKI INDIA LIMITED,8.94,9.13,L
TECHERA ENGINEER (IND) L,147.75,150.75,L
S D RETAIL LIMITED,100.15,104.25,L
VERITAAS ADVERTISING LTD,70.2,212.85,L
BARFLEX POLYFILMS LIMITED,46.1,46.25,L
BINANI INDUSTRIES LTD,11.68,11.81,L
UNILEX COLOURS AND CHEM L,60,60.55,L
POPULAR VEHICLES N SER L,108.11,113.1,L
SICAL LOGISTICS LIMITED,90.21,94.96,L
INDIA PESTICIDES LIMITED,125.65,128,L
INSPIRE FILMS LIMITED,20.6,23.35,L
IRIS CLOTHINGS LIMITED,45.28,45.65,L
NANDAN DENIM LIMITED,3.11,3.37,L
VRAJ IRON AND STEEL LTD,146.65,156.5,L
WESTERN CARRIERS (IND) L,85.41,88.1,L
DSPAMC - DSPPSBKETF,56.16,57.78,L
ELIN ELECTRONICS LIMITED,109,115.98,L
ZERODHAAMC - MID150CASE,8.74,8.91,L
NAMAN IN-STORE (INDIA) L,78.15,82.2,L
OLA ELECTRIC MOBILITY LTD,55.68,56.37,L
GOPAL SNACKS LIMITED,273.85,278.95,L
SAI SILKS (KALAMANDIR) L,133.59,142,L
SALASAR TECHNO ENGG. LTD.,8.95,9.29,L
CUPID LIMITED,64.88,66.05,L
DECCAN TRANSCON LEASING L,53.2,55,L
DEEM ROLL TECH LIMITED,62,62.05,L
DELHIVERY LIMITED,243.6,252.05,L
HOAC FOODS INDIA LIMITED,114.5,116.85,L
INDO US BIOTECH LTD,190.58,192,L
INTERNATIO GEMM INS (I) L,389.3,394.75,L
MOTILALAMC - MOMENTUM50,44.4,45.9,L
MOTISONS JEWELLERS LTD,17.25,18.15,L
3I INFOTECH LIMITED,23.54,24.3,L
TOLINS TYRES LIMITED,117.66,121.3,L
SBIAMC - SBINEQWETF,27.69,28.07,L
ACCURACY SHIPPING LIMITED,7.52,8.01,L
AFCONS INFRASTRUCTURE LTD,408.75,412.5,L
MAZDA LIMITED,220.15,227,L
MEDICAMEN ORGANICS LTD,31.7,33.35,L
SITI NETWORKS LIMITED,0.58,0.6,L
GODAVARI BIOREFINERIES L,152.3,155.95,L
KBC GLOBAL LIMITED,1.12,1.15,L
OBSC PERFECTION LIMITED,158,212.25,L
ROSSELL TECHSYS LIMITED,260.1,266.25,L
ADDICTIVE LEARNING TECH L,179.05,188.45,L
SAGILITY INDIA LIMITED,41.3,41.31,L
DIVYADHAN RECYCLING IND L,49.2,51.75,L
INDEF MANUFACTURING LTD,217.45,228.9,L
KOTHARI PRODUCTS,67.35,70,L
BOROSIL SCIENTIFIC LTD,122.9,131.1,L
BULKCORP INTERNATIONAL L,63,64.1,L
CAPITAL SMALL FIN BANK L,266.1,270.1,L
CARRARO INDIA LIMITED,320.95,325,L
TRIDHYA TECH LIMITED,24,25.55,L
UTKARSH SMALL FIN BANK L,23.51,23.9,L
ORIENTAL CARBN & CHEM LTD,165.25,170.02,L
PENTAGON RUBBER LIMITED,61.1,62,L
PLAZA WIRES LIMITED,56.4,57.5,L
SIGMA SOLVE LIMITED,251,259,L
SINCLAIRS HOTELS LIMITED,76.69,80,L
IDEAFORGE TECHNO LTD,357.15,366,L
NEWJAISA TECHNOLOGIES LTD,58.6,60,L
KAMDHENU LIMITED,29.16,30.1,L
RAJNANDINI METAL LIMITED,5.45,5.73,L
REDTAPE LIMITED,143.45,149.1,L
CHAMUNDA ELECTRICAL LTD,42,47.25,L
COOL CAPS INDUSTRIES LTD,848.05,864.4,L
DIENSTEN TECH LIMITED,109.5,112,L
DRONE DESTINATION LIMITED,131.25,152.45,L
ZENITH DRUGS LIMITED,64.1,67,L
PLADA INFOTECH SERVICES L,21,21.05,L
YASONS CHEMEX CARE LTD,15.75,16.05,L
ONE MOBIKWIK SYSTEMS LTD,273.3,288.4,L
MANBA FINANCE LIMITED,128,129.24,L
GANDHAR OIL REFINE IND L,135.85,141.05,L
SUNLITE RECYCLING IND LTD,118.1,118.5,L
MIRAEAMC - MULTICAP,13.57,13.94,L
DANGEE DUMS LIMITED,4.88,4.95,L
DCG CABLES & WIRES LTD,68,69.3,L
YUDIZ SOLUTIONS LIMITED,44.65,46.3,L
ICICIPRAMC - ICICIQTY30,18.5,18.66,L
AARTECH SOLONICS LIMITED,58.25,59.2,L
SURAKSHA DIAGNOSTIC LTD,260.05,277,L
DAM CAPITAL ADVISORS LTD,213.05,219.45,L
KABRA JEWELS LIMITED,118.8,125,L
BAID FINSERV LIMITED,10.3,10.91,L
ATLANTAA LIMITED,34.29,35.95,L
RITE ZONE CHEMCON IND LTD,27.5,30.3,L
KONSTELEC ENGINEERS LTD,77.2,81,L
LAXMI DENTAL LIMITED,313.2,325.5,L
REVATHI EQUIPMENT INDIA L,1037.95,1080,L
ANUH PHARMA LIMITED,153.48,157.8,L
GANESH INFRAWORLD LIMITED,125,126,L
SEC RE NCD 9.48% SR V,910.2,924,L
SUPREME FACILITY MGMT LTD,37.05,38.25,L
SADHANA NITROCHEM LIMITED,24.45,24.77,L
BEST AGROLIFE LIMITED,254.45,263.6,L
KEN ENTERPRISES LIMITED,48.7,54,L
CELLO WORLD LIMITED,550.05,557.9,L
CIE AUTOMOTIVE INDIA LTD,370,388,L
VADIVARHE SPCLTY CHEM LTD,25.2,26.5,L
VAKRANGEE LIMITED,12.82,13.42,L
PAISALO DIGITAL LIMITED,34.07,36.6,L
HMA AGRO INDUSTRIES LTD,31.5,32.02,L
SECUREKLOUD TECH LIMITED,21.29,22.36,L
SHREE TIRUPATI BALAJEE L,51.76,54.1,L
VINEET LABORATORIES LTD,36,38.2,L
VISHWARAJ SUGAR IND LTD,9.8,10.21,L
PURV FLEXIPACK LIMITED,116,119,L
QUADPRO ITES LIMITED,3.35,3.4,L
RAGHAV PRODUCTIVITY ENH L,484,484.05,L
RAJPUTANA BIODIESEL LTD,237.45,241,L
DREAMFOLKS SERVICES LTD,254.2,256.35,L
ENERGY MISSION MACH IND L,199.5,208.65,L
ENVIRO INFRA ENGINEERS L,195.1,196.5,L
ICICIPRAMC - ICICIM150,18.08,18.35,L
OCCL LIMITED,66.31,68.61,L
ODIGMA CONSULTANCY SOL L,38.19,38.97,L
MANGLAM INFRA & ENG LTD,27.65,28.1,L
FUT LIFESTYLE FASH LTD,1.7,1.75,L
SANGINITA CHEMICALS LTD,10.26,11,L
MIRAEAMC - CONSUMER,9.91,10.01,L
TIMESCAN LOGISTICS IND L,47.75,49.7,L
DAVANGERE SUGAR COMPANY L,4.76,4.93,L
OSIA HYPER RETAIL LIMITED,24.66,25.7,L
INDIAN CARD,241.6,246.5,L
PALRED TECHNOLOGIES LTD,54.39,55.5,L
BABA FOOD PROCESSING,46,47.3,L
SONA MACHINERY LIMITED,86.3,90.25,L
SVP GLOBAL TEXTILES LTD,3.25,3.31,L
DHRUV CONSULTANCY SER LTD,83.93,84,L
GENERIC ENG CONS PROJ LTD,26.5,26.71,L
RUBFILA INTERNATIONAL LTD,67,67.02,L
FILATEX FASHIONS LIMITED,0.48,0.49,L
ACCENT MICROCELL LIMITED,211.65,222,L
EXICOM TELE SYSTEMS LTD,152.7,159.51,L
ANKIT MET & POW LTD,2.05,2.16,L
G-TEC JAINX EDUCATION LTD,30.27,30.89,L
GAJANAND INTERNATIONAL L,12.15,12.7,L
ADITYA ULTRA STEEL LTD,29.1,31.2,L
AERON COMPOSITE LIMITED,117,118,L
AGARWAL TOUGH GLASS IND L,92,93,L
MAMATA MACHINERY LIMITED,358.25,364.3,L
ALIVUS LIFE SCIENCES LTD,873.75,891.6,L
APEX ECOTECH LIMITED,106.05,110,L
GE VERNOVA T&D INDIA LTD,1319.85,1341.1,L
SHANKAR LAL RAMPAL LTD,60,60.05,L
ATLAS CYCLE (HARYANA) LTD,102.19,104.28,L
TWAMEV CONS AND INFRA LTD,40.45,40.51,L
URJA GLOBAL LIMITED,11.25,11.48,L
SABAR FLEX INDIA LIMITED,7.6,7.8,L
GROWWAMC - GROWWRAIL,30.75,31.98,L
SURATWWALA BUS GROUP LTD,39.64,41.73,L
DELTA AUTOCORP LIMITED,88.4,90.2,L
BIRLASLAMC-ABSLPSE,8.14,8.21,L
TUNWAL E-MOTORS LIMITED,37.2,37.5,L
VALIANT LABORATORIES LTD,79.7,85.82,L
VIRINCHI LIMITED,23.61,24,L
WELSPUN LIVING LIMITED,104.8,111.6,L
R R KABEL LIMITED,864.15,888.4,L
RAJGOR CASTOR DERIVATI L,20.5,20.9,L
RASHI PERIPHERALS LIMITED,253.05,265,L
CHANDAN HEALTHCARE LTD,154.9,158.6,L
ECOS (INDIA) MOB & HOSP L,171.34,173.64,L
ELECTRO FORCE (INDIA) LTD,38.05,39,L
ESAF SMALL FINANCE BANK L,28.56,29.06,L
ICICI PRUD NIFTY 100 ETF,24.86,24.89,L
FUSION FINANCE LIMITED,152.11,154,L
MIRAEAMC - BANKPSU,55.99,57.76,L
TRACXN TECHNOLOGIES LTD,52.51,57.72,L
DHAMPUR BIO ORGANICS LTD,61.06,63.61,L
MOTILALAMC - MOREALTY,78.8,80.7,L
8.75% TAX FREE TR I S IIB,1129.1,1146,L
SHREE RAM PROTEINS LTD.,0.98,1,L
BAWEJA STUDIOS LIMITED,56.6,61,L
BEACON TRUSTEESHIP LTD,68,70,L
SPANDANA SPHOORTY FIN LTD,250,265,L
SPP POLYMER LIMITED,22.7,23.1,L
STALLION IND FLUOROCHEM L,62.19,64,L
STERLITE TECHNOLOGIES LTD,85.52,86.92,L
SULA VINEYARDS LIMITED,250.25,260,L
DSPAMC - NEXT30ADD,32.37,32.78,L
K2 INFRAGEN LIMITED,107.35,109.5,L
KALAHRIDHAAN TRENDZ LTD,12.1,12.7,L
GOI LOAN 8.26% 2027,98,102.75,L
TIPS MUSIC LIMITED,567.6,595.8,L
EFFWA INFRA & RESEARCH L,162.7,171.25,L
RISHABH INSTRUMENTS LTD,207.1,213,L
SAAKSHI MEDTEC N PANELS L,145.1,150.3,L
ANMOL INDIA LIMITED,15.7,16.47,L
MOSCHIP TECHNOLOGIES LTD,146.25,156,L
ASPIRE & INNOVATIVE ADV L,27.1,27.2,L
VERTOZ LIMITED,8.47,8.76,L
SEC RE NCD 9.25% SR II,910.2,911,L
ENSER COMMUNICATIONS LTD,21.5,21.55,L
SEC RE NCD 10.25% SR II,963,972,L
SDL GJ 7.65% 2029,100.45,104.9,L
KOTAKMAMC - MSCIINDIA,26.06,26.26,L
RUCHI INFRASTRUCTURE LTD,7.25,7.5,L
BLS E-SERVICES LIMITED,151.55,162.72,L
USHA FINANCIAL SERVICES L,78,82.5,L
VENTIVE HOSPITALITY LTD,550,565.25,L
PAR DRUGS AND CHEM LTD,104.64,110.15,L
PARAMOUNT DYE TEC LIMITED,58,59.5,L
PARAMOUNT SPECIALI FORG L,48.3,52.1,L
SENCO GOLD LIMITED,285.7,295.75,L
PVR INOX LIMITED,866.3,901.15,L
BOSS PACKAGING SOLU LTD,42.2,44.4,L
CRAYONS ADVERTISING LTD,56,56.55,L
EDELAMC - EMULTIMQ,34.83,36.02,L
ESCONET TECHNOLOGIES LTD,189.4,199.35,L
YATRA ONLINE LIMITED,69,72.02,L
NATURAL CAPSULES LIMITED,208.9,212.1,L
NAVKAR URBANSTRUCTURE LTD,15.66,15.68,L
NEWMALAYALAM STEEL LTD,34.05,34.55,L
LMW LIMITED,13450.05,13771.6,L
LORENZINI APPARELS LTD,11.17,11.76,L
MASON INFRATECH LIMITED,80.25,85,L
HBL ENGINEERING LTD,430,448.15,L
SIS LIMITED,300.6,301.5,L
ABHA POWER N STEEL LTD,32.1,33.6,L
SHIVALIC POWER CONTROL L,143.75,150,L
SUKHJIT STARCH & CHEM LTD,189.1,196.1,L
DEBOCK INDUSTRIES LIMITED,2.33,2.43,L
DMCC SPECIALITY CHEMICALS,290,294.1,L
JNK INDIA LIMITED,280,302.5,L
KAMDHENU VENTURES LIMITED,10.87,11.3,L
GMR AIRPORTS LIMITED,67.75,67.81,L
ROTO PUMPS LIMITED,194,201.4,L
SAMEERA AGRO AND INFRA L,62,62.6,L
MAHINDRA EPC IRRIG LTD,114.85,117.55,L
KORE DIGITAL LIMITED,390.95,398.9,L
LOYAL TEXTILE MILLS LTD,218.1,219,L
TBI CORN LIMITED,109.15,118,L
QUEST LABORATORIES LTD,137.25,140,L
THINKING HATS ENTER SOL L,30.35,30.4,L
AURANGABAD DISTILLERY LTD,142,145,L
ONESOURCE SPECL PHARMA L,1211.5,1246.25,L
SAHASRA ELECTRONIC SOLU L,319.3,335.5,L
GUJARAT THEMIS BIOSYN LTD,212.93,231.12,L
CHEMCON SPECIAL CHEM LTD,188,195.44,L
CLEAN SCIENCE & TECH LTD,1187.1,1220,L
U. Y. FINCORP LIMITED,18.11,18.88,L
PHOENIX OVERSEAS LIMITED,22,22.15,L
HLE GLASCOAT LIMITED,241.05,251.5,L
SHEKHAWATI INDUSTRIES LTD,23.28,23.8,L
SHIPPING CORP OF ILA LTD,44.7,46.8,L
IRM ENERGY LIMITED,257.25,265.8,L
KOTAKMAMC - KOTAKALPHA,40.25,41.68,L
VINTAGE COFFEE N BVRGS L,79.83,86.14,L
VIPUL LIMITED,11.03,11.62,L
C2C ADVANCED SYSTEMS LTD,376.95,396.75,L
DSPAMC - TOP10ADD,87.75,89.28,L
HDFCAMC HDFCPSUBK,56.49,58,L
ICICIPRAMC - ICICIFMCG,53.53,54.62,L
NOIDA TOLL BRIDGE CO LTD,4.06,4.15,L
NURECA LIMITED,243.9,254,L
GO FASHION INDIA LTD,698.15,718.2,L
GROWWAMC - GROWWEV,25.48,26,L
TATA TECHNOLOGIES LIMITED,664.45,711.2,L
SINDHU TRADE LINKS LTD,14.6,15,L
ORBIT EXPORTS LIMITED,145.85,148.8,L
OSEL DEVICES LIMITED,217,221.4,L
DELPHI WORLD MONEY LTD,153.87,157.02,L
AXITA COTTON LIMITED,10.03,10.11,L
SOLEX ENERGY LIMITED,756.3,785,L
SPORTKING INDIA LIMITED,73.23,75.6,L
STANDARD GLASS LIN TECH L,126.75,129.61,L
ITALIAN EDIBLES LIMITED,30,30.1,L
UNIMECH AEROSPACE N MFG L,905,922.1,L
SANSTAR LIMITED,86.51,89.1,L
ART NIRMAN LIMITED,41.17,43.04,L
ATAM VALVES LIMITED,90.2,91.5,L
ANSAL PROP & INFRA LTD,6.47,6.8,L
KITEX GARMENTS LTD,161.12,169.61,L
SANATHAN TEXTILES LIMITED,295.1,305.5,L
UNIONAMC - UNIONGOLD,84.1,84.3,L
ROX HI TECH LIMITED,61.15,61.6,L
TRUST FINTECH LIMITED,95.2,97.15,L
PRATHAM EPC PROJECTS LTD,185.4,189.15,L

