SYMBOL,SYMBOL P/E,ADJUSTED P/E
PGEL,104.12,104.12
PAISALO,17.63,17.66
INDOTHAI,156.99,156.99
DSSL,18.94,18.94
JISLDVREQS,1.55,1.55
VIKASECO,28.82,28.82
KANANIIND,44.79,44.79
DBSTOCKBRO,19.89,19.89
IRFC,24.06,24.06
RHIM,,30.02
SCHNEIDER,70.91,75.63
VSSL,16.06,16.06
SPECIALITY,26.89,26.89
RTNINDIA,16.48,16.48
THEJO,37.19,37.19
MAYURUNIQ,14.91,14.91
TVSHLTD,7.25,7.25
ZUARI,4.74,4.74
CARERATING,28.5,28.5
INDUSTOWER,8.92,8.92
ATULAUTO,72.82,72.82
ORIENTCEM,57.17,57.17
ESSENTIA,27.24,27.24
MITCON,12.18,12.18
SREEL,24.17,24.17
AGRITECH,171.84,171.84
IREDA,29.17,29.17
AGARIND,11.05,11.05
SNOWMAN,197.56,197.56
INTELLECT,36.38,36.41
CCHHL,159.87,159.87
GREENLAM,54.77,54.77
LINC,17.47,17.47
HESTERBIO,43.67,43.67
MANAKSTEEL,33.54,28.64
IMAGICAA,49.3,44.21
LFIC,6.4,6.4
VIPULLTD,.78,.77
TPLPLASTEH,27.92,27.92
PNCINFRA,6.17,6.17
ORICONENT,108.28,102.41
SYNGENE,54.36,57.33
MUTHOOTCAP,8.68,8.68
POWERMECH,19.28,19.26
TTKHLTCARE,19.87,24.28
PILANIINVS,25.94,25.94
LALPATHLAB,46.66,46.66
TEAMLEASE,31.55,31.55
VIDHIING,53.44,53.44
GOKULAGRO,16.36,16.36
PDMJEPAPER,8.74,8.74
HECPROJECT,26.59,26.59
SAGARDEEP,48.73,48.73
SHRIPISTON,16.99,16.99
UNITEDPOLY,26.07,26.07
NAGAFERT,.18,.18
INCREDIBLE,15.62,15.62
MGL,12.39,12.39
COMPINFO,.58,.58
QUESS,23.3,22.8
SOMICONVEY,23.82,23.82
LLOYDSENGG,62.76,62.76
LTIM,31.6,31.6
GATECH,18.63,18.63
DBL,10.63,18.75
NDGL,32.47,31.32
BIGBLOC,75.31,75.31
MBAPL,59.05,59.05
CUPID,18.84,18.84
CROWN,10.61,33.73
ICICIPRULI,83.07,83.07
HPL,34.31,34.31
JAIPURKURT,12.41,12.41
SAKAR,36.19,36.06
PANSARI,75.87,75.87
ARTNIRMAN,75.28,75.28
GICL,81.72,81.72
PNBHOUSING,11.17,11.17
AGROPHOS,892.68,892.68
PODDARMENT,11.74,11.74
JETFREIGHT,10.01,10.01
SFL,55.11,93.91
TERASOFT,27.32,27.23
HISARMETAL,23.83,23.83
LIBAS,5.55,5.55
MAHESHWARI,12.1,12.1
BHANDARI,18.95,18.95
MCL,15.9,15.9
PRICOLLTD,28.76,28.76
STEELCITY,8.37,8.37
KRISHANA,20.77,20.77
GLOBAL,9.83,9.83
NITIRAJ,23.78,23.78
SANGINITA,328.18,328.18
AKASH,27.92,27.92
RADIOCITY,47.4,47.4
INTENTECH,13.9,13.9
LAXMICOT,181.02,216.46
WIPL,82.03,82.03
FOCUS,21.97,21.97
ASLIND,,1844.68
SIKKO,28.46,28.46
PANACHE,120.37,51.84
SCHAND,12.85,12.85
GLOBE,11.79,12.83
TEJASNET,19.57,19.57
AUBANK,21,20.36
THEINVEST,23.7,23.7
TOTAL,52.17,52.17
SIS,22.55,22.55
VAISHALI,350.7,350.7
GEEKAYWIRE,10.38,10.38
SERVOTECH,91.65,91.65
APEX,416.96,416.96
MANAV,16.29,16.29
MATRIMONY,23.64,23.64
MPTODAY,5.35,5.37
SBILIFE,61.1,61.1
AARVI,15.58,15.58
RKEC,7.24,7.24
GATECHDVR,3.8,3.8
GOLDSTAR,78.23,78.23
BETA,38.67,38.67
TIRUPATIFL,44.37,44.37
TCPLPACK,27.73,27.73
MILTON,117.07,117.07
DPABHUSHAN,31.55,31.55
TIINDIA,42.26,42.08
NAM-INDIA,24.99,24.99
5PAISA,17.32,17.32
AISL,19.71,19.71
VERTOZ,31.23,31.23
SILVERTUC,43.09,43.09
FELIX,38.57,38.57
ICEMAKE,40.23,40.23
SHRADHA,13.1,13.1
ONEPOINT,42.81,42.81
SHIVATEX,22.52,22.52
AJOONI,47.29,47.29
BCONCEPTS,66.64,66.64
SILLYMONKS,42.67,42.67
SOLEX,40.91,40.91
SOUTHWEST,33.51,35.3
ASTERDM,66.16,62.7
HINDCON,36.64,36.64
SARVESHWAR,27.88,27.88
MACPOWER,30.71,30.71
TARACHAND,20.87,20.87
SUNDARMHLD,24.54,24.54
HAL,25.04,25.05
URAVIDEF,279.49,279.49
MITTAL,37.01,45.44
GIRIRAJ,55.65,55.65
KAPSTON,31.25,31.25
LEMONTREE,45.55,45.55
AVG,10.05,14.97
MMP,20.72,20.72
NARMADA,17.11,17.11
PIGL,27.37,27.37
BSHSL,58.95,58.95
AAKASH,16.98,16.98
SOFTTECH,204.11,204.11
E2E,100.97,100.97
INDOSTAR,36.22,36.22
SIRCA,31.75,31.75
SVLL,379.11,379.11
LATTEYS,67.03,67.02
DIL,8.05,8.28
SONAMLTD,28.57,28.57
PRITI,24.14,24.14
ACCURACY,9.71,9.71
VARROC,69.1,33.8
GANGAFORGE,104.5,106.22
REPL,27.6,27.6
AVROIND,51.63,51.63
HDFCAMC,33.38,33.38
AARON,47.85,47.85
SUMIT,29.47,29.47
LAGNAM,15.74,15.74
RPPL,14.5,14.5
AKG,58.57,58.57
IRCON,19.73,19.73
AHLADA,9.43,9.43
SPECTRUM,142.88,142.88
AAVAS,23.77,23.77
KSHITIJPOL,,15.93
GRSE,38.01,38.01
KRITIKA,18.55,18.55
SILGO,21.07,21.07
VINNY,13.28,13.28
MARINE,58.44,58.65
ATGL,97.56,97.56
SHUBHLAXMI,19.2,19.2
SHRIRAMPPS,18.03,18.03
TREJHARA,19.69,760.05
AWHCL,18.17,18.17
CHALET,158.25,158.25
MSTCLTD,7.79,15.61
ARVINDFASN,35.02,35.02
KHFM,39.86,39.86
RVNL,60.09,60.09
METROPOLIS,54.96,54.96
KPITTECH,44.42,44.42
NEOGEN,91.45,91.45
PPL,9.93,9.93
DGCONTENT,12.15,12.15
OAL,22.46,22.46
DCMNVL,54.6,159.75
WEL,173.37,173.37
CHEMCON,31.13,31.13
WESTLIFE,965.56,965.56
DOLATALGO,5.62,5.62
UJJIVANSFB,6.49,6.49
MAZDOCK,32.44,32.44
SECL,141.35,141.35
SAFARI,72.55,72.55
360ONE,38.98,36.69
HPIL,103.08,103.08
SAMHI,63.73,68.53
FLUOROCHEM,89.28,89.28
GREENPANEL,48.3,48.3
CHEMBOND,18.31,18.85
MGEL,16.47,15.01
SBICARD,39.87,39.87
HOMEFIRST,23.02,23.02
CSBBANK,8.77,8.77
EASEMYTRIP,54.27,29.36
ROSSARI,25.39,25.39
PRINCEPIPE,41.24,41.24
PARKHOTELS,43.19,43.19
ARTEMISMED,46.95,46.95
SUMICHEM,45.86,45.86
LGHL,89.25,89.32
ASALCBR,29.95,29.95
UNIVPHOTO,6.88,6.88
BAFNAPH,41.41,38.23
POWERINDIA,156.22,156.22
STOVEKRAFT,62.5,62.5
KSOLVES,25.95,25.95
RAJRATAN,28.64,28.64
AARTISURF,39.23,77
GLAND,37.84,37.84
NDRAUTO,37.78,37.78
MAXHEALTH,97.95,93.16
AAATECH,39.47,39.47
BTML,30.13,30.12
UNIDT,34.67,34.67
SIGACHI,18.78,18.78
ADL,183.66,183.66
NIRAJ,15.97,15.02
CAMS,35.38,35.38
SURYODAY,5.84,5.84
UTIAMC,14.07,14.07
BECTORFOOD,58.22,58.22
ORCHPHARMA,44.29,44.29
INDIGOPNTS,36.43,36.43
HERANBA,22.41,22.41
MTARTECH,95.5,95.5
FAIRCHEMOR,34.95,34.95
KANPRPLA,22.29,22.29
STYLAMIND,20.89,20.76
CLSEL,13.58,13.58
CARYSIL,23.6,23.6
SHAILY,81.45,81.45
MODISONLTD,19.54,19.82
FIBERWEB,8.84,8.84
BCLIND,11.02,11.02
BHAGCHEM,167.49,167.49
SBCL,31.74,31.74
AADHARHFC,19.02,19.02
SMCGLOBAL,5.93,5.93
QMSMEDI,16.42,16.42
ARIHANTCAP,9.73,10.1
SIDDHIKA,14,14
NAZARA,105.15,104.02
IPL,23.99,23.99
GENCON,13.62,13.62
LODHA,47.44,47.44
HLEGLAS,37.01,37.01
BESTAGRO,32.84,32.84
SONACOMS,53.55,52.42
UTKARSHBNK,15.4,15.4
DRCSYSTEMS,18.39,18.39
PARAS,71.54,71.54
CRAFTSMAN,49,47.27
DODLA,25.47,25.47
JUBLINGREA,50.05,50.03
ROLEXRINGS,27.25,22.65
WALPAR,15.24,15.24
SHYAMMETL,21.88,21.88
KIMS,55.97,55.97
MAKS,102.46,43.5
JSFB,6.34,6.34
TATVA,112.31,112.31
CLEAN,50.34,50.34
ALIVUS,25.37,25.37
ABSLAMC,19.97,19.97
DEEPINDS,17.95,18.01
ZOMATO,333.38,333.38
PIXTRANS,17.32,17.32
MEDIASSIST,34.06,34.06
WINDLAS,26.95,26.95
CARTRADE,56.18,56.18
KRSNAA,30.56,30.56
DEVYANI,,1578.55
APTUS,21.17,21.17
SUPRIYA,28.9,28.9
ANMOL,10.37,10.37
BMETRICS,16.13,16.13
ABCOTS,57,57
VIJAYA,69.72,69.72
AMIORG,73.65,73.5
IWEL,35.23,33.62
SANSERA,35.16,35.16
BAJAJHCARE,,44.52
PRITIKAUTO,14.37,14.37
AAREYDRUGS,19.45,19.45
GRINFRA,8.31,10.48
INTLCONV,5.19,5.19
REXPIPES,17.34,17.28
STEELCAS,25.99,25.99
HPAL,22.6,22.6
UGROCAP,10.67,10.67
STARHEALTH,27.2,27.2
KPIGREEN,29.31,29.08
SGIL,36.23,36.23
SJS,23.83,23.83
FINOPB,19.84,19.84
NYKAA,713.29,713.29
AWL,27.99,27.99
SAPPHIRE,590.33,344.96
DKEGL,9.47,9.47
PRUDENT,38.66,38.66
MEDPLUS,65.16,65.16
RATEGAIN,29.05,29.05
LATENTVIEW,46.74,46.74
METROBRAND,76.71,76.71
MICEL,25.29,25.29
FOODSIN,27.85,27.85
PARADEEP,17.83,17.83
JAINAM,27.83,27.83
ABMINTLLTD,290.3,290.3
KRITI,180.61,180.61
GANESHBE,11.62,11.62
GVPTECH,60.48,60.48
KOTYARK,20.31,20.31
EMIL,28.75,28.75
PRECISION,12.03,12.03
UMAEXPORTS,16.66,16.37
DATAPATTNS,47.6,47.6
AHL,9.2,9.2
MALLCOM,18.72,18.72
NIDAN,,9.44
ASIANENE,37.28,35.38
SMLT,35.82,35.82
NRL,30.22,30.22
GPTHEALTH,22.45,22.45
CHOICEIN,64.85,64.85
HARIOMPIPE,17.97,17.97
CAPITALSFB,9.91,9.91
DELHIVERY,771.58,429.13
EMUDHRA,80.82,80.82
DYCL,26.62,26.62
STARTECK,23.27,23.27
VIRINCHI,36.17,36.17
DHRUV,31.36,31.36
ELIN,37.16,37.16
SHIGAN,20.57,20.57
MADHAVBAUG,26.38,26.38
SEJALLTD,46.51,46.51
RELCHEMQ,49.55,49.55
SYRMA,46.73,46.19
ZIMLAB,29.97,29.97
JTLIND,30.07,30.07
RAINBOW,55.24,55.24
TBOTEK,67.93,68.99
AETHER,101.62,59.84
ROTO,37.94,37.94
INDOBORAX,11.64,11.64
RACE,80.4,80.4
AVONMORE,20.82,20.82
DREAMFOLKS,20.31,20.31
KNAGRI,17.33,17.33
DHARMAJ,17.75,17.75
KRISHIVAL,41.55,41.55
OBCL,109.55,109.55
KCK,178.06,178.06
LICI,10.89,10.89
INDOAMIN,16.49,16.49
PROPEQUITY,17.03,17.03
SWARAJ,14.26,14.26
INOXGREEN,130.45,130.45
FEDFINA,15.83,15.83
BIKAJI,58.1,58.1
RITCO,18.87,18.87
SURAJEST,14.85,14.85
VEEKAYEM,26.99,26.99
RILINFRA,16.84,16.84
CHEVIOT,9.8,9.8
MUKKA,16.96,16.96
MEDICO,47.38,47.38
KFINTECH,44.85,44.85
DCXINDIA,53.36,53.36
KAYNES,99.75,99.75
NGLFINE,20.74,20.74
SABAR,3.86,3.86
FIDEL,22.85,22.85
AXITA,47.09,50.23
PLAZACABLE,152.09,152.09
SENCO,38.54,38.54
USASEEDS,17.81,17.81
TRU,14.72,14.72
RADHIKAJWE,18.98,18.98
SPLPETRO,25.44,25.44
RAMRAT,31.87,31.87
CSLFINANCE,8.27,8.27
AGNI,108.4,108.4
GOYALALUM,63.06,63.06
RUSTOMJEE,39.53,39.53
GENSOL,27.83,27.8
DBOL,46.02,38.72
KANDARP,57.83,57.83
SPORTKING,10.04,10.04
AIIL,6.34,6.34
MANORAMA,76.33,76.33
ISHAN,34.18,32.11
ARABIAN,9.91,9.91
INNOVACAP,34.17,34.17
GRMOVER,22.08,22.08
SYNCOMF,38.49,38.49
SULA,31.12,31.12
SIGNATURE,187.78,187.78
ANNAPURNA,32.96,32.96
KRITINUT,11.65,11.65
MEGAFLEX,37.41,37.41
KALAMANDIR,21.82,21.82
RAMAPHO,28.76,28.76
AVALON,94.72,94.72
RITEZONE,9.49,9.49
CONCORDBIO,50.65,50.65
GODIGIT,76.57,76.57
BAIDFIN,12.13,12.13
QUICKTOUCH,8.46,8.46
IPSL,35.33,35.33
KAMOPAINTS,40.12,40.12
DOLLEX,21.71,21.71
BLUEJET,58.24,58.24
MVGJL,10.44,10.44
SCPL,16.69,16.69
SUKHJITS,12.54,12.54
FROG,31.53,31.53
MANKIND,46.16,46.16
SKYGOLD,45.4,45.4
SATINDLTD,13.2,13.18
DIVGIITTS,51.08,51.08
PRITIKA,74.57,74.57
USK,17.78,17.78
ANLON,36.44,36.44
MOTISONS,41.93,42.34
SRIVASAVI,14.47,14.47
DIACABS,115.32,121.86
IKIO,37.07,37.07
MANOMAY,14.79,14.79
FAZE3Q,25.59,25.59
UMA,26.22,26.22
LLOYDSME,36.3,36.3
AARTIPHARM,26.91,26.91
RHL,44.81,44.81
SAHYADRI,13.92,13.92
SAHANA,41.43,41.43
NINSYS,34.96,34.96
HOMESFY,16.73,16.35
SBFC,28.95,28.95
SBGLP,71.73,71.73
ASMS,163.28,187.87
HYBRIDFIN,9.6,8.98
SHERA,35.36,35.36
INDGN,31.44,31.62
ZAGGLE,61.34,61.34
GANDHAR,16.84,16.84
AGARWALFT,25.76,25.76
HONASA,93.03,93.03
RISHABH,47.56,47.56
IRMENERGY,20.69,20.69
DENEERS,21.01,21.01
JGCHEM,19.11,19.11
AGUL,13.31,13.31
NIRMAN,18.88,18.88
RPTECH,8.62,9.01
SYSTANGO,17.4,17.4
RATNAVEER,17.24,17.24
SECMARK,43.48,43.48
SPECTSTM,23.6,23.6
CRAYONS,9.39,9.39
INFOLLION,34.09,34.09
INFINIUM,36.74,36.74
AARTECH,40.31,40.31
POCL,31.84,31.84
KRISHCA,23.05,23.05
TATATECH,45,45
REDTAPE,49.32,49.32
ASHOKAMET,4.43,4.43
CELLPOINT,170.83,170.83
TRIDHYA,8.92,8.92
PROV,50.87,50.87
PTCIL,304.98,302.89
PYRAMID,22.66,22.66
EMSLIMITED,18.49,18.49
EFACTOR,16.71,16.71
GHCLTEXTIL,14.07,14.07
UDS,18.94,18.94
DENTALKART,56.77,56.77
SYNOPTICS,14.36,14.36
SSFL,26.72,26.72
KIRLPNU,33.97,32.93
BALUFORGE,31.51,31.51
JSWINFRA,40.8,40.8
SANGANI,27.38,27.38
JLHL,48.79,49.21
NUVAMA,21.23,21.23
GLOBALPET,75.56,75.56
SERVICE,37.64,37.64
PRAMARA,28.12,28.12
NIITMTS,24.71,23.89
ZEAL,10.38,10.38
MARINETRAN,61.23,61.23
UNIHEALTH,19.14,19.14
ASKAUTOLTD,33.35,33.35
CHAVDA,16.76,16.76
ONDOOR,13.16,13.07
TRANSTEEL,18.23,18.16
SANDUMA,13.31,13.31
OLIL,30.7,30.7
RBZJEWEL,23.78,23.78
KARNIKA,45.79,45.79
SCML,15.06,15.06
SAAKSHI,29.98,29.98
HIGREEN,54.57,54.57
PLATIND,26.74,26.74
MUFTI,13.15,13.15
MUTHOOTMF,7.69,7.69
SRGHFL,17.9,17.9
MADHUSUDAN,17.85,17.85
GOYALSALT,17.72,17.72
WOMANCART,37.09,37.09
RCDL,31.35,31.35
BLSE,28.71,28.71
SHANTHALA,31.59,31.59
TREL,4.03,26.19
MARCO,24.02,24.02
DIAMINESQ,91.25,91.25
VISHNUINFR,19.11,19.11
KONTOR,37.63,37.63
RKSWAMY,34.55,34.55
MICROPRO,10.25,10.25
EPACK,74.55,74.55
HAPPYFORGE,30.02,30.02
IBLFL,55.94,55.94
INDIASHLTR,22.37,22.37
CELLO,33.9,33.9
CANARYS,15.98,15.98
DIGIDRIVE,17.97,17.97
DOMS,72.89,72.89
MAITREYA,43.79,43.79
DIGIKORE,23.3,23.3
LANCORHOL,24.51,24.51
AMNPLST,28.8,28.8
POLYSIL,8.53,8.53
SARTELE,37.71,37.71
VINYAS,114.15,114.15
SAIFL,8.72,8.72
JNKINDIA,50.68,50.68
PARAGON,14.96,14.96
INOXINDIA,41.75,42.89
GRAPHISAD,14.41,13.96
SHEETAL,34.66,34.66
ROXHITECH,7.01,7.01
JYOTICNC,59.08,57.77
BAJEL,113,92.27
DEEM,8.95,8.95
APS,49.7,49.7
ENTERO,56.15,56.15
TECHLABS,82.88,82.88
SIGNPOST,24.82,24.82
ROCKINGDCE,39.4,39.4
BABAFP,15.29,15.29
SHREEOSFM,15.18,15.18
HRHNEXT,34.51,34.66
MEGATHERM,23.92,23.92
OWAIS,34.02,34.02
VR,69.73,69.21
KLL,14.56,14.56
ZENITHDRUG,11.91,12.05
SJLOGISTIC,19.91,19.91
PURVFLEXI,23.1,23.1
KTL,5.2,5.2
SRM,20.3,20.3
AZAD,98.77,98.77
KONSTELEC,12.6,12.6
JUNIPER,86.16,86.16
KRYSTAL,9.97,9.97
VSTL,24.26,24.26
FONEBOX,28.41,28.41
INM,23.6,23.41
ITALIANE,15.08,15.08
SUPREMEPWR,20.82,20.82
KCEIL,28.55,28.55
MAXESTATES,842.24,842.31
CGRAPHICS,29.2,29.2
ACCENTMIC,14.39,14.39
COMSYN,24.31,24.31
LAWSIKHO,30.62,30.62
SADHAV,16.59,16.59
GOPAL,41.83,41.83
DAVANGERE,34.52,34.52
MAXPOSURE,32.5,32.5
ALPEXSOLAR,33.73,36.98
VHLTD,17.73,17.91
SONAMAC,12.19,12.19
SIGNORIA,12.69,12.69
TCL,16.94,16.94
ENSER,24.45,24.45
DELAPLEX,13.51,13.51
RULKA,15.96,15.96
NAMAN,12.92,12.9
SINCLAIR,27.78,27.78
SHREEKARNI,24.56,24.56
BLUEPEBBLE,19.67,19.67
DCG,32.16,32.16
AWFIS,82.53,144.64
RADIOWALLA,1.79,1.61
RBS,15.91,15.91
ASPIRE,5.65,5.65
ESCONET,51.55,51.55
MVKAGRO,7.54,7.54
ENFUSE,87.56,87.56
AVPINFRA,19.34,19.34
SILKFLEX,11.54,11.54
VISHWAS,22.06,22.06
TGL,23.53,23.53
TAC,120.65,120.65
EMMIL,19.36,19.58
YASHOPTICS,21.71,21.71
ALUWIND,25.35,25.39
PRLIND,16.64,16.89
IEML,26.42,26.42
ABSMARINE,36.68,36.68
VERITAAS,11.93,11.93
WINSOL,46.4,46.4
HOACFOODS,85.75,85.75
SLONE,19.83,19.83
EMKAYTOOLS,4.33,4.33
AURDIS,8.52,8.52
PROLIFE,12.19,12.19
PASHUPATI,178.8,178.8
RMDRIP,121.05,121.05
TIRUPATI,91.88,91.88
OMFURN,28.99,28.99
PULZ,12.31,12.31
SMVD,.89,
MHHL,11.04,11.04
MDL,36.48,35.47
MAHICKRA,43.19,43.19
PARIN,218.97,218.97
SURANI,70.79,70.79
ATMASTCO,39.96,39.96
PARTYCRUS,15.23,15.23
NPST,101.81,101.81
VMARCIND,19.84,19.84
BEWLTD,13.7,13.7
DUGLOBAL,83.34,83.34
DYNAMIC,23.64,23.69
JSLL,50.78,50.78
EUROBOND,24.68,24.68
SONUINFRA,16.09,16.09
LEMERITE,213.89,213.89
KRISHNADEF,46.17,46.17
AMEYA,19.53,19.53
SKP,354.23,354.23
MWL,13.99,13.99
ARISTO,14.95,14.95
SWASTIK,34.36,34.36
VIVIANA,53.53,53.53
KORE,43.82,43.7
ALLETEC,34.07,34.07
BAHETI,38.61,38.61
PHANTOMFX,14.35,14.35
AMIABLE,10.33,10.33
ARHAM,29.09,29.09
ARIHANTACA,26.68,26.68
CMNL,31.74,31.17
RBMINFRA,18.31,18.31
DUCOL,32.35,32.35
VIAZ,30.35,30.35
MCON,43.44,43.44
QFIL,14.53,14.53
YCCL,102.16,102.16
AUROIMPEX,14.08,14.08
SHRITECH,10.7,10.7
URBAN,16.64,16.64
ESFL,126.73,126.73
REMUS,32.25,32.25
PENTAGON,17.91,17.91
GREENCHEF,26.94,26.94
MAGSON,36.6,36.6
MONOPHARMA,15,15
CLSL,27.82,27.82
SAHAJ,15.48,15.48
KEL,39.61,39.61
VINSYS,19.63,19.63
SAROJA,26.23,26.23
ORIANA,27.03,27.03
BAWEJA,16.32,16.32
PLADAINFO,7.9,7.9
KODYTECH,89.96,89.96
AKANKSHA,210.46,210.46
MAL,12.19,12.19
CELLECOR,49.7,49.7
NEWJAISA,36.05,36.05
THERMAX,62.38,62.38
RIIL,121.77,121.77
RAYMOND,19.96,19.58
SHREDIGCEM,26.52,26.52
SESHAPAPER,13.83,13.83
SUNDRMFAST,36.57,36.57
CRISIL,48.94,48.94
LMW,125.93,125.93
NELCO,91.55,91.55
MAHSCOOTER,66.02,68.8
KECL,56.43,239.94
KCP,8.94,8.11
JBCHEPHARM,38.36,38.36
IONEXCHANG,33.58,33.58
IFBIND,34.46,34.46
HIMATSEIDE,16.96,16.96
BHARATFORG,57.82,52.15
FORCEMOT,16.96,16.96
ARVIND,27,27
TATAMOTORS,7.5,7.49
LINDEINDIA,119.18,119.18
ESCORTS,28.75,28.75
ASHOKLEY,21.74,22.04
ZUARIIND,,524.79
SUNDARMFIN,30.8,29.63
VEDL,8.86,9.85
RELIANCE,20.55,20.55
BATAINDIA,47.3,65.75
CARBORUNIV,44.1,52.15
BALMLAWRIE,13.7,13.7
MOTOGENFIN,43.59,43.59
RAMCOCEM,53.34,110.19
PGHL,37.48,36.12
ABREL,116.68,116.68
TORNTPHARM,54.29,54.29
EPL,24.43,23.37
VLSFINANCE,4.77,4.77
BALRAMCHIN,23.82,23.82
WEIZMANIND,21.29,21.29
BBOX,35.88,27.72
JTEKTINDIA,36.55,36.79
SAURASHCEM,173.62,173.62
ARE&M,18.03,19.5
BALKRISIND,29.28,29.28
GINNIFILA,,139.41
GVT&D,72.26,72.26
TAINWALCHM,55.52,55.52
KPIL,29.7,29.7
IGARASHI,65.21,65.21
NKIND,865.54,865.54
SOTL,23.38,23.38
KARURVYSYA,8.96,8.96
UFLEX,,7.07
THOMASCOOK,24.16,23.84
SIEMENS,64.59,64.59
VSTIND,14.05,18.81
TOKYOPLAST,138.79,138.79
IFCI,45.34,45.81
HLVLTD,35.31,38.79
HEIDELBERG,42.74,42.74
PIDILITIND,68.86,67.16
PCBL,31.71,31.68
HONDAPOWER,34.31,36.63
STYRENIX,18.37,18.37
GRAPHITE,18.08,18.08
ELECTCAST,7.52,7.52
COSMOFIRST,13.32,13.32
CIPLA,23.28,23.28
HDFCBANK,18.33,18.07
GIPCL,12.16,12.16
INDIANHUME,17.51,17.51
OSWALGREEN,74.37,74.37
HUHTAMAKI,15.66,23.32
KAMATHOTEL,22.14,23.45
APOLLOTYRE,19.19,18.16
PRECWIRE,29.26,29.26
NILKAMAL,24.09,24.09
SEAMECLTD,24.03,26.19
AUROPHARMA,17.93,17.6
GICHSGFIN,5.07,5.07
WSTCSTPAPR,6.4,6.4
GHCL,9.36,9.36
PRUDMOULI,30.08,27.56
TRANSWORLD,13.53,13.53
KEEPLEARN,140.3,140.3
PGHH,62.23,62.23
TFCILTD,14.27,14.27
NAVNETEDUL,3.93,14.71
AGI,14.61,14.61
TATACONSUM,80.37,70.8
KOTAKBANK,17.38,19.95
JAYSREETEA,8.8,41.36
FOSECOIND,31.07,31.21
ANDHRAPAP,12.49,12.49
GABRIEL,30.22,30.22
RALLIS,31.15,31.15
KSB,48.74,48.74
SURYAROSNI,15.4,15.4
SUDARSCHEM,56.86,82.9
INGERRAND,40.01,40.01
HINDUNILVR,49,50.86
AMBUJACEM,21.44,21.81
DCW,63.5,63.43
HEUBACHIND,27.89,27.89
BHEL,143.01,143.01
PVP,794.75,837.47
NAVA,8.66,8.66
GREENPLY,28.57,29.46
REMSONSIND,27.24,27.51
NATCOPHARM,7.66,7.66
MRF,25.57,25.57
TTKPRESTIG,43.31,43.31
SKFINDIA,33.53,33.53
JAYAGROGN,12.81,12.81
MARICO,49.44,49.44
MOTHERSON,21.61,21.61
STERTOOLS,19.09,19.09
SHRIRAMFIN,12.27,13.9
PUNJABCHEM,25.73,25.73
DYNAMATECH,53.2,104.98
JAGSNPHARM,27.19,38.96
GUJRAFFIA,42.54,42.54
KOTHARIPET,13.43,13.37
GAIL,9.71,11.76
KCPSUGIND,8.19,10.91
SAREGAMA,46.73,46.73
ENGINERSIN,28.47,28.47
JAICORPLTD,25.76,25.76
GMDCLTD,11.98,11.98
ASAHIINDIA,45.83,49.12
J&KBANK,4.98,4.98
CUB,9.96,9.96
ASTRAZEN,177.64,78.58
AXISBANK,11.15,11.15
KOKUYOCMLN,88.28,88.28
SANGHVIMOV,13.08,13.08
NATIONALUM,7.73,8.35
JINDALSTEL,21.54,21.54
ICDSLTD,68.31,68.31
BSOFT,21.71,21.71
ACCELYA,20.34,20.39
STAR,17.43,16.68
ZYDUSLIFE,19.43,19.43
RAJESHEXPO,127.18,127.18
IOB,27.68,27.68
GEPIL,56.04,56.04
BLBLIMITED,19.34,19.34
BLUESTARCO,71.04,72.28
PNBGILTS,6.56,6.64
NLCINDIA,12.23,12.23
KRBL,13.85,13.85
USHAMART,22.8,22.8
TRIDENT,45.8,45.8
GODREJCP,,55.67
OLECTRA,71.19,73.86
APTECHT,39.93,35.52
OFSS,30.57,30.57
OMAXAUTO,4.84,
BAGFILMS,46.73,46.73
WELSPUNLIV,16.76,16.76
IGL,20.2,20.2
UNIENTER,802.83,802.83
PTC,7.16,7.02
MAHABANK,7.01,7.01
EXCELINDUS,13.76,13.76
AMBICAAGAR,6.38,6.38
ULTRACEMCO,48.31,48.1
COFORGE,58.37,58.99
GUFICBIO,41.03,41.03
SUPRAJIT,40.91,40.91
JINDALPHOT,44.05,44.05
ALLDIGI,16.87,20.25
IIFL,17.76,7.15
WELCORP,23.74,23.5
JKPAPER,7.87,7.87
GRANULES,25.66,25.66
GEOJITFSL,11.01,11.01
MSPL,64.84,64.97
SASKEN,42.91,42.91
AURIONPRO,41.1,41.1
AIAENG,29.06,29.07
ORIENTCER,39.16,39.16
EKC,14.32,14.04
ENIL,77.67,77.67
JAGRAN,10.03,10.03
BLKASHYAP,21.27,23.13
SOLARINDS,67.25,67.25
SUNTV,13.22,13.22
BALPHARMA,19.9,19.9
KAMDHENU,13.88,13.88
EMAMILTD,29.78,29.78
VOLTAMP,29.62,29.62
SELAN,11.46,11.46
HOVS,17.4,17.4
TALBROAUTO,13.6,19.06
GEECEE,13.42,13.42
FIEMIND,19.35,19.35
NAUKRI,113.57,116.05
TORNTPOWER,27.24,27.24
LTFOODS,21.65,21.65
RUCHIRA,5.96,5.96
JINDRILL,19.52,19.52
AVTNPL,20.24,20.24
VEEDOL,20.3,19.51
SARLAPOLY,10.49,10.49
GANDHITUBE,12.33,12.33
UNOMINDA,56.08,57.72
ORIENTBELL,85.82,85.82
FSL,43.83,44.37
SMSPHARMA,26.48,26.48
LAOPALA,24.96,24.96
NAHARPOLY,23.45,23.45
BALAMINES,22.88,22.88
NDLVENTURE,397.98,397.98
ZENITHSTL,13.3,13.3
SRHHYPOLTD,10.4,9.95
HILTON,89.32,89.32
TIMETECHNO,22.21,22.21
DLF,64.82,88.72
ALPA,8.8,8.8
KPRMILL,33.89,33.89
MOTILALOFS,10.42,10.42
MAGNUM,11.41,17.48
DELTACORP,15.87,21.3
CERA,29.21,29.21
ADANIPORTS,23.04,21.92
RGL,19.18,19.18
KAUSHALYA,2.67,2.67
MADHAV,406.32,406.32
HITECHCORP,20.64,21.52
TARIL,75.34,75.34
DVL,12.83,12.83
PATINTLOG,15.27,15.27
ARIES,10.26,10.26
CEATLTD,23.23,21.32
JKIL,13.5,13.5
KNRCON,4.69,4.64
SEPC,99.72,60.56
GSS,20.48,20.48
VGUARD,46.24,46.24
DPSCLTD,81.26,81.26
TITAGARH,32.57,32.39
BAJAJFINSV,18.22,18.22
DIGISPICE,25.33,47.38
GOKUL,45.35,45.35
RBL,11.95,11.69
UBL,124.5,120.6
ZFCVINDIA,47.77,47.77
20MICRONS,9.98,9.87
COUNCODOS,81.52,81.52
TPHQ,23.66,23.66
AJMERA,22.86,22.86
NHPC,23.98,23.98
EXPLEOSOL,15.42,15.42
ZYDUSWELL,31.08,31.65
SARDAEN,24.81,24.78
AHLUCONT,13.67,24.67
GODREJPROP,38.05,38.05
NESTLEIND,66.97,70.02
WHIRLPOOL,37.74,36.19
JUBLFOOD,113.55,190.31
HATHWAY,32.33,31.88
PERSISTENT,64.64,64.64
KIRLOSBROS,32,31.64
SJVN,34.48,37.65
IITL,19.16,19.88
PRAKASHSTL,3.4,92.55
WELINV,65.15,65.15
SASTASUNDR,,8.42
RAMKY,11.69,11.69
ASHOKA,3.3,3.47
SHAH,6.74,37.42
RESPONIND,28.08,28.08
GRAVITA,43.42,43.42
ZEELEARN,1.33,6.06
HFCL,32.91,32.91
PIIND,26.98,26.98
OMINFRAL,42.56,42.56
DHANUKA,20.75,20.75
INVENTURE,13.71,12.62
BODALCHEM,116.79,96.79
BROOKS,142.01,142.01
SDBL,21.72,21.72
WONDERLA,31.85,31.85
HATSUN,75.84,75.84
GULFOILLUB,15.9,15.9
SUPERHOUSE,17.07,35.65
PDSL,25.62,26.08
MONTECARLO,16.35,16.35
APOLSINHOT,47.23,47.23
LAMBODHARA,14.86,14.86
MOLDTKPAC,25.59,25.59
GANECOS,33.69,33.69
MENONBE,22.16,22.16
MANAKCOAT,39.36,41.68
INOXWIND,70.97,64.77
BYKE,57.97,57.97
PRIVISCL,36.77,36.77
NILAINFRA,17.44,17.44
ADANIENSOL,134.88,35.52
PKTEA,28.94,28.94
SHARDAMOTR,14.77,14.77
INDIGO,28.21,28.21
SALZERELEC,24.45,24.45
ALKEM,25.1,24.99
QUICKHEAL,76.94,76.94
SEQUENT,163.37,174.77
HCG,108.7,113.71
WEALTH,19.22,18.81
PARAGMILK,17.82,17.82
BLS,29.98,29.98
CONTROLPR,20.88,20.89
AIRAN,12.29,12.29
ARIHANTSUP,25.95,25.95
EIFFL,164.8,164.8
CREATIVE,17.45,17.45
DEVIT,15.64,15.64
MKPL,22.76,22.76
INFOBEAN,21.03,21.03
ERIS,46.97,46.97
ACEINTEG,42.02,42.02
STEELXIND,23.44,23.44
MAGADSUGAR,8.15,8.15
WEWIN,33.33,33.33
ABCAPITAL,11.94,11.94
CHOLAHLDNG,6.83,6.83
WORTH,12.39,12.39
DPWIRES,13.33,13.33
AIROLAM,86.18,86.18
JASH,38.68,38.65
IEX,35.32,35.32
HDFCLIFE,76.2,76.2
ZODIAC,38.83,38.83
TOUCHWOOD,19.38,19.38
MOKSH,12.61,12.61
AMBER,80.05,80.05
SINTERCOM,311.56,311.56
ARVEE,74.32,74.32
IRISDOREME,31.68,31.68
UNIPARTS,15.77,15.77
NILASPACES,35.97,35.97
RPSGVENT,47.45,8.86
OSIAHYPER,14.6,14.6
PAR,8.79,8.79
POLYCAB,37.75,37.75
SWSOLAR,184.7,184.7
EMAMIPAP,10.76,10.76
CONFIPET,24.74,25.01
INDIAMART,22.67,22.67
SATIA,6.01,6.01
AFFLE,56,56
HNDFDS,58.82,58.82
IRCTC,44.77,45.04
DCI,24.96,24.96
IIFLCAPS,9.19,9.19
KUANTUM,7.77,7.77
APOLLOPIPE,50.71,50.71
ROUTE,17.09,17.39
SIGMA,14.83,14.83
EQUITASBNK,21.79,21.79
LIKHITHA,14.37,14.37
PATANJALI,57.13,57.13
ATALREAL,30.49,30.49
MAHEPC,136.85,133.05
SUVENPHAR,105.5,105.5
BHARTIHEXA,52.33,62.16
HAPPSTMNDS,47.89,49.95
BOROLTD,54.54,54.54
PAVNAIND,51.16,51.16
KALYANKJIL,72.88,72.88
SHAREINDIA,10.2,10.2
ANGELONE,14.82,14.82
ROML,48.41,48.41
RAILTEL,36.19,34.21
LXCHEM,37.09,37.09
ANURAS,50.22,50.22
ISGEC,28.16,28.16
PAKKA,20.48,20.48
YUKEN,41.62,41.62
ANANDRATHI,58.47,58.47
POLICYBZR,284.02,331.51
MONARCH,16.41,16.41
EPIGRAL,20.28,20.28
GOCOLORS,45.38,45.38
CMSINFO,19.07,19.07
TARSONS,54.44,54.44
TEGA,46.44,46.44
MANORG,36.56,36.56
PVSL,34.79,34.79
PASUPTAC,10.02,10.02
MAPMYINDIA,68.01,68.01
TMB,5.76,5.76
MANYAVAR,50.68,50.68
MEDICAMEQ,100.06,100.06
SHIVALIK,58.19,58.19
MEDANTA,63.17,63.17
IRIS,50.48,50.48
RADIANTCMS,13.89,13.89
GRWRHITECH,29.03,29.03
DCMSRIND,12.03,12.03
FIVESTAR,20.9,20.9
SBC,37.03,37.03
ELDEHSG,23.89,23.89
MHLXMIRU,14.83,14.83
GATEWAY,5.02,13.04
CAMPUS,68.1,68.1
VENUSPIPES,29.19,29.19
MEGASTAR,72.71,72.71
LANDMARK,71.83,
ETHOSLTD,64.07,64.07
MSUMI,33.03,33.03
HARSHA,28.08,28.08
GMRP&UI,4.09,
ACI,37.44,31.86
SADHNANIQ,211.72,211.72
HARDWYN,50.53,50.53
HMAAGRO,21.46,21.46
YATHARTH,27.84,27.84
YATRA,42.36,42.36
SAH,275.52,275.52
CYIENTDLM,54.18,54.18
LORDSCHLO,98.69,98.69
ATAM,16.17,16.17
LAL,15.97,15.97
DOLPHIN,23.22,23.57
PAGEIND,69.36,69.36
ASTRAL,71.39,71.39
NCLIND,20.68,18.06
ICRA,31.8,31.8
PHOENIXLTD,40.22,40.64
BFUTILITIE,9.54,9.54
ALPHAGEO,87.43,19.94
KMSUGAR,8.13,8.13
NAGREEKEXP,14.86,14.86
NELCAST,30.73,35.01
TARMAT,,91.06
MEGASOFT,80.8,80.8
CIEINDIA,18.08,18.08
INDOWIND,32.12,32.12
BVCL,29.15,29.15
ADANIPOWER,14.88,14.88
AMRUTANJAN,34.79,34.79
SHILPAMED,66.69,69.45
JSWENERGY,42.44,42.44
MMTC,75.57,71.74
MBLINFRA,2.3,
LGBBROSLTD,13.72,14.27
KSL,18.35,18.35
TI,23.85,22.84
BAJAJCON,16.85,16.85
KILITCH,28.18,28.18
GREENPOWER,57.61,56.15
JWL,32.57,32.57
PRESTIGE,60.99,60.99
IOLCP,19.72,19.72
JAMNAAUTO,16.24,16.24
PSB,33.85,33.85
SHEKHAWATI,.56,5.88
TEXRAIL,25.82,25.82
PFS,12.15,12.15
RELAXO,62.55,62.55
ASHIANA,218.22,165.45
LTF,13.59,13.59
ASAHISONG,32.02,31.56
VASWANI,12.92,12.92
PANAMAPET,10.54,10.54
SHAKTIPUMP,25.92,25.92
TRITURBINE,49.05,49.05
ESSARSHPNG,.87,56.8
POLYMED,67.87,67.87
RUPA,20.07,19.38
APLAPOLLO,62.92,62.92
MINDACORP,44.89,44.89
COMPUSOFT,186.76,186.76
NDL,9.87,9.87
NBCC,39.65,35.07
TBZ,16.03,16.03
SWANENERGY,13.79,13.79
KITEX,27.36,27.36
ROSSELLIND,10,9.93
DUCON,14.64,14.64
VETO,11.36,11.36
PCJEWELLER,16.58,16.58
REPCOHOME,4.99,4.99
JUSTDIAL,13.99,13.99
PILITA,64.04,64.04
JPOLYINVST,19.25,19.25
NATHBIOGEN,7.52,7.67
CASTROLIND,23.31,23.31
BUTTERFLY,284.27,197.11
CAPLIPOINT,28.25,28.26
GOCLCORP,10.36,9.52
SHARDACROP,19.18,19.18
CIGNITITEC,24.04,23.61
GOODLUCK,13.13,13.13
FCL,23.37,23.37
GULPOLY,43.12,43.12
GRPLTD,59.58,54.8
GENUSPAPER,134.83,134.83
VISHNU,23.33,23.33
JMA,6.94,6.94
MANAKALUCO,24.28,24.28
ZENTEC,44.9,45.29
AVANTIFEED,19.84,19.84
UFO,20.33,20.88
ARROWGREEN,13.57,13.57
ALANKIT,19.59,19.59
AYMSYNTEX,41.35,66.14
SATIN,5.58,5.58
SHREEPUSHK,17.87,17.87
IDFCFIRSTB,22.5,22.5
SHK,352.69,14.92
BALAXI,10.81,11.23
UMANGDAIRY,27.39,27.39
LINCOLN,12.65,12.65
NH,38.86,38.86
OCCL,8.8,8.8
HITECH,33.26,33.26
NECCLTD,18.71,18.71
KELLTONTEC,13.39,13.39
SIMBHALS,6.31,6.31
BHARATWIRE,13.05,13.05
INFIBEAM,23.2,23.2
CROMPTON,39.87,39.87
ALBERTDAVD,12.03,12.03
ASPINWALL,11.61,11.61
PREMEXPLN,59.49,59.49
MOLDTECH,17.87,17.87
POKARNA,23.47,23.47
GPTINFRA,18.24,18.24
GROBTEA,6.63,6.63
MINDTECK,21.71,20.61
ADVENZYMES,22.45,20.91
SPAL,18.51,18.51
RBLBANK,9.95,9.95
LTTS,37.99,37.99
GNA,13.52,13.52
MARATHON,12.85,12.85
ENDURANCE,31.72,31.72
MAZDA,16.18,16.18
VBL,57.52,57.52
KINGFA,23.87,23.87
NBIFIN,78.61,78.61
TCIEXP,25.02,25.02
LAURUSLABS,149.5,149.5
ITDC,60.19,60.13
CAPTRUST,88.18,88.18
BSE,82.79,82.79
JITFINFRA,28.43,50.52
DMART,83.91,83.91
TASTYBITE,107.31,107.31
CLEDUCATE,61.82,56.95
NRAIL,11.49,11.49
DOLLAR,23.45,23.6
BHAGYANGR,20.8,20.8
PSPPROJECT,36.96,36.96
NOVAAGRI,15.29,15.29
NETWEB,83.15,83.15
AEROFLEX,46.35,46.35
VPRPL,18.8,18.8
ATL,20.71,19.61
RRKABEL,38.69,38.69
SCILAL,50.67,50.67
YASHO,105.42,105.42
SINDHUTRAD,30,29.99
VLEGOV,,512.49
MUFIN,67.57,65.88
FLAIR,19.16,19.16
JIOFIN,119.08,119.08
PFIZER,30.1,30.1
BOSCHLTD,39.09,39.11
DEEPAKFERT,14.66,14.66
MAHSEAMLES,10.96,10.96
DICIND,32.68,33.67
BEML,40.89,40.89
CENTENKA,14.48,14.48
VTL,14.29,14.29
FEDERALBNK,10.8,10.8
BIRLACABLE,87.78,87.78
AEGISLOG,37.95,37.95
HONAUT,56.31,56.31
SUNPHARMA,34.41,33.36
HCC,16.48,
ADANIENT,62.69,59.6
EICHERMOT,35.06,35.06
ZENSARTECH,28.01,28.01
BLUEDART,52.55,52.55
HSCL,40.45,40.45
ARENTERP,19.66,19.66
TATAPOWER,31.45,30.33
WIPRO,24.65,24.65
JUBLPHARMA,23.36,19.11
MURUDCERA,27.77,27.77
LIBERTSHOE,42.45,31.28
MODTHREAD,29.76,29.76
MANGLMCEM,43.66,43.66
3PLAND,36.73,36.73
SAIL,25.63,16.52
IDBI,10.65,10.65
DHAMPURSUG,14.63,14.63
CHOLAFIN,29.87,29.87
ORIENTHOT,58.54,58.54
KANSAINER,16.64,30.33
SCHAEFFLER,51.23,51.23
MFSL,112.42,112.42
GODFRYPHLP,34.36,32.74
SHREECEM,83.4,83.4
HINDALCO,10.22,9.78
FINPIPE,14.15,24.7
CGPOWER,95.15,94.51
BEL,37.27,37.27
DALMIASUG,9.74,9.74
SWARAJENG,21.02,21.02
GARFIBRES,33.26,33.26
TNPETRO,14.23,16.04
EIMCOELECO,17.44,17.44
SILINV,14.12,14.12
BIOFILCHEM,123.21,123.21
SUNDRMBRAK,75.94,75.94
SOMATEX,1.46,
AARTIDRUGS,22.12,22.12
HITECHGEAR,24.98,24.95
DENORA,96.66,96.66
MIRZAINT,208.08,208.08
GANESHHOUC,17.06,17.06
MPHASIS,27.38,27.38
MADRASFERT,5.92,6.1
BANKINDIA,5.37,5.37
TAJGVK,31.78,31.78
AXISCADES,56.72,55.42
TIPSMUSIC,47.84,47.84
GOLDTECH,26.36,
UNITDSPR,68.98,65.9
MPSLTD,31.97,31.97
PNB,6.65,6.65
UNIONBANK,5.42,5.42
DIVISLAB,72.12,72.12
UCOBANK,19.42,19.42
JAIBALAJI,15.77,15.77
UPL,792.05,30.4
POONAWALLA,128.71,128.71
DATAMATICS,16,18.29
TCS,26.67,26.67
INDSWFTLTD,1.24,1.24
KOTARISUG,17.39,22.62
PATELENG,10.43,10.2
EVEREADY,28.15,28.15
MANGALAM,15.24,15.24
JSWHL,109.22,109.22
NECLIFE,35.88,35.88
INSPIRISYS,14.36,14.36
AARVEEDEN,20.14,20.14
DONEAR,11.97,11.97
HIRECT,47.47,47.47
HBLENGINE,44.9,42.27
LUMAXTECH,17.72,17.72
PITTIENG,26.58,26.58
TTL,18.55,35.75
INDIANB,6.83,6.83
OSWALAGRO,18.65,18.65
JINDALSAW,8.37,8.37
RUBYMILLS,14.86,14.86
CANFINHOME,9.2,9.2
BBL,22.36,22.36
DCMSHRIRAM,27.13,27.13
DABUR,50.43,50.43
HEROMOTOCO,16.87,16.87
HARRMALAYA,2423.95,44.95
GMBREW,9.39,9.39
ITC,24.87,24.86
HINDCOMPOS,17.86,17.86
IOC,17.89,22.27
RICOAUTO,29.6,29.09
IFBAGRO,24.22,24.22
BANCOINDIA,14.46,14.46
MANINDS,13.26,13.26
SIYSIL,14.37,14.37
SHANTIGEAR,32.25,32.25
ONWARDTEC,29.14,29.14
NCC,13.51,13.18
ICIL,16.97,16.97
ELGIEQUIP,44.84,44.84
BBTC,6.04,5.88
EIHOTEL,28.98,29.25
LICHSGFIN,5.49,5.49
BEPL,14.38,14.38
BANARBEADS,24.58,24.58
MOREPENLAB,20.83,20.83
21STCENMGM,1.85,1.85
VENKEYS,17.01,17.01
PRAJIND,34.59,37.67
HIL,,59.14
BPL,22.03,22.03
VESUVIUS,31.65,31.65
BOMDYEING,5.02,37.33
GTL,1.2,19.01
ZEEL,18.28,15.29
INDHOTEL,56.83,66.26
LYKALABS,105.26,104.45
GILLETTE,55.8,55.8
GOLDENTOBC,9.69,10.99
ESABINDIA,41.13,41.13
AARTIIND,39.1,39.44
PRAKASH,7.47,7.47
HEG,34.22,34.22
VARDMNPOLY,31.57,31.57
TIMKEN,47.2,47.2
SAKHTISUG,2.51,
AKZOINDIA,34.28,34.28
HINDZINC,18.53,18.41
GRASIM,20.65,19.53
FINCABLES,19.08,26.39
DCM,19.06,19.06
CESC,12.21,12.21
BAJFINANCE,33.63,33.63
CORALFINAC,6.74,6.74
KHAITANLTD,7.13,7.13
ANDHRSUGAR,31.08,28.09
STARPAPER,5.11,5.11
AUSOMENT,12.31,12.31
CUBEXTUB,25.28,25.28
KEYFINSERV,6.05,6.05
SANGAMIND,45.42,39.3
CREST,10.79,10.79
WENDT,50.25,50.25
TVSSRICHAK,60.33,49.33
GUJAPOLLO,31.93,31.93
MMFL,12.99,13.04
JCHAC,86.87,84.01
HERITGFOOD,18.43,18.05
BANKBARODA,5.21,5.21
INDNIPPON,17.47,17.47
CONCOR,31.71,31.06
HUDCO,12.94,12.94
INDSWFTLAB,2.15,124.16
FDC,23.15,23.15
ADROITINFO,12.96,12.96
MAHAPEXLTD,13.38,16.12
INDUSINDBK,11.24,11.24
TRIGYN,9.03,8.75
SOUTHBANK,5.15,5.15
ITDCEM,26.25,26.25
CYIENT,22.02,22.02
SONATSOFTW,25.09,25.09
CYBERTECH,15.9,15.9
ALLCARGO,115.74,68.88
MUNJALAU,10.63,13.12
TECHM,41.21,41.31
GRINDWELL,44.35,44.35
ACE,34.05,34.05
ANANTRAJ,42.21,42.21
BINANIIND,6.99,
ALICON,21.72,21.72
JMFINANCIL,,10.96
DCBBANK,5.65,5.65
GESHIP,4.14,4.14
VENUSREM,11.69,14.62
NFL,25.21,25.21
PARACABLES,17.5,17.5
TANLA,11.9,11.9
PTL,15.15,15.15
AUTOIND,15.41,13.87
TIIL,22.48,21.88
REDINGTON,16,16
TFL,169.94,169.94
AMDIND,81.12,81.12
JKTYRE,12.73,11.93
THEMISMED,43.89,43.89
BANSWRAS,19.36,19.36
FORTIS,57.16,55.43
WEBELSOLAR,86.92,79
INSECTICID,12.36,12.38
NAVINFLUOR,70.86,70.86
V2RETAIL,82.92,82.92
ADSL,21.57,21.57
CENTRALBK,10.97,10.97
NAGREEKCAP,1.04,1.04
MANGCHEFER,12.28,12.28
MAANALU,26.61,26.61
BAJAJELEC,70.94,70.94
RELIGARE,35.24,243.11
KOLTEPATIL,120.28,120.28
COLPAL,46.47,46.47
JYOTHYLAB,32.96,32.96
KALYANIFRG,28.92,28.92
ECLERX,27.11,27.11
BRIGADE,37.27,37.27
MANAKSIA,7.08,5.45
AMBIKCO,11.86,11.86
BIRLAMONEY,10.59,10.59
RPOWER,5.8,
CORDSCABLE,16.79,16.79
HERCULES,22.05,22.05
IRB,4.06,28.61
NMDC,8.86,8.83
NAHARCAP,12.47,12.47
RECLTD,6.37,6.37
NESCO,16.18,16.18
BAJAJ-AUTO,28.63,28.63
RPGLIFE,46.35,42.2
ALMONDZ,49.67,49.67
RANEENGINE,50.94,21.29
LOTUSEYE,242.94,254.31
VINYLINDIA,18.81,18.81
JOCIL,60.93,60.93
MAWANASUG,3.46,8.46
MHRIL,43.92,43.92
VINATIORGA,41.72,41.72
EXCEL,40.12,40.12
GLOBUSSPR,143.92,143.92
RTNPOWER,.47,39.69
SUNTECK,27.47,27.47
REFEX,35,35.05
DLINKINDIA,13.29,13.29
HINDCOPPER,51.07,51.07
BEARDSELL,13.9,13.9
UNITEDTEA,10.49,10.49
THANGAMAYL,51.7,51.7
EMMBI,20.12,20.12
DHANBANK,22.83,22.83
STCINDIA,19.37,11.11
RSSOFTWARE,10.19,10.19
IVC,47.07,47.07
ALEMBICLTD,17.21,17.21
NIPPOBATRY,2.62,2.62
HCLTECH,25.88,25.88
NRBBEARING,17.37,18.15
BIL,40.62,40.62
KTKBANK,4.97,4.97
AJANTPHARM,36.03,36.03
CALSOFT,30,30
TVSMOTOR,51.41,51.41
PNC,77.26,77.26
CHENNPETRO,22.03,22.03
GAEL,15.42,15.42
MRO-TEK,41.63,41.63
KHANDSE,39.33,39.33
MARKSANS,25.98,25.98
SMARTLINK,12.84,12.84
JISLJALEQS,108.25,108.25
LUPIN,29.85,29.85
TCI,22.87,22.71
BHARTIARTL,41.64,54.53
PONNIERODE,9.2,9.2
TIMESGTY,73.69,73.69
NUCLEUS,15.51,15.51
CANBK,4.4,4.4
GODREJIND,24.4,24.4
RADICO,89.62,89.62
MARUTI,27.24,27.24
VARDHACRLC,23.37,23.37
JSL,20.39,20.38
TVTODAY,11.93,11.46
SIL,137.37,137.37
PETRONET,12.6,12.6
BIOCON,31.32,32.54
XPROINDIA,53.78,51.64
RKFORGE,31.51,31.45
CCL,28.3,28.3
LT,26.66,26.77
NIITLTD,33.31,33.31
GULFPETRO,8.23,8.23
ASTRAMICRO,48.71,48.71
WELENT,16.26,16.26
JBMA,58.4,58.4
XCHANGING,21.91,21.91
JSWSTEEL,68.55,63.56
JPPOWER,7.66,6.16
GOKEX,39.16,39.16
SHOPERSTOP,177.24,159.05
SURYALAXMI,79.08,30.92
YESBANK,25.09,25.09
SPLIL,9.99,9.99
FCSSOFT,196.01,52.74
SUZLON,62.15,60.73
TRIVENI,36.3,36.3
NAHARINDUS,20.22,18.89
VIMTALABS,33.58,33.58
KERNEX,292.99,292.99
NITINSPIN,10.46,10.46
ROHLTD,21.23,21.23
GSPL,7.83,8
GVKPIL,.96,11.58
SAKUMA,12.09,12.09
KEC,40.59,40.59
JKCEMENT,47.78,55.82
INDOTECH,32.91,32.91
M&MFIN,14.45,14.45
CENTURYPLY,79.15,76.87
KEI,44.88,44.87
VAKRANGEE,239.74,228.25
GALLANTT,20.3,20.3
UTTAMSUGAR,11.37,11.37
KKCL,19.18,19.18
GPIL,13.6,13.61
RSYSTEMS,28.89,28.89
LOKESHMACH,60.12,60.12
SWELECTES,20.84,140.96
RATNAMANI,31.7,31.7
PIONEEREMB,25.72,25.72
JKLAKSHMI,29.21,29.21
CDSL,43.72,43.72
DYNPRO,22.54,22.54
SALASAR,32.89,32.89
GANGESSECU,25.3,25.3
OPTIEMUS,68.5,68.5
SMSLIFE,15.98,15.98
DIXON,97.88,123.76
CAPACITE,13.67,13.67
ICICIGI,67.76,67.76
DIAMONDYD,,182.67
MASFIN,14.46,14.46
NIACL,24.84,24.84
KHADIM,107.91,107.91
SHALBY,71.04,71.04
NEWGEN,44.91,44.91
GALAXYSURF,25.66,25.66
GMMPFAUDLR,45.02,45.02
BDL,65.93,65.93
BANDHANBNK,8.88,8.88
SANDHAR,15.97,16.77
ISEC,12.51,12.51
MIDHANI,47.43,47.43
CHEMFAB,145.94,145.94
ORIENTELEC,67.54,67.54
ADANIGREEN,84.04,72.2
GAYAHWS,,1.11
FINEORG,25.36,25.33
RITES,24.86,24.91
CREDITACC,17.59,17.59
SIGIND,12.8,12.8
TECHNOE,34.44,34.44
DALBHARAT,55.95,47.63
ANUP,44.98,44.98
PENINLAND,45.16,44.3
WHEELS,13.67,13.67
PREMIERPOL,26.67,26.67
SMLISUZU,12.86,12.86
FACT,,578.94
EXIDEIND,37.75,37.75
ELECON,26.96,26.96
PEL,42.13,
MASTEK,18.82,19.35
LUMAXIND,40.58,40.58
TRENT,94.62,132.85
CUMMINSIND,44.62,44.62
JAYBARMARU,31.61,31.61
INFY,26.46,26.46
INDIAGLYCO,20.01,20.01
IGPL,13.57,13.57
GNFC,14.33,14.33
BPCL,8.19,8.02
BASF,30.35,30.86
ATUL,38,38
ACC,13.2,14.53
SCI,7.58,7.58
MRPL,24.15,23.95
HINDPETRO,10.29,10.29
RELINFRA,34.91,
BAJAJHLDNG,88.72,88.72
VOLTAS,51.61,51.61
TITAN,88.41,88.41
TATASTEEL,72.85,60.38
SPIC,18.91,12.76
SBIN,7.77,7.77
NOCIL,24.56,24.56
DRREDDY,17.3,17.3
CHAMBLFERT,15.31,15.31
HINDOILEXP,14.78,18.21
COROMANDEL,29.15,29.15
VINDHYATEL,16.06,16.06
ASIANPAINT,51.27,49.72
ADORWELD,26.69,24.16
TATACHEM,,39.08
ATFL,349.27,312.61
SUPREMEIND,49.59,49.59
SRF,73.76,73.76
UNICHEMLAB,,44.99
PRECOT,12.64,15.71
TATAELXSI,42.81,42.81
SANDESH,6.31,6.33
APOLLOHOSP,67.48,67.48
IVP,12.65,12.65
INDBANK,15.96,15.96
RAJSREESUG,12.16,12.16
ONGC,7.19,6.96
TIL,8.03,168.66
BANARISUG,48.06,48.06
JINDALPOLY,10.77,18.24
BSL,16.99,16.99
JAYNECOIND,248.06,103.52
APCOTEXIND,32.44,32.44
RCF,25.35,26.95
DECCANCE,442.19,77.52
ADVANIHOTR,20.96,20.96
SUNFLAG,24.66,24.66
SPMLINFRA,38.2,40.17
BHARATRAS,27.32,27.32
UNIVCABLES,37.33,37.33
SOMANYCERA,24.62,25.06
M&M,27.87,27.87
KABRAEXTRU,32.45,32.45
MANINFRA,19.3,19.3
ISFT,14.05,14.05
MANAPPURAM,8.95,8.95
UMESLTD,115.39,115.39
HMVL,14.47,14.47
BLISSGVS,20.2,8.66
AHLEAST,8.35,8.35
ADFFOODS,32.99,32.99
ORISSAMINE,662.84,662.84
CAREERP,9.7,9.7
CANTABIL,29.41,29.91
BEDMUTHA,16.51,16.51
OBEROIRLTY,21.33,21.33
COALINDIA,6.6,6.6
PENIND,19.7,19.7
RPPINFRA,6.74,6.74
MOIL,17.29,17.29
KIRLOSENG,16.95,17.81
RKDL,38.72,38.72
SURANASOL,261.41,261.41
KICL,21.99,29.15
STEL,44.36,44.36
HINDMOTORS,15.16,15.16
MUTHOOTFIN,17.42,17.42
VADILALIND,18.59,18.59
VSTTILLERS,25.38,25.47
MAITHANALL,3.12,3.12
ELGIRUBCO,29.94,
FILATEX,13.69,13.69
APLLTD,25.32,25.75
VRLLOG,31.42,31.42
SKIPPER,35.34,35.34
RAMASTEEL,67.73,67.73
ARVSMART,27.33,27.33
GUJGASLTD,20.65,21.39
LUXIND,23.12,23.12
KRIDHANINF,1.1,134.56
PRECAM,102.04,118.63
BHAGERIA,24.07,24.07
KDDL,23.43,23.41
THYROCARE,35.58,35.53
ARMANFIN,14.93,14.93
SALONA,18.26,18.26
DAMODARIND,18.88,18.88
SHANKARA,17.98,17.98
STARCEMENT,62.67,62.67
GTPL,22.65,22.65
AVADHSUGAR,10.91,10.91
COCHINSHIP,42.64,42.64
BRNL,2.75,2.75
GODREJAGRO,40.28,40.28
GICRE,9.1,9.1
IFGLEXPOR,26.61,26.61
DNAMEDIA,.47,
APOLLO,63.85,63.85
HGINFRA,11.85,11.85
KSCL,17.41,17.41
POWERGRID,15.31,15.31
ENERGYDEV,,129.52
EDELWEISS,15.4,15.4
OIL,8.15,8.16
DEN,7.49,7.49
GILLANDERS,7870.91,
DBCORP,8.86,8.86
TRF,12.65,12.65
VASCONEQ,7.29,16.4
TEXMOPIPES,29.75,10.8
KIRLOSIND,12,11.38
IMFA,8.51,8.51
GPPL,18.39,16.88
DEEPAKNTR,34.33,37.35
WABAG,31.18,30.78
CGCL,35.44,35.44
JINDWORLD,421.33,421.33
A2ZINFRA,24.93,
SUMMITSEC,18.75,16.88
DHUNINV,9.99,10.02
SYMPHONY,41.93,32.03
RUSHIL,16.32,16.32
TDPOWERSYS,32.85,32.85
RANEHOLDIN,8.51,80.34
SHREYANIND,5.44,5.44
ASHIMASYN,4.15,4.15
NEULANDLAB,46.85,58.72
BERGEPAINT,54.3,54.3
JYOTISTRUC,55.74,55.74
MUNJALSHOW,16.67,16.67
RANASUG,14.92,14.92
WSI,946.92,206.06
SUBROS,28.78,28.78
SIMPLEXINF,11.34,11.34
TATACOMM,35.55,37.09
SANOFI,30.36,28.45
KAJARIACER,37.86,37.86
POLYPLEX,8.94,8.94
EIHAHOTELS,24.81,23.85
ABB,58.16,58.16
BRITANNIA,53.21,52.76
GLAXO,51.68,51.99
FMGOETZE,12.49,12.49
3MINDIA,51.62,51.62
AMJLAND,14.03,14.03
KOPRAN,17.66,17.66
TATAINVEST,126.81,126.81
IPCALAB,47.92,47.36
GSFC,13.19,13.36
EIDPARRY,7.71,7.71
BIRLACORPN,32.95,33.9
ASHAPURMIN,13.95,17.23
TNPL,60.54,60.54
AUTOAXLES,15.92,15.92
ALKYLAMINE,46.29,46.29
RAMCOIND,23.6,23.6
INDRAMEDCO,23.22,23.22
SKMEGGPROD,12.18,12.18
ICICIBANK,16.58,16.58
HAVELLS,64.99,64.99
HIKAL,56.94,56.94
ASAL,37.39,37.39
SURANAT&P,26.84,26.96
GENESYS,54.02,54.02
NSIL,34.39,34.39
MUKANDLTD,14.57,14.57
VAIBHAVGBL,27.02,26.45
APARINDS,29.27,29.27
CENTEXT,18.31,18.57
NTPC,14.75,14.75
CONSOFINVT,5.53,5.53
SAKSOFT,22.75,22.75
SSWL,4.24,13.15
PRIMESECU,18.18,19.63
GENUSPOWER,38.91,38.91
GOLDIAM,35.73,35.73
IMPAL,14.33,14.33
MANALIPETC,53.3,47.09
SOBHA,210.24,210.26
PLASTIBLEN,14.58,14.58
WANBURY,13.34,31.91
IZMO,7.42,7.14
PGIL,29.67,29.75
PFC,4.2,4.2
