SYMBOL,SERIES,SECURITY,HIGH/LOW,INDEX FLAG
ABAN,BE,ABAN OFFSHORE LTD.,H
ABSMARINE,ST,ABS MARINE SERVICES LTD,H
AGSTRA,BE,AGS TRANSACT TECH LTD,H
AKANKSHA,SM,AKANKSHA POWER N INFRA L,H
AKI,BE,AKI INDIA LIMITED,H
AKSHAR,BE,AKSHAR SPINTEX LIMITED,H
ALMONDZ,EQ,ALMONDZ GLOBAL SEC LTD,H
ALPEXSOLAR,SM,ALPEX SOLAR LIMITED,H
ALPSINDUS,BE,ALPS INDUSTRIES LTD.,H
AMBANIORGO,ST,AMBANI ORGOCHEM LIMITED,H
ANSALAPI,BZ,ANSAL PROP & INFRA LTD,H
ARVINDPORT,ST,ARVIND PORT AND INFRA LTD,H
ASHAPURMIN,EQ,ASHAPURA MINECHEM LTD,H
ATLASCYCLE,BE,ATLAS CYCLE (HARYANA) LTD,H
ATMASTCO,SM,ATMASTCO LIMITED,H
AVALON,EQ,AVALON TECHNOLOGIES LTD,H
AVG,BE,AVG LOGISTICS LIMITED,H
AVONMORE,BE,AVONMORE CAP&MGT SERV LTD,H
AYMSYNTEX,EQ,AYM SYNTEX LIMITED,H
BALAJITELE,BE,BALAJI TELEFILMS LTD.,H
BLUECHIP,BE,BLUE CHIP INDIA LIMITED,H
BSL,BE,BSL LTD,H
BYKE,BE,THE BYKE HOSPITALITY LTD,H
COFFEEDAY,BE,COFFEE DAY ENTERPRISE LTD,H
COMPINFO,BZ,COMPUAGE INFOCOM LTD,H
CPS,ST,C P S SHAPERS LIMITED,H
DCG,ST,DCG CABLES & WIRES LTD,H
DCI,EQ,DC INFOTECH AND COMUN LTD,H
DELTAMAGNT,BE,DELTA MANUFACTURING LTD,H
DESTINY,ST,DESTINY LOGISTICS & I LTD,H
DHANBANK,BE,DHANLAXMI BANK LIMITED,H
DHTL,ST,DOCMODE HEALTH TECH LTD,H
DMCC,BE,DMCC SPECIALITY CHEMICALS,H
DYNAMIC,ST,DYNAMIC SRVCS & SEC LTD,H
DYNPRO,EQ,DYNEMIC PRODUCTS LIMITED,H
E2E,EQ,E2E NETWORKS LIMITED,H
EFFWA,SM,EFFWA INFRA & RESEARCH L,H
EMAMIREAL,BE,EMAMI REALTY LIMITED,H
EMCURE,EQ,EMCURE PHARMACEUTICALS L,H
EMMIL,ST,ENERGY MISSION MACH IND L,H
ENERGYDEV,BE,ENERGY DEVE. CO.LTD,H
EPACK,EQ,EPACK DURABLE LIMITED,H
ESCONET,ST,ESCONET TECHNOLOGIES LTD,H
ESFL,SM,ESSEN SPECIALITY FILMS L,H
EXICOM,EQ,EXICOM TELE SYSTEMS LTD,H
FALCONTECH,ST,FALCON TECHNOPROJ IND LTD,H
FEL,BZ,FUTURE ENTERPRISES LTD,H
FELDVR,BE,FUTURE ENTERPRISES LTD,H
FELIX,SM,FELIX INDUSTRIES LTD.,H
FILATFASH,BE,FILATEX FASHIONS LIMITED,H
FOCUS,EQ,FOCUS LIGHTG & FIXTRS LTD,H
GAYAHWS,BE,GAYATRI HIGHWAYS LIMITED,H
GGBL,ST,GANESH GREEN BHARAT LTD,H
GLOBE,EQ,GLOBE TEXTILES (I) LTD.,H
GOENKA,BZ,GOENKA DIAMOND&JEWELS LTD,H
GRETEX,ST,GRETEX INDUSTRIES LTD.,H
GSTL,ST,GLOBESECURE TECHNO LTD,H
GTECJAINX,EQ,G-TEC JAINX EDUCATION LTD,H
GUJAPOLLO,EQ,GUJ. APOLLO IND. LTD.,H
HAVISHA,EQ,SRI HAVISHA HOSP & INFR L,H
HDIL,BZ,HOUSING DEV & INFRA LTD,H
HERCULES,EQ,HERCULES HOI. LTD.,H
HRHNEXT,ST,HRH NEXT SERVICES LIMITED,H
HUBTOWN,EQ,HUBTOWN LIMITED,H
IEML,ST,INDIAN EMULSIFIERS LTD,H
IGIL,EQ,INTERNATIO GEMM INS (I) L,H
IITL,EQ,INDUSTRIAL INV TRUST LTD,H
INDIANCARD,BE,INDIAN CARD,H
INDOTECH,EQ,INDO TECH TRANSFORM LTD.,H
INDOTHAI,BE,INDO THAI SEC LTD,H
INDOUS,BE,INDO US BIOTECH LTD,H
INFOLLION,SM,INFOLLION RESEARCH SER L,H
IPSL,SM,INTEGRATED PERSO SER LTD,H
ISFT,EQ,INTRASOFT TECH. LTD,H
ITTL,ST,INNOVATIVE TYRE & TUBE LT,H
JITFINFRA,BE,JITF INFRALOGISTICS LTD,H
JPASSOCIAT,BE,JAIPRAKASH ASSOCIATES LTD,H
K2INFRA,ST,K2 INFRAGEN LIMITED,H
KCEIL,ST,KAY CEE ENERGY & INFRA L,H
KDL,ST,KORE DIGITAL LIMITED,H
KEEPLEARN,BE,DSJ KEEP LEARNING LTD,H
KERNEX,BE,KERNEX MICROSYS(I) LTD,H
KODYTECH,ST,KODY TECHNOLAB LIMITED,H
KONTOR,SM,KONTOR SPACE LIMITED,H
KRITI,EQ,KRITI INDUSTRIES IND LTD,H
KSHITIJPOL,BE,KSHITIJ POLYLINE LIMITED,H
KTL,ST,KALAHRIDHAAN TRENDZ LTD,H
LAKSHYA,ST,LAKSHYA POWERTECH LIMITED,H
LAWSIKHO,ST,ADDICTIVE LEARNING TECH L,H
LOKESHMACH,BE,LOKESH MACHINES LTD,H
MACPOWER,BE,MACPOWER CNC MACHINES LTD,H
MAFANG,EQ,MIRAEAMC - MAFANG,H
MANAKCOAT,BE,MAN COAT METAL & IND LTD,H
MANUGRAPH,EQ,MANUGRAPH INDIA LIMITED,H
MARINE,BE,MARINE ELECTRICAL (I) LTD,H
MAZDA,BE,MAZDA LIMITED,H
MCLEODRUSS,BE,MCLEOD RUSSEL INDIA LTD.,H
MIEL,ST,MANGLAM INFRA & ENG LTD,H
MKPL,EQ,M K PROTEINS LIMITED,H
MORARJEE,BZ,MORARJEE TEXTILES LIMITED,H
MTEDUCARE,BE,MT EDUCARE LTD,H
NECLIFE,EQ,NECTAR LIFESCIENCES LTD.,H
NEWJAISA,ST,NEWJAISA TECHNOLOGIES LTD,H
NIBE,EQ,NIBE LIMITED,H
NILASPACES,BE,NILA SPACES LIMITED,H
NITCO,EQ,NITCO LIMITED,H
OMFURN,SM,OMFURN INDIA LIMITED,H
OPTIEMUS,EQ,OPTIEMUS INFRACOM LTD,H
ORIANA,SM,ORIANA POWER LIMITED,H
ORIENTALTL,EQ,ORIENTAL TRIMEX LTD,H
OSELDEVICE,ST,OSEL DEVICES LIMITED,H
OSIAHYPER,EQ,OSIA HYPER RETAIL LIMITED,H
OWAIS,ST,OWAIS METAL & MINERAL,H
PANACEABIO,EQ,PANACEA BIOTEC LTD,H
PATTECH,SM,PATTECH FITWELL TUB COM L,H
PERFECT,ST,PERFECT INFRAENGINEER LTD,H
PRECOT,EQ,PRECOT LIMITED,H
PREMIER,BE,PREMIER LIMITED,H
PRIZOR,SM,PRIZOR VIZTECH LIMITED,H
PRUDMOULI,BE,PRUDENTIAL SUGAR CORPORAT,H
PULZ,SM,PULZ ELECTRONICS LIMITED,H
QUADPRO,SM,QUADPRO ITES LIMITED,H
QUICKTOUCH,ST,QUICKTOUCH TECHNOLOGIES L,H
RAMANEWS,BE,SHREE RAMA NEWSPRINT LTD,H
RBMINFRA,ST,RBM INFRACON LIMITED,H
READYMIX,ST,READYMIX CONSTRU MACHI L,H
REFRACTORY,ST,REFRACTORY SHAPES LIMITED,H
RELTD,EQ,RAVINDRA ENERGY LIMITED,H
REPL,BE,RUDRABHISHEK ENTERP LTD,H
REXPIPES,SM,REX PIPES AND CABLES LTD,H
RHFL,BE,RELIANCE HOME FINANCE LTD,H
ROLLT,BE,ROLLATAINERS LIMITED,H
ROSSTECH,BE,ROSSELL TECHSYS LIMITED,H
RSSOFTWARE,BE,R. S. SOFTWARE (INDIA) LI,H
RULKA,ST,RULKA ELECTRICALS LIMITED,H
S&SPOWER,EQ,S&S POWER SWITCHGEARS LTD,H
SADHNANIQ,BE,SADHANA NITROCHEM LIMITED,H
SAHANA,ST,SAHANA SYSTEM LIMITED,H
SAHASRA,ST,SAHASRA ELECTRONIC SOLU L,H
SANGINITA,EQ,SANGINITA CHEMICALS LTD,H
SANWARIA,BZ,SANWARIA CONSUMER LIMITED,H
SATECH,ST,S A TECH SOFTWARE INDIA L,H
SATKARTAR,SM,SAT KARTAR SHOPPING LTD,H
SBGLP,BE,SURATWWALA BUS GROUP LTD,H
SDREAMS,ST,S D RETAIL LIMITED,H
SENCO,EQ,SENCO GOLD LIMITED,H
SETCO,BE,SETCO AUTOMOTIVE LTD,H
SETUINFRA,BZ,SETUBANDHAN INFRA LTD,H
SEYAIND,BE,SEYA INDUSTRIES LIMITED,H
SFML,ST,SUPREME FACILITY MGMT LTD,H
SHEKHAWATI,BE,SHEKHAWATI INDUSTRIES LTD,H
SHYAMTEL,BE,SHYAM TELECOM LIMITED,H
SICALLOG,BE,SICAL LOGISTICS LIMITED,H
SIGNPOST,BE,SIGNPOST INDIA LIMITED,H
SILKFLEX,SM,SILKFLEX POLYMERS INDIA L,H
SIMPLEXINF,EQ,SIMPLEX INFRASTRUCTURES L,H
SITINET,BZ,SITI NETWORKS LIMITED,H
SOLARAPP,E1,SOLAR ACT RS.3.50 PPD UP,H
SOLEX,ST,SOLEX ENERGY LIMITED,H
SONUINFRA,ST,SONU INFRATECH LIMITED,H
SPCL,ST,SHIVALIC POWER CONTROL L,H
SPECTSTM,SM,SPECTRUM TALENT MGMT LTD,H
SPMLINFRA,BE,SPML INFRA LIMITED,H
SRPL,BZ,SHREE RAM PROTEINS LTD.,H
SSFL,SM,SRIVARI SPICES N FOODS L,H
SUMIT,EQ,SUMIT WOODS LIMITED,H
SUPREMEPWR,ST,SUPREME POWER EQUIPMENT L,H
SURANI,ST,SURANI STEEL TUBES LTD.,H
SUTLEJTEX,BE,SUTLEJ TEXT & INDUS LTD,H
SUULD,BZ,SUUMAYA INDUSTRIES LTD,H
SVPGLOB,BE,SVP GLOBAL TEXTILES LTD,H
TAC,ST,TAC INFOSEC LIMITED,H
TAKE,BZ,TAKE SOLUTIONS LTD,H
TARAPUR,BE,TARAPUR TRANSFORMERS LTD,H
TARC,EQ,TARC LIMITED,H
TBI,ST,TBI CORN LIMITED,H
TBZ,EQ,TRIB BHIMJI ZAVERI LTD,H
TECHERA,ST,TECHERA ENGINEER (IND) L,H
TFL,BE,TRANSWARRANTY FIN. LTD.,H
TIL,EQ,TIL LTD,H
TRU,BE,TRUCAP FINANCE LIMITED,H
URBAN,SM,URBAN ENVIRO WASTE MGMT L,H
VARDMNPOLY,BE,VARDHMAN POLYTEX LTD.,H
VEEKAYEM,SM,VEEKAYEM FASH & APP LTD,H
VENTIVE,EQ,VENTIVE HOSPITALITY LTD,H
VILAS,SM,VILAS TRANSCORE LIMITED,H
VLEGOV,BE,VL E GOV AND IT SOL LTD,H
VSTL,EQ,VIBHOR STEEL TUBES LTD,H
WALCHANNAG,EQ,WALCHANDNAGAR INDUSTRIES,H
WINDMACHIN,EQ,WINDSOR MACHINES LIMITED,H
WINSOME,BZ,WINSOME YARNS LIMITED,H
WOCKPHARMA,EQ,WOCKHARDT LIMITED,H
WOL3D,SM,WOL 3D INDIA LIMITED,H
WSI,BE,W.S.INDUSTRIES (I) LTD.,H
WTICAB,ST,WISE TRAVEL INDIA LIMITED,H
YAARI,BE,YAARI DIGI INT SER LTD,H
ZIMLAB,EQ,ZIM LABORATORIES LIMITED,H
716GS2050,GS,GOI LOAN 7.16% 2050,L
ADROITINFO,EQ,ADROIT INFOTECH LIMITED,L
AGSTRA,BE,AGS TRANSACT TECH LTD,L
APEXECO,ST,APEX ECOTECH LIMITED,L
AVPINFRA,ST,AVP INFRACON LIMITED,L
BLUEPEBBLE,ST,BLUE PEBBLE LIMITED,L
BTML,BE,BODHI TREE MULTIMEDIA LTD,L
CALSOFT,BE,CALIFORNIA SOFTWARE CO LT,L
CMRSL,SM,CYBER MEDIA RES & SER LTD,L
CTE,BE,CAMBRIDGE TECH ENTER LTD,L
DHRUV,BE,DHRUV CONSULTANCY SER LTD,L
DHTL,ST,DOCMODE HEALTH TECH LTD,L
EQUIPPP,BE,EQUIPPP SOC IMP TECH LTD,L
FEL,BZ,FUTURE ENTERPRISES LTD,L
FILATFASH,BE,FILATEX FASHIONS LIMITED,L
FLFL,BZ,FUT LIFESTYLE FASH LTD,L
FMNL,BE,FUTURE MKT NETWORKS LTD,L
FSC,BZ,FUTURE SUPP CHAIN SOL LTD,L
GAYAPROJ,BZ,GAYATRI PROJECTS LTD,L
GENSOL,BE,GENSOL ENGINEERING LTD,L
GICL,ST,GLOBE INTL CARRIERS LTD,L
GVKPIL,BE,GVK POW. & INFRA LTD.,L
HAVISHA,EQ,SRI HAVISHA HOSP & INFR L,L
HOVS,EQ,HOV SERVICES LTD,L
HYBRIDFIN,EQ,HYBRID FINANCIAL SERVICE,L
IDEALTECHO,ST,IDEAL TECHNOPLAST IND LTD,L
ISHAN,SM,ISHAN INTERNATIONAL LTD,L
JIWANRAM,ST,JIWANRAM SHEODUTTRA IND L,L
KDL,ST,KORE DIGITAL LIMITED,L
KESORAMIND,BE,KESORAM INDUSTRIES LTD,L
KORE,ST,JAY JALARAM TECHNO LTD,L
KTL,ST,KALAHRIDHAAN TRENDZ LTD,L
MEP,BZ,MEP INFRA. DEVELOPERS LTD,L
MFML,BE,MAHALAXMI FABRIC MILLS LT,L
MORARJEE,BZ,MORARJEE TEXTILES LIMITED,L
MTEDUCARE,BE,MT EDUCARE LTD,L
NEELAM,SM,NEELAM LINENS & GAR (I) L,L
NITIRAJ,BE,NITIRAJ ENGINEERS LTD,L
PARSVNATH,BE,PARSVNATH DEVELOPER LTD,L
PERFECT,ST,PERFECT INFRAENGINEER LTD,L
PHOGLOBAL,ST,PHOENIX OVERSEAS LIMITED,L
PIGL,BE,POWER INSTRUMENT (G) LTD,L
PPSL,SM,PICTUREPOST STUDIOS LTD,L
PRABHA,BE,PRABHA ENERGY LIMITED,L
PRAMARA,SM,PRAMARA PROMOTIONS LTD,L
PRAXIS,EQ,PRAXIS HOME RETAIL LTD,L
PRITIKA,ST,PRITIKA ENG COMPO LTD,L
QUESTLAB,ST,QUEST LABORATORIES LTD,L
RAJRILTD,BE,RAJ RAYON INDUSTRIES LTD,L
ROCKINGDCE,SM,ROCKINGDEALS CIRCU ECO L,L
ROLTA,BZ,ROLTA INDIA LTD,L
RVHL,BE,RAVINDER HEIGHTS LIMITED,L
SANCO,BZ,SANCO INDUSTRIES LIMITED,L
SANWARIA,BZ,SANWARIA CONSUMER LIMITED,L
SHANTHALA,ST,SHANTHALA FMCG PRODUCTS L,L
SHYAMCENT,BE,SHYAM CENTURY FERROUS LTD,L
SPCENET,BE,SPACENET ENTERS IND LTD,L
TBI,ST,TBI CORN LIMITED,L
TECHLABS,ST,TRIDENT TECHLABS LIMITED,L
THOMASCOTT,BE,THOMAS SCOTT (INDIA) LTD,L
TIJARIA,BE,TIJARIA POLYPIPES LTD,L
TNTELE,BE,TAMILNADU TELECOMMUNICATI,L
UNITECH,BZ,UNITECH LIMITED,L
USHAFIN,ST,USHA FINANCIAL SERVICES L,L
VAKRANGEE,EQ,VAKRANGEE LIMITED,L
VERTEXPLUS,SM,VERTEXPLUS TECHNOLOGIES L,L
WINSOME,BZ,WINSOME YARNS LIMITED,L
YUDIZ,SM,YUDIZ SOLUTIONS LIMITED,L
