GAIN_LOSS,SECURITY,CLOSE_PRIC,PREV_CL_PR,PERCENT_CG
 ,Nifty 50 Sec., , , 
 , , , , 
G,BHARTI AIRTEL LIMITED,      1705.25,      1637.15,4.16
G,TITAN COMPANY LIMITED,      3193.10,      3076.30,3.8
G,BRITANNIA INDUSTRIES LTD,      4831.10,      4707.10,2.63
G,BHARAT PETROLEUM CORP  LT,       272.13,       265.26,2.59
G,BAJAJ AUTO LIMITED,      7920.00,      7721.85,2.57
G,EICHER MOTORS LTD,      5229.35,      5100.90,2.52
G,BHARAT ELECTRONICS LTD,       297.05,       290.00,2.43
G,HINDUSTAN UNILEVER LTD.,      2242.40,      2200.05,1.92
G,TATA CONSULTANCY SERV LT,      3563.15,      3497.10,1.89
G,INFOSYS LIMITED,      1615.55,      1586.55,1.83
G,RELIANCE INDUSTRIES LTD,      1269.15,      1247.15,1.76
G,NESTLE INDIA LIMITED,      2221.55,      2184.00,1.72
G,HERO MOTOCORP LIMITED,      3597.15,      3537.00,1.7
G,TATA CONSUMER PRODUCT LTD,       965.85,       949.85,1.68
G,JSW STEEL LIMITED,      1050.25,      1033.35,1.64
G,HDFC LIFE INS CO LTD,       674.35,       664.55,1.47
G,HDFC BANK LTD,      1768.75,      1744.10,1.41
G,MAHINDRA & MAHINDRA LTD,      2828.10,      2789.10,1.4
G,OIL AND NATURAL GAS CORP.,       235.59,       232.57,1.3
G,DR. REDDY S LABORATORIES,      1187.20,      1172.10,1.29
G,TATA MOTORS LIMITED,       690.05,       682.25,1.14
G,POWER GRID CORP. LTD.,       280.35,       277.20,1.14
G,HCL TECHNOLOGIES LTD,      1562.00,      1544.45,1.14
G,HINDALCO  INDUSTRIES  LTD,       705.95,       698.55,1.06
G,SUN PHARMACEUTICAL IND L,      1750.25,      1732.35,1.03
G,TECH MAHINDRA LIMITED,      1410.55,      1396.15,1.03
G,MARUTI SUZUKI INDIA LTD.,     11730.20,     11615.55,.99
G,LARSEN & TOUBRO LTD.,      3351.05,      3319.55,.95
G,SBI LIFE INSURANCE CO LTD,      1498.35,      1484.90,.91
G,ADANI ENTERPRISES LIMITED,      2339.30,      2318.65,.89
 , , , , 
L,INDUSIND BANK LIMITED,       684.10,       692.70,-1.24
L,BAJAJ FINANCE LIMITED,      8679.65,      8731.60,-0.59
L,TRENT LTD,      5221.55,      5230.85,-0.18
L,SHRIRAM FINANCE LIMITED,       667.90,       667.95,-0.01
 , , , , 
 ,Nifty Next 50 Sec., , , 
 , , , , 
G,ICICI PRU LIFE INS CO LTD,       578.20,       563.00,2.7
G,GODREJ CONSUMER PRODUCTS,      1101.50,      1074.30,2.53
G,UNITED SPIRITS LIMITED,      1377.75,      1347.30,2.26
G,VEDANTA LIMITED,       470.75,       460.55,2.21
G,INTERGLOBE AVIATION LTD,      5086.75,      4980.55,2.13
G,HINDUSTAN AERONAUTICS LTD,      3818.95,      3740.65,2.09
G,GAIL (INDIA) LTD,       168.46,       165.96,1.51
G,INFO EDGE (I) LTD,      6850.30,      6749.40,1.49
G,VARUN BEVERAGES LIMITED,       548.75,       540.90,1.45
G,MACROTECH DEVELOPERS LTD,      1193.75,      1177.45,1.38
G,ADANI GREEN ENERGY LTD,       923.40,       911.20,1.34
G,LTIMINDTREE LIMITED,      4421.15,      4365.45,1.28
G,JIO FIN SERVICES LTD,       231.69,       228.84,1.25
G,TORRENT PHARMACEUTICALS L,      3230.75,      3191.30,1.24
G,TVS MOTOR COMPANY  LTD,      2346.80,      2319.75,1.17
G,INDIAN OIL CORP LTD,       129.21,       127.75,1.14
G,BAJAJ HOLDINGS & INVS LTD,     11998.70,     11870.05,1.08
G,AVENUE SUPERMARTS LIMITED,      3884.40,      3845.20,1.02
G,PIDILITE INDUSTRIES LTD,      2759.10,      2731.85,1
G,BANK OF BARODA,       215.65,       213.76,0.88
G,ZYDUS LIFESCIENCES LTD,       917.25,       909.90,0.81
G,DABUR INDIA LTD,       499.00,       495.45,0.72
G,ZOMATO LIMITED,       224.47,       223.53,0.42
G,BHEL,       206.54,       205.69,0.41
G,SHREE CEMENT LIMITED,     28628.85,     28527.85,0.35
G,LIFE INSURA CORP OF INDIA,       779.50,       776.75,0.35
G,INDIAN RAILWAY FIN CORP L,       128.52,       128.11,0.32
G,CANARA BANK,        85.84,        85.57,0.32
G,PUNJAB NATIONAL BANK,        91.30,        91.02,0.31
G,BOSCH LIMITED,     27623.85,     27557.30,0.24
 , , , , 
L,HAVELLS INDIA LIMITED,      1501.35,      1557.95,-3.63
L,ICICI LOMBARD GIC LIMITED,      1724.75,      1756.50,-1.81
L,JSW ENERGY LIMITED,       562.90,       570.75,-1.38
L,CHOLAMANDALAM IN & FIN CO,      1493.20,      1513.25,-1.32
L,SIEMENS LTD,      5194.10,      5224.50,-0.58
L,ADANI TOTAL GAS LIMITED,       619.65,       622.60,-0.47
L,DLF LIMITED,       694.30,       697.55,-0.47
L,AMBUJA CEMENTS LTD,       504.70,       507.05,-0.46
L,UNION BANK OF INDIA,       119.19,       119.68,-0.41
L,INDIAN RAIL TOUR CORP LTD,       714.85,       717.65,-0.39
L,POWER FIN CORP LTD.,       402.35,       403.90,-0.38
L,TATA POWER CO LTD,       370.35,       371.45,-0.3
L,ABB INDIA LIMITED,      5460.70,      5475.60,-0.27
L,ADANI POWER LTD,       519.65,       521.00,-0.26
L,NHPC LTD,        80.04,        80.20,-0.2
L,SAMVRDHNA MTHRSN INTL LTD,       128.77,       129.01,-0.19
L,REC LIMITED,       429.05,       429.50,-0.1
 , , , , 
 ,OTHER SECURITIES, , , 
 , , , , 
G,VIBHOR STEEL TUBES LTD,       186.99,       155.83,20
G,SANGINITA CHEMICALS LTD,        11.73,         9.78,19.94
G,UNSEC RED NCD 10.5% SR.VI,      1138.00,       950.00,19.79
G,7.40% TAX FREETRI SRIII,      1431.00,      1195.00,19.75
G,RAJESH EXPORTS LTD,       187.58,       158.65,18.24
G,MANUGRAPH INDIA LIMITED,        17.82,        15.08,18.17
G,WOL 3D INDIA LIMITED,       134.75,       115.00,17.17
G,SML ISUZU LIMITED,      1431.00,      1242.10,15.21
G,IKIO LIGHTING LIMITED,       257.93,       228.17,13.04
G,KSOLVES INDIA LIMITED,       462.75,       410.55,12.71
G,INTEGRATED PERSO SER LTD,       308.00,       275.00,12
G,LIKHITHA INFRASTRUC LTD,       288.30,       257.50,11.96
G,SHIPPING CORP OF INDIA LT,       176.49,       157.69,11.92
G,INSPIRE FILMS LIMITED,        24.60,        22.00,11.82
G,JAY BEE LAMINATIONS LTD,       230.20,       206.10,11.69
G,SPECIALITY REST LTD,       147.85,       133.04,11.13
G,MASTER TRUST LIMITED,       120.27,       108.26,11.09
G,SIRCA PAINT INDIA LIMITED,       270.25,       243.35,11.05
G,SAHAJ SOLAR LIMITED,       403.65,       363.50,11.05
G,RHI MAGNESITA INDIA LTD,       461.60,       416.10,10.93
G,SUN PHARMA ADV.RES.CO.LTD,       144.49,       130.34,10.86
G,GLOBAL EDUCATION LIMITED,        51.18,        46.25,10.66
G,INTRASOFT TECH. LTD,       106.19,        96.07,10.53
G,STEEL EXCHANGE INDIA LTD,         8.72,         7.89,10.52
G,RAVINDRA ENERGY LIMITED,       128.83,       117.12,10
G,DYNEMIC PRODUCTS LIMITED,       301.85,       274.45,9.98
G,SHIPPING CORP OF ILA LTD,        50.55,        45.97,9.96
G,FRANTEMAMC - FICRF3GP,         7.97,         7.26,9.78
G,SEC RE NCD 9.55% SR.VII,       965.70,       880.20,9.71
G,SHERA ENERGY LIMITED,       163.55,       149.20,9.62
 , , , , 
L,SEC RE NCD 9.55% SR.IV,       360.00,       441.00,-18.37
L,TFB 7.37% 2035 SR. 3A,      1138.00,      1378.00,-17.42
L,8.73%S-R-NCD SERIES 2B,      1101.15,      1297.00,-15.1
L,KEI INDUSTRIES LTD.,      2841.10,      3283.25,-13.47
L,SEC RE NCD 9.65% SR I,       920.50,      1052.80,-12.57
L,ROCKINGDEALS CIRCU ECO L,       279.55,       310.60,-10
L,NEELAM LINENS & GAR (I) L,        22.90,        25.40,-9.84
L,P S RAJ STEELS LIMITED,       136.50,       151.00,-9.6
L,ADROIT INFOTECH LIMITED,        13.43,        14.78,-9.13
L,SEC RE NCD 9.48% SR.V,       450.00,       490.00,-8.16
L,PREMIUM PLAST LIMITED,        33.50,        36.45,-8.09
L,8.48%S-R-NCD SERIES 2A,      1103.94,      1200.00,-8.01
L,KHANDWALA SECURITIES LTD,        23.80,        25.82,-7.82
L,SEC RE NCGB 8.25% STRPP A,       240.50,       260.79,-7.78
L,PRAMARA PROMOTIONS LTD,       103.80,       112.25,-7.53
L,SHREE TIRUPATI BALAJEE L,        54.21,        58.31,-7.03
L,SEC RE NCD 9.39% SR.VIII,       700.00,       750.00,-6.67
L,POLYCAB INDIA LIMITED,      5083.40,      5438.40,-6.53
L,DYNAMIC CABLES LIMITED,       540.35,       576.10,-6.21
L,KAUSHALYA LOGISTICS LTD,        77.85,        83.00,-6.2
L,VISAMAN GLOBAL SALES LTD,        39.60,        42.20,-6.16
L,SERENCD8.84%SRVICIII&IV,       913.00,       972.65,-6.13
L,LASA SUPERGENERICS LTD,        19.71,        20.96,-5.96
L,SEC RE NCD 10.03% SR V,       975.00,      1036.50,-5.93
L,VIJAYA DIAGNOSTIC CEN LTD,      1053.55,      1119.80,-5.92
L,AGARWAL TOUGH GLASS IND L,        98.75,       104.90,-5.86
L,MADHYA BHARAT AGRO P. LTD,       281.95,       298.55,-5.56
L,PARTY CRUISERS LIMITED,        93.00,        98.35,-5.44
L,DUDIGITAL GLOBAL LIMITED,        49.65,        52.50,-5.43
L,PARAMOUNT SPECIALI FORG L,        45.45,        48.05,-5.41
