SECURITY,NEW,PREVIOUS,NEW_STATUS
SGB2.50%MAY2025SR-I 17-18,8800,8768,H
2.50%GOLDBONDS 2025 SR-XI,8899.34,8799,H
MIRAEAMC - MAGOLDETF,87.98,87.49,H
ICICIPRAMC - ICICI10GS,249.75,249.7,H
GOI TBILL 91D-17/04/25,99.46,99.42,H
GOI TBILL 182D-31/07/25,97.61,97.54,H
2.50%GOLDBONDS2028SR-VI,8744,8723,H
2.50%GOLDBONDS2029SR-XII,8730,8714,H
2.50%GOLDBONDS2031SR-I,8850,8844,H
EDELAMC - EGOLD,90.4,90.3,H
2.50%GOLDBONDS2028SR-IV,8749.85,8743,H
2.5%GOLDBONDS2029SR-III,8742,8724,H
SEC RE NCD 8.97% SR V,1020,1018,H
SEC RE NCD SR.V,1208.2,1207.8,H
NATIONAL HIGHW INFRA TRUS,133.5,133,H
GOI TBILL 182D-07/08/25,97.53,97.51,H
ROYAL ARC ELECTRODES LTD,126,124,H
INNOVATIVE TYRE & TUBE LT,34.8,34.15,H
SWARAJ ENGINES LTD,3797.9,3790,H
NARAYANA HRUDAYALAYA LTD.,1719,1692.5,H
2.50%GOLDBONDS2027SR-VI,8780,8769,H
2.50%GOLDBONDS2028SR-V,8799,8739,H
2.5%GOLDBONDS2029SR-I,8760,8740,H
DSPAMC - DSPGOLDETF,88.2,87.29,H
BOND 8.88% PA TF TII-SIIB,1210,1200,H
ASTRAZENECA PHARMA IND LT,8877,8139,H
2.5%GOLDBONDS2029SR-VI,8750,8727,H
NITIRAJ ENGINEERS LTD,359,344.35,H
2.50%GOLDBONDS2031SR-III,8944.6,8899.99,H
AJAX ENGINEERING LIMITED,658.3,650,H
SEC RE NCD 8.30% SR.III,1062.8,1059.47,H
SEC RE NCD SR 4,1118.99,1110,H
ICICIPRAMC - CASHIETF,1001.66,1001.49,H
GABRIEL INDIA LTD,598.25,589,H
BAHETI RECYCLING IND LTD,511.85,505,H
2.5%GOLDBONDS2029SR-VII,8760,8750,H
2.50%GOLDBONDS2029SR-V,8835,8800,H
2.50%GOLDBONDS2029SR-VIII,8799.7,8795,H
ICICI PRUDENTIAL GOLD ETF,77.1,77.08,H
ANZEN IND ENE YLD PLU TRU,105.58,105.49,H
MIRAEAMC - SELECTIPO,42.08,41.66,H
GOI TBILL 91D-10/04/25,99.65,99.6,H
POLYSIL IRRIGATION SYST L,21.25,20.85,H
WELSPUN CORP LIMITED,888.9,842.95,H
JSW HOLDINGS LIMITED,22500,22121.6,H
2.50%GOLDBONDS2029SR-IX,8745,8719,H
2.50%GOLDBONDS2030SR-X,8875,8775,H
MIRAEAMC - MASILVER,99.53,99.2,H
SEC RED NCD 9.03% SR. II,1064.99,1050,H
FRANTEMAMC - FICRF3GP,7.97,7.26,H
GOI TBILL 182D-24/04/25,99.22,98.85,H
ONESOURCE SPECL PHARMA L,1685,1628,H
KODY TECHNOLAB LIMITED,864.05,238.75,H
MOTILALAMC - MOCAPITAL,32.58,32.01,H
SEC RE NCD SR VI,1094.8,1061.12,H
MPS LIMITED,3019.9,2959,H
MUTHOOT FINANCE LIMITED,2435.4,2424,H
INTERGLOBE AVIATION LTD,5190.35,5052.75,H
DSPAMC - DSPSILVETF,98.69,98.6,H
KARNIKA INDUSTRIES LTD,682,680,H
GOI TBILL 182D-27/06/25,98.23,98.02,H
GOI TBILL 364D-09/10/25,96.41,96.4,H
SAJ HOTELS LIMITED,74.9,73.45,H
OWAIS METAL & MINERAL,503.7,479.75,H
GOI TBILL 91D-01/05/25,99.21,99.2,H
SHRENIK LIMITED,0.55,0.56,L
EXXARO TILES LIMITED,6.15,6.24,L
KAUSHALYA LOGISTICS LTD,70,71,L
VAIDYA SANE AYUR LAB LTD,81.1,87.3,L
SANCO INDUSTRIES LIMITED,2.57,2.63,L
PENINSULA LAND LIMITED,24.8,24.81,L
PERFECT INFRAENGINEER LTD,9.65,10.05,L
CONS. CONST. CONSORT LTD,13.19,13.2,L
LAMOSAIC INDIA LIMITED,42.7,43.45,L
CADSYS (INDIA) LIMITED,76,76.8,L
8.48%S-R-NCD SERIES 2A,1099.1,1200,L
CRAYONS ADVERTISING LTD,47.15,47.95,L
INDIAN PHOSPHATE LIMITED,47.65,49.5,L
PICTUREPOST STUDIOS LTD,24.9,27.7,L
APEX ECOTECH LIMITED,82.5,118.15,L
NET AVENUE TECHNOLOGIES L,6.8,6.9,L
VERITAAS ADVERTISING LTD,85.55,87.3,L
PRABHA ENERGY LIMITED,200.39,210.94,L
EQUIPPP SOC IMP TECH LTD,19.9,20,L
UNIINFO TELECOM SERVI LTD,16.5,17,L
MARSHALL MACHINES LTD,14.18,14.47,L
MEDICAMEN ORGANICS LTD,22.1,22.35,L
DOCMODE HEALTH TECH LTD,39.6,39.75,L
DECCAN TRANSCON LEASING L,49,49.05,L
PREMIUM PLAST LIMITED,30.25,33.5,L
CALSOFT RS.2.50 PPD UP,3.84,3.86,L
SAKUMA EXPORTS LIMITED,2.65,2.7,L
GIRIRAJ CIVIL DEVP LTD,297.5,303.55,L
IDENTICAL BRAINS STUDIO L,47.6,48.55,L
IMPEX FERRO TECH LIMITED,2,2.09,L
YUDIZ SOLUTIONS LIMITED,33.45,35.2,L
MEP INFRA. DEVELOPERS LTD,1.5,1.54,L
MODERN THREADS INDIA LTD,35.81,36.76,L
PANSARI DEVELOPERS LTD,170.65,173.5,L
BEST AGROLIFE LIMITED,264.6,270,L
ATLANTAA LIMITED,27.85,28.42,L
BULKCORP INTERNATIONAL L,63.1,63.65,L
KEN ENTERPRISES LIMITED,39.15,40.1,L
COOL CAPS INDUSTRIES LTD,751.1,766.4,L
CEREBRA INT TECH LTD,4.51,4.65,L
VINNY OVERSEAS LIMITED,1.35,1.37,L
DELTA AUTOCORP LIMITED,69.2,70.6,L
DHRUV CONSULTANCY SER LTD,69.58,73.25,L
USHA FINANCIAL SERVICES L,55.25,57.2,L
SHANKAR LAL RAMPAL LTD,57.5,59.1,L
FLEXITUFF VENTURES INT L,32.37,33.04,L
GAJANAND INTERNATIONAL L,14.25,14.5,L
FIDEL SOFTECH LIMITED,115.2,117.55,L
VEDIKA CREDIT 11.9% 2026,95000,97800,L
SAHAJ FASHIONS LIMITED,7.55,26.25,L
KALAHRIDHAAN TRENDZ LTD,6.35,6.65,L
BASILIC FLY STUDIO LTD,256.2,261.4,L
MORARJEE TEXTILES LIMITED,5.22,5.5,L
SPP POLYMER LIMITED,19.75,19.9,L
DIGIKORE STUDIOS LIMITED,196,198.85,L
VERTOZ LIMITED,8.86,9.05,L
COMPUAGE INFOCOM LTD,1.64,1.7,L
ASPIRE & INNOVATIVE ADV L,30.65,31.25,L
JIWANRAM SHEODUTTRA IND L,6.65,7,L
LORENZINI APPARELS LTD,12.82,13.09,L
NATURAL CAPSULES LIMITED,176.57,182.25,L
NEWMALAYALAM STEEL LTD,27.6,29,L
SRI HAVISHA HOSP & INFR L,1.7,1.79,L
PARAMOUNT SPECIALI FORG L,43.85,44.2,L
AURANGABAD DISTILLERY LTD,163.3,166.6,L
TBI CORN LIMITED,83.5,166,L
KAMDHENU VENTURES LIMITED,10.3,10.52,L
GLOBE INTL CARRIERS LTD,91.55,92.15,L
RITE ZONE CHEMCON IND LTD,22.1,75.1,L
COMMERCIAL SYN BAGS LTD,76.6,78.17,L
MOXSH OVERSEAS EDUCON LTD,27.15,28.5,L
NDL VENTURES LIMITED,74.35,77,L
POWERGRID INFRA. INVITS,74.96,75,L
PRAXIS HOME RETAIL LTD,10.87,11.45,L
VIPUL LIMITED,11.1,11.33,L
PHOENIX OVERSEAS LIMITED,19.5,20.1,L
BLUE PEBBLE LIMITED,183.55,189.05,L
TRUST FINTECH LIMITED,75.6,76.4,L
GLOBALE TESSILE LIMITED,18.26,18.9,L

