SYMBOL,SYMBOL P/E,ADJUSTED P/E
THERMAX,66.19,66.19
WHEELS,13.92,13.92
ZODIACLOTH,,
RIIL,121.86,121.86
PREMIERPOL,25.36,25.36
RAYMOND,20.80,20.41
RSWM,,
SHREDIGCEM,27.08,27.08
SESHAPAPER,13.31,13.31
SMLISUZU,14.85,14.85
SUPERSPIN,,
SUNDRMFAST,35.19,35.19
FACT,,497.65
EXIDEIND,37.29,37.29
EUROTEXIND,,
ELECON,26.57,26.57
CRISIL,46.85,46.85
LMW,139.81,139.81
ORIENTPPR,,
PEL,44.78,
NELCO,98.03,98.03
MASTEK,18.43,18.96
MAHSCOOTER,68.47,71.34
LUMAXIND,38.26,38.26
TRENT,103.00,144.61
KECL,66.97,284.71
CUMMINSIND,47.65,47.65
KCP,9.65,8.75
JAYBARMARU,29.45,29.45
JBCHEPHARM,38.90,38.90
INFY,23.80,23.80
INDIAGLYCO,20.50,20.50
IONEXCHANG,32.63,32.63
IFBIND,36.12,36.12
IGPL,13.08,13.08
HIMATSEIDE,21.31,21.31
GNFC,14.22,14.22
GFLLIMITED,,
BPCL,8.87,8.69
BHARATFORG,63.25,57.05
BASF,31.90,32.43
FORCEMOT,20.37,20.37
ATUL,40.31,40.31
ARVIND,27.40,27.40
ACC,13.74,15.12
TATAMOTORS,7.89,7.88
SCI,7.88,7.88
MRPL,25.35,25.13
LINDEINDIA,125.30,125.30
HINDPETRO,10.99,10.99
ESCORTS,31.35,31.35
RELINFRA,37.94,
BAJAJHLDNG,87.26,87.26
ASHOKLEY,19.84,20.11
ZUARIIND,,493.15
VOLTAS,58.79,58.79
TITAN,84.39,84.39
TATASTEEL,83.31,69.05
SUNDARMFIN,31.88,30.67
SPIC,19.62,13.24
VEDL,10.09,11.22
SBIN,8.23,8.23
RELIANCE,21.23,21.23
PFIZER,30.24,30.24
NOCIL,25.03,25.03
BOSCHLTD,40.16,40.18
DRREDDY,18.02,18.02
BATAINDIA,46.82,65.08
DEEPAKFERT,15.57,15.57
CHAMBLFERT,15.63,15.63
CARBORUNIV,50.94,60.24
MAHSEAMLES,12.26,12.26
HINDOILEXP,13.77,16.96
DICIND,30.24,31.16
COROMANDEL,34.55,34.55
BALMLAWRIE,16.18,16.18
WILLAMAGOR,,
VINDHYATEL,15.66,15.66
MOTOGENFIN,43.55,43.55
MARALOVER,,
ASIANPAINT,52.83,51.23
RAMCOCEM,54.17,111.90
INDIACEM,,
PGHL,36.71,35.39
ABREL,121.41,121.41
BEML,43.63,43.63
ADORWELD,26.89,24.34
CENTENKA,14.60,14.60
TATACHEM,,40.61
TORNTPHARM,58.01,58.01
VTL,13.95,13.95
ATFL,547.27,489.83
FEDERALBNK,11.25,11.25
EPL,24.34,23.29
VLSFINANCE,4.47,4.47
VIPIND,,
SUPREMEIND,48.75,48.75
SRF,77.67,77.67
BIRLACABLE,87.30,87.30
BALRAMCHIN,28.77,28.77
ANSALAPI,,
AEGISLOG,38.64,38.64
WEIZMANIND,20.53,20.53
UNITECH,,
UNICHEMLAB,,47.60
BBOX,32.26,24.93
HONAUT,57.46,57.46
JTEKTINDIA,36.17,36.41
SAURASHCEM,165.94,165.94
RANEHOLDIN,8.59,81.05
PRECOT,12.31,15.30
TATAELXSI,41.29,41.29
SUNPHARMA,36.19,35.08
KOHINOOR,,
OILCOUNTUB,,
SHREYANIND,5.17,5.17
SHALPAINTS,,
SANDESH,6.20,6.22
HCC,17.04,
BAJAJHIND,,
ASHIMASYN,4.17,4.17
APOLLOHOSP,70.13,70.13
ARE&M,19.17,20.73
ADANIENT,68.86,65.46
IVP,12.96,12.96
BALKRISIND,28.56,28.56
TIRUMALCHM,,
INDBANK,15.72,15.72
GINNIFILA,,133.61
EICHERMOT,36.24,36.24
RAJSREESUG,11.45,11.45
GVT&D,79.01,79.01
NEULANDLAB,49.21,61.69
ONGC,7.24,7.00
ITI,,
ZENSARTECH,23.56,23.56
TIL,7.51,157.74
TAINWALCHM,53.66,53.66
BERGEPAINT,53.89,53.89
BANARISUG,48.05,48.05
JINDALPOLY,11.53,19.53
ANIKINDS,,
KPIL,30.47,30.47
JYOTISTRUC,59.12,59.12
IGARASHI,62.45,62.45
BSL,17.33,17.33
BLUEDART,50.70,50.70
NKIND,833.91,833.91
JAYNECOIND,239.82,100.08
MUNJALSHOW,16.18,16.18
APCOTEXIND,31.25,31.25
SOTL,23.79,23.79
HSCL,41.35,41.35
RCF,25.35,26.95
RANASUG,9.78,9.78
KARURVYSYA,8.59,8.59
DECCANCE,425.76,74.64
ARENTERP,20.99,20.99
TECILCHEM,,
WSI,893.86,194.51
UFLEX,,7.36
TATAPOWER,34.03,32.82
ADVANIHOTR,22.33,22.33
THOMASCOOK,25.46,25.13
SUNFLAG,26.82,26.82
SUBROS,27.99,27.99
SPMLINFRA,35.59,37.42
SIMPLEXINF,11.74,11.74
SIEMENS,72.00,72.00
BHARATRAS,27.64,27.65
WIPRO,22.24,22.24
VSTIND,13.98,18.72
JUBLPHARMA,23.14,18.93
UNIVCABLES,35.98,35.98
UCAL,,
TATACOMM,39.96,41.68
TOKYOPLAST,156.88,156.88
SOMANYCERA,23.71,24.13
MURUDCERA,27.46,27.46
IFCI,46.68,47.16
HLVLTD,33.46,36.76
SANOFI,34.12,31.98
M&M,28.51,28.51
LIBERTSHOE,41.29,30.42
KREBSBIO,,
KAKATCEM,,
KAJARIACER,39.11,39.11
KABRAEXTRU,29.85,29.85
HEIDELBERG,42.04,42.04
MODTHREAD,25.52,25.52
MODIRUBBER,,
MIRCELECTR,,
MANGLMCEM,44.67,44.67
PRSMJOHNSN,,
PREMIER,,
POLYPLEX,9.45,9.45
PIDILITIND,70.27,68.53
PCBL,33.07,33.03
3PLAND,35.14,35.14
OSWALAGRO,20.56,20.55
EIHAHOTELS,25.08,24.11
HONDAPOWER,35.01,37.38
JINDALSAW,9.31,9.31
SAIL,27.39,17.65
RUBYMILLS,15.48,15.48
STYRENIX,21.18,21.18
ABB,61.90,61.90
ABAN,,
IDBI,11.21,11.21
GRAPHITE,21.15,21.15
CANFINHOME,10.56,10.56
BRITANNIA,52.36,51.93
BBL,22.68,22.68
ELECTCAST,8.17,8.17
DHAMPURSUG,15.01,15.01
DCMSHRIRAM,29.36,29.36
DABUR,49.64,49.64
COSMOFIRST,13.75,13.75
CIPLA,24.21,24.21
HEROMOTOCO,15.87,15.87
HDFCBANK,18.80,18.54
HARRMALAYA,2531.30,46.94
GMBREW,9.14,9.14
GIPCL,12.56,12.56
ITC,24.96,24.95
INDIANHUME,16.95,16.95
HINDCOMPOS,17.54,17.54
IOC,19.63,24.43
WALCHANNAG,,
OSWALGREEN,74.64,74.64
HUHTAMAKI,15.85,23.60
RICOAUTO,28.82,28.32
KAMATHOTEL,25.52,27.03
IFBAGRO,24.45,24.45
BANCOINDIA,16.35,16.35
DELTAMAGNT,,
MANINDS,15.92,15.92
APOLLOTYRE,20.92,19.80
SIYSIL,15.59,15.59
SHANTIGEAR,37.13,37.13
PRECWIRE,29.95,29.95
ONWARDTEC,25.42,25.42
NILKAMAL,23.42,23.42
NCC,14.87,14.51
ICIL,16.67,16.67
SEAMECLTD,23.87,26.02
ELGIEQUIP,50.32,50.32
AUROPHARMA,19.31,18.95
BBTC,6.08,5.93
EIHOTEL,31.83,32.13
KANORICHEM,,
LICHSGFIN,5.88,5.88
GICHSGFIN,5.05,5.05
BEPL,15.00,15.00
RAIN,,
BANARBEADS,27.17,27.17
MOREPENLAB,21.40,21.40
WSTCSTPAPR,6.59,6.59
21STCENMGM,1.65,1.65
TNTELE,,
VENKEYS,16.17,16.17
GHCL,9.95,9.95
S&SPOWER,,
PRUDMOULI,30.08,27.55
PRAJIND,38.22,41.62
HIL,,59.80
EVERESTIND,,
BPL,20.43,20.43
TRANSWORLD,14.81,14.81
KEEPLEARN,101.85,101.85
PGHH,61.26,61.26
VESUVIUS,33.89,33.89
TFCILTD,13.92,13.92
BOMDYEING,5.11,38.03
GTL,1.17,18.59
NAVNETEDUL,3.75,14.06
GUJALKALI,,
AGI,15.92,15.92
GLAXO,55.96,56.30
TATACONSUM,75.74,66.71
ZEEL,18.87,15.78
CHOLAFIN,31.42,31.42
INDHOTEL,63.60,74.15
FMGOETZE,12.43,12.43
KOTAKBANK,18.04,20.71
LYKALABS,99.36,98.60
ORIENTHOT,65.57,65.57
JAYSREETEA,9.15,42.98
GILLETTE,55.55,55.55
HMT,,
GOLDENTOBC,9.78,11.09
KANSAINER,17.02,31.02
FOSECOIND,32.54,32.54
ESABINDIA,41.00,41.00
3MINDIA,55.28,55.28
ANDHRAPAP,11.69,11.69
GABRIEL,36.49,36.49
SCHAEFFLER,57.76,57.76
AARTIIND,39.45,39.79
RALLIS,30.76,30.76
AMJLAND,13.69,13.69
PRAKASH,7.68,7.68
MFSL,120.75,120.75
KSB,53.55,53.55
KOPRAN,17.73,17.73
HEG,41.23,41.23
GREAVESCOT,,
GODFRYPHLP,38.96,37.12
VARDMNPOLY,27.68,27.68
SURYAROSNI,16.61,16.61
TATAINVEST,133.09,133.09
GLFL,205.53,205.53
TIMKEN,50.06,50.06
ROLTA,,
SUDARSCHEM,67.12,97.85
SHREECEM,84.06,84.06
SAKHTISUG,2.75,
IPCALAB,47.59,47.04
INGERRAND,41.54,41.54
AKZOINDIA,34.15,34.15
HINDALCO,11.30,10.81
HINDZINC,20.44,20.31
HINDUNILVR,48.02,49.84
GSFC,13.01,13.17
GRASIM,21.69,20.52
AMBUJACEM,23.14,23.53
FINPIPE,14.15,24.70
FINCABLES,19.74,27.30
EIDPARRY,8.59,8.59
DCW,66.69,66.62
DCM,19.01,19.01
CGPOWER,108.75,108.02
HEUBACHIND,29.19,29.19
CESC,13.42,13.42
BIRLACORPN,34.29,35.28
BHEL,156.93,156.93
BHARATGEAR,,
BEL,42.81,42.81
BAJFINANCE,33.73,33.73
ASHAPURMIN,13.31,16.44
PVP,699.46,737.06
NAVA,9.33,9.33
KESORAMIND,,
CORALFINAC,6.74,6.74
GREENPLY,28.52,29.40
TNPL,60.83,60.83
PARASPETRO,,
AUTOAXLES,16.06,16.06
PEARLPOLY,,
REMSONSIND,26.75,27.01
DALMIASUG,10.87,10.87
NATCOPHARM,7.93,7.93
KHAITANLTD,7.63,7.63
SWARAJENG,29.19,29.19
MTNL,,
MRF,26.59,26.59
GARFIBRES,34.41,34.41
ANDHRSUGAR,29.29,26.47
TNPETRO,13.99,15.77
TTKPRESTIG,39.21,39.21
STARPAPER,4.96,4.95
SANGHIIND,,
SKFINDIA,34.32,34.32
AUSOMENT,10.98,10.98
EIMCOELECO,18.32,18.32
PANACEABIO,,
JAYAGROGN,11.84,11.84
ALPSINDUS,,
CUBEXTUB,23.41,23.41
MARICO,49.11,49.11
SILINV,15.17,15.17
REGENCERAM,,
BIOFILCHEM,115.46,115.46
KEYFINSERV,6.93,6.93
ZENITHEXPO,,
SUNDRMBRAK,68.67,68.67
SANGAMIND,47.12,40.77
MOTHERSON,22.68,22.68
SOMATEX,1.40,
VISAKAIND,,
AARTIDRUGS,21.32,21.32
STERTOOLS,18.61,18.61
CREST,12.44,12.44
INDIANCARD,1.92,13.60
HITECHGEAR,21.22,21.20
WENDT,48.30,48.30
DENORA,98.75,98.75
TVSSRICHAK,57.45,46.98
SHRIRAMFIN,13.50,15.30
SAGCEM,,
PUNJABCHEM,29.19,29.19
MIRZAINT,200.50,200.50
DYNAMATECH,49.56,97.79
GUJAPOLLO,33.60,33.60
GANESHHOUC,16.12,16.12
MMFL,13.60,13.65
JAGSNPHARM,28.07,40.21
ALKYLAMINE,45.82,45.82
JCHAC,97.21,94.01
MPHASIS,26.35,26.35
GUJRAFFIA,37.12,37.12
RUCHINFRA,,
ATLASCYCLE,3.52,3.52
RAMCOIND,24.13,24.13
KOTHARIPET,13.63,13.56
HERITGFOOD,19.02,18.63
INDRAMEDCO,23.51,23.51
BANKBARODA,5.48,5.48
BLUECHIP,,
MADRASFERT,5.85,6.02
GAIL,10.11,12.25
INDNIPPON,17.12,17.12
SKMEGGPROD,11.67,11.67
TCIFINANCE,,
BANKINDIA,5.74,5.74
CONCOR,32.74,32.08
DCMFINSERV,,
ICICIBANK,17.82,17.82
KCPSUGIND,8.68,11.56
HUDCO,15.01,15.01
INDSWFTLAB,2.30,132.97
SAREGAMA,48.84,48.84
FDC,24.18,24.18
ENGINERSIN,28.96,28.96
ADROITINFO,24.22,24.22
JAICORPLTD,24.92,24.92
ANTGRAPHIC,,
GMDCLTD,12.60,12.60
MAHAPEXLTD,13.83,16.67
INDUSINDBK,7.44,7.44
ASAHIINDIA,42.62,45.68
TRIGYN,8.38,8.12
J&KBANK,4.79,4.79
KOTHARIPRO,,
CUB,10.58,10.58
SOUTHBANK,5.03,5.03
ARCHIES,,
ASTRAZEN,203.71,90.11
ITDCEM,27.23,27.23
AXISBANK,11.54,11.54
CYIENT,21.11,21.11
SONATSOFTW,23.31,23.31
CYBERTECH,14.59,14.59
KOKUYOCMLN,87.13,87.13
GOACARBON,,
DHANBANK,22.92,22.92
SANGHVIMOV,13.90,13.90
STCINDIA,18.94,10.86
MANUGRAPH,,
RSSOFTWARE,8.45,8.45
VIPCLOTHNG,,
NATIONALUM,8.03,8.68
IVC,44.72,44.72
JINDALSTEL,23.11,23.11
ALEMBICLTD,17.90,17.90
NIPPOBATRY,2.55,2.55
ICDSLTD,65.66,65.66
BSOFT,19.10,19.10
HCLTECH,24.53,24.53
ACCELYA,20.14,20.19
STAR,17.66,16.90
HAVISHA,,
ZYDUSLIFE,19.94,19.94
GLENMARK,,
RAJESHEXPO,122.38,122.38
CINEVISTA,,
WOCKPHARMA,,
NRBBEARING,17.78,18.58
IOB,26.61,26.61
RAMCOSYS,,
GEPIL,57.94,57.94
HCL-INSYS,,
CREATIVEYE,,
KTKBANK,5.14,5.14
MAHLIFE,,
MUKTAARTS,,
BLBLIMITED,19.02,19.02
AJANTPHARM,36.49,36.49
BLUESTARCO,81.50,82.92
CALSOFT,30.89,30.89
TVSMOTOR,50.99,50.99
PNBGILTS,6.28,6.35
PNC,61.68,61.68
TAJGVK,35.04,35.04
NLCINDIA,14.61,14.61
REPRO,,
CHENNPETRO,26.88,26.88
AKSHOPTFBR,,
TTML,,
KRBL,14.18,14.18
HAVELLS,69.77,69.77
GAEL,15.57,15.57
USHAMART,25.18,25.18
AXISCADES,74.26,72.56
BALAJITELE,,
MRO-TEK,34.47,34.47
TIPSMUSIC,51.39,51.39
STLTECH,,
KHANDSE,43.21,43.21
HIKAL,66.79,66.79
TRIDENT,44.58,44.58
MARKSANS,25.39,25.39
ACLGATI,,
NEXTMEDIA,,
GOLDTECH,20.11,
SMARTLINK,10.96,10.96
GODREJCP,,56.89
SUVEN,,
JISLJALEQS,111.50,111.50
LUPIN,32.53,32.53
UNITDSPR,69.60,66.49
FEL,,
TCI,23.82,23.66
MPSLTD,38.08,38.08
BHARTIARTL,41.31,54.10
ASAL,40.20,40.20
OLECTRA,71.27,73.94
PONNIERODE,9.83,9.83
PNB,6.58,6.58
APTECHT,44.07,39.20
SURANAT&P,28.86,28.99
TIMESGTY,77.26,77.26
OFSS,29.03,29.03
UNIONBANK,5.63,5.63
NUCLEUS,14.45,14.45
CANBK,4.51,4.51
GENESYS,56.03,56.03
OMAXAUTO,5.04,
GODREJIND,25.88,25.88
RADAAN,4.88,4.88
DIVISLAB,74.72,74.72
RADICO,97.67,97.67
INDORAMA,,
MARUTI,25.55,25.55
VARDHACRLC,21.52,21.52
UCOBANK,19.26,19.26
BAGFILMS,40.61,40.61
JSL,22.40,22.39
NSIL,43.66,43.66
WELSPUNLIV,19.58,19.58
JAIBALAJI,17.24,17.24
TVSELECT,,
IGL,19.92,19.92
DREDGECORP,,
TVTODAY,12.10,11.62
UNIENTER,826.94,826.94
UPL,795.31,30.52
SIL,135.78,135.78
MUKANDLTD,14.75,14.75
PETRONET,12.57,12.57
PTC,8.00,7.84
VAIBHAVGBL,26.17,25.62
BIOCON,34.33,35.68
MAHABANK,6.97,6.97
POONAWALLA,147.20,147.20
XPROINDIA,59.44,57.07
RKFORGE,35.85,35.78
DATAMATICS,16.66,19.04
NDTV,,
CCL,27.03,27.03
JPASSOCIAT,,
EXCELINDUS,13.92,13.92
LT,27.57,27.69
APARINDS,28.86,28.86
AMBICAAGAR,6.47,6.47
CENTEXT,18.23,18.48
NIITLTD,35.53,35.53
ULTRACEMCO,51.60,51.38
TCS,25.82,25.82
COFORGE,58.85,59.48
TEXINFRA,,
GULFPETRO,8.12,8.12
GUFICBIO,41.77,41.77
INDSWFTLTD,1.18,1.18
ASTRAMICRO,52.21,52.21
WELENT,18.33,18.33
NTPC,15.95,15.95
SALSTEEL,,
KOTARISUG,17.24,22.43
JBMA,57.76,57.76
DWARKESH,,
INDOCO,,
IMPEXFERRO,,
SUPRAJIT,40.93,40.93
PATELENG,10.21,9.98
XCHANGING,21.27,21.27
JSWSTEEL,72.66,67.37
CONSOFINVT,5.89,5.89
JINDALPHOT,48.80,48.80
JPPOWER,8.11,6.53
EVEREADY,27.91,27.91
GOKEX,40.86,40.86
SAKSOFT,20.23,20.23
ALLDIGI,17.12,20.55
IIFL,18.53,7.46
MANGALAM,12.78,12.78
SHOPERSTOP,171.26,153.68
WELCORP,25.39,25.12
SSWL,4.50,13.95
CYBERMEDIA,,
SHAHALLOYS,,
SURYALAXMI,67.77,26.50
JKPAPER,8.48,8.48
PRIMESECU,19.75,21.34
63MOONS,,
GRANULES,25.12,25.12
JSWHL,135.88,135.88
VHL,,
GEOJITFSL,10.50,10.50
GENUSPOWER,38.86,38.86
YESBANK,24.61,24.61
MSPL,74.09,74.24
NECLIFE,31.58,31.58
SPLIL,10.12,10.12
MCLEODRUSS,,
GOLDIAM,39.79,39.79
RML,,
HTMEDIA,,
SASKEN,38.37,38.37
FCSSOFT,181.50,48.83
IMPAL,14.69,14.69
SUZLON,68.86,67.29
AURIONPRO,43.74,43.74
RENUKA,,
BASML,,
TRIVENI,40.24,40.24
AIAENG,29.21,29.22
NAHARINDUS,19.63,18.33
ORIENTCER,37.41,37.41
EKC,14.28,14.00
VIMTALABS,40.30,40.30
KERNEX,249.03,249.03
PVRINOX,,
CELEBRITY,,
NITINSPIN,11.28,11.28
ROHLTD,24.25,24.25
ENIL,72.03,72.03
GSPL,7.78,7.95
JAGRAN,10.18,10.18
GVKPIL,0.88,10.55
KEC,44.85,44.85
JKCEMENT,49.07,57.34
INDOTECH,34.25,34.25
M&MFIN,14.72,14.72
BLKASHYAP,20.83,22.66
VISASTEEL,,
NITCO,,
CENTURYPLY,74.94,72.78
KEI,49.14,49.13
SANWARIA,,
VAKRANGEE,217.59,207.16
SOLARINDS,79.48,79.48
GALLANTT,20.46,20.46
MALUPAPER,,
UTTAMSUGAR,15.08,15.08
SGL,,
KKCL,18.64,18.64
SUNTV,13.93,13.93
GPIL,15.06,15.07
RSYSTEMS,29.57,29.57
EMKAY,8.05,8.05
LOKESHMACH,49.68,49.68
BALPHARMA,18.19,18.19
SWELECTES,16.16,36.46
KAMDHENU,14.62,14.62
RATNAMANI,34.52,34.52
PIONEEREMB,22.88,22.88
JKLAKSHMI,32.05,32.05
PFOCUS,,
ALLCARGO,109.12,64.94
MUNJALAU,11.11,13.71
EMAMILTD,30.43,30.43
GMRAIRPORT,,
TECHM,36.23,36.32
GRINDWELL,48.18,48.18
RAMANEWS,,
VOLTAMP,31.11,31.11
SELAN,13.11,13.11
ACE,37.12,37.12
ANANTRAJ,45.77,45.77
HOVS,15.77,15.77
BINANIIND,5.94,
TALBROAUTO,16.17,22.65
ALICON,19.98,19.98
GEECEE,13.87,13.87
MADHUCON,,
JMFINANCIL,,10.41
INFOMEDIA,,
FIEMIND,18.38,18.38
JHS,,
DCBBANK,5.88,5.88
GLOBALVECT,,
INSPIRISYS,13.58,13.58
SHYAMTEL,,
GTLINFRA,,
SHIVAMAUTO,,
NAUKRI,103.85,106.12
AARVEEDEN,19.61,19.61
GESHIP,4.60,4.60
TORNTPOWER,29.89,29.89
PARSVNATH,,
MANALIPETC,51.76,45.73
SUTLEJTEX,,
LTFOODS,22.78,22.78
DONEAR,11.76,11.76
RUCHIRA,6.15,6.15
SOBHA,217.98,218.01
VENUSREM,11.34,14.17
JINDRILL,22.15,22.15
HIRECT,51.51,51.51
NFL,25.57,25.57
PLASTIBLEN,15.15,15.15
PRAENG,,
PARACABLES,17.55,17.55
HBLENGINE,47.75,44.95
TANLA,13.47,13.47
AVTNPL,19.29,19.29
ZEEMEDIA,,
SITINET,,
VEEDOL,19.55,18.79
LUMAXTECH,18.34,18.34
SARLAPOLY,10.71,10.71
PTL,15.70,15.70
WANBURY,16.88,40.40
AUTOIND,15.67,14.11
GANDHITUBE,14.04,14.04
PITTIENG,30.82,30.82
NETWORK18,,
UNOMINDA,68.47,70.48
HUBTOWN,,
CTE,,
TIIL,23.05,22.43
ORIENTBELL,75.06,75.06
PGIL,28.04,28.11
REDINGTON,14.45,14.45
TTL,19.97,38.49
FSL,36.24,36.68
PFC,4.49,4.49
TFL,161.62,161.62
SMSPHARMA,28.09,28.09
INDIANB,6.87,6.87
ORIENTALTL,,
IDEA,,
PAGEIND,68.33,68.33
LAOPALA,25.15,25.15
RAJTV,,
AMDIND,74.98,74.98
JKTYRE,13.15,12.32
ASTRAL,64.86,64.86
EMBDL,,
NAHARSPING,,
NAHARPOLY,24.40,24.40
THEMISMED,41.39,41.39
NCLIND,19.99,17.46
BALAMINES,20.93,20.93
BANSWRAS,19.76,19.76
ICRA,33.17,33.17
DISHTV,,
PHOENIXLTD,41.39,41.82
AROGRANITE,,
NDLVENTURE,348.17,348.17
ZENITHSTL,12.88,12.88
BFUTILITIE,9.95,9.95
FORTIS,56.61,54.90
SRHHYPOLTD,10.66,10.19
ALPHAGEO,87.67,19.99
WEBELSOLAR,80.66,73.32
TGBHOTELS,,
HILTON,74.38,74.38
INSECTICID,13.09,13.11
KMSUGAR,8.24,8.24
NAVINFLUOR,76.47,76.47
TIMETECHNO,22.89,22.89
NAGREEKEXP,13.95,13.95
HGS,,
NELCAST,27.72,31.59
V2RETAIL,84.45,84.45
DLF,70.38,96.33
TARMAT,,77.14
SPARC,,
HDIL,,
ADSL,20.59,20.59
ALPA,9.30,9.30
OMAXE,,
CENTRALBK,10.56,10.56
ASIANTILES,,
TAKE,,
KPRMILL,37.56,37.56
CIEINDIA,18.37,18.37
PURVA,,
MOTILALOFS,11.39,11.39
INDOWIND,34.30,34.30
NAGREEKCAP,1.05,1.05
MAGNUM,9.73,14.92
KSCL,19.78,19.78
CENTUM,,
POWERGRID,16.56,16.56
SUPREMEINF,,
MANGCHEFER,13.30,13.30
MAANALU,25.11,25.11
IL&FSENGG,,
DELTACORP,15.24,20.45
BAJAJELEC,64.29,64.29
ENERGYDEV,,116.97
CERA,28.75,28.75
RELIGARE,37.29,257.20
BVCL,31.49,31.49
ADANIPORTS,25.06,23.85
EDELWEISS,14.61,14.61
RGL,18.67,18.67
KOLTEPATIL,163.82,163.82
KAUSHALYA,2.83,2.83
COLPAL,44.92,44.92
JYOTHYLAB,32.72,32.72
MADHAV,407.51,407.51
HITECHCORP,23.52,24.52
ECLERX,23.75,23.75
TARIL,81.55,81.55
BRIGADE,36.10,36.10
MANAKSIA,6.73,5.18
DVL,13.36,13.36
PATINTLOG,13.68,13.68
PPAP,,
ARIES,10.42,10.42
AMBIKCO,11.43,11.43
KAVVERITEL,39.71,39.71
CEATLTD,24.60,22.57
BIRLAMONEY,10.87,10.87
RPOWER,6.30,
JKIL,13.37,13.37
CORDSCABLE,16.58,16.58
KNRCON,5.10,5.05
HERCULES,19.85,19.85
ONMOBILE,,
SEPC,117.84,71.56
BANG,,
IRB,4.08,28.78
NMDC,9.34,9.31
GSS,16.66,16.66
NAHARCAP,13.13,13.13
RECLTD,7.23,7.23
VGUARD,51.03,51.03
DHANI,,
NESCO,16.13,16.13
DPSCLTD,70.70,70.70
TITAGARH,33.07,32.89
KIRIINDUS,,
BAJAJFINSV,17.43,17.43
BAJAJ-AUTO,26.85,26.85
DIGISPICE,22.94,42.90
GOKUL,45.17,45.17
RPGLIFE,47.57,43.31
ALMONDZ,43.85,43.85
RBL,11.69,11.43
RANEENGINE,51.52,21.53
ARCHIDPLY,,
LOTUSEYE,235.74,246.77
VINYLINDIA,19.39,19.39
UBL,118.22,114.52
LPDC,,
ZFCVINDIA,52.81,52.81
20MICRONS,11.69,11.55
JOCIL,53.71,53.71
ALKALI,,
COUNCODOS,78.73,78.73
TPHQ,20.33,20.33
FELDVR,,
MAWANASUG,3.71,9.06
AJMERA,26.36,26.36
MHRIL,46.45,46.45
GKWLIMITED,,
VINATIORGA,42.91,42.91
EXCEL,41.13,41.13
ADANIPOWER,15.59,15.59
NHPC,25.88,25.88
GLOBUSSPR,157.30,157.30
OIL,8.59,8.60
EXPLEOSOL,14.06,14.06
RTNPOWER,0.50,42.61
AMRUTANJAN,35.88,35.88
SUNTECK,29.68,29.68
ZYDUSWELL,32.28,32.88
DEN,7.22,7.22
ASTEC,,
SHILPAMED,71.40,74.36
SARDAEN,28.67,28.64
REFEX,33.34,33.39
GILLANDERS,7267.44,
AHLUCONT,16.27,29.36
DLINKINDIA,14.98,14.98
JSWENERGY,52.80,52.80
GODREJPROP,41.29,41.29
DBCORP,9.32,9.32
HINDCOPPER,53.53,53.53
BEARDSELL,12.36,12.36
MMTC,79.52,75.49
NESTLEIND,64.20,67.13
TRF,13.36,13.36
WHIRLPOOL,37.95,36.39
UNITEDTEA,11.02,11.02
MBLINFRA,2.15,
JUBLFOOD,107.88,180.81
VASCONEQ,7.69,17.29
THANGAMAYL,48.83,48.83
EMMBI,20.09,20.09
DBREALTY,,
HATHWAY,31.93,31.48
ORIENTLTD,,
TEXMOPIPES,27.49,9.98
MANINFRA,19.00,19.00
IL&FSTRANS,,
LGBBROSLTD,13.85,14.40
PERSISTENT,62.36,62.36
ASIANHOTNR,,
ISFT,12.35,12.35
GOENKA,,
KIRLOSBROS,31.46,31.11
TARAPUR,3.64,4.59
KSL,19.45,19.45
SJVN,35.94,39.25
SUNDARAM,,
KIRLOSIND,12.88,12.22
MANAPPURAM,9.19,9.19
UMESLTD,104.45,104.45
TI,25.49,24.42
HMVL,14.99,14.99
IMFA,8.93,8.93
BLISSGVS,18.41,7.89
EMAMIREAL,,
AHLEAST,8.83,8.83
IITL,15.74,16.33
BAJAJCON,17.30,17.30
UGARSUGAR,,
PRAKASHSTL,3.22,87.80
GPPL,19.42,17.82
ADFFOODS,33.90,33.90
WELINV,82.16,82.16
KILITCH,30.81,30.81
ORISSAMINE,678.11,678.11
DEEPAKNTR,36.90,40.15
SASTASUNDR,,8.88
GREENPOWER,60.54,59.00
RAMKY,12.53,12.53
CANTABIL,33.08,33.64
WABAG,32.34,31.92
ASHOKA,3.40,3.58
BEDMUTHA,18.36,18.36
JWL,34.30,34.30
OBEROIRLTY,22.84,22.84
PRESTIGE,64.55,64.55
SHAH,6.34,35.16
CGCL,35.06,35.06
RESPONIND,27.02,27.02
COALINDIA,7.18,7.18
IOLCP,19.22,19.22
GRAVITA,44.29,44.29
JINDWORLD,71.44,71.44
PENIND,22.01,22.01
RPPINFRA,8.05,8.05
JAMNAAUTO,16.54,16.54
MOIL,19.17,19.17
ZEELEARN,1.26,5.71
A2ZINFRA,24.87,
KIRLOSENG,21.53,22.62
RKDL,42.60,42.60
PSB,33.04,33.04
FMNL,1.14,8.82
SURANASOL,278.04,278.04
SHEKHAWATI,0.50,5.31
BFINVEST,,
KICL,24.22,32.11
SUMMITSEC,22.48,20.24
STEL,49.79,49.79
OMKARCHEM,,
HINDMOTORS,14.54,14.54
TEXRAIL,26.88,26.88
HFCL,32.46,32.46
INDTERRAIN,,
DHUNINV,10.20,10.23
LOVABLE,,
PFS,11.70,11.70
MUTHOOTFIN,19.06,19.06
VADILALIND,26.85,26.85
SYMPHONY,44.11,33.70
PIIND,30.50,30.50
RELAXO,59.95,59.95
OMINFRAL,46.06,46.06
VSTTILLERS,26.61,26.70
ESTER,,
DELPHIFX,107.11,10.82
KARMAENG,,
ASHIANA,198.32,150.37
DHANUKA,20.52,20.52
MAITHANALL,3.22,3.22
RUSHIL,14.50,14.50
INVENTURE,13.26,12.21
ELGIRUBCO,27.26,
LTF,14.25,14.25
WINDMACHIN,,
YAARI,,
BODALCHEM,133.99,111.05
GAYAPROJ,,
WINSOME,,
TREEHOUSE,,
ASAHISONG,34.41,33.92
FILATEX,13.34,13.34
BROOKS,156.82,156.82
TDPOWERSYS,38.28,38.28
APLLTD,27.46,27.92
VASWANI,12.67,12.67
PGEL,116.99,116.99
PANAMAPET,11.32,11.32
SETUINFRA,,
TIJARIA,,
PAISALO,16.27,16.30
ONELIFECAP,,
SHAKTIPUMP,31.07,31.07
TRITURBINE,53.10,53.10
INDOTHAI,157.09,157.09
ESSARSHPNG,0.90,58.93
DSSL,19.49,19.49
JISLDVREQS,1.60,1.60
POLYMED,73.10,73.10
RUPA,19.35,18.68
VIKASECO,29.41,29.41
APLAPOLLO,65.31,65.31
KANANIIND,41.59,41.59
MINDACORP,47.44,47.44
THOMASCOTT,31.39,31.39
DBSTOCKBRO,17.00,17.00
IRFC,25.61,25.61
COMPUSOFT,190.07,190.07
RHIM,,32.04
SCHNEIDER,71.18,75.92
NDL,9.93,9.93
NBCC,43.62,38.58
MTEDUCARE,,
HEXATRADEX,,
TBZ,16.27,16.27
VSSL,15.31,15.31
SWANENERGY,13.91,13.91
SPECIALITY,27.65,27.65
CINELINE,,
SAMPANN,,
RTNINDIA,16.25,16.25
PROZONER,,
MORARJEE,,
THEJO,38.66,38.66
KITEX,27.67,27.67
MAYURUNIQ,14.54,14.54
ROSSELLIND,10.00,9.94
DUCON,13.32,13.32
TVSHLTD,7.54,7.54
ZUARI,4.66,4.66
VETO,11.45,11.45
CARERATING,28.03,28.03
PCJEWELLER,23.06,23.06
INDUSTOWER,8.95,8.95
VMART,,
REPCOHOME,4.84,4.84
NIBL,,
VIVIDHA,,
JUSTDIAL,13.42,13.42
CEREBRAINT,,
ATULAUTO,73.00,73.00
ORIENTCEM,60.46,60.46
ABFRL,,
SAMMAANCAP,,
ESSENTIA,27.02,27.02
FLFL,,
PILITA,62.00,62.00
LYPSAGEMS,,
MITCON,11.37,11.37
ORBTEXP,11.15,11.15
JPOLYINVST,20.80,20.80
SREEL,24.64,24.64
NATHBIOGEN,7.03,7.17
AGRITECH,152.20,152.20
SECURKLOUD,,
SANCO,,
CASTROLIND,23.34,23.34
SDBL,25.48,25.48
IREDA,26.61,26.61
BUTTERFLY,284.65,197.38
WONDERLA,34.65,34.65
AGARIND,12.81,12.81
HATSUN,70.55,70.55
CAPLIPOINT,28.40,28.40
GOCLCORP,10.29,9.46
GULFOILLUB,17.77,17.77
SNOWMAN,202.26,202.26
SHARDACROP,19.79,19.79
SUPERHOUSE,15.09,31.52
SHEMAROO,,
CIGNITITEC,24.84,24.39
PDSL,27.00,27.49
INTELLECT,35.31,35.33
MONTECARLO,15.62,15.62
GOODLUCK,14.48,14.48
FCL,21.55,21.55
DTIL,,
CAMLINFINE,,
GULPOLY,48.54,48.54
APOLSINHOT,44.36,44.36
CCHHL,188.55,188.55
LAMBODHARA,15.03,15.03
GRPLTD,61.97,57.00
GENUSPAPER,139.65,139.65
MOLDTKPAC,23.40,23.40
GREENLAM,65.85,65.85
VISHNU,26.33,26.33
GANECOS,37.15,37.15
LINC,17.05,17.05
MENONBE,21.31,21.31
HESTERBIO,39.26,39.26
JMA,7.40,7.40
MANAKALUCO,25.39,25.39
MANAKSTEEL,37.19,31.76
MANAKCOAT,38.34,40.60
ZENTEC,51.31,51.75
IMAGICAA,51.03,45.76
INOXWIND,76.54,69.85
LFIC,6.24,6.24
BYKE,56.05,56.05
AVANTIFEED,24.05,24.05
VRLLOG,32.82,32.82
MEP,,
PRIVISCL,39.43,39.43
UFO,18.88,19.39
TPLPLASTEH,26.54,26.54
NILAINFRA,17.46,17.46
ARROWGREEN,12.74,12.74
PNCINFRA,6.01,6.01
SKIPPER,38.44,38.44
ALANKIT,17.97,17.97
ORICONENT,107.70,101.87
SHYAMCENT,,
BALKRISHNA,,
ADANIENSOL,165.91,43.69
SYNGENE,56.67,59.76
AYMSYNTEX,38.43,61.47
EMKAYTOOLS,4.17,4.17
KAYA,,
RAMASTEEL,67.06,67.06
AURUM,,
PKTEA,28.44,28.44
MUTHOOTCAP,8.42,8.42
SATIN,5.39,5.39
ARVSMART,27.07,27.07
POWERMECH,21.73,21.69
SHARDAMOTR,13.54,13.54
NAVKARCORP,,
SHREEPUSHK,17.17,17.17
GUJGASLTD,21.38,22.15
SADBHIN,,
IDFCFIRSTB,21.06,21.06
COFFEEDAY,,13.66
INDIGO,31.62,31.62
SHK,386.90,16.37
PERFECT,21.63,21.63
BALAXI,14.32,14.87
LUXIND,23.85,23.85
TTKHLTCARE,19.18,23.44
UMANGDAIRY,28.90,28.90
SALZERELEC,24.26,24.26
PILANIINVS,25.58,25.58
KRIDHANINF,1.02,124.58
LINCOLN,12.43,12.43
LALPATHLAB,50.65,50.65
ALKEM,26.40,26.28
NH,42.87,42.87
OCCL,8.56,8.56
PRECAM,96.76,112.49
TEAMLEASE,34.50,34.50
QUICKHEAL,74.70,74.70
HITECH,34.22,34.22
VIDHIING,53.83,53.83
BHAGERIA,23.04,23.04
NECCLTD,18.69,18.69
KELLTONTEC,13.10,13.10
SEQUENT,156.27,167.18
GOKULAGRO,14.59,14.59
SIMBHALS,6.61,6.61
KDDL,26.43,26.41
PDMJEPAPER,8.45,8.45
HCG,107.97,112.96
HECPROJECT,26.86,26.86
WEALTH,18.29,17.90
BHARATWIRE,15.19,15.19
INFIBEAM,22.51,22.51
PALREDTEC,,
THYROCARE,36.38,36.33
CROMPTON,44.14,44.14
SAGARDEEP,43.25,43.25
PARAGMILK,18.25,18.25
SHRIPISTON,16.94,16.94
UNITEDPOLY,24.36,24.36
ARMANFIN,13.76,13.76
ALBERTDAVD,11.88,11.88
BLS,29.99,29.99
ASPINWALL,11.01,11.01
NAGAFERT,0.14,0.14
SALONA,19.00,19.00
PREMEXPLN,62.86,62.86
CONTROLPR,22.47,22.47
INCREDIBLE,16.23,16.23
SETCO,,
DAMODARIND,18.05,18.05
MGL,12.59,12.59
MOLDTECH,16.95,16.95
POKARNA,26.01,26.01
COMPINFO,0.44,0.44
VIJIFIN,,
GPTINFRA,17.86,17.86
QUESS,24.40,23.89
GROBTEA,6.26,6.26
SOMICONVEY,32.00,32.00
LLOYDSENGG,64.66,64.66
LTIM,28.28,28.28
GATECH,16.36,16.36
MINDTECK,20.26,19.23
ADVENZYMES,22.70,21.14
DBL,11.71,20.66
SPAL,19.36,19.36
NDGL,33.81,32.61
RBLBANK,10.22,10.22
BIGBLOC,75.88,75.88
MBAPL,58.66,58.66
CUPID,17.63,17.63
LTTS,38.00,38.00
GNA,14.76,14.76
CROWN,10.50,33.37
ICICIPRULI,83.55,83.55
MARATHON,15.44,15.44
HPL,37.56,37.56
JAIPURKURT,13.33,13.33
GRETEX,35.16,34.91
SAKAR,35.44,35.32
ARTNIRMAN,77.66,77.66
ENDURANCE,34.42,34.42
GICL,77.19,77.19
MAZDA,16.42,16.42
PNBHOUSING,11.88,11.88
VBL,69.40,69.40
KINGFA,23.60,23.60
AGROPHOS,865.54,865.54
PODDARMENT,12.20,12.20
ROLLT,,
NBIFIN,97.70,97.70
KIOCL,,
JETFREIGHT,8.85,8.86
SFL,55.22,94.10
HEADSUP,,
TCIEXP,26.04,26.04
LAURUSLABS,166.87,166.87
TERASOFT,31.19,31.09
ITDC,69.35,69.29
HISARMETAL,29.48,29.48
RHFL,8.70,
LIBAS,5.27,5.27
PROLIFE,11.11,11.11
SPCENET,40.44,40.44
CAPTRUST,99.96,99.96
MAHESHWARI,12.42,12.42
BHANDARI,17.74,17.74
BSE,70.44,70.44
MCL,17.18,17.18
PRICOLLTD,29.53,29.53
STEELCITY,8.82,8.82
JITFINFRA,25.94,46.09
KRISHANA,25.02,25.02
GLOBAL,8.98,8.98
NITIRAJ,28.62,28.62
SANGINITA,287.86,287.86
AKASH,27.09,27.09
RADIOCITY,47.21,47.21
DMART,92.00,92.00
TASTYBITE,98.86,98.86
INTENTECH,13.26,13.26
AIRAN,12.46,12.46
AKSHARCHEM,,
ARIHANTSUP,23.39,23.39
LAXMICOT,209.65,250.70
CLEDUCATE,57.29,52.78
EIFFL,152.13,152.13
NRAIL,9.21,9.21
SHANKARA,17.72,17.72
NACLIND,,
APCL,,
CREATIVE,15.97,15.97
WIPL,82.25,82.25
FOCUS,19.49,19.49
DEVIT,14.81,14.81
SIKKO,29.92,29.92
MKPL,19.80,19.80
DOLLAR,23.21,23.37
PANACHE,116.45,50.15
INFOBEAN,20.91,20.91
SCHAND,13.18,13.18
ZOTA,,
BHAGYANGR,20.20,20.20
PSPPROJECT,37.05,37.05
STARCEMENT,65.88,65.88
GLOBE,10.99,11.96
TEJASNET,18.80,18.80
ERIS,51.81,51.81
CDSL,44.46,44.46
GTPL,23.16,23.16
ACCORD,,
AUBANK,19.84,19.23
ACEINTEG,42.66,42.66
SHRENIK,,
DYNPRO,21.82,21.82
STEELXIND,23.09,23.09
SALASAR,28.70,28.70
UNIVASTU,0.00,0.00
AVADHSUGAR,12.15,12.15
PALASHSECU,,
MAGADSUGAR,9.69,9.69
GANGESSECU,25.70,25.70
THEINVEST,22.13,22.13
SHANTI,,
TOTAL,48.42,48.42
GTECJAINX,,
OPTIEMUS,64.62,64.62
WEWIN,26.39,26.39
SIS,21.17,21.17
COCHINSHIP,47.96,47.96
SMSLIFE,15.56,15.56
VAISHALI,315.33,315.33
LEXUS,,
GEEKAYWIRE,10.53,10.53
SERVOTECH,99.84,99.84
ABCAPITAL,12.94,12.94
APEX,477.27,477.27
PASHUPATI,182.25,182.25
BRNL,2.52,2.52
MANAV,12.62,12.62
DIXON,98.25,124.22
DCAL,,
LASA,,
MATRIMONY,23.51,23.51
CHOLAHLDNG,6.84,6.84
CAPACITE,15.64,15.64
ICICIGI,69.98,69.98
WORTH,12.91,12.91
MPTODAY,4.93,4.95
SBILIFE,61.73,61.73
RMDRIP,124.06,124.06
DPWIRES,11.58,11.58
AARVI,15.35,15.35
DIAMONDYD,,169.89
TIRUPATI,69.18,69.18
AIROLAM,81.45,81.45
RKEC,7.31,7.31
GATECHDVR,3.59,3.59
GOLDSTAR,71.19,71.19
JASH,40.65,40.62
CMMIPL,,
BETA,43.88,43.88
OMFURN,24.74,24.74
GODREJAGRO,41.78,41.78
TCPLPACK,31.05,31.05
MILTON,92.46,92.46
MASFIN,14.76,14.76
IEX,37.80,37.80
DPABHUSHAN,29.56,29.56
GICRE,9.77,9.77
TIINDIA,47.50,47.30
NAM-INDIA,26.89,26.89
MAHLOG,,
NIACL,25.08,25.08
IFGLEXPOR,27.44,27.44
KHADIM,110.03,110.03
5PAISA,16.47,16.47
HDFCLIFE,81.89,81.89
AISL,16.12,16.12
PULZ,10.13,10.13
SILVERTUC,42.66,42.66
ZODIAC,36.45,36.45
FELIX,35.42,35.42
ICEMAKE,54.88,54.88
DNAMEDIA,0.44,
SHRADHA,13.05,13.05
SHALBY,73.11,73.11
FSC,,
TOUCHWOOD,17.61,17.61
ONEPOINT,40.12,40.12
SMVD,0.77,
SHIVATEX,22.02,22.02
ASTRON,,
AJOONI,38.64,38.64
MOKSH,14.34,14.34
BCONCEPTS,58.67,58.67
SILLYMONKS,38.04,38.04
APOLLO,65.64,65.64
NEWGEN,41.67,41.67
AMBER,92.33,92.33
PRAXIS,,
SOLEX,36.26,36.26
SRPL,,
GALAXYSURF,24.78,24.78
SINTERCOM,340.48,340.48
MHHL,10.58,10.58
SOUTHWEST,33.21,34.98
SHIVAMILLS,,
ARVEE,73.74,73.74
ASTERDM,70.61,66.92
BANKA,,
GMMPFAUDLR,43.27,43.27
HGINFRA,12.69,12.69
HINDCON,32.19,32.19
SARVESHWAR,30.23,30.23
UNIINFO,,
MACPOWER,25.26,25.26
TARACHAND,20.16,20.16
BDL,77.63,77.63
MDL,41.22,40.08
SUNDARMHLD,26.91,26.91
BANDHANBNK,9.17,9.17
HAL,28.88,28.90
URAVIDEF,211.01,211.01
MITTAL,31.85,39.10
SANDHAR,16.49,17.31
ISEC,13.60,13.60
KAPSTON,29.31,29.31
CENTRUM,,
MIDHANI,53.13,53.13
CONTI,16.66,
LEMONTREE,49.25,49.25
AVG,8.71,12.97
MMP,18.76,18.76
NARMADA,16.67,16.67
PIGL,19.17,19.17
CHEMFAB,144.16,144.16
BSHSL,53.32,53.32
MAHICKRA,44.93,44.93
AAKASH,16.72,16.72
ORIENTELEC,72.49,72.49
E2E,107.75,107.75
INDOSTAR,43.28,43.28
BORORENEW,,
SIRCA,28.10,28.10
SUULD,,
SVLL,392.24,392.24
DIL,6.74,6.94
SONAMLTD,28.83,28.83
ADANIGREEN,94.34,81.05
OSWALSEEDS,,
PRITI,22.45,22.45
ACCURACY,9.24,9.24
SOLARA,,
GAYAHWS,,1.39
FINEORG,26.93,26.90
RITES,26.70,26.76
VARROC,68.36,33.43
GANGAFORGE,93.67,95.22
REPL,22.05,22.05
HBSL,,
AVROIND,64.65,64.65
HDFCAMC,35.98,35.98
CREDITACC,17.09,17.09
AARON,46.82,46.82
SIGIND,11.46,11.46
DANGEE,,
SUMIT,39.29,39.29
LAGNAM,14.83,14.83
RPPL,12.38,12.38
AKG,52.51,52.51
IRCON,20.60,20.60
AHLADA,8.60,8.60
SPECTRUM,117.13,117.13
RAJMET,,
AAVAS,26.97,26.97
KSHITIJPOL,,13.59
GRSE,47.63,47.63
SILGO,21.37,21.37
BBTCL,,
MARINE,65.53,65.76
IRISDOREME,34.64,34.64
ATGL,104.59,104.59
TECHNOE,37.40,37.40
SHUBHLAXMI,14.21,14.21
UNIPARTS,15.58,15.58
SHRIRAMPPS,18.52,18.52
TREJHARA,19.61,757.08
NILASPACES,39.43,39.43
AWHCL,17.18,17.18
DALBHARAT,55.82,47.52
RPSGVENT,46.60,8.70
SPENCERS,,
SURANI,55.35,55.35
XELPMOC,,
CHALET,171.56,171.56
MSTCLTD,8.27,16.58
OSIAHYPER,14.25,14.25
ANUP,48.95,48.95
ARVINDFASN,35.99,35.99
PAR,7.87,7.87
RVNL,60.70,60.70
POLYCAB,43.87,43.87
METROPOLIS,54.52,54.52
KPITTECH,44.82,44.82
SWSOLAR,176.29,176.29
NEOGEN,92.56,92.56
VIKASLIFE,,
EMAMIPAP,11.43,11.43
VCL,,
CONFIPET,22.61,22.85
PPL,10.37,10.37
INDIAMART,24.15,24.15
ATMASTCO,33.49,33.49
OAL,23.66,23.66
SEYAIND,,
DCMNVL,57.04,166.89
SATIA,5.81,5.81
WEL,171.06,171.06
AFFLE,56.81,56.81
CHEMCON,27.37,27.37
SPANDANA,,
WESTLIFE,990.30,990.30
DOLATALGO,6.19,6.19
HNDFDS,61.55,61.55
UJJIVANSFB,7.09,7.09
MAZDOCK,40.52,40.52
IRCTC,46.27,46.55
SECL,105.16,105.16
SAFARI,67.32,67.32
DCI,23.76,23.76
360ONE,36.00,33.88
IIFLCAPS,8.47,8.47
HPIL,101.77,101.77
SAMHI,64.45,69.31
VISHWARAJ,,
GOLDKART,135.45,135.45
FLUOROCHEM,92.46,92.46
GREENPANEL,39.11,39.11
KUANTUM,7.36,7.36
RBA,,
APOLLOPIPE,47.35,47.35
CHEMBOND,18.05,18.58
MGEL,15.65,14.26
ROUTE,16.47,16.76
SBICARD,39.39,39.39
HOMEFIRST,24.73,24.73
SIGMA,15.03,15.03
CSBBANK,9.29,9.29
EQUITASBNK,21.18,21.18
EASEMYTRIP,58.54,31.67
ROSSARI,25.06,25.06
HINDWAREAP,,
PRINCEPIPE,37.53,37.53
ESAFSFB,,
LIKHITHA,14.61,14.61
PARKHOTELS,42.77,42.77
ARTEMISMED,46.81,46.81
PATANJALI,55.09,55.09
SUMICHEM,49.30,49.30
LGHL,84.53,84.60
ATALREAL,34.57,34.57
ASALCBR,35.23,35.23
MAHEPC,137.53,133.71
UNIVPHOTO,7.00,7.00
ALOKINDS,,
BARBEQUE,,
BAFNAPH,44.42,41.02
SUVENPHAR,105.62,105.62
POWERINDIA,167.64,167.64
STOVEKRAFT,66.07,66.07
BHARTIHEXA,52.99,62.94
KSOLVES,25.71,25.71
RAJRATAN,24.28,24.28
HAPPSTMNDS,43.87,45.75
AARTISURF,39.53,77.60
GLAND,37.01,37.01
BOROLTD,59.78,59.78
NDRAUTO,45.34,45.34
MAXHEALTH,104.83,99.70
PAVNAIND,42.53,42.53
AAATECH,35.18,35.18
KALYANKJIL,70.45,70.45
MAXIND,,
BTML,28.79,28.79
SHAREINDIA,8.99,8.99
UNIDT,31.82,31.82
SIGACHI,18.18,18.18
ANGELONE,14.95,14.95
ADL,174.54,174.54
NIRAJ,18.08,17.01
VALIANTORG,,
CAMS,41.47,41.47
SURYODAY,5.22,5.22
ROML,44.47,44.47
UTIAMC,14.15,14.15
RAILTEL,36.04,34.06
HEMIPROP,,
BECTORFOOD,64.67,64.67
KHAICHEM,,
ORCHPHARMA,38.63,38.63
SUBEXLTD,,
NURECA,,
INDIGOPNTS,34.16,34.16
HERANBA,20.72,20.72
LXCHEM,36.65,36.65
TARC,,
RVHL,,
MTARTECH,90.48,90.48
FAIRCHEMOR,38.53,38.53
ANURAS,62.34,62.34
KANPRPLA,22.46,22.46
ISGEC,28.67,28.67
STYLAMIND,21.15,21.02
PAKKA,19.28,19.28
CLSEL,15.68,15.68
PARTYCRUS,14.39,14.39
CARYSIL,30.47,30.47
SHAILY,99.25,99.25
MODISONLTD,20.55,20.84
FIBERWEB,8.91,8.91
BCLIND,11.30,11.30
BHAGCHEM,171.49,171.49
SBCL,33.98,33.98
AADHARHFC,22.01,22.01
SMCGLOBAL,5.54,5.54
QMSMEDI,15.31,15.31
NPST,104.32,104.32
SVPGLOB,,
ARIHANTCAP,11.14,11.58
SIDDHIKA,14.37,14.37
NAZARA,112.35,111.14
IPL,24.51,24.51
GENCON,14.01,14.01
LODHA,46.75,46.75
HLEGLAS,36.87,36.87
VMARCIND,19.41,19.41
SONACOMS,54.07,52.93
UTKARSHBNK,14.31,14.31
DRCSYSTEMS,20.59,20.59
PARAS,76.46,76.46
CRAFTSMAN,55.47,53.52
DODLA,28.35,28.35
EXXARO,,
JUBLINGREA,53.79,53.77
ROLEXRINGS,25.77,21.42
WALPAR,16.44,16.44
ORTINGLOBE,,
SHYAMMETL,26.40,26.40
KIMS,62.18,62.18
SUVIDHAA,,
MAKS,93.45,39.67
JSFB,6.42,6.42
TATVA,110.55,110.55
CLEAN,49.83,49.83
AILIMITED,42.37,42.37
ALIVUS,29.98,29.98
ABSLAMC,20.04,20.04
DEEPINDS,18.99,19.04
ZOMATO,325.36,325.36
CHEMPLASTS,,
BEWLTD,12.85,12.85
PIXTRANS,20.26,20.26
MEDIASSIST,32.16,32.16
WINDLAS,31.30,31.30
CARTRADE,66.27,66.27
KRSNAA,33.52,33.52
EQUIPPP,,
DEVYANI,,1397.17
APTUS,21.25,21.25
SUPRIYA,30.43,30.43
ANMOL,10.15,10.15
BMETRICS,13.93,13.93
ABCOTS,54.56,54.56
VIJAYA,80.59,80.59
AMIORG,78.28,78.12
IWEL,36.73,35.05
VINEETLAB,,
MOL,,
SANSERA,36.80,36.80
BAJAJHCARE,,50.16
PRITIKAUTO,13.34,13.34
AAREYDRUGS,17.50,17.50
GRINFRA,8.52,10.75
INTLCONV,5.27,5.27
DUGLOBAL,75.37,75.37
PAYTM,,
REXPIPES,14.02,13.98
STEELCAS,33.05,33.05
HPAL,24.41,24.41
UGROCAP,11.51,11.51
STARHEALTH,26.57,26.57
KPIGREEN,29.78,29.54
YUKEN,42.26,42.26
SGIL,37.39,37.39
ANANDRATHI,49.96,49.96
SJS,24.89,24.89
FINOPB,20.40,20.40
POLICYBZR,294.42,343.65
NYKAA,731.78,731.78
AWL,29.05,29.05
MONARCH,15.84,15.83
SAPPHIRE,586.25,342.58
QUADPRO,15.49,15.49
PRUDENT,48.65,48.65
EPIGRAL,23.44,23.44
NUVOCO,,
GOCOLORS,43.50,43.50
NGIL,,
TRACXN,,
CMSINFO,19.90,19.90
FUSION,,
COASTCORP,,
TARSONS,53.48,53.48
MEDPLUS,63.97,63.97
TEGA,49.69,49.69
RATEGAIN,25.45,25.45
MANORG,35.67,35.67
LATENTVIEW,45.97,45.97
METROBRAND,71.22,71.22
PVSL,30.44,30.44
MICEL,25.89,25.89
VIVO,,
PASUPTAC,12.81,12.81
FOODSIN,25.30,25.30
PARADEEP,17.88,17.88
JAINAM,30.48,30.48
MAPMYINDIA,63.60,63.60
ABMINTLLTD,274.66,274.66
3IINFOLTD,,
TMB,5.79,5.79
KRITI,160.68,160.68
DYNAMIC,14.29,14.32
DESTINY,35.07,35.07
MANYAVAR,47.10,47.10
GANESHBE,13.18,13.18
GVPTECH,66.35,66.35
DMCC,32.70,32.70
KOTYARK,14.16,14.16
MEDICAMEQ,85.19,85.19
FOCE,45.01,45.01
EMIL,27.37,27.37
SHIVALIK,47.21,47.21
PRECISION,9.76,9.76
UMAEXPORTS,17.65,17.35
DATAPATTNS,53.66,53.66
JSLL,49.03,49.03
MEDANTA,65.01,65.01
MALLCOM,18.22,18.22
NIDAN,,8.85
ASIANENE,42.92,40.72
DIGJAMLMTD,,
SMLT,31.96,31.96
NRL,26.65,26.65
RADIANTCMS,12.29,12.29
GPTHEALTH,23.41,23.41
CHOICEIN,67.55,67.55
EUROBOND,24.02,24.02
SELMC,,
HARIOMPIPE,19.53,19.53
GRWRHITECH,30.89,30.89
CAPITALSFB,9.75,9.75
DELHIVERY,787.62,438.05
DCMSRIND,11.64,11.64
VERANDA,,
RAJRILTD,,
EMUDHRA,81.95,81.95
DYCL,25.37,25.37
FIVESTAR,19.72,19.72
STARTECK,23.25,23.25
VIRINCHI,35.33,35.33
SBC,33.65,33.65
DHRUV,26.00,26.00
ELDEHSG,24.08,24.08
RICHA,16.37,16.37
ELIN,37.43,37.43
SHIGAN,19.19,19.19
MADHAVBAUG,24.71,24.71
SEJALLTD,52.40,52.40
MHLXMIRU,14.38,14.38
LOYALTEX,,
RELCHEMQ,45.82,45.82
GATEWAY,4.94,12.84
SYRMA,52.77,52.17
ZIMLAB,26.87,26.87
UDAICEMENT,,
JTLIND,28.87,28.87
CAMPUS,64.74,64.74
RAINBOW,54.78,54.78
TBOTEK,62.33,63.30
VENUSPIPES,29.93,29.93
AETHER,105.86,62.34
ROTO,42.61,42.61
MEGASTAR,70.94,70.94
GSTL,23.36,23.36
INDOBORAX,12.62,12.62
LANDMARK,65.13,
RACE,78.48,78.48
AVONMORE,20.26,20.26
ETHOSLTD,65.00,65.00
DREAMFOLKS,18.07,18.07
AGSTRA,,
SONUINFRA,15.18,15.18
MSUMI,36.93,36.93
KNAGRI,16.29,16.29
LEMERITE,208.76,208.76
DHARMAJ,20.03,20.03
HARSHA,27.65,27.65
KRISHIVAL,39.12,39.12
OBCL,103.57,103.57
GMRP&UI,4.32,
KCK,149.31,149.31
LICI,11.41,11.41
INDOAMIN,16.62,16.62
KRISHNADEF,47.59,47.59
PROPEQUITY,17.62,17.62
TVSSCS,,
SWARAJ,14.01,14.01
INOXGREEN,131.72,131.72
FEDFINA,15.09,15.09
ACI,41.82,35.59
BIKAJI,65.10,65.10
RITCO,18.36,18.36
SADHNANIQ,166.20,166.20
SURAJEST,13.68,13.68
SKP,410.95,410.95
RILINFRA,18.82,18.82
HARDWYN,46.10,46.10
CHEVIOT,9.61,9.61
MUKKA,16.55,16.55
HMAAGRO,20.67,20.67
MWL,16.21,16.21
MEDICO,48.38,48.38
CMRSL,8.76,7.08
KFINTECH,51.93,51.93
YATHARTH,29.81,29.81
DCXINDIA,52.13,52.13
YATRA,45.21,45.21
AKSHAR,,
ARISTO,13.68,13.68
KAYNES,113.42,113.42
SABAR,3.47,3.47
SWASTIK,33.66,33.66
AXITA,45.94,49.00
PLAZACABLE,146.91,146.91
SENCO,33.23,33.23
USASEEDS,14.25,14.25
TRU,10.54,10.54
RADHIKAJWE,17.90,17.90
TIPSFILMS,,
SPLPETRO,27.66,27.66
RAMRAT,31.99,31.99
VIVIANA,52.15,52.15
CSLFINANCE,7.65,7.65
AGNI,97.10,97.10
KORE,32.18,32.10
GOYALALUM,60.76,60.76
RUSTOMJEE,41.61,41.61
GENSOL,12.47,12.46
DBOL,46.46,39.09
KANDARP,67.54,67.54
GSLSU,,
SPORTKING,10.79,10.79
ALLETEC,30.98,30.98
AIIL,6.52,6.52
MANORAMA,73.63,73.63
ISHAN,28.07,26.38
ARABIAN,9.21,9.21
INNOVACAP,39.44,39.44
GRMOVER,27.48,27.48
SYNCOMF,39.88,39.88
BAHETI,45.06,45.06
SULA,33.75,33.75
SIGNATURE,190.81,190.81
ANNAPURNA,32.89,32.89
KRITINUT,11.99,11.99
MEGAFLEX,32.22,32.22
KALAMANDIR,21.11,21.11
VITAL,,
RAMAPHO,27.87,27.87
PPLPHARMA,,
TAPIFRUIT,,
AVALON,105.44,105.44
RITEZONE,6.89,6.89
CONCORDBIO,52.64,52.64
GODIGIT,77.76,77.76
GRCL,123.50,123.50
BAIDFIN,11.16,11.16
LLOYDS,,
PHANTOMFX,11.80,11.80
QUICKTOUCH,7.04,7.04
IPSL,34.47,34.47
BLUEJET,67.30,67.30
MVGJL,11.23,11.23
JIWANRAM,8.82,8.82
SCPL,16.58,16.58
SUKHJITS,12.44,12.44
ARHAM,24.23,24.23
FROG,25.11,25.11
MANKIND,43.49,43.49
SKYGOLD,45.35,45.35
BLAL,,
ARIHANTACA,33.03,33.03
SATINDLTD,12.45,12.44
DIVGIITTS,50.57,50.57
PRITIKA,75.02,75.02
USK,17.74,17.74
ANLON,33.21,33.21
MOTISONS,41.57,41.96
VELS,,
VERTEXPLUS,,
CMNL,33.35,32.76
SRIVASAVI,15.12,15.12
DIACABS,117.69,124.36
IKIO,41.38,41.38
MANOMAY,16.59,16.59
MOXSH,,
FAZE3Q,28.18,28.18
UMA,24.93,24.93
NSLNISP,,
RBMINFRA,14.80,14.80
LLOYDSME,42.87,42.87
AARTIPHARM,27.95,27.95
RHL,43.87,43.87
SAHYADRI,13.67,13.67
SAHANA,36.05,36.05
NINSYS,39.14,39.14
DUCOL,31.64,31.64
HOMESFY,16.35,15.99
SBFC,28.24,28.24
SBGLP,54.83,54.83
ASMS,169.17,194.64
HYBRIDFIN,10.15,9.50
SHERA,35.18,35.18
VIAZ,30.37,30.37
LRRPL,73.09,73.09
INDGN,33.49,33.68
ZAGGLE,62.14,62.14
GANDHAR,16.42,16.42
AGARWALFT,25.01,25.01
MCON,39.00,39.00
HONASA,91.45,91.45
RISHABH,48.26,48.26
IRMENERGY,20.04,20.04
SAH,308.80,308.80
DENEERS,18.69,18.69
JGCHEM,19.54,19.54
QFIL,14.92,14.92
CYIENTDLM,54.77,54.77
AGUL,11.07,11.07
NIRMAN,13.11,13.11
AKI,29.95,41.48
MASTER,32.25,32.25
YCCL,93.02,93.02
RPTECH,9.26,9.68
LORDSCHLO,95.36,95.36
SYSTANGO,16.90,16.90
RATNAVEER,18.21,18.21
PATTECH,25.37,25.37
MOS,54.30,54.30
SECMARK,43.92,43.92
AUROIMPEX,12.27,12.27
SOTAC,32.30,31.64
SPECTSTM,24.39,24.39
ATAM,14.01,14.01
IDEAFORGE,,
CRAYONS,7.63,7.63
SHRITECH,12.44,12.44
INFOLLION,40.68,40.68
URBAN,14.05,14.05
INFINIUM,34.10,34.10
AARTECH,37.07,37.07
POCL,29.47,29.47
KRISHCA,22.87,22.87
ESFL,118.33,118.33
AATMAJ,,
TATATECH,42.23,42.23
REMUS,30.45,30.45
NOVAAGRI,14.88,14.88
REDTAPE,52.54,52.54
ASHOKAMET,4.14,4.14
SICALLOG,,
YUDIZ,,
PENTAGON,17.44,17.44
CELLPOINT,140.33,140.33
SEL,42.52,42.52
TRIDHYA,8.08,8.08
ACL,,
GREENCHEF,25.54,25.54
PROV,44.58,44.58
PTCIL,368.62,366.09
NETWEB,85.24,85.24
PYRAMID,19.62,19.62
VILINBIO,,
AEROFLEX,43.92,43.92
EMSLIMITED,19.27,19.27
EFACTOR,13.28,13.28
GHCLTEXTIL,14.21,14.21
MONOPHARMA,15.55,15.55
VPRPL,18.93,18.93
UDS,17.79,17.79
DENTALKART,60.11,60.11
SYNOPTICS,13.12,13.12
CLSL,30.29,30.29
SSFL,30.83,30.83
KIRLPNU,39.54,38.33
DHTL,,
ATL,17.92,16.97
BALUFORGE,33.15,33.15
RRKABEL,39.84,39.84
COMMITTED,53.60,53.60
JSWINFRA,45.19,45.19
SANGANI,20.57,20.57
JLHL,53.70,54.17
SCILAL,49.45,49.45
SAHAJ,10.95,10.95
NUVAMA,22.31,22.31
YASHO,118.11,118.11
SERVICE,32.89,32.89
KEL,33.66,33.66
PRAMARA,22.71,22.71
NIITMTS,25.22,24.39
VINSYS,20.52,20.52
VALIANTLAB,,
ZEAL,11.12,11.12
ARVINDPORT,13.85,13.85
MARINETRAN,41.51,41.51
SAROJA,24.03,24.03
SINDHUTRAD,37.43,37.42
UNIHEALTH,19.54,19.54
ORIANA,23.73,23.73
ASKAUTOLTD,36.23,36.23
CHAVDA,15.60,15.60
ONDOOR,10.95,10.88
BAWEJA,14.70,14.70
TRANSTEEL,17.51,17.44
SANDUMA,15.81,15.81
VLEGOV,,303.44
PLADAINFO,6.29,6.29
OLIL,36.30,36.30
SUNREST,,
RBZJEWEL,16.88,16.88
KODYTECH,73.42,73.42
KARNIKA,52.67,52.67
AKANKSHA,206.36,206.36
SCML,14.52,14.52
SAAKSHI,27.65,27.65
MUFIN,61.19,59.66
MAL,12.23,12.23
HIGREEN,50.07,50.07
PLATIND,27.95,27.95
MUFTI,14.42,14.42
FLAIR,19.01,19.01
CELLECOR,53.37,53.37
MUTHOOTMF,7.58,7.58
SRGHFL,17.85,17.85
INDIFRA,36.87,36.87
JIOFIN,122.92,122.92
CPS,,
MADHUSUDAN,18.74,18.74
NEWJAISA,26.07,26.07
GOYALSALT,17.96,17.96
TICL,,
WOMANCART,37.24,37.24
RCDL,27.32,27.32
BLSE,27.16,27.16
HOLMARC,40.38,40.38
SHANTHALA,25.77,25.77
TREL,4.37,28.37
MARCO,24.60,24.60
DIAMINESQ,89.99,89.99
VISHNUINFR,17.37,17.37
KONTOR,29.48,29.48
RKSWAMY,34.87,34.87
MICROPRO,9.19,9.19
INSPIRE,,
EPACK,72.59,72.59
HAPPYFORGE,27.83,27.83
IBLFL,55.19,55.19
INDIASHLTR,25.26,25.26
CELLO,33.27,33.27
CANARYS,15.86,15.86
DIGIDRIVE,16.38,16.38
DOMS,85.18,85.18
MAITREYA,37.50,37.50
GLOSTERLTD,,
LANCORHOL,24.55,24.55
AMNPLST,29.22,29.22
SARTELE,40.62,40.62
VINYAS,143.20,143.20
SAIFL,7.87,7.87
JNKINDIA,50.69,50.69
INOXINDIA,44.75,45.97
GRAPHISAD,12.01,11.63
SHEETAL,39.28,39.28
ROXHITECH,5.35,5.35
JYOTICNC,79.86,78.08
BAJEL,109.76,89.62
EFORCE,,
DEEM,7.54,7.54
APS,47.97,47.97
ENTERO,51.44,51.44
TECHLABS,91.22,91.22
SIGNPOST,24.16,24.16
ROCKINGDCE,25.23,25.23
BABAFP,14.78,14.78
SUNCLAY,,
SHREEOSFM,12.86,12.86
PRESSTONIC,,
HRHNEXT,32.30,32.44
EXICOM,,
MEGATHERM,25.06,25.06
OWAIS,26.12,26.12
VR,61.35,60.89
KLL,14.08,14.08
ZENITHDRUG,9.97,10.08
SJLOGISTIC,21.71,21.71
PURVFLEXI,20.26,20.26
KTL,2.72,2.72
SRM,19.38,19.38
AZAD,117.08,117.08
KONSTELEC,10.60,10.60
JUNIPER,99.81,99.81
KRYSTAL,10.51,10.51
VSTL,24.18,24.18
FONEBOX,27.24,27.24
INM,24.83,24.63
ITALIANE,16.97,16.97
SUPREMEPWR,17.84,17.84
KCEIL,23.28,23.28
MAXESTATES,772.47,772.53
CGRAPHICS,28.14,28.14
ACCENTMIC,13.62,13.62
LAWSIKHO,26.93,26.93
SADHAV,14.25,14.25
MANDEEP,,
WTICAB,15.14,15.14
GOPAL,39.75,39.75
DAVANGERE,29.17,29.17
MAXPOSURE,28.94,28.94
ALPEXSOLAR,31.51,34.54
VHLTD,18.90,19.09
SONAMAC,12.01,12.01
BIRDYS,,
SIGNORIA,10.67,10.67
TCL,13.93,13.93
DELAPLEX,11.40,11.40
RULKA,12.92,12.92
NAMAN,11.15,11.14
SINCLAIR,29.10,29.10
BLUEPEBBLE,17.15,17.15
DCG,27.43,27.43
AWFIS,74.24,130.11
K2INFRA,8.14,8.14
RADIOWALLA,1.41,1.26
RBS,17.42,17.42
ESCONET,48.83,48.83
MVKAGRO,9.29,9.29
ENFUSE,94.64,94.64
FILATFASH,47.10,47.10
AVPINFRA,16.30,16.30
SILKFLEX,14.45,14.45
VISHWAS,21.61,21.61
TGL,21.60,21.60
TAC,106.44,106.44
EMMIL,17.34,17.53
YASHOPTICS,20.58,20.58
ALUWIND,23.10,23.13
REFRACTORY,29.36,29.36
PRLIND,14.90,15.13
IEML,18.55,18.55
ABSMARINE,30.78,30.78
WINSOL,42.93,42.93
HOACFOODS,86.43,86.43
SLONE,19.04,19.04
QUESTLAB,14.88,14.88
