SYMBOL,SERIES,SECURITY,HIGH/LOW,INDEX FLAG
63MOONS,EQ,63 MOONS TECHNOLOGIES LTD,H
ACMESOLAR,EQ,ACME SOLAR HOLDINGS LTD,H
AGNI,ST,AGNI GREEN POWER LTD,H
AGSTRA,BE,AGS TRANSACT TECH LTD,H
AIMTRON,SM,AIMTRON ELECTRONICS LTD,H
AKSHOPTFBR,BE,AKSH OPTIFIBRE  LTD,H
ALMONDZ,EQ,ALMONDZ GLOBAL SEC LTD,H
ALPEXSOLAR,SM,ALPEX SOLAR LIMITED,H
ALPSINDUS,BE,ALPS INDUSTRIES LTD.,H
AMBUJACEM,T0,AMBUJA CEMENTS LTD,H
ANSALAPI,BZ,ANSAL PROP & INFRA LTD,H
APS,SM,AUSTRALIAN PREM SOLAR I L,H
ARCHIES,EQ,ARCHIES LTD,H
ARIES,BE,ARIES AGRO LTD.,H
ASHAPURMIN,EQ,ASHAPURA MINECHEM LTD,H
ASHIMASYN,EQ,ASHIMA LTD,H
ASIANENE,EQ,ASIAN ENERGY SERVICES LTD,H
ATALREAL,EQ,ATAL REALTECH LIMITED,H
ATLASCYCLE,BE,ATLAS CYCLE (HARYANA) LTD,H
AUSL,ST,ADITYA ULTRA STEEL LTD,H
AVALON,EQ,AVALON TECHNOLOGIES LTD,H
AVG,BE,AVG LOGISTICS LIMITED,H
AVONMORE,BE,AVONMORE CAP&MGT SERV LTD,H
AVPINFRA,ST,AVP INFRACON LIMITED,H
AYMSYNTEX,EQ,AYM SYNTEX LIMITED,H
BALAJITELE,BE,BALAJI TELEFILMS LTD.,H
BALAXI,EQ,BALAXI PHARMA LTD,H
BBOX,EQ,BLACK BOX LIMITED,H
BIRLAMONEY,BE,ADITYA BIRLA MONEY LTD,H
BROOKS,EQ,BROOKS LAB LIMITED,H
BSL,BE,BSL LTD,H
BYKE,BE,THE BYKE HOSPITALITY LTD,H
C2C,ST,C2C ADVANCED SYSTEMS LTD,H
CARRARO,EQ,CARRARO INDIA LIMITED,H
CMMIPL,SZ,CMM INFRAPROJECTS LIMITED,H
COCHINSHIP,EQ,COCHIN SHIPYARD LIMITED,H
COFFEEDAY,BE,COFFEE DAY ENTERPRISE LTD,H
COMPINFO,BZ,COMPUAGE INFOCOM LTD,H
CROWN,EQ,CROWN LIFTERS LIMITED,H
CTE,BE,CAMBRIDGE TECH ENTER LTD,H
DBOL,BE,DHAMPUR BIO ORGANICS LTD,H
DCG,ST,DCG CABLES & WIRES LTD,H
DCI,EQ,DC INFOTECH AND COMUN LTD,H
DELPHIFX,BE,DELPHI WORLD MONEY LTD,H
DELTAMAGNT,BE,DELTA MANUFACTURING LTD,H
DHANBANK,BE,DHANLAXMI BANK LIMITED,H
DIVYADHAN,ST,DIVYADHAN RECYCLING IND L,H
DOLATALGO,EQ,DOLAT ALGOTECH LIMITED,H
DYNAMIC,ST,DYNAMIC SRVCS & SEC LTD,H
E2E,EQ,E2E NETWORKS LIMITED,H
EFFWA,SM,EFFWA INFRA & RESEARCH L,H
EMAMIREAL,BE,EMAMI REALTY LIMITED,H
EMKAY,BE,EMKAY GLOBAL FIN SERV LTD,H
EMMIL,ST,ENERGY MISSION MACH IND L,H
EPACK,EQ,EPACK DURABLE LIMITED,H
ESCONET,ST,ESCONET TECHNOLOGIES LTD,H
ESFL,SM,ESSEN SPECIALITY FILMS L,H
ESSARSHPNG,BE,ESSAR SHIPPING LTD,H
EUROTEXIND,BE,EUROTEX IND & EXPORTS LTD,H
EXICOM,EQ,EXICOM TELE SYSTEMS LTD,H
FEL,BZ,FUTURE ENTERPRISES LTD,H
FELIX,SM,FELIX INDUSTRIES LTD.,H
FIBERWEB,EQ,FIBERWEB INDIA LIMITED,H
FICRF3GP,MF,FRANTEMAMC - FICRF3GP,H
FILATFASH,BE,FILATEX FASHIONS LIMITED,H
FLAIR,EQ,FLAIR WRITING INDUST LTD,H
FOCE,SM,FOCE INDIA LIMITED,H
FOCUS,EQ,FOCUS LIGHTG & FIXTRS LTD,H
FRESHARA,ST,FRESHARA AGRO EXPORTS LTD,H
FSC,BZ,FUTURE SUPP CHAIN SOL LTD,H
GAYAHWS,BE,GAYATRI HIGHWAYS LIMITED,H
GAYAPROJ,BZ,GAYATRI PROJECTS LTD,H
GENSOL,BE,GENSOL ENGINEERING LTD,H
GGBL,ST,GANESH GREEN BHARAT LTD,H
GLOBALVECT,BE,GLOBAL VEC HELICORP LTD,H
GLOBE,EQ,GLOBE TEXTILES (I) LTD.,H
GRETEX,ST,GRETEX INDUSTRIES LTD.,H
GRSE,EQ,GARDEN REACH SHIP&ENG LTD,H
GSTL,ST,GLOBESECURE TECHNO LTD,H
GVKPIL,BE,GVK POW. & INFRA LTD.,H
GVPTECH,EQ,GVP INFOTECH LIMITED,H
HDIL,BZ,HOUSING DEV & INFRA LTD,H
HERANBA,BE,HERANBA INDUSTRIES LTD,H
HERCULES,EQ,HERCULES HOI. LTD.,H
HEXATRADEX,EQ,HEXA TRADEX LIMITED,H
HINDCON,BE,HINDCON CHEMICALS LIMITED,H
HOVS,EQ,HOV SERVICES LTD,H
HRHNEXT,ST,HRH NEXT SERVICES LIMITED,H
HUBTOWN,EQ,HUBTOWN LIMITED,H
IEML,ST,INDIAN EMULSIFIERS LTD,H
IGIL,EQ,INTERNATIO GEMM INS (I) L,H
IITL,EQ,INDUSTRIAL INV TRUST LTD,H
IL&FSTRANS,BZ,IL&FS TRANS NET LTD,H
INDIANCARD,BE,INDIAN CARD,H
INDOTECH,EQ,INDO TECH TRANSFORM LTD.,H
INFOMEDIA,EQ,INFOMEDIA PRESS LIMITED,H
ITTL,ST,INNOVATIVE TYRE & TUBE LT,H
JAICORPLTD,EQ,JAI CORP LIMITED,H
JPASSOCIAT,BE,JAIPRAKASH ASSOCIATES LTD,H
JSWHL,EQ,JSW HOLDINGS LIMITED,H
K2INFRA,ST,K2 INFRAGEN LIMITED,H
KCEIL,ST,KAY CEE ENERGY & INFRA L,H
KDL,ST,KORE DIGITAL LIMITED,H
KEEPLEARN,BE,DSJ KEEP LEARNING LTD,H
KERNEX,BE,KERNEX MICROSYS(I) LTD,H
KHAITANLTD,EQ,KHAITAN (INDIA)LTD.,H
KITEX,EQ,KITEX GARMENTS LTD,H
KODYTECH,SM,KODY TECHNOLAB LIMITED,H
KONSTELEC,ST,KONSTELEC ENGINEERS LTD,H
KONTOR,SM,KONTOR SPACE LIMITED,H
KORE,ST,JAY JALARAM TECHNO LTD,H
KOTYARK,ST,KOTYARK INDUSTRIES LTD,H
KPEL,EQ,K.P. ENERGY LIMITED,H
KPIGREEN,EQ,KPI GREEN ENERGY LIMITED,H
KREBSBIO,BE,KREBS BIOCHEMICALS & IND,H
KRISHCA,ST,KRISHCA STRAPPING SLTN L,H
KRISHNADEF,SM,KRISHNA DEF AND ALD IND L,H
KSHITIJPOL,BE,KSHITIJ POLYLINE LIMITED,H
KSOLVES,EQ,KSOLVES INDIA LIMITED,H
LAKSHYA,ST,LAKSHYA POWERTECH LIMITED,H
LAMBODHARA,BE,LAMBODHARA TEXTILES LTD.,H
LANCORHOL,EQ,LANCOR HOLDINGS LIMITED,H
LAWSIKHO,ST,ADDICTIVE LEARNING TECH L,H
LOKESHMACH,BE,LOKESH MACHINES LTD,H
LRRPL,ST,LEAD REC AND RUB PROD LTD,H
MACPOWER,BE,MACPOWER CNC MACHINES LTD,H
MADHUCON,EQ,MADHUCON PROJECTS LTD.,H
MAHEPC,BE,MAHINDRA EPC IRRIG LTD,H
MAHKTECH,EQ,MIRAEAMC - MAHKTECH,H
MANAV,SM,MANAV INFRA PROJECTS LTD,H
MARINE,BE,MARINE ELECTRICAL (I) LTD,H
MCL,BE,MADHAV COPPER LIMITED,H
MCLEODRUSS,BE,MCLEOD RUSSEL INDIA LTD.,H
MEGAFLEX,ST,MEGA FLEX PLASTICS LTD,H
MHHL,ST,MOHINI HEALTH&HYGIENE LTD,H
MIEL,ST,MANGLAM INFRA & ENG LTD,H
MILTON,SM,MILTON INDUSTRIES LIMITED,H
MKPL,EQ,M K PROTEINS LIMITED,H
MOKSH,EQ,MOKSH ORNAMENTS LIMITED,H
MSPL,EQ,MSP STEEL & POWER LTD.,H
MTEDUCARE,BE,MT EDUCARE LTD,H
NAGREEKCAP,EQ,NAGREEKA CAP & INFR.LTD,H
NECLIFE,EQ,NECTAR LIFESCIENCES LTD.,H
NEPHROCARE,SM,NEPHRO CARE INDIA LIMITED,H
NEWJAISA,ST,NEWJAISA TECHNOLOGIES LTD,H
NIBE,EQ,NIBE LIMITED,H
NILASPACES,BE,NILA SPACES LIMITED,H
NITIRAJ,BE,NITIRAJ ENGINEERS LTD,H
OILCOUNTUB,EQ,OIL COUNTRY TUBULAR LTD,H
OMFURN,SM,OMFURN INDIA LIMITED,H
ONDOOR,ST,ON DOOR CONCEPTS LIMITED,H
OPTIEMUS,EQ,OPTIEMUS INFRACOM LTD,H
ORBTEXP,BE,ORBIT EXPORTS LIMITED,H
ORCHPHARMA,EQ,ORCHID PHARMA LIMITED,H
ORIANA,SM,ORIANA POWER LIMITED,H
ORIENTTECH,EQ,ORIENT TECHNOLOGIES LTD,H
OSELDEVICE,ST,OSEL DEVICES LIMITED,H
OSIAHYPER,EQ,OSIA HYPER RETAIL LIMITED,H
OWAIS,ST,OWAIS METAL & MINERAL,H
PANACEABIO,EQ,PANACEA BIOTEC LTD,H
PAR,BE,PAR DRUGS AND CHEM LTD,H
PARASPETRO,EQ,PARAS PETROFILS LTD.,H
PATTECH,SM,PATTECH FITWELL TUB COM L,H
POCL,EQ,PONDY OXIDES & CHEM LTD,H
PRECAM,EQ,PRECISION CAMSHAFTS LTD.,H
PREMIER,BE,PREMIER LIMITED,H
PRIZOR,SM,PRIZOR VIZTECH LIMITED,H
PROZONER,BE,PROZONE REALTY LIMITED,H
PRUDMOULI,BE,PRUDENTIAL SUGAR CORPORAT,H
PULZ,SM,PULZ ELECTRONICS LIMITED,H
PURVA,EQ,PURAVANKARA LIMITED,H
QUADPRO,SM,QUADPRO ITES LIMITED,H
QVCEL,ST,QVC EXPORTS LIMITED,H
RADAAN,BE,RADAAN MEDIAWORKS (I) LTD,H
RADHIKAJWE,EQ,RADHIKA JEWELTECH LIMITED,H
RAMANEWS,BE,SHREE RAMA NEWSPRINT LTD,H
RAPPID,ST,RAPPID VALVES (INDIA) LTD,H
RBMINFRA,ST,RBM INFRACON LIMITED,H
READYMIX,ST,READYMIX CONSTRU MACHI L,H
REFRACTORY,ST,REFRACTORY SHAPES LIMITED,H
REPL,BE,RUDRABHISHEK ENTERP LTD,H
REXPIPES,SM,REX PIPES AND CABLES LTD,H
RICHA,SM,RICHA INFO SYSTEMS LTD,H
RKEC,EQ,RKEC PROJECTS LIMITED,H
ROLLT,BE,ROLLATAINERS LIMITED,H
ROLTA,BZ,ROLTA INDIA LTD,H
ROSSELLIND,BE,ROSSELL INDIA LIMITED,H
ROSSTECH,BE,ROSSELL TECHSYS LIMITED,H
ROXHITECH,ST,ROX HI TECH LIMITED,H
RSSOFTWARE,BE,R. S. SOFTWARE (INDIA) LI,H
S&SPOWER,EQ,S&S POWER SWITCHGEARS LTD,H
SADHNANIQ,BE,SADHANA NITROCHEM LIMITED,H
SAGILITY,EQ,SAGILITY INDIA LIMITED,H
SAHANA,ST,SAHANA SYSTEM LIMITED,H
SAHASRA,ST,SAHASRA ELECTRONIC SOLU L,H
SANWARIA,BZ,SANWARIA CONSUMER LIMITED,H
SARLAPOLY,BE,SARLA PERF. FIBERS LTD,H
SARTELE,SM,SAR TELEVENTURE LIMITED,H
SATECH,ST,S A TECH SOFTWARE INDIA L,H
SATIPOLY,ST,SATI POLY PLAST LIMITED,H
SATKARTAR,SM,SAT KARTAR SHOPPING LTD,H
SBGLP,BE,SURATWWALA BUS GROUP LTD,H
SDREAMS,ST,S D RETAIL LIMITED,H
SECURKLOUD,EQ,SECUREKLOUD TECH LIMITED,H
SEJALLTD,EQ,SEJAL GLASS LIMITED,H
SENCO,EQ,SENCO GOLD LIMITED,H
SETCO,BE,SETCO AUTOMOTIVE LTD,H
SFML,ST,SUPREME FACILITY MGMT LTD,H
SHAKTIPUMP,BE,SHAKTI PUMPS (I) LTD,H
SHEKHAWATI,BE,SHEKHAWATI INDUSTRIES LTD,H
SHRADHA,BE,SHRADHA INFRAPROJECTS LTD,H
SHUBHLAXMI,SM,SHUBHLAXMI JEWEL ART LTD,H
SICALLOG,BE,SICAL LOGISTICS LIMITED,H
SIGNORIA,ST,SIGNORIA CREATION LIMITED,H
SIGNPOST,BE,SIGNPOST INDIA LIMITED,H
SILGO,EQ,SILGO RETAIL LIMITED,H
SILKFLEX,SM,SILKFLEX POLYMERS INDIA L,H
SIMBHALS,BE,SIMBHAOLI SUGARS LTD.,H
SIMPLEXINF,EQ,SIMPLEX INFRASTRUCTURES L,H
SINDHUTRAD,EQ,SINDHU TRADE LINKS LTD,H
SITINET,BZ,SITI NETWORKS LIMITED,H
SIYSIL,EQ,SIYARAM SILK MILLS LTD,H
SKP,SM,SKP BEARING INDUSTRI. LTD,H
SOLARA,EQ,SOLARA ACTIVE PHA SCI LTD,H
SOLARAPP,E1,SOLAR ACT RS.3.50 PPD UP,H
SOLEX,ST,SOLEX ENERGY LIMITED,H
SOTAC,SM,SOTAC PHARMACEUTICALS LTD,H
SPCL,ST,SHIVALIC POWER CONTROL L,H
SPECTSTM,SM,SPECTRUM TALENT MGMT LTD,H
SPMLINFRA,BE,SPML INFRA LIMITED,H
SRIVASAVI,SM,SRIVASAVI ADHESIVE TAPE L,H
SRPL,BZ,SHREE RAM PROTEINS LTD.,H
SUMIT,EQ,SUMIT WOODS LIMITED,H
SUNDRMBRAK,BE,SUNDARAMBRAKE LININGS LTD,H
SUNFLAG,BE,SUNFLAG IRON AND STEEL CO,H
SUPERSPIN,EQ,SUPER SPINNING MILLS LTD,H
SUPREMEPWR,ST,SUPREME POWER EQUIPMENT L,H
SUTLEJTEX,BE,SUTLEJ TEXT & INDUS LTD,H
SUULD,BZ,SUUMAYA INDUSTRIES LTD,H
SVPGLOB,BE,SVP GLOBAL TEXTILES LTD,H
SWASTIK,SM,SWASTIK PIPE LIMITED,H
SWSOLAR,EQ,STRLNG & WIL REN ENE LTD,H
TARAPUR,BE,TARAPUR TRANSFORMERS LTD,H
TARC,EQ,TARC LIMITED,H
TBI,SM,TBI CORN LIMITED,H
TBZ,EQ,TRIB BHIMJI ZAVERI LTD,H
TECHERA,ST,TECHERA ENGINEER (IND) L,H
TECHLABS,ST,TRIDENT TECHLABS LIMITED,H
TFL,BE,TRANSWARRANTY FIN. LTD.,H
TGL,ST,TEERTH GOPICON LIMITED,H
TICL,EQ,TWAMEV CONS AND INFRA LTD,H
TIL,EQ,TIL LTD,H
UNITECH,BZ,UNITECH LIMITED,H
URBAN,SM,URBAN ENVIRO WASTE MGMT L,H
V2RETAIL,BE,V2 RETAIL LIMITED,H
VAKRANGEE,EQ,VAKRANGEE LIMITED,H
VIJIFIN,EQ,VIJI FINANCE LIMITED,H
VISASTEEL,BE,VISA STEEL LIMITED,H
VIVIANA,ST,VIVIANA POWER TECH LTD,H
VLEGOV,BE,VL E GOV AND IT SOL LTD,H
VMARCIND,ST,V MARC INDIA LIMITED,H
VSTL,EQ,VIBHOR STEEL TUBES LTD,H
WALCHANNAG,EQ,WALCHANDNAGAR INDUSTRIES,H
WINDMACHIN,EQ,WINDSOR MACHINES LIMITED,H
WINSOME,BZ,WINSOME YARNS LIMITED,H
WOCKPHARMA,EQ,WOCKHARDT LIMITED,H
WSI,BE,W.S.INDUSTRIES (I) LTD.,H
WTICAB,ST,WISE TRAVEL INDIA LIMITED,H
YAARI,BE,YAARI DIGI INT SER LTD,H
ZAGGLE,EQ,ZAGGLE PREPA OCEAN SER L,H
21STCENMGM,BE,21ST CENTURY MGMT SERVICE,L
577GS2030,GS,GOI LOAN 5.77% 2030,L
AGSTRA,BE,AGS TRANSACT TECH LTD,L
AILIMITED,SM,ABHISHEK INTEGRATIONS LTD,L
ALPSINDUS,BE,ALPS INDUSTRIES LTD.,L
ATMASTCO,SM,ATMASTCO LIMITED,L
BULKCORP,ST,BULKCORP INTERNATIONAL L,L
CMRSL,SM,CYBER MEDIA RES & SER LTD,L
COMPINFO,BZ,COMPUAGE INFOCOM LTD,L
CRAYONS,ST,CRAYONS ADVERTISING LTD,L
DHRUV,BE,DHRUV CONSULTANCY SER LTD,L
DHTL,ST,DOCMODE HEALTH TECH LTD,L
DYNAMIC,ST,DYNAMIC SRVCS & SEC LTD,L
ENFUSE,SM,ENFUSE SOLUTIONS LIMITED,L
EUROTEXIND,BE,EUROTEX IND & EXPORTS LTD,L
FELDVR,BE,FUTURE ENTERPRISES LTD,L
GENSOL,BE,GENSOL ENGINEERING LTD,L
GLFL,BE,GUJARAT LEASE FINANCING L,L
GOLDKART,ST,GOLDKART JEWELS LIMITED,L
GRAPHISAD,SM,GRAPHISADS LIMITED,L
GRETEX,ST,GRETEX INDUSTRIES LTD.,L
GSTL,ST,GLOBESECURE TECHNO LTD,L
GVKPIL,BE,GVK POW. & INFRA LTD.,L
HEADSUP,BE,HEADS UP VENTURES LIMITED,L
HOACFOODS,ST,HOAC FOODS INDIA LIMITED,L
IMPEXFERRO,BZ,IMPEX FERRO TECH LIMITED,L
ISHAN,SM,ISHAN INTERNATIONAL LTD,L
JIWANRAM,ST,JIWANRAM SHEODUTTRA IND L,L
KCEIL,ST,KAY CEE ENERGY & INFRA L,L
KCK,ST,KCK INDUSTRIES LTD,L
KESORAMIND,BE,KESORAM INDUSTRIES LTD,L
KOTYARK,ST,KOTYARK INDUSTRIES LTD,L
KSHITIJPOL,BE,KSHITIJ POLYLINE LIMITED,L
KTL,ST,KALAHRIDHAAN TRENDZ LTD,L
LGHL,BE,LAXMI GOLDORNA HOUSE LTD,L
LRRPL,ST,LEAD REC AND RUB PROD LTD,L
MEDIORG,SM,MEDICAMEN ORGANICS LTD,L
MEP,BZ,MEP INFRA. DEVELOPERS LTD,L
MTEDUCARE,BE,MT EDUCARE LTD,L
NAVKARURB,BE,NAVKAR URBANSTRUCTURE LTD,L
NIRMAN,SM,NIRMAN AGRI GENTICS LTD,L
NITIRAJ,BE,NITIRAJ ENGINEERS LTD,L
PARSVNATH,BE,PARSVNATH DEVELOPER LTD,L
PATTECH,SM,PATTECH FITWELL TUB COM L,L
PERFECT,ST,PERFECT INFRAENGINEER LTD,L
PRABHA,BE,PRABHA ENERGY LIMITED,L
PRAMARA,SM,PRAMARA PROMOTIONS LTD,L
PRAXIS,EQ,PRAXIS HOME RETAIL LTD,L
RAJRILTD,BE,RAJ RAYON INDUSTRIES LTD,L
RBMINFRA,ST,RBM INFRACON LIMITED,L
REFRACTORY,ST,REFRACTORY SHAPES LIMITED,L
ROLTA,BZ,ROLTA INDIA LTD,L
ROXHITECH,ST,ROX HI TECH LIMITED,L
RVHL,BE,RAVINDER HEIGHTS LIMITED,L
SANCO,BZ,SANCO INDUSTRIES LIMITED,L
SANWARIA,BZ,SANWARIA CONSUMER LIMITED,L
SECL,ST,SALASAR EXTERIOR CONT LTD,L
SHYAMTEL,BE,SHYAM TELECOM LIMITED,L
SPCENET,BE,SPACENET ENTERS IND LTD,L
SURANI,ST,SURANI STEEL TUBES LTD.,L
TAPIFRUIT,SM,TAPI FRUIT PROCESSING LTD,L
TECHERA,ST,TECHERA ENGINEER (IND) L,L
TECHLABS,ST,TRIDENT TECHLABS LIMITED,L
URAVIDEF,EQ,URAVI DEFENCE &TECH LTD,L
USHAFIN,ST,USHA FINANCIAL SERVICES L,L
VLEGOV,BE,VL E GOV AND IT SOL LTD,L
VR,ST,V R INFRASPACE LIMITED,L
WINSOME,BZ,WINSOME YARNS LIMITED,L
YUDIZ,SM,YUDIZ SOLUTIONS LIMITED,L
