GAIN_LOSS,SECURITY,CLOSE_PRIC,PREV_CL_PR,PERCENT_CG
 ,Nifty 50 Sec., , , 
 , , , , 
G,SHRIRAM FINANCE LIMITED,       667.95,       642.30,3.99
G,HDFC LIFE INS CO LTD,       664.55,       640.55,3.75
G,APOLLO HOSPITALS ENTER. L,      6427.55,      6246.80,2.89
G,TATA STEEL LIMITED,       158.60,       154.66,2.55
G,POWER GRID CORP. LTD.,       277.20,       270.80,2.36
G,ULTRATECH CEMENT LIMITED,     10933.25,     10698.10,2.2
G,SBI LIFE INSURANCE CO LTD,      1484.90,      1457.50,1.88
G,WIPRO LTD,       265.70,       261.25,1.7
G,COAL INDIA LTD,       395.85,       389.30,1.68
G,INDUSIND BANK LIMITED,       692.70,       681.45,1.65
G,BHARAT ELECTRONICS LTD,       290.00,       285.31,1.64
G,GRASIM INDUSTRIES LTD,      2458.20,      2421.65,1.51
G,JSW STEEL LIMITED,      1033.35,      1018.05,1.5
G,LARSEN & TOUBRO LTD.,      3319.55,      3270.70,1.49
G,BAJAJ AUTO LIMITED,      7721.85,      7613.40,1.42
G,ADANI PORT & SEZ LTD,      1173.50,      1158.80,1.27
G,BHARAT PETROLEUM CORP  LT,       265.26,       262.18,1.17
G,NTPC LTD,       341.30,       337.35,1.17
G,STATE BANK OF INDIA,       745.10,       736.70,1.14
G,DR. REDDY S LABORATORIES,      1172.10,      1163.70,.72
G,HDFC BANK LTD,      1744.10,      1732.20,.69
G,RELIANCE INDUSTRIES LTD,      1247.15,      1238.80,.67
G,AXIS BANK LIMITED,      1052.05,      1045.25,.65
G,BHARTI AIRTEL LIMITED,      1637.15,      1627.30,.61
G,BAJAJ FINANCE LIMITED,      8731.60,      8682.50,.57
G,ADANI ENTERPRISES LIMITED,      2318.65,      2308.50,.44
G,TATA MOTORS LIMITED,       682.25,       680.05,.32
G,TATA CONSUMER PRODUCT LTD,       949.85,       946.85,.32
G,ASIAN PAINTS LIMITED,      2280.70,      2273.95,.3
G,ICICI BANK LTD.,      1313.10,      1309.85,.25
 , , , , 
L,TECH MAHINDRA LIMITED,      1396.15,      1430.65,-2.41
L,TATA CONSULTANCY SERV LT,      3497.10,      3552.45,-1.56
L,ITC LTD,       403.05,       409.10,-1.48
L,INFOSYS LIMITED,      1586.55,      1609.35,-1.42
L,BRITANNIA INDUSTRIES LTD,      4707.10,      4768.30,-1.28
L,SUN PHARMACEUTICAL IND L,      1732.35,      1747.80,-0.88
L,HCL TECHNOLOGIES LTD,      1544.45,      1558.20,-0.88
L,MARUTI SUZUKI INDIA LTD.,     11615.55,     11714.55,-0.85
L,NESTLE INDIA LIMITED,      2184.00,      2202.05,-0.82
L,HERO MOTOCORP LIMITED,      3537.00,      3564.65,-0.78
L,CIPLA LTD,      1499.15,      1508.65,-0.63
L,KOTAK MAHINDRA BANK LTD,      2021.55,      2034.00,-0.61
L,TRENT LTD,      5230.85,      5260.25,-0.56
L,EICHER MOTORS LTD,      5100.90,      5127.40,-0.52
L,TITAN COMPANY LIMITED,      3076.30,      3081.70,-0.18
L,BAJAJ FINSERV LTD.,      1842.25,      1844.65,-0.13
L,MAHINDRA & MAHINDRA LTD,      2789.10,      2791.40,-0.08
L,HINDUSTAN UNILEVER LTD.,      2200.05,      2201.40,-0.06
 , , , , 
 ,Nifty Next 50 Sec., , , 
 , , , , 
G,MACROTECH DEVELOPERS LTD,      1177.45,      1112.10,5.88
G,INDIAN RAILWAY FIN CORP L,       128.11,       121.80,5.18
G,HINDUSTAN AERONAUTICS LTD,      3740.65,      3579.95,4.49
G,JSW ENERGY LIMITED,       570.75,       548.35,4.08
G,INTERGLOBE AVIATION LTD,      4980.55,      4806.25,3.63
G,DLF LIMITED,       697.55,       674.80,3.37
G,SAMVRDHNA MTHRSN INTL LTD,       129.01,       125.38,2.9
G,HAVELLS INDIA LIMITED,      1557.95,      1518.10,2.62
G,LIFE INSURA CORP OF INDIA,       776.75,       757.40,2.55
G,SHREE CEMENT LIMITED,     28527.85,     27824.70,2.53
G,ZOMATO LIMITED,       223.53,       218.19,2.45
G,TATA POWER CO LTD,       371.45,       362.70,2.41
G,PUNJAB NATIONAL BANK,        91.02,        88.95,2.33
G,SIEMENS LTD,      5224.50,      5107.60,2.29
G,ADANI TOTAL GAS LIMITED,       622.60,       609.00,2.23
G,BAJAJ HOLDINGS & INVS LTD,     11870.05,     11619.40,2.16
G,BANK OF BARODA,       213.76,       209.34,2.11
G,INDIAN OIL CORP LTD,       127.75,       125.15,2.08
G,CANARA BANK,        85.57,        83.92,1.97
G,ADANI ENERGY SOLUTION LTD,       813.90,       798.55,1.92
G,REC LIMITED,       429.50,       421.55,1.89
G,ICICI PRU LIFE INS CO LTD,       563.00,       552.85,1.84
G,GAIL (INDIA) LTD,       165.96,       163.00,1.82
G,AMBUJA CEMENTS LTD,       507.05,       498.15,1.79
G,TORRENT PHARMACEUTICALS L,      3191.30,      3135.70,1.77
G,UNION BANK OF INDIA,       119.68,       117.70,1.68
G,INDIAN RAIL TOUR CORP LTD,       717.65,       705.90,1.66
G,JIO FIN SERVICES LTD,       228.84,       225.18,1.63
G,VARUN BEVERAGES LIMITED,       540.90,       532.50,1.58
G,NHPC LTD,        80.20,        79.13,1.35
 , , , , 
L,LTIMINDTREE LIMITED,      4365.45,      4445.55,-1.8
L,UNITED SPIRITS LIMITED,      1347.30,      1367.45,-1.47
L,GODREJ CONSUMER PRODUCTS,      1074.30,      1083.65,-0.86
L,DABUR INDIA LTD,       495.45,       498.75,-0.66
L,CHOLAMANDALAM IN & FIN CO,      1513.25,      1515.25,-0.13
 , , , , 
 ,OTHER SECURITIES, , , 
 , , , , 
G,GARDEN REACH SHIP&ENG LTD,      1641.35,      1367.80,20
G,VIBHOR STEEL TUBES LTD,       155.83,       129.86,20
G,KSOLVES INDIA LIMITED,       410.55,       342.15,19.99
G,SKP BEARING INDUSTRI. LTD,       248.85,       207.40,19.99
G,SAR TELEVENTURE LIMITED,       237.95,       198.65,19.78
G,ASIAN ENERGY SERVICES LTD,       287.41,       240.74,19.39
G,SINDHU TRADE LINKS LTD,        19.08,        15.99,19.32
G,SRIVASAVI ADHESIVE TAPE L,        71.50,        60.60,17.99
G,TANLA PLATFORMS LIMITED,       520.60,       442.90,17.54
G,DOLAT ALGOTECH LIMITED,        85.96,        73.45,17.03
G,8.73%S-R-NCD SERIES 2B,      1297.00,      1110.00,16.85
G,BROOKS LAB LIMITED,       118.50,       101.89,16.3
G,EMKAY TAP & CUT. TOOL LTD,       375.50,       325.00,15.54
G,HBL ENGINEERING LTD,       482.40,       418.75,15.2
G,MANAKSIA STEELS LTD,        54.19,        47.16,14.91
G,IDEAFORGE TECHNO LTD,       383.90,       336.35,14.14
G,NELCAST LIMITED,        91.80,        80.55,13.97
G,SWARAJ ENGINES LTD,      3742.70,      3285.50,13.92
G,PREMIER EXPLOSIVES LTD,       371.45,       327.50,13.42
G,ENVIROTECH SYSTEMS LTD,       103.05,        91.15,13.06
G,APEX ECOTECH LIMITED,        86.80,        76.95,12.8
G,BIRLA CABLE LIMITED,       145.41,       128.92,12.79
G,WOL 3D INDIA LIMITED,       115.00,       102.10,12.63
G,ACE INTEGRATED SOLU. LTD.,        23.84,        21.18,12.56
G,TOKYO PLAST INTL LTD,       129.99,       115.55,12.5
G,SWASTIK PIPE LIMITED,        48.00,        42.70,12.41
G,FUSION FINANCE LIMITED,       153.18,       136.76,12.01
G,SHEMAROO ENTER. LTD.,       105.13,        93.88,11.98
G,ONE MOBIKWIK SYSTEMS LTD,       333.40,       297.95,11.9
G,HARIOM PIPE INDUSTRIES L,       386.35,       346.05,11.65
 , , , , 
L,BOND 8.37% TAX FREE S3A,     38900.00,     48500.00,-19.79
L,URAVI DEFENCE &TECH LTD,       303.05,       364.45,-16.85
L,ROCKINGDEALS CIRCU ECO L,       310.60,       353.00,-12.01
L,SAROJA PHARMA INDUS IND L,        42.55,        48.00,-11.35
L,PRAMARA PROMOTIONS LTD,       112.25,       123.80,-9.33
L,8.67% SEC RED BOND S3A,      1180.10,      1290.00,-8.52
L,SEC RE NCD 9.71% SR VIII,       902.20,       985.79,-8.48
L,SANGANI HOSPITALS LIMITED,        50.25,        54.00,-6.94
L,CHAMUNDA ELECTRICAL LTD,        44.30,        47.45,-6.64
L,CENTUM ELECTRONICS LTD,      1450.00,      1548.10,-6.34
L,SEC RE NCD 10.25% SR XII,       935.01,       990.00,-5.55
L,LICNAMC - LICNFNHGP,       254.80,       269.68,-5.52
L,N R AGARWAL INDS LTD,       217.20,       229.00,-5.15
L,PRAXIS HOME RETAIL LTD,        11.98,        12.62,-5.07
L,GOI LOAN 5.77% 2030,        94.58,        99.56,-5
L,PATTECH FITWELL TUB COM L,        64.60,        68.00,-5
L,KALAHRIDHAAN TRENDZ LTD,         6.65,         7.00,-5
L,YUDIZ SOLUTIONS LIMITED,        35.20,        37.05,-4.99
L,ANI INTEGRATED SERV LTD.,       119.75,       126.00,-4.96
L,SERVICE CARE LIMITED,        57.50,        60.50,-4.96
L,KCK INDUSTRIES LTD,        40.25,        42.35,-4.96
L,MASTEK LTD,      2319.30,      2440.05,-4.95
L,SONA MACHINERY LIMITED,        89.45,        94.10,-4.94
L,GLOBE INTL CARRIERS LTD,        96.35,       101.35,-4.93
L,HOAC FOODS INDIA LIMITED,       120.95,       127.20,-4.91
L,DOCMODE HEALTH TECH LTD,        41.65,        43.80,-4.91
L,JINDAL DRILLING IND. LTD,       912.00,       958.50,-4.85
L,SDL TN 7.43% 2053,        94.00,        98.72,-4.78
L,UNILEX COLOURS AND CHEM L,        47.85,        50.25,-4.78
L,JIWANRAM SHEODUTTRA IND L,         7.00,         7.35,-4.76
