SECURITY,NEW,PREVIOUS,NEW_STATUS
2.50%GOLDBONDS2029SR-XI,8820,8757,H
COROMANDEL INTERNTL. LTD,2014.65,1977.9,H
VADILAL INDUSTRIES LTD,5450,5143,H
AXISCADES TECH LTD,959.95,915.2,H
SGB2.50%MAY2025SR-I 17-18,8768,8709.99,H
2.50%GOLDBONDS2030SR-III,8937.35,8889.99,H
MIRAEAMC - MAGOLDETF,87.49,87.29,H
BLUE JET HEALTHCARE LTD,955.45,929.05,H
BALAJI PHOSPHATES LIMITED,80.5,80,H
GOI TBILL 91D-17/04/25,99.42,99.4,H
360ONEAMC - GOLD360,89.9,88.1,H
INDEF MANUFACTURING LTD,268,264.11,H
2.5%GOLDBONDS2028SR-VIII,8795,8697,H
2.50%GOLDBONDS2028SR-VI,8723,8699.56,H
2.50%GOLDBONDS2029SR-XII,8714,8674,H
BIRLASLAMC - SILVER,104.4,103,H
SEC RE NCD 9.25% SR.VII,1025.4,1020.8,H
SWELECT ENERGY SYS LTD,617.9,601.35,H
2.5%GOLDBONDS2029SR-III,8724,8700,H
2.50%GOLDBONDS2028SR-IV,8743,8674,H
2.50%GOLDBONDS2029SR-X,8780,8675,H
INVESCO INDIA GOLD ETF,7884.95,7833,H
2.50%GOLDBONDS2025 SR-XII,8700,8699,H
GOI TBILL 91D-28/03/25,99.75,99.74,H
GOI TBILL 364D-15/01/26,94.85,94.74,H
ROYAL ARC ELECTRODES LTD,124,122,H
SEC RE NCD SR.V,1207.8,1206.7,H
GOI TBILL 91D-24/04/25,99.32,99.21,H
INNOVATIVE TYRE & TUBE LT,34.15,33.5,H
GOI TBILL 182D-07/08/25,97.51,97.49,H
SWARAJ ENGINES LTD,3790,3470,H
2.5%GOLDBONDS2029SR-I,8740,8674.99,H
2.50%GOLDBONDS2027SR-VI,8769,8659,H
2.50%GOLDBONDS2028SR-II,8857.47,8799.95,H
2.50%GOLDBONDS2028SR-V,8739,8711.12,H
GOI TBILL 364D-26/06/25,97.92,97.5,H
DSPAMC - DSPGOLDETF,87.29,87.2,H
ITC HOTELS LIMITED,189.74,179.95,H
GOI TBILL 182D-03/07/25,98.29,97.66,H
SENORES PHARMACEUTICALS L,665,644.8,H
P S RAJ STEELS LIMITED,151,149.9,H
CHAMBAL FERTILIZERS LTD,591.35,588.8,H
2.5%GOLDBONDS2029SR-VI,8727,8680,H
2.50%GOLDBONDS2027SR-II,8749.99,8708.78,H
2.50%GOLDBONDS2031SR-III,8899.99,8888,H
SEC RE NCD 9.10% SR III,1087.99,1075.11,H
GOI TBILL 364D-05/06/25,98.42,98.15,H
AJAX ENGINEERING LIMITED,650,628.85,H
GOI TBILL 364D-19/06/25,98.2,98.08,H
SEC RE NCD SR III,1129.9,1113.56,H
BOND 8.37% TAX FREE S3A,58000,48500,H
GABRIEL INDIA LTD,589,587,H
BAJAJ HEALTHCARE LIMITED,745,719,H
2.5%GOLDBONDS2029SR-VII,8750,8680,H
2.50%GOLDBONDS2029SR-V,8800,8695,H
SGB2.50%JUL2025SR-II17-18,8820,8780,H
UNSEC RED NCD SR. VI,1723,1718.8,H
ICICI PRUDENTIAL GOLD ETF,77.08,77,H
ANZEN IND ENE YLD PLU TRU,105.49,105.46,H
MIRAEAMC - SELECTIPO,41.66,40.71,H
POLYSIL IRRIGATION SYST L,20.85,20.45,H
8.73%S-R-NCD SERIES 2B,1297,1212,H
2.50%GOLDBONDS2027SR-IV,8819.94,8795.78,H
2.50%GOLDBONDS2029SR-IX,8719,8695,H
2.50%GOLDBONDS2030SR-X,8775,8745,H
JSW HOLDINGS LIMITED,22121.6,21368.35,H
FRANTEMAMC - FICRF3GP,7.26,6.6,H
EDELAMC - ESILVER,102.3,101.85,H
MIRAEAMC - MASILVER,99.2,99.1,H
SEC RE NCD SR 2,1130,1127,H
GOI TBILL 364D-31/07/25,97.39,97.38,H
COMMITTED CARGO CARE LTD,226,219.9,H
MOTILALAMC - MOCAPITAL,32.01,30.83,H
ONESOURCE SPECL PHARMA L,1628,1599.7,H
SEC RE NCD 10.03% SR V,1098,1015,H
GOI TBILL 364D-23/10/25,96.15,96.13,H
INTERGLOBE AVIATION LTD,5052.75,5035,H
MUTHOOT FINANCE LIMITED,2424,2334.8,H
MPS LIMITED,2959,2922.95,H
KARNIKA INDUSTRIES LTD,680,669,H
SEC RE NCD 0% SR.II,1136.8,1135,H
CHANDAN HEALTHCARE LTD,201.5,191,H
GOI TBILL 182D-17/07/25,98,97.76,H
OWAIS METAL & MINERAL,479.75,479,H
GOI TBILL 91D-01/05/25,99.2,98.98,H
GOI TBILL 364D-09/10/25,96.4,96.38,H
SAJ HOTELS LIMITED,73.45,73.4,H
EXXARO TILES LIMITED,6.24,6.3,L
GLOBESECURE TECHNO LTD,13.85,14.45,L
LAMOSAIC INDIA LIMITED,43.45,44.3,L
QUICKTOUCH TECHNOLOGIES L,42.6,43.55,L
RAPPID VALVES (INDIA) LTD,221.4,224.75,L
AMBUJA CEMENTS LTD,510,607,L
CADSYS (INDIA) LIMITED,76.8,78.35,L
PENINSULA LAND LIMITED,24.81,25.31,L
SDL TN 7.43% 2053,94,98.4,L
DURLAX TOP SURFACE LTD,33.1,34.1,L
ASHAPURA LOGISTICS LTD,63.6,64,L
SYLVAN PLYBOARD (INDIA) L,64,65.5,L
MANDEEP AUTO INDUSTRIES L,20.15,20.65,L
SEMAC CONSULTANTS LIMITED,301.1,306.4,L
8.92% SEC RED BOND S3B,1210,1230.01,L
GENSOL ENGINEERING LTD,224.9,708.9,L
AGS TRANSACT TECH LTD,10.74,11.31,L
AKI INDIA LIMITED,6.98,7.34,L
SHREE KARNI FABCOM LTD,666,678.2,L
S D RETAIL LIMITED,86.35,87.9,L
TECHERA ENGINEER (IND) L,120.55,122.2,L
READYMIX CONSTRU MACHI L,71,74.1,L
V.L.INFRAPROJECTS LIMITED,41.15,41.7,L
CRAYONS ADVERTISING LTD,47.95,49.25,L
NIBE LIMITED,761.5,764.5,L
CUPID LIMITED,62.3,62.48,L
FUTURE ENTERPRISES LTD,3.68,3.8,L
IRIS CLOTHINGS LIMITED,43.15,43.5,L
EQUIPPP SOC IMP TECH LTD,20,20.16,L
DEEM ROLL TECH LIMITED,51.55,51.85,L
SAHAJ FASHIONS LIMITED,7.4,7.8,L
MARSHALL MACHINES LTD,14.47,14.77,L
PREMIUM PLAST LIMITED,33.5,33.6,L
MEDICAMEN ORGANICS LTD,22.35,23.5,L
UNIINFO TELECOM SERVI LTD,17,17.52,L
SAKUMA EXPORTS LIMITED,2.7,2.73,L
UNILEX COLOURS AND CHEM L,44.4,47,L
OBSC PERFECTION LIMITED,146.6,148.35,L
JAIPRAKASH ASSOCIATES LTD,3.32,3.49,L
ATLANTAA LIMITED,28.42,29,L
MEP INFRA. DEVELOPERS LTD,1.54,1.58,L
ISHAN INTERNATIONAL LTD,1.1,1.15,L
YUDIZ SOLUTIONS LIMITED,35.2,37.05,L
DRONE DESTINATION LIMITED,107.1,109.25,L
SADHANA NITROCHEM LIMITED,19.3,19.58,L
INNOMET ADVANCED MATERI L,104,109.3,L
BULKCORP INTERNATIONAL L,63.65,66.35,L
BEST AGROLIFE LIMITED,270,272.7,L
IDENTICAL BRAINS STUDIO L,48.55,48.65,L
COOL CAPS INDUSTRIES LTD,766.4,768.35,L
KABRA JEWELS LIMITED,120,122.05,L
PANSARI DEVELOPERS LTD,173.5,176,L
PARAGON FINE S.C. LTD.,65.9,67.25,L
MODERN THREADS INDIA LTD,36.76,38.07,L
KSHITIJ POLYLINE LIMITED,2.89,2.97,L
REFRACTORY SHAPES LIMITED,57.05,60.05,L
FLEXITUFF VENTURES INT L,33.04,33.72,L
VINNY OVERSEAS LIMITED,1.37,1.39,L
KAY CEE ENERGY & INFRA L,168.3,176.85,L
DHRUV CONSULTANCY SER LTD,73.25,77.11,L
SATI POLY PLAST LIMITED,75.05,75.6,L
CEREBRA INT TECH LTD,4.65,4.87,L
SHANKAR LAL RAMPAL LTD,59.1,59.3,L
FIDEL SOFTECH LIMITED,117.55,119.9,L
GAJANAND INTERNATIONAL L,14.5,14.8,L
DELTA AUTOCORP LIMITED,70.6,72.05,L
USHA FINANCIAL SERVICES L,57.2,116.55,L
QMS MEDICAL ALLIED S LTD,86,87.2,L
B&B TRIPLEWALL CONT LTD,133.32,136.3,L
VIRINCHI LIMITED,22.75,22.78,L
K2 INFRAGEN LIMITED,66.7,70.15,L
MORARJEE TEXTILES LIMITED,5.5,5.65,L
COMPUAGE INFOCOM LTD,1.7,1.77,L
KALAHRIDHAAN TRENDZ LTD,6.65,7,L
SPP POLYMER LIMITED,19.9,20,L
ENSER COMMUNICATIONS LTD,22.25,22.7,L
RULKA ELECTRICALS LIMITED,136.2,139.05,L
TRUCAP FINANCE LIMITED,7.81,8.22,L
BASILIC FLY STUDIO LTD,261.4,266.7,L
JIWANRAM SHEODUTTRA IND L,7,7.35,L
ASPIRE & INNOVATIVE ADV L,31.25,31.85,L
DIGIKORE STUDIOS LIMITED,198.85,202.9,L
VERTOZ LIMITED,9.05,9.24,L
SIS LIMITED,287.9,289.05,L
SALASAR EXTERIOR CONT LTD,9.3,9.75,L
SAMEERA AGRO AND INFRA L,52.6,54,L
LORENZINI APPARELS LTD,13.09,13.27,L
KAMDHENU VENTURES LIMITED,10.52,10.74,L
NAVKAR URBANSTRUCTURE LTD,13.25,13.81,L
NEWMALAYALAM STEEL LTD,29,29.55,L
AURANGABAD DISTILLERY LTD,166.6,170,L
MY MUDRA FINCORP LIMITED,55.8,56.9,L
COMMERCIAL SYN BAGS LTD,78.17,79.77,L
CHEMCON SPECIAL CHEM LTD,170,175,L
DELAPLEX LIMITED,138.05,140,L
MOXSH OVERSEAS EDUCON LTD,28.5,29,L
PHOENIX OVERSEAS LIMITED,20.1,20.2,L
NOIDA TOLL BRIDGE CO LTD,3.14,3.21,L
VIPUL LIMITED,11.33,11.57,L
ADITYA ULTRA STEEL LTD,27.5,28,L
ROX HI TECH LIMITED,44.7,47.05,L
TAKE SOLUTIONS LTD,7.72,7.9,L
GLOBALE TESSILE LIMITED,18.9,18.96,L
SHEKHAWATI INDUSTRIES LTD,21,21.08,L
INDIFRA LIMITED,13,13.05,L
URAVI DEFENCE &TECH LTD,291.6,341.05,L
8.67% SEC RED BOND S3A,1180.1,1183.2,L
7.35% TAX FREE TRI SRIIA,1089,1090,L
TRUST FINTECH LIMITED,76.4,77.95,L

