SYMBOL,SYMBOL P/E,ADJUSTED P/E
THERMAX,64.07,64.07
WHEELS,13.58,13.58
ZODIACLOTH,,
RIIL,117.87,117.87
PREMIERPOL,24.60,24.60
RAYMOND,20.97,20.58
RSWM,,
SHREDIGCEM,26.41,26.41
SESHAPAPER,13.23,13.23
SMLISUZU,13.69,13.69
SUPERSPIN,,
SUNDRMFAST,35.19,35.19
FACT,,485.46
EXIDEIND,36.50,36.50
EUROTEXIND,,
ELECON,25.59,25.59
CRISIL,46.74,46.74
LMW,134.92,134.92
ORIENTPPR,,
PEL,42.64,
NELCO,93.64,93.64
MASTEK,19.36,19.91
MAHSCOOTER,65.99,68.76
LUMAXIND,37.52,37.52
TRENT,103.58,145.43
KECL,68.35,290.59
CUMMINSIND,46.50,46.50
KCP,9.57,8.68
JAYBARMARU,28.49,28.49
JBCHEPHARM,38.68,38.68
INFY,24.14,24.14
INDIAGLYCO,20.36,20.36
IONEXCHANG,31.91,31.91
IFBIND,35.46,35.46
IGPL,12.85,12.85
HIMATSEIDE,21.62,21.62
GNFC,14.09,14.09
GFLLIMITED,,
BPCL,8.77,8.59
BHARATFORG,61.24,55.24
BASF,32.08,32.62
FORCEMOT,19.17,19.17
ATUL,40.39,40.39
ARVIND,26.71,26.71
ACC,13.60,14.96
TATAMOTORS,7.87,7.85
SCI,7.37,7.37
MRPL,25.10,24.89
LINDEINDIA,120.09,120.09
HINDPETRO,10.86,10.86
ESCORTS,29.68,29.68
RELINFRA,36.10,
BAJAJHLDNG,85.42,85.42
ASHOKLEY,19.65,19.92
ZUARIIND,,485.51
VOLTAS,57.69,57.69
TITAN,84.53,84.53
TATASTEEL,81.24,67.33
SUNDARMFIN,32.11,30.89
SPIC,19.00,12.82
VEDL,10.08,11.20
SBIN,8.14,8.14
RELIANCE,21.09,21.09
PFIZER,30.30,30.30
NOCIL,24.18,24.18
BOSCHLTD,39.85,39.87
DRREDDY,17.89,17.89
BATAINDIA,45.59,63.37
DEEPAKFERT,15.76,15.76
CHAMBLFERT,15.14,15.14
CARBORUNIV,51.45,60.84
MAHSEAMLES,12.05,12.05
HINDOILEXP,13.58,16.72
DICIND,30.52,31.45
COROMANDEL,34.27,34.27
BALMLAWRIE,15.48,15.48
WILLAMAGOR,,
VINDHYATEL,15.15,15.15
MOTOGENFIN,44.60,44.60
MARALOVER,,
ASIANPAINT,52.67,51.08
RAMCOCEM,53.16,109.80
INDIACEM,,
PGHL,36.55,35.23
ABREL,117.92,117.92
BEML,40.89,40.89
ADORWELD,26.74,24.19
CENTENKA,14.72,14.72
TATACHEM,,39.85
TORNTPHARM,57.00,57.00
VTL,13.69,13.69
ATFL,548.91,491.29
FEDERALBNK,10.89,10.89
EPL,23.68,22.66
VLSFINANCE,4.34,4.34
VIPIND,,
SUPREMEIND,48.62,48.62
SRF,77.27,77.27
BIRLACABLE,77.40,77.40
BALRAMCHIN,26.84,26.84
ANSALAPI,,
AEGISLOG,37.08,37.08
WEIZMANIND,20.06,20.06
UNITECH,,
UNICHEMLAB,,46.15
BBOX,31.93,24.67
HONAUT,56.35,56.35
JTEKTINDIA,34.67,34.89
SAURASHCEM,162.16,162.16
RANEHOLDIN,8.61,81.29
PRECOT,12.27,15.25
TATAELXSI,40.55,40.55
SUNPHARMA,36.51,35.40
KOHINOOR,,
OILCOUNTUB,,
SHREYANIND,4.98,4.98
SHALPAINTS,,
SANDESH,6.04,6.06
HCC,16.04,
BAJAJHIND,,
ASHIMASYN,3.79,3.79
APOLLOHOSP,68.15,68.15
ARE&M,18.18,19.66
ADANIENT,68.56,65.17
IVP,12.66,12.66
BALKRISIND,27.77,27.77
TIRUMALCHM,,
INDBANK,15.53,15.53
GINNIFILA,,126.23
EICHERMOT,36.42,36.42
RAJSREESUG,10.86,10.86
GVT&D,80.10,80.10
NEULANDLAB,48.45,60.73
ONGC,7.23,6.99
ITI,,
ZENSARTECH,23.43,23.43
TIL,7.15,150.23
TAINWALCHM,52.33,52.33
BERGEPAINT,54.34,54.34
BANARISUG,46.04,46.04
JINDALPOLY,11.08,18.77
ANIKINDS,,
KPIL,29.82,29.82
JYOTISTRUC,56.29,56.29
IGARASHI,60.68,60.68
BSL,16.50,16.50
BLUEDART,49.39,49.39
NKIND,797.97,797.97
JAYNECOIND,225.85,94.25
MUNJALSHOW,15.74,15.74
APCOTEXIND,29.32,29.32
SOTL,23.13,23.13
HSCL,40.36,40.36
RCF,24.43,25.98
RANASUG,9.23,9.23
KARURVYSYA,8.52,8.52
DECCANCE,414.90,72.74
ARENTERP,20.04,20.04
TECILCHEM,,
WSI,851.34,185.26
UFLEX,,7.19
TATAPOWER,33.23,32.05
ADVANIHOTR,21.62,21.62
THOMASCOOK,25.25,24.92
SUNFLAG,25.56,25.56
SUBROS,27.14,27.14
SPMLINFRA,33.89,35.64
SIMPLEXINF,11.19,11.19
SIEMENS,70.39,70.39
BHARATRAS,27.63,27.64
WIPRO,21.86,21.86
VSTIND,13.48,18.04
JUBLPHARMA,22.87,18.71
UNIVCABLES,35.41,35.41
UCAL,,
TATACOMM,38.55,40.22
TOKYOPLAST,139.45,139.45
SOMANYCERA,23.49,23.91
MURUDCERA,26.54,26.54
IFCI,44.24,44.70
HLVLTD,33.03,36.28
SANOFI,34.23,32.08
M&M,28.54,28.54
LIBERTSHOE,39.36,29.00
KREBSBIO,,
KAKATCEM,,
KAJARIACER,38.31,38.31
KABRAEXTRU,28.35,28.35
HEIDELBERG,41.57,41.57
MODTHREAD,26.31,26.31
MODIRUBBER,,
MIRCELECTR,,
MANGLMCEM,44.17,44.17
PRSMJOHNSN,,
PREMIER,,
POLYPLEX,9.21,9.21
PIDILITIND,70.20,68.47
PCBL,32.40,32.37
3PLAND,34.86,34.86
OSWALAGRO,20.37,20.36
EIHAHOTELS,24.83,23.86
HONDAPOWER,34.42,36.74
JINDALSAW,9.29,9.29
SAIL,26.34,16.98
RUBYMILLS,15.16,15.16
STYRENIX,21.37,21.37
ABB,61.17,61.17
ABAN,,
IDBI,10.93,10.93
GRAPHITE,21.15,21.15
CANFINHOME,10.30,10.30
BRITANNIA,53.04,52.60
BBL,22.34,22.34
ELECTCAST,7.85,7.85
DHAMPURSUG,14.35,14.35
DCMSHRIRAM,28.88,28.88
DABUR,49.98,49.98
COSMOFIRST,13.64,13.64
CIPLA,24.37,24.37
HEROMOTOCO,16.00,16.00
HDFCBANK,18.67,18.41
HARRMALAYA,2442.38,45.29
GMBREW,9.13,9.13
GIPCL,11.97,11.97
ITC,25.33,25.33
INDIANHUME,16.29,16.29
HINDCOMPOS,17.53,17.53
IOC,19.23,23.94
WALCHANNAG,,
OSWALGREEN,71.88,71.88
HUHTAMAKI,15.53,23.12
RICOAUTO,28.10,27.62
KAMATHOTEL,26.10,27.65
IFBAGRO,23.47,23.47
BANCOINDIA,15.75,15.75
DELTAMAGNT,,
MANINDS,15.21,15.21
APOLLOTYRE,20.19,19.10
SIYSIL,14.85,14.85
SHANTIGEAR,35.88,35.88
PRECWIRE,29.12,29.12
ONWARDTEC,24.52,24.52
NILKAMAL,23.16,23.16
NCC,14.46,14.11
ICIL,16.12,16.12
SEAMECLTD,23.87,26.02
ELGIEQUIP,50.21,50.21
AUROPHARMA,18.87,18.52
BBTC,5.94,5.79
EIHOTEL,32.19,32.50
KANORICHEM,,
LICHSGFIN,5.77,5.77
GICHSGFIN,4.91,4.91
BEPL,14.67,14.67
RAIN,,
BANARBEADS,26.04,26.04
MOREPENLAB,20.96,20.96
WSTCSTPAPR,6.39,6.39
21STCENMGM,1.69,1.69
TNTELE,,
VENKEYS,15.90,15.90
GHCL,9.80,9.80
S&SPOWER,,
PRUDMOULI,28.83,26.41
PRAJIND,36.09,39.30
HIL,,58.05
EVERESTIND,,
BPL,20.01,20.01
TRANSWORLD,14.21,14.21
KEEPLEARN,100.11,100.11
PGHH,61.21,61.21
VESUVIUS,33.60,33.60
TFCILTD,13.94,13.94
BOMDYEING,4.92,36.61
GTL,1.12,17.67
NAVNETEDUL,3.77,14.12
GUJALKALI,,
AGI,15.29,15.29
GLAXO,55.11,55.45
TATACONSUM,75.50,66.50
ZEEL,19.37,16.20
CHOLAFIN,31.46,31.46
INDHOTEL,61.69,71.93
FMGOETZE,11.98,11.98
KOTAKBANK,18.15,20.83
LYKALABS,97.46,96.71
ORIENTHOT,62.40,62.40
JAYSREETEA,8.96,42.07
GILLETTE,56.68,56.68
HMT,,
GOLDENTOBC,9.43,10.70
KANSAINER,16.57,30.21
FOSECOIND,30.94,30.94
ESABINDIA,41.16,41.16
3MINDIA,53.76,53.76
ANDHRAPAP,11.52,11.52
GABRIEL,35.78,35.78
SCHAEFFLER,56.19,56.19
AARTIIND,38.40,38.73
RALLIS,30.35,30.35
AMJLAND,13.38,13.38
PRAKASH,7.40,7.40
MFSL,117.86,117.86
KSB,53.50,53.50
KOPRAN,17.26,17.26
HEG,41.43,41.43
GREAVESCOT,,
GODFRYPHLP,39.68,37.81
VARDMNPOLY,27.15,27.15
SURYAROSNI,16.16,16.16
TATAINVEST,131.22,131.22
GLFL,216.32,216.32
TIMKEN,49.83,49.83
ROLTA,,
SUDARSCHEM,64.90,94.61
SHREECEM,81.98,81.98
SAKHTISUG,2.54,
IPCALAB,47.16,46.61
INGERRAND,41.79,41.79
AKZOINDIA,34.32,34.32
HINDALCO,11.29,10.80
HINDZINC,19.64,19.51
HINDUNILVR,48.05,49.87
GSFC,12.73,12.88
GRASIM,21.37,20.22
AMBUJACEM,22.74,23.12
FINPIPE,14.26,24.90
FINCABLES,19.91,27.54
EIDPARRY,8.37,8.37
DCW,62.89,62.82
DCM,18.87,18.87
CGPOWER,104.13,103.43
HEUBACHIND,29.07,29.07
CESC,12.91,12.91
BIRLACORPN,34.01,35.00
BHEL,155.55,155.55
BHARATGEAR,,
BEL,42.12,42.12
BAJFINANCE,33.54,33.54
ASHAPURMIN,12.68,15.66
PVP,689.83,726.91
NAVA,8.80,8.80
KESORAMIND,,
CORALFINAC,6.59,6.59
GREENPLY,27.16,28.00
TNPL,58.63,58.63
PARASPETRO,,
AUTOAXLES,15.91,15.91
PEARLPOLY,,
REMSONSIND,26.76,27.02
DALMIASUG,10.18,10.18
NATCOPHARM,7.75,7.75
KHAITANLTD,7.02,7.02
SWARAJENG,25.63,25.63
MTNL,,
MRF,26.09,26.09
GARFIBRES,34.56,34.56
ANDHRSUGAR,27.96,25.27
TNPETRO,13.53,15.25
TTKPRESTIG,38.88,38.88
STARPAPER,4.91,4.90
SANGHIIND,,
SKFINDIA,33.71,33.71
AUSOMENT,11.01,11.01
EIMCOELECO,17.32,17.32
PANACEABIO,,
JAYAGROGN,11.84,11.84
ALPSINDUS,,
CUBEXTUB,22.73,22.73
MARICO,49.29,49.29
SILINV,14.55,14.55
REGENCERAM,,
BIOFILCHEM,117.07,117.07
KEYFINSERV,6.63,6.63
ZENITHEXPO,,
SUNDRMBRAK,66.21,66.21
SANGAMIND,46.24,40.01
MOTHERSON,22.04,22.04
SOMATEX,1.41,
VISAKAIND,,
AARTIDRUGS,21.06,21.06
STERTOOLS,18.23,18.23
CREST,11.94,11.94
INDIANCARD,1.83,12.95
HITECHGEAR,20.65,20.63
WENDT,47.30,47.30
DENORA,97.50,97.50
TVSSRICHAK,56.47,46.18
SHRIRAMFIN,12.98,14.71
SAGCEM,,
PUNJABCHEM,28.84,28.84
MIRZAINT,195.62,195.62
DYNAMATECH,47.66,94.03
GUJAPOLLO,33.37,33.37
GANESHHOUC,15.65,15.65
MMFL,13.72,13.77
JAGSNPHARM,27.52,39.42
ALKYLAMINE,45.43,45.43
JCHAC,96.93,93.74
MPHASIS,26.44,26.44
GUJRAFFIA,35.55,35.55
RUCHINFRA,,
ATLASCYCLE,3.42,3.42
RAMCOIND,23.95,23.95
KOTHARIPET,13.13,13.07
HERITGFOOD,18.66,18.27
INDRAMEDCO,21.53,21.53
BANKBARODA,5.37,5.37
BLUECHIP,,
MADRASFERT,5.60,5.76
GAIL,9.93,12.03
INDNIPPON,16.70,16.70
SKMEGGPROD,11.39,11.39
TCIFINANCE,,
BANKINDIA,5.48,5.48
CONCOR,31.73,31.09
DCMFINSERV,,
ICICIBANK,17.77,17.77
KCPSUGIND,8.27,11.02
HUDCO,14.08,14.08
INDSWFTLAB,2.21,127.96
SAREGAMA,48.59,48.59
FDC,24.33,24.33
ENGINERSIN,28.15,28.15
ADROITINFO,11.06,11.06
JAICORPLTD,23.74,23.74
ANTGRAPHIC,,
GMDCLTD,12.04,12.04
MAHAPEXLTD,13.45,16.21
INDUSINDBK,7.32,7.32
ASAHIINDIA,41.76,44.75
TRIGYN,7.90,7.65
J&KBANK,4.81,4.81
KOTHARIPRO,,
CUB,10.48,10.48
SOUTHBANK,5.04,5.04
ARCHIES,,
ASTRAZEN,203.89,90.20
ITDCEM,27.08,27.08
AXISBANK,11.46,11.46
CYIENT,20.61,20.61
SONATSOFTW,23.26,23.26
CYBERTECH,14.17,14.17
KOKUYOCMLN,84.91,84.91
GOACARBON,,
DHANBANK,21.83,21.83
SANGHVIMOV,13.26,13.26
STCINDIA,18.07,10.36
MANUGRAPH,,
RSSOFTWARE,8.05,8.05
VIPCLOTHNG,,
NATIONALUM,8.12,8.78
IVC,43.01,43.01
JINDALSTEL,23.08,23.08
ALEMBICLTD,16.57,16.57
NIPPOBATRY,2.48,2.48
ICDSLTD,65.42,65.42
BSOFT,19.27,19.27
HCLTECH,24.75,24.75
ACCELYA,19.62,19.67
STAR,17.45,16.69
HAVISHA,,
ZYDUSLIFE,19.77,19.77
GLENMARK,,
RAJESHEXPO,119.64,119.64
CINEVISTA,,
WOCKPHARMA,,
NRBBEARING,16.88,17.64
IOB,25.76,25.76
RAMCOSYS,,
GEPIL,57.61,57.61
HCL-INSYS,,
CREATIVEYE,,
KTKBANK,5.09,5.09
MAHLIFE,,
MUKTAARTS,,
BLBLIMITED,18.09,18.09
AJANTPHARM,36.20,36.20
BLUESTARCO,79.54,80.92
CALSOFT,31.51,31.51
TVSMOTOR,50.82,50.82
PNBGILTS,6.08,6.16
PNC,59.63,59.63
TAJGVK,34.15,34.15
NLCINDIA,14.01,14.01
REPRO,,
CHENNPETRO,26.25,26.25
AKSHOPTFBR,,
TTML,,
KRBL,13.88,13.88
HAVELLS,67.99,67.99
GAEL,15.37,15.37
USHAMART,24.48,24.48
AXISCADES,73.66,71.98
BALAJITELE,,
MRO-TEK,33.71,33.71
TIPSMUSIC,51.56,51.56
STLTECH,,
KHANDSE,38.81,38.81
HIKAL,66.44,66.44
TRIDENT,42.12,42.12
MARKSANS,24.85,24.85
ACLGATI,,
NEXTMEDIA,,
GOLDTECH,19.56,
SMARTLINK,10.88,10.88
GODREJCP,,57.38
SUVEN,,
JISLJALEQS,108.42,108.42
LUPIN,32.12,32.12
UNITDSPR,70.64,67.49
FEL,,
TCI,24.26,24.10
MPSLTD,37.82,37.82
BHARTIARTL,41.06,53.77
ASAL,38.20,38.20
OLECTRA,66.95,69.46
PONNIERODE,9.18,9.18
PNB,6.43,6.43
APTECHT,41.93,37.29
SURANAT&P,28.63,28.76
TIMESGTY,77.26,77.26
OFSS,28.69,28.69
UNIONBANK,5.54,5.54
NUCLEUS,14.24,14.24
CANBK,4.43,4.43
GENESYS,54.10,54.10
OMAXAUTO,4.97,
GODREJIND,25.12,25.12
RADAAN,4.68,4.68
DIVISLAB,74.14,74.14
RADICO,96.61,96.61
INDORAMA,,
MARUTI,25.77,25.77
VARDHACRLC,21.50,21.50
UCOBANK,18.63,18.63
BAGFILMS,40.28,40.28
JSL,22.14,22.13
NSIL,39.81,39.81
WELSPUNLIV,19.27,19.27
JAIBALAJI,16.91,16.91
TVSELECT,,
IGL,19.64,19.64
DREDGECORP,,
TVTODAY,11.93,11.45
UNIENTER,829.10,829.10
UPL,781.65,30.00
SIL,132.32,132.32
MUKANDLTD,13.93,13.93
PETRONET,12.10,12.10
PTC,8.05,7.89
VAIBHAVGBL,25.44,24.91
BIOCON,33.78,35.10
MAHABANK,6.74,6.74
POONAWALLA,139.31,139.31
XPROINDIA,57.80,55.50
RKFORGE,33.98,33.92
DATAMATICS,16.61,18.99
NDTV,,
CCL,27.15,27.15
JPASSOCIAT,,
EXCELINDUS,13.96,13.96
LT,27.16,27.28
APARINDS,28.61,28.61
AMBICAAGAR,6.22,6.22
CENTEXT,18.01,18.26
NIITLTD,33.13,33.13
ULTRACEMCO,49.47,49.25
TCS,26.23,26.23
COFORGE,58.97,59.60
TEXINFRA,,
GULFPETRO,7.73,7.73
GUFICBIO,41.19,41.19
INDSWFTLTD,1.16,1.16
ASTRAMICRO,49.93,49.93
WELENT,17.75,17.75
NTPC,15.76,15.76
SALSTEEL,,
KOTARISUG,16.43,21.38
JBMA,55.74,55.74
DWARKESH,,
INDOCO,,
IMPEXFERRO,,
SUPRAJIT,40.96,40.96
PATELENG,9.91,9.69
XCHANGING,20.35,20.35
JSWSTEEL,71.58,66.37
CONSOFINVT,5.59,5.59
JINDALPHOT,47.56,47.56
JPPOWER,7.36,5.92
EVEREADY,27.81,27.81
GOKEX,40.94,40.94
SAKSOFT,18.97,18.97
ALLDIGI,16.97,20.37
IIFL,18.26,7.35
MANGALAM,12.04,12.04
SHOPERSTOP,167.80,150.58
WELCORP,25.37,25.11
SSWL,4.42,13.71
CYBERMEDIA,,
SHAHALLOYS,,
SURYALAXMI,66.12,25.86
JKPAPER,8.32,8.32
PRIMESECU,18.62,20.11
63MOONS,,
GRANULES,25.08,25.08
JSWHL,133.59,133.59
VHL,,
GEOJITFSL,9.80,9.80
GENUSPOWER,37.37,37.37
YESBANK,23.76,23.76
MSPL,71.54,71.68
NECLIFE,30.08,30.08
SPLIL,9.74,9.73
MCLEODRUSS,,
GOLDIAM,39.01,39.01
RML,,
HTMEDIA,,
SASKEN,40.25,40.25
FCSSOFT,177.54,47.77
IMPAL,14.42,14.42
SUZLON,65.55,64.05
AURIONPRO,43.02,43.02
RENUKA,,
BASML,,
TRIVENI,39.76,39.76
AIAENG,29.04,29.05
NAHARINDUS,19.24,17.97
ORIENTCER,35.64,35.64
EKC,13.82,13.55
VIMTALABS,41.49,41.49
KERNEX,237.17,237.17
PVRINOX,,
CELEBRITY,,
NITINSPIN,11.07,11.07
ROHLTD,23.96,23.96
ENIL,70.43,70.43
GSPL,7.73,7.90
JAGRAN,9.92,9.92
GVKPIL,0.86,10.38
KEC,43.30,43.30
JKCEMENT,47.57,55.58
INDOTECH,32.62,32.62
M&MFIN,14.46,14.46
BLKASHYAP,19.96,21.70
VISASTEEL,,
NITCO,,
CENTURYPLY,74.03,71.90
KEI,48.88,48.87
SANWARIA,,
VAKRANGEE,208.12,198.15
SOLARINDS,77.75,77.75
GALLANTT,19.90,19.90
MALUPAPER,,
UTTAMSUGAR,13.78,13.78
SGL,,
KKCL,18.30,18.30
SUNTV,13.14,13.14
GPIL,14.75,14.75
RSYSTEMS,29.72,29.72
EMKAY,7.66,7.66
LOKESHMACH,47.32,47.32
BALPHARMA,18.01,18.01
SWELECTES,16.06,36.24
KAMDHENU,14.56,14.56
RATNAMANI,35.24,35.24
PIONEEREMB,22.87,22.87
JKLAKSHMI,31.61,31.61
PFOCUS,,
ALLCARGO,106.28,63.25
MUNJALAU,10.76,13.27
EMAMILTD,30.29,30.29
GMRAIRPORT,,
TECHM,37.12,37.22
GRINDWELL,48.01,48.01
RAMANEWS,,
VOLTAMP,30.97,30.97
LAKPRE,,
SELAN,12.07,12.07
ACE,36.50,36.50
ANANTRAJ,44.61,44.61
HOVS,15.07,15.07
BINANIIND,5.84,
TALBROAUTO,15.05,21.08
ALICON,19.60,19.60
GEECEE,13.57,13.57
MADHUCON,,
JMFINANCIL,,10.04
INFOMEDIA,,
FIEMIND,18.49,18.49
JHS,,
DCBBANK,5.67,5.67
GLOBALVECT,,
INSPIRISYS,13.08,13.08
SHYAMTEL,,
GTLINFRA,,
SHIVAMAUTO,,
NAUKRI,102.87,105.12
AARVEEDEN,19.04,19.04
GESHIP,4.44,4.44
TORNTPOWER,28.55,28.55
PARSVNATH,,
MANALIPETC,51.02,45.07
SUTLEJTEX,,
LTFOODS,21.89,21.89
DONEAR,11.53,11.53
RUCHIRA,5.91,5.91
SOBHA,213.77,213.79
VENUSREM,11.23,14.04
JINDRILL,23.27,23.27
HIRECT,48.74,48.74
NFL,24.21,24.21
PLASTIBLEN,14.80,14.80
PRAENG,,
PARACABLES,16.38,16.38
HBLENGINE,41.45,39.02
TANLA,11.46,11.46
AVTNPL,18.60,18.60
ZEEMEDIA,,
SITINET,,
VEEDOL,19.16,18.42
LUMAXTECH,18.04,18.04
SARLAPOLY,10.20,10.20
PTL,15.36,15.36
WANBURY,16.36,39.14
AUTOIND,14.19,12.77
GANDHITUBE,14.25,14.25
PITTIENG,29.80,29.80
NETWORK18,,
UNOMINDA,66.37,68.32
HUBTOWN,,
CTE,,
TIIL,22.45,21.85
ORIENTBELL,73.98,73.98
PGIL,28.63,28.70
REDINGTON,14.47,14.47
TTL,19.74,38.04
FSL,34.96,35.39
PFC,4.46,4.46
TFL,153.97,153.97
SMSPHARMA,25.50,25.50
INDIANB,6.71,6.71
ORIENTALTL,,
IDEA,,
PAGEIND,67.25,67.25
LAOPALA,24.54,24.54
RAJTV,,
AMDIND,73.94,73.94
JKTYRE,12.65,11.86
ASTRAL,64.51,64.51
EMBDL,,
NAHARSPING,,
NAHARPOLY,23.46,23.46
THEMISMED,39.74,39.74
NCLIND,19.85,17.34
BALAMINES,20.57,20.57
BANSWRAS,19.33,19.33
ICRA,32.33,32.33
DISHTV,,
PHOENIXLTD,42.75,43.20
AROGRANITE,,
NDLVENTURE,348.73,348.73
ZENITHSTL,12.58,12.58
BFUTILITIE,9.46,9.46
FORTIS,57.10,55.37
SRHHYPOLTD,10.11,9.67
ALPHAGEO,85.61,19.52
WEBELSOLAR,78.53,71.38
TGBHOTELS,,
HILTON,70.78,70.78
INSECTICID,12.74,12.76
KMSUGAR,8.01,8.01
NAVINFLUOR,78.16,78.16
TIMETECHNO,22.80,22.80
NAGREEKEXP,13.52,13.52
HGS,,
NELCAST,24.32,27.72
V2RETAIL,84.52,84.52
DLF,68.09,93.19
TARMAT,,77.24
SPARC,,
HDIL,,
ADSL,19.90,19.90
ALPA,8.87,8.87
OMAXE,,
CENTRALBK,10.23,10.23
ASIANTILES,,
TAKE,,
KPRMILL,37.17,37.17
CIEINDIA,18.04,18.04
PURVA,,
MOTILALOFS,11.05,11.05
INDOWIND,31.77,31.77
NAGREEKCAP,1.04,1.04
MAGNUM,9.55,14.64
KSCL,19.40,19.40
CENTUM,,
POWERGRID,16.18,16.18
SUPREMEINF,,
MANGCHEFER,13.04,13.04
MAANALU,24.65,24.65
IL&FSENGG,,
DELTACORP,15.01,20.14
BAJAJELEC,63.07,63.07
ENERGYDEV,,114.62
CERA,28.64,28.64
RELIGARE,36.49,251.70
BVCL,31.76,31.76
ADANIPORTS,24.75,23.55
EDELWEISS,14.51,14.51
RGL,17.87,17.87
KOLTEPATIL,163.15,163.15
KAUSHALYA,2.78,2.78
COLPAL,45.24,45.24
JYOTHYLAB,33.47,33.47
MADHAV,397.13,397.13
HITECHCORP,23.06,24.04
ECLERX,23.62,23.62
TARIL,77.24,77.24
BRIGADE,35.68,35.68
MANAKSIA,6.45,4.97
DVL,13.03,13.03
PATINTLOG,13.32,13.32
PPAP,,
ARIES,10.02,10.02
AMBIKCO,11.29,11.29
KAVVERITEL,39.81,39.81
CEATLTD,24.64,22.61
BIRLAMONEY,10.36,10.36
RPOWER,5.81,
JKIL,13.32,13.32
CORDSCABLE,15.86,15.86
KNRCON,4.57,4.53
HERCULES,18.91,18.91
ONMOBILE,,
SEPC,115.73,70.28
BANG,,
IRB,3.94,27.74
NMDC,9.07,9.04
GSS,16.41,16.41
NAHARCAP,12.44,12.44
RECLTD,7.09,7.09
VGUARD,51.05,51.05
DHANI,,
NESCO,16.20,16.20
DPSCLTD,66.88,66.88
TITAGARH,31.22,31.05
KIRIINDUS,,
BAJAJFINSV,17.45,17.45
BAJAJ-AUTO,26.47,26.47
DIGISPICE,22.51,42.11
GOKUL,43.36,43.36
RPGLIFE,46.35,42.19
ALMONDZ,43.48,43.48
RBL,11.45,11.19
RANEENGINE,49.32,20.61
ARCHIDPLY,,
LOTUSEYE,237.08,248.18
VINYLINDIA,18.76,18.76
UBL,117.86,114.17
LPDC,,
ZFCVINDIA,54.04,54.04
20MICRONS,11.56,11.43
JOCIL,52.88,52.88
ALKALI,,
COUNCODOS,77.75,77.75
TPHQ,20.33,20.33
FELDVR,,
MAWANASUG,3.58,8.76
AJMERA,24.21,24.21
MHRIL,45.43,45.43
GKWLIMITED,,
VINATIORGA,42.05,42.05
EXCEL,41.13,41.13
ADANIPOWER,15.45,15.45
NHPC,25.54,25.54
GLOBUSSPR,150.76,150.76
OIL,8.59,8.60
EXPLEOSOL,13.92,13.92
RTNPOWER,0.48,40.54
AMRUTANJAN,35.42,35.42
SUNTECK,28.02,28.02
ZYDUSWELL,32.11,32.71
DEN,6.99,6.99
ASTEC,,
SHILPAMED,71.70,74.67
SARDAEN,29.58,29.54
REFEX,33.09,33.14
GILLANDERS,7052.54,
AHLUCONT,15.62,28.18
DLINKINDIA,14.37,14.37
JSWENERGY,50.72,50.72
GODREJPROP,39.79,39.79
DBCORP,8.95,8.95
HINDCOPPER,53.21,53.21
BEARDSELL,12.32,12.32
MMTC,75.30,71.48
NESTLEIND,64.73,67.68
TRF,13.11,13.11
WHIRLPOOL,37.37,35.84
UNITEDTEA,10.94,10.94
MBLINFRA,2.08,
JUBLFOOD,106.27,178.11
VASCONEQ,7.15,16.08
THANGAMAYL,46.92,46.92
EMMBI,18.51,18.51
DBREALTY,,
HATHWAY,31.01,30.57
ORIENTLTD,,
TEXMOPIPES,26.18,9.50
MANINFRA,18.08,18.08
IL&FSTRANS,,
LGBBROSLTD,14.10,14.65
PERSISTENT,62.70,62.70
ASIANHOTNR,,
ISFT,12.08,12.08
GOENKA,,
KIRLOSBROS,31.37,31.02
TARAPUR,3.47,4.37
KSL,19.05,19.05
SJVN,34.43,37.60
SUNDARAM,,
KIRLOSIND,12.56,11.92
MANAPPURAM,9.07,9.07
UMESLTD,104.45,104.45
TI,25.09,24.04
HMVL,14.47,14.47
IMFA,8.61,8.61
BLISSGVS,18.04,7.73
EMAMIREAL,,
AHLEAST,8.62,8.62
IITL,15.00,15.56
BAJAJCON,16.98,16.98
UGARSUGAR,,
PRAKASHSTL,3.12,84.89
GPPL,18.70,17.16
ADFFOODS,32.85,32.85
WELINV,81.43,81.43
KILITCH,30.01,30.01
ORISSAMINE,674.83,674.83
DEEPAKNTR,36.30,39.50
SASTASUNDR,,9.00
CAREERP,11.12,11.12
GREENPOWER,56.66,55.22
RAMKY,12.16,12.16
CANTABIL,32.06,32.61
WABAG,32.25,31.83
ASHOKA,3.19,3.35
BEDMUTHA,17.92,17.92
JWL,32.96,32.96
OBEROIRLTY,22.14,22.14
PRESTIGE,60.88,60.88
SHAH,6.02,33.42
CGCL,34.18,34.18
RESPONIND,26.88,26.88
COALINDIA,7.06,7.06
IOLCP,18.54,18.54
GRAVITA,42.42,42.42
JINDWORLD,73.30,73.30
PENIND,22.22,22.22
RPPINFRA,7.82,7.82
JAMNAAUTO,16.02,16.02
MOIL,18.53,18.53
ZEELEARN,1.19,5.42
A2ZINFRA,25.11,
KIRLOSENG,21.06,22.12
RKDL,40.32,40.32
PSB,32.06,32.06
FMNL,1.13,8.76
SURANASOL,264.06,264.06
SHEKHAWATI,0.48,5.05
BFINVEST,,
KICL,22.54,29.88
SUMMITSEC,20.58,18.52
STEL,49.10,49.10
OMKARCHEM,,
HINDMOTORS,14.04,14.04
TEXRAIL,25.09,25.09
HFCL,31.84,31.84
INDTERRAIN,,
DHUNINV,9.89,9.92
LOVABLE,,
PFS,11.51,11.51
MUTHOOTFIN,18.28,18.28
VADILALIND,25.11,25.11
SYMPHONY,44.10,33.69
PIIND,30.62,30.62
RELAXO,57.65,57.65
OMINFRAL,46.44,46.44
VSTTILLERS,24.93,25.02
ESTER,,
DELPHIFX,102.20,10.32
KARMAENG,,
ASHIANA,198.75,150.69
DHANUKA,19.83,19.83
MAITHANALL,3.20,3.20
RUSHIL,14.39,14.39
INVENTURE,12.82,11.80
ELGIRUBCO,26.58,
LTF,13.90,13.90
WINDMACHIN,,
YAARI,,
BODALCHEM,125.23,103.80
GAYAPROJ,,
WINSOME,,
TREEHOUSE,,
ASAHISONG,35.27,34.77
FILATEX,12.91,12.91
BROOKS,134.84,134.84
TDPOWERSYS,37.00,37.00
APLLTD,27.26,27.72
VASWANI,12.19,12.19
PGEL,116.36,116.36
PANAMAPET,11.31,11.31
SETUINFRA,,
TIJARIA,,
PAISALO,16.52,16.55
ONELIFECAP,,
SHAKTIPUMP,29.65,29.65
TRITURBINE,53.92,53.92
INDOTHAI,155.05,155.05
ESSARSHPNG,0.86,56.14
DSSL,18.99,18.99
JISLDVREQS,1.53,1.53
POLYMED,72.57,72.57
RUPA,18.67,18.03
VIKASECO,28.11,28.11
APLAPOLLO,62.68,62.68
KANANIIND,40.46,40.46
MINDACORP,47.26,47.26
THOMASCOTT,30.55,30.55
DBSTOCKBRO,17.12,17.12
IRFC,24.35,24.35
COMPUSOFT,182.28,182.28
RHIM,,30.62
SCHNEIDER,68.90,73.48
NDL,9.81,9.81
NBCC,41.73,36.92
MTEDUCARE,,
HEXATRADEX,,
TBZ,15.49,15.49
VSSL,14.40,14.40
SWANENERGY,13.54,13.54
SPECIALITY,26.37,26.37
CINELINE,,
SAMPANN,,
RTNINDIA,15.77,15.77
PROZONER,,
MORARJEE,,
THEJO,35.72,35.72
KITEX,27.08,27.08
MAYURUNIQ,14.04,14.04
ROSSELLIND,9.53,9.47
DUCON,13.12,13.12
TVSHLTD,7.48,7.48
ZUARI,4.53,4.53
VETO,10.94,10.94
CARERATING,27.07,27.07
PCJEWELLER,22.75,22.75
INDUSTOWER,8.88,8.88
VMART,,
REPCOHOME,4.64,4.64
NIBL,,
VIVIDHA,,
JUSTDIAL,13.13,13.13
CEREBRAINT,,
ATULAUTO,69.23,69.23
ORIENTCEM,60.65,60.65
ABFRL,,
SAMMAANCAP,,
ESSENTIA,25.51,25.51
FLFL,,
PILITA,59.96,59.96
LYPSAGEMS,,
MITCON,11.28,11.28
ORBTEXP,10.98,10.98
JPOLYINVST,20.01,20.01
SREEL,24.13,24.13
NATHBIOGEN,7.04,7.18
AGRITECH,149.19,149.19
SECURKLOUD,,
SANCO,,
CASTROLIND,23.69,23.69
SDBL,25.36,25.36
IREDA,25.57,25.57
BUTTERFLY,270.00,187.22
WONDERLA,33.78,33.78
AGARIND,11.93,11.93
HATSUN,71.51,71.51
CAPLIPOINT,28.15,28.15
GOCLCORP,9.66,8.87
GULFOILLUB,17.67,17.67
SNOWMAN,198.70,198.70
SHARDACROP,19.49,19.49
SUPERHOUSE,14.59,30.48
SHEMAROO,,
CIGNITITEC,24.54,24.11
PDSL,27.19,27.68
INTELLECT,33.97,33.99
MONTECARLO,15.44,15.44
GOODLUCK,13.40,13.40
FCL,21.26,21.26
DTIL,,
CAMLINFINE,,
GULPOLY,46.96,46.96
APOLSINHOT,44.03,44.03
CCHHL,184.04,184.04
LAMBODHARA,14.44,14.44
GRPLTD,64.10,58.96
GENUSPAPER,137.84,137.84
MOLDTKPAC,23.25,23.25
GREENLAM,63.43,63.43
VISHNU,26.73,26.73
GANECOS,36.14,36.14
LINC,15.77,15.77
MENONBE,21.20,21.20
HESTERBIO,39.50,39.50
JMA,7.32,7.32
MANAKALUCO,24.57,24.57
MANAKSTEEL,32.36,27.64
MANAKCOAT,36.74,38.91
ZENTEC,50.66,51.09
IMAGICAA,50.06,44.89
INOXWIND,75.34,68.76
LFIC,6.06,6.06
BYKE,53.38,53.38
AVANTIFEED,24.79,24.79
VRLLOG,32.19,32.19
MEP,,
PRIVISCL,38.61,38.61
UFO,18.11,18.61
TPLPLASTEH,25.28,25.28
NILAINFRA,16.03,16.03
ARROWGREEN,12.49,12.49
PNCINFRA,5.87,5.87
SKIPPER,36.78,36.78
ALANKIT,17.79,17.79
ORICONENT,108.44,102.57
SHYAMCENT,,
BALKRISHNA,,
ADANIENSOL,162.78,42.87
SYNGENE,54.81,57.79
AYMSYNTEX,36.78,58.84
EMKAYTOOLS,3.61,3.61
KAYA,,
RAMASTEEL,66.07,66.07
AURUM,,
PKTEA,28.05,28.05
MUTHOOTCAP,8.34,8.34
SATIN,5.27,5.27
ARVSMART,26.67,26.67
POWERMECH,21.64,21.61
SHARDAMOTR,13.62,13.62
NAVKARCORP,,
SHREEPUSHK,17.13,17.13
GUJGASLTD,20.81,21.56
SADBHIN,,
IDFCFIRSTB,20.76,20.76
COFFEEDAY,,13.01
INDIGO,30.52,30.52
SHK,384.01,16.24
PERFECT,22.70,22.70
BALAXI,13.24,13.76
LUXIND,22.29,22.29
TTKHLTCARE,18.76,22.93
UMANGDAIRY,28.52,28.52
SALZERELEC,23.40,23.40
PILANIINVS,24.47,24.47
KRIDHANINF,1.00,121.49
LINCOLN,12.10,12.10
LALPATHLAB,50.10,50.10
ALKEM,26.17,26.06
NH,42.14,42.14
OCCL,8.35,8.35
PRECAM,90.93,105.72
TEAMLEASE,34.10,34.10
QUICKHEAL,72.95,72.95
HITECH,33.34,33.34
VIDHIING,53.75,53.75
BHAGERIA,22.19,22.19
NECCLTD,17.92,17.92
KELLTONTEC,12.40,12.40
SEQUENT,150.46,160.96
GOKULAGRO,13.16,13.16
SIMBHALS,6.33,6.33
KDDL,25.35,25.33
PDMJEPAPER,8.17,8.17
HCG,107.64,112.61
HECPROJECT,25.77,25.77
WEALTH,17.95,17.57
BHARATWIRE,14.93,14.93
INFIBEAM,22.18,22.18
PALREDTEC,,
THYROCARE,36.05,36.00
CROMPTON,43.68,43.68
SAGARDEEP,43.06,43.06
PARAGMILK,18.19,18.19
SHRIPISTON,16.93,16.93
UNITEDPOLY,24.93,24.93
ARMANFIN,13.41,13.41
ALBERTDAVD,11.32,11.32
BLS,29.86,29.86
ASPINWALL,10.87,10.87
NAGAFERT,0.14,0.14
SALONA,17.60,17.60
PREMEXPLN,55.42,55.42
CONTROLPR,21.65,21.65
INCREDIBLE,15.75,15.75
SETCO,,
DAMODARIND,17.79,17.79
MGL,12.51,12.51
MOLDTECH,16.42,16.42
POKARNA,25.34,25.34
COMPINFO,0.46,0.46
VIJIFIN,,
GPTINFRA,17.49,17.49
QUESS,24.14,23.63
GROBTEA,6.17,6.17
SOMICONVEY,31.41,31.41
LLOYDSENGG,61.97,61.97
LTIM,28.80,28.80
GATECH,16.86,16.86
MINDTECK,20.09,19.06
ADVENZYMES,22.14,20.62
DBL,11.60,20.47
SPAL,19.12,19.12
NDGL,33.01,31.84
RBLBANK,9.92,9.92
BIGBLOC,73.37,73.37
MBAPL,59.54,59.54
CUPID,17.50,17.50
LTTS,37.69,37.69
GNA,14.06,14.06
CROWN,9.64,30.65
ICICIPRULI,82.04,82.04
MARATHON,13.94,13.94
HPL,34.92,34.92
JAIPURKURT,13.08,13.08
SAKAR,36.02,35.89
ARTNIRMAN,75.82,75.82
ENDURANCE,33.70,33.70
GICL,81.20,81.20
MAZDA,16.29,16.29
PNBHOUSING,11.64,11.64
VBL,68.32,68.32
KINGFA,23.71,23.71
AGROPHOS,832.45,832.45
PODDARMENT,11.74,11.74
ROLLT,,
NBIFIN,80.52,80.52
KIOCL,,
JETFREIGHT,8.71,8.72
SFL,53.27,90.78
HEADSUP,,
TCIEXP,24.93,24.93
LAURUSLABS,161.66,161.66
TERASOFT,30.44,30.34
ITDC,69.40,69.33
HISARMETAL,26.54,26.54
RHFL,8.44,
LIBAS,5.21,5.21
SPCENET,42.57,42.57
CAPTRUST,95.64,95.64
MAHESHWARI,12.39,12.39
BHANDARI,17.20,17.20
BSE,66.50,66.50
MCL,16.64,16.64
PRICOLLTD,29.95,29.95
STEELCITY,8.60,8.60
JITFINFRA,25.23,44.83
KRISHANA,23.94,23.94
GLOBAL,8.81,8.81
NITIRAJ,27.26,27.26
SANGINITA,281.09,281.09
AKASH,26.57,26.57
RADIOCITY,45.47,45.47
DMART,91.73,91.73
TASTYBITE,96.43,96.43
INTENTECH,13.47,13.47
AIRAN,12.40,12.40
AKSHARCHEM,,
ARIHANTSUP,23.10,23.10
LAXMICOT,203.21,243.00
CLEDUCATE,56.08,51.67
EIFFL,152.50,152.50
NRAIL,9.71,9.71
SHANKARA,16.93,16.93
NACLIND,,
APCL,,
CREATIVE,15.53,15.53
WIPL,83.12,83.12
FOCUS,18.56,18.56
DEVIT,14.36,14.36
SIKKO,29.99,29.99
MKPL,18.95,18.95
DOLLAR,22.25,22.40
PANACHE,114.27,49.21
INFOBEAN,20.77,20.77
SCHAND,13.00,13.00
ZOTA,,
BHAGYANGR,19.53,19.53
PSPPROJECT,36.82,36.82
STARCEMENT,66.04,66.04
GLOBE,10.48,11.42
TEJASNET,17.82,17.82
ERIS,49.92,49.92
CDSL,42.43,42.43
GTPL,23.05,23.05
AUBANK,19.02,18.43
ACEINTEG,37.90,37.90
SHRENIK,,
DYNPRO,20.61,20.61
STEELXIND,22.36,22.36
SALASAR,28.35,28.35
UNIVASTU,0.00,0.00
AVADHSUGAR,11.76,11.76
PALASHSECU,,
MAGADSUGAR,9.20,9.20
GANGESSECU,25.13,25.13
THEINVEST,22.23,22.23
SHANTI,,
TOTAL,47.58,47.58
GTECJAINX,,
OPTIEMUS,61.54,61.54
WEWIN,25.84,25.84
SIS,21.22,21.22
COCHINSHIP,44.15,44.15
SMSLIFE,14.84,14.84
VAISHALI,307.80,307.80
LEXUS,,
GEEKAYWIRE,10.31,10.31
SERVOTECH,96.45,96.45
ABCAPITAL,12.61,12.61
APEX,482.36,482.36
PASHUPATI,182.25,182.25
BRNL,2.51,2.51
DIXON,95.38,120.59
DCAL,,
LASA,,
MATRIMONY,23.17,23.17
CHOLAHLDNG,6.92,6.92
CAPACITE,15.15,15.15
ICICIGI,69.80,69.80
WORTH,12.75,12.75
MPTODAY,5.05,5.07
SBILIFE,60.59,60.59
RMDRIP,124.95,124.95
DPWIRES,11.27,11.27
AARVI,15.35,15.35
DIAMONDYD,,171.57
TIRUPATI,68.46,68.46
AIROLAM,79.51,79.51
RKEC,6.97,6.97
GATECHDVR,3.54,3.54
GOLDSTAR,71.19,71.19
JASH,41.29,41.26
CMMIPL,,
BETA,42.44,42.44
OMFURN,23.97,23.97
GODREJAGRO,41.99,41.99
TCPLPACK,31.05,31.05
MILTON,88.13,88.13
MASFIN,14.79,14.79
IEX,36.75,36.75
DPABHUSHAN,29.38,29.38
GICRE,9.41,9.41
TIINDIA,47.71,47.50
NAM-INDIA,25.91,25.91
MAHLOG,,
NIACL,24.02,24.02
IFGLEXPOR,26.64,26.64
KHADIM,100.60,100.60
5PAISA,15.66,15.66
HDFCLIFE,78.93,78.93
PULZ,9.66,9.66
SILVERTUC,43.18,43.18
ZODIAC,35.64,35.64
FELIX,33.39,33.39
ICEMAKE,55.46,55.46
DNAMEDIA,0.44,
SHRADHA,12.43,12.43
SHALBY,72.00,72.00
FSC,,
TOUCHWOOD,16.89,16.89
ONEPOINT,39.62,39.62
SMVD,0.79,
SHIVATEX,21.64,21.64
ASTRON,,
AJOONI,39.77,39.77
MOKSH,13.33,13.33
BCONCEPTS,59.86,59.86
SILLYMONKS,39.02,39.02
APOLLO,65.29,65.29
NEWGEN,42.44,42.44
AMBER,89.25,89.25
PRAXIS,,
SOLEX,34.53,34.53
SRPL,,
GALAXYSURF,24.42,24.42
SINTERCOM,345.90,345.90
MHHL,10.08,10.08
SOUTHWEST,32.68,34.43
SHIVAMILLS,,
ARVEE,71.82,71.82
ASTERDM,70.41,66.73
BANKA,,
GMMPFAUDLR,41.57,41.57
HGINFRA,12.38,12.38
HINDCON,31.91,31.91
SARVESHWAR,29.38,29.38
UNIINFO,,
MACPOWER,24.06,24.06
TARACHAND,19.97,19.97
BDL,73.02,73.02
MDL,42.96,41.77
SUNDARMHLD,26.08,26.08
BANDHANBNK,9.13,9.13
HAL,27.64,27.66
URAVIDEF,253.76,253.76
MITTAL,31.85,39.10
SANDHAR,16.40,17.22
ISEC,13.56,13.56
KAPSTON,28.71,28.71
CENTRUM,,
MIDHANI,49.02,49.02
CONTI,16.85,
LEMONTREE,48.74,48.74
AVG,8.29,12.36
MMP,18.57,18.57
NARMADA,17.04,17.04
PIGL,19.59,19.59
CHEMFAB,141.41,141.41
BSHSL,52.52,52.52
MAHICKRA,44.45,44.45
AAKASH,16.14,16.14
ORIENTELEC,70.00,70.00
E2E,102.62,102.62
INDOSTAR,40.69,40.69
BORORENEW,,
SIRCA,27.69,27.69
SUULD,,
SVLL,392.38,392.38
DIL,6.78,6.97
SONAMLTD,28.33,28.33
ADANIGREEN,93.27,80.13
OSWALSEEDS,,
PRITI,21.76,21.76
ACCURACY,9.41,9.41
SOLARA,,
GAYAHWS,,1.33
FINEORG,26.90,26.87
RITES,24.76,24.81
VARROC,67.22,32.88
GANGAFORGE,92.00,93.51
REPL,21.00,21.00
AMBANIORGO,,
HBSL,,
AVROIND,51.72,51.72
HDFCAMC,34.64,34.64
UCL,,
CREDITACC,16.93,16.93
AARON,46.64,46.64
SIGIND,10.48,10.48
DANGEE,,
SUMIT,37.42,37.42
LAGNAM,14.97,14.97
RPPL,12.02,12.02
AKG,52.79,52.79
IRCON,19.35,19.35
AHLADA,8.55,8.55
SPECTRUM,113.49,113.49
RAJMET,,
AAVAS,26.22,26.22
KSHITIJPOL,,13.24
GRSE,39.69,39.69
SILGO,19.43,19.43
BBTCL,,
MARINE,62.41,62.63
IRISDOREME,35.35,35.35
ATGL,102.30,102.30
TECHNOE,33.72,33.72
SHUBHLAXMI,14.53,14.53
DRSDILIP,42.30,42.30
UNIPARTS,15.14,15.14
SHRIRAMPPS,17.75,17.75
TREJHARA,19.43,750.32
NILASPACES,37.57,37.57
AWHCL,16.63,16.63
DALBHARAT,55.44,47.19
RPSGVENT,44.25,8.26
SPENCERS,,
SURANI,58.01,58.01
XELPMOC,,
CHALET,166.30,166.30
MSTCLTD,8.00,16.02
OSIAHYPER,13.64,13.64
MINDPOOL,150.73,150.73
ANUP,48.88,48.88
ARVINDFASN,33.18,33.18
PAR,7.51,7.51
KHFM,40.85,40.85
RVNL,57.19,57.19
POLYCAB,41.92,41.92
METROPOLIS,54.29,54.29
KPITTECH,44.09,44.09
SWSOLAR,166.13,166.13
NEOGEN,89.71,89.71
VIKASLIFE,,
EMAMIPAP,10.96,10.96
VCL,,
CONFIPET,21.54,21.77
PPL,10.16,10.16
INDIAMART,23.53,23.53
ATMASTCO,34.66,34.66
OAL,22.78,22.78
SEYAIND,,
DCMNVL,56.13,164.22
SATIA,5.82,5.82
WEL,164.71,164.71
AFFLE,55.23,55.23
CHEMCON,27.75,27.75
SPANDANA,,
WESTLIFE,967.41,967.41
DOLATALGO,5.29,5.29
HNDFDS,61.39,61.39
UJJIVANSFB,6.95,6.95
MAZDOCK,36.68,36.68
IRCTC,45.51,45.79
SECL,110.25,110.25
SAFARI,67.68,67.68
DCI,22.63,22.63
360ONE,35.65,33.55
IIFLCAPS,8.33,8.33
HPIL,100.00,100.00
SAMHI,63.85,68.66
VISHWARAJ,,
FLUOROCHEM,92.38,92.38
GREENPANEL,38.37,38.37
KUANTUM,7.16,7.16
RBA,,
APOLLOPIPE,46.75,46.75
CHEMBOND,18.19,18.73
MGEL,16.05,14.62
ROUTE,16.20,16.49
SBICARD,39.06,39.06
HOMEFIRST,24.78,24.78
SIGMA,14.39,14.39
CSBBANK,8.98,8.98
EQUITASBNK,21.17,21.17
EASEMYTRIP,57.20,30.95
ROSSARI,24.95,24.95
HINDWAREAP,,
PRINCEPIPE,37.18,37.18
ESAFSFB,,
LIKHITHA,14.24,14.24
PARKHOTELS,40.55,40.55
ARTEMISMED,44.26,44.26
PATANJALI,54.89,54.89
SUMICHEM,47.25,47.25
LGHL,82.05,82.11
ATALREAL,33.35,33.35
ASALCBR,34.78,34.78
MAHEPC,130.98,127.34
UNIVPHOTO,6.75,6.75
ALOKINDS,,
BARBEQUE,,
BAFNAPH,44.86,41.42
SUVENPHAR,103.30,103.30
POWERINDIA,169.82,169.82
STOVEKRAFT,64.06,64.06
BHARTIHEXA,52.93,62.86
KSOLVES,21.43,21.43
RAJRATAN,23.39,23.39
HAPPSTMNDS,43.97,45.86
AARTISURF,38.84,76.25
GLAND,36.94,36.94
BOROLTD,57.18,57.18
NDRAUTO,43.19,43.19
MAXHEALTH,98.04,93.23
PAVNAIND,43.45,43.45
AAATECH,32.58,32.58
KALYANKJIL,67.48,67.48
MAXIND,,
BTML,28.67,28.66
SHAREINDIA,8.87,8.87
UNIDT,31.80,31.80
SIGACHI,17.79,17.79
ANGELONE,14.12,14.12
ADL,178.59,178.59
NIRAJ,18.43,17.34
VALIANTORG,,
CAMS,39.14,39.14
SURYODAY,5.20,5.20
ROML,44.19,44.19
UTIAMC,13.70,13.70
RAILTEL,34.26,32.38
HEMIPROP,,
BECTORFOOD,63.42,63.42
KHAICHEM,,
ORCHPHARMA,38.37,38.37
SUBEXLTD,,
NURECA,,
INDIGOPNTS,34.22,34.22
HERANBA,19.78,19.78
LXCHEM,35.72,35.72
TARC,,
RVHL,,
MTARTECH,87.23,87.23
FAIRCHEMOR,37.71,37.71
ANURAS,63.11,63.11
KANPRPLA,22.67,22.67
ISGEC,28.57,28.57
STYLAMIND,21.22,21.08
PAKKA,19.06,19.06
CLSEL,15.32,15.32
PARTYCRUS,14.06,14.06
CARYSIL,30.82,30.82
SHAILY,98.83,98.83
MODISONLTD,19.83,20.12
FIBERWEB,8.44,8.44
BCLIND,11.03,11.03
BHAGCHEM,169.90,169.90
SBCL,32.29,32.29
AADHARHFC,21.25,21.25
SMCGLOBAL,5.37,5.37
QMSMEDI,15.14,15.14
NPST,101.12,101.12
SVPGLOB,,
ARIHANTCAP,10.91,11.34
SIDDHIKA,14.37,14.37
NAZARA,109.84,108.65
IPL,23.62,23.62
GENCON,13.14,13.14
LODHA,44.15,44.15
HLEGLAS,33.69,33.69
VMARCIND,18.49,18.49
SONACOMS,52.57,51.46
UTKARSHBNK,13.36,13.36
DRCSYSTEMS,19.26,19.26
PARAS,72.49,72.49
CRAFTSMAN,57.57,55.54
DODLA,27.40,27.40
EXXARO,,
JUBLINGREA,53.05,53.03
ROLEXRINGS,25.18,20.93
WALPAR,16.21,16.21
ORTINGLOBE,,
SHYAMMETL,25.96,25.96
KIMS,61.11,61.11
SUVIDHAA,,
MAKS,95.41,40.50
JSFB,6.21,6.21
TATVA,108.52,108.52
CLEAN,50.07,50.07
AILIMITED,42.84,42.84
ALIVUS,29.57,29.57
ABSLAMC,18.85,18.85
DEEPINDS,18.45,18.50
ZOMATO,317.59,317.59
CHEMPLASTS,,
BEWLTD,12.44,12.44
PIXTRANS,19.75,19.75
MEDIASSIST,31.53,31.53
WINDLAS,30.64,30.64
CARTRADE,65.77,65.77
KRSNAA,32.21,32.21
EQUIPPP,,
DEVYANI,,1394.80
APTUS,21.35,21.35
SUPRIYA,29.44,29.44
ANMOL,9.65,9.65
BMETRICS,13.67,13.67
ABCOTS,54.47,54.47
VIJAYA,78.14,78.14
AMIORG,74.93,74.77
IWEL,36.47,34.80
VINEETLAB,,
MOL,,
SANSERA,36.06,36.06
BAJAJHCARE,,48.86
PRITIKAUTO,12.75,12.75
AAREYDRUGS,16.67,16.67
GRINFRA,7.81,9.86
INTLCONV,5.11,5.11
DUGLOBAL,73.22,73.22
PAYTM,,
REXPIPES,14.47,14.42
STEELCAS,31.11,31.11
HPAL,23.61,23.61
UGROCAP,11.25,11.25
STARHEALTH,26.45,26.45
KPIGREEN,28.55,28.32
YUKEN,42.09,42.09
SGIL,37.57,37.57
ANANDRATHI,49.85,49.85
SJS,23.82,23.82
FINOPB,20.24,20.24
POLICYBZR,275.16,321.17
NYKAA,741.86,741.86
AWL,28.26,28.26
MONARCH,15.70,15.69
SAPPHIRE,595.27,347.85
QUADPRO,15.26,15.26
PRUDENT,47.76,47.76
EPIGRAL,22.71,22.71
NUVOCO,,
GOCOLORS,42.32,42.32
NGIL,,
TRACXN,,
CMSINFO,19.77,19.77
FUSION,,
COASTCORP,,
TARSONS,51.23,51.23
MEDPLUS,62.75,62.75
TEGA,49.23,49.23
RATEGAIN,25.68,25.68
MANORG,35.22,35.22
LATENTVIEW,44.28,44.28
METROBRAND,69.38,69.38
PVSL,29.85,29.85
MICEL,25.90,25.90
PASUPTAC,12.91,12.91
FOODSIN,23.91,23.91
PARADEEP,17.78,17.78
MAPMYINDIA,62.77,62.77
ABMINTLLTD,273.29,273.29
3IINFOLTD,,
TMB,5.72,5.72
KRITI,155.62,155.62
DYNAMIC,13.61,13.64
DESTINY,35.02,35.02
MANYAVAR,45.70,45.70
GANESHBE,12.88,12.88
GVPTECH,60.41,60.41
DMCC,32.87,32.87
KOTYARK,13.49,13.49
MEDICAMEQ,76.81,76.81
FOCE,43.36,43.36
EMIL,26.43,26.43
SHIVALIK,46.02,46.02
PRECISION,9.50,9.50
UMAEXPORTS,16.59,16.30
DATAPATTNS,51.66,51.66
JSLL,49.64,49.64
MEDANTA,65.40,65.40
MALLCOM,18.00,18.00
NIDAN,,8.87
ASIANENE,35.95,34.11
DIGJAMLMTD,,
SMLT,30.97,30.97
NRL,27.37,27.37
RADIANTCMS,12.19,12.19
GPTHEALTH,22.72,22.72
CHOICEIN,65.39,65.39
EUROBOND,24.68,24.68
SELMC,,
HARIOMPIPE,17.49,17.49
GRWRHITECH,31.22,31.22
CAPITALSFB,9.32,9.32
DELHIVERY,759.98,422.68
DCMSRIND,11.18,11.18
VERANDA,,
RAJRILTD,,
EMUDHRA,80.83,80.83
DYCL,25.13,25.13
FIVESTAR,19.20,19.20
STARTECK,23.27,23.27
VIRINCHI,33.88,33.88
SBC,34.66,34.66
DHRUV,27.37,27.37
ELDEHSG,24.31,24.31
RICHA,15.59,15.59
ELIN,36.40,36.40
SHIGAN,19.08,19.08
TIMESCAN,7.28,7.28
MADHAVBAUG,22.99,22.99
SEJALLTD,49.91,49.91
MHLXMIRU,14.34,14.34
LOYALTEX,,
RELCHEMQ,45.56,45.56
GATEWAY,4.88,12.67
SYRMA,49.84,49.28
ZIMLAB,25.61,25.61
UDAICEMENT,,
JTLIND,27.23,27.23
CAMPUS,64.44,64.44
RAINBOW,55.25,55.25
TBOTEK,62.45,63.42
VENUSPIPES,28.07,28.07
AETHER,105.46,62.10
ROTO,40.07,40.07
SPRL,12.63,12.63
MEGASTAR,70.70,70.70
GSTL,22.29,22.29
INDOBORAX,12.78,12.78
LANDMARK,63.92,
RACE,75.91,75.91
AVONMORE,19.39,19.39
ETHOSLTD,66.40,66.40
DREAMFOLKS,17.31,17.31
AGSTRA,,
SONUINFRA,14.95,14.95
MSUMI,36.05,36.05
KNAGRI,16.31,16.31
LEMERITE,209.43,209.43
DHARMAJ,20.11,20.11
HARSHA,27.08,27.08
KRISHIVAL,40.58,40.58
OBCL,103.43,103.43
GMRP&UI,4.14,
KCK,157.10,157.10
LICI,11.12,11.12
INDOAMIN,16.65,16.65
KRISHNADEF,43.27,43.27
PROPEQUITY,17.66,17.66
TVSSCS,,
SWARAJ,13.55,13.55
INOXGREEN,130.47,130.47
FEDFINA,14.57,14.57
ACI,41.40,35.23
BIKAJI,62.84,62.84
RITCO,17.79,17.79
SADHNANIQ,162.06,162.06
SURAJEST,13.36,13.36
VEEKAYEM,25.32,25.32
SKP,342.50,342.50
RILINFRA,18.41,18.41
HARDWYN,45.64,45.64
CHEVIOT,9.54,9.54
MUKKA,16.22,16.22
HMAAGRO,20.06,20.06
MWL,15.82,15.82
MEDICO,47.72,47.72
CMRSL,8.80,7.11
KFINTECH,49.80,49.80
YATHARTH,29.02,29.02
DCXINDIA,49.59,49.59
YATRA,41.92,41.92
AKSHAR,,
KAYNES,111.34,111.34
SABAR,3.38,3.38
SWASTIK,29.94,29.94
AXITA,45.89,48.95
PLAZACABLE,137.64,137.64
SENCO,31.65,31.65
USASEEDS,14.25,14.25
TRU,10.84,10.84
RADHIKAJWE,17.05,17.05
TIPSFILMS,,
SPLPETRO,27.14,27.14
RAMRAT,30.45,30.45
VIVIANA,49.66,49.66
CSLFINANCE,7.67,7.67
AGNI,92.48,92.48
KORE,31.94,31.85
GOYALALUM,60.47,60.47
RUSTOMJEE,41.41,41.41
GENSOL,11.88,11.87
DBOL,44.26,37.24
KANDARP,66.17,66.17
GSLSU,,
SPORTKING,10.38,10.38
ALLETEC,30.70,30.70
AIIL,6.32,6.32
MANORAMA,72.18,72.18
ISHAN,28.07,26.38
ARABIAN,9.21,9.21
INNOVACAP,37.97,37.97
GRMOVER,26.28,26.28
SYNCOMF,37.58,37.58
BAHETI,42.19,42.19
SULA,32.79,32.79
SIGNATURE,187.59,187.59
ANNAPURNA,31.49,31.49
KRITINUT,10.79,10.79
MEGAFLEX,30.71,30.71
KALAMANDIR,20.22,20.22
VITAL,,
RAMAPHO,27.59,27.59
PPLPHARMA,,
TAPIFRUIT,,
AVALON,100.42,100.42
RITEZONE,6.45,6.45
CONCORDBIO,52.63,52.63
GODIGIT,77.79,77.79
GRCL,121.51,121.51
BAIDFIN,10.42,10.42
LLOYDS,,
PHANTOMFX,11.83,11.83
QUICKTOUCH,7.00,7.00
DOLLEX,21.10,21.10
BLUEJET,68.65,68.65
MVGJL,10.99,10.99
JIWANRAM,9.26,9.26
SCPL,16.56,16.56
SUKHJITS,12.26,12.26
ARHAM,23.85,23.85
FROG,23.05,23.05
MANKIND,43.17,43.17
SKYGOLD,45.52,45.52
BLAL,,
ARIHANTACA,31.76,31.76
SATINDLTD,11.90,11.89
DIVGIITTS,49.28,49.28
PRITIKA,72.59,72.59
USK,17.92,17.92
ANLON,31.74,31.74
MOTISONS,38.56,38.92
VELS,,
VERTEXPLUS,,
CMNL,32.36,31.78
SRIVASAVI,12.82,12.82
DIACABS,115.53,122.08
IKIO,38.48,38.48
MANOMAY,16.51,16.51
FAZE3Q,26.77,26.77
UMA,23.64,23.64
NSLNISP,,
RBMINFRA,14.10,14.10
LLOYDSME,41.04,41.04
AARTIPHARM,27.44,27.44
RHL,43.23,43.23
SAHYADRI,13.13,13.13
SAHANA,34.34,34.34
NINSYS,37.92,37.92
DUCOL,30.99,30.99
HOMESFY,15.58,15.23
SBFC,28.12,28.12
SBGLP,52.24,52.24
ASMS,162.52,186.99
HYBRIDFIN,10.33,9.67
SHERA,32.30,32.30
VIAZ,30.37,30.37
LRRPL,69.61,69.61
INDGN,33.07,33.26
ZAGGLE,59.33,59.33
GANDHAR,15.98,15.98
AGARWALFT,24.56,24.56
MCON,37.80,37.80
HONASA,88.24,88.24
RISHABH,45.23,45.23
IRMENERGY,19.02,19.02
SAH,306.66,306.66
DENEERS,19.02,19.02
JGCHEM,19.13,19.13
QFIL,15.09,15.09
CYIENTDLM,53.43,53.43
NIRMAN,13.03,13.03
AKI,30.57,42.34
MASTER,33.56,33.56
YCCL,93.33,93.33
RPTECH,9.04,9.45
LORDSCHLO,93.45,93.45
SYSTANGO,16.42,16.42
RATNAVEER,17.56,17.56
PATTECH,26.70,26.70
MOS,54.31,54.31
SECMARK,43.22,43.22
AUROIMPEX,11.00,11.00
SOTAC,31.39,30.75
SPECTSTM,23.23,23.23
ATAM,13.47,13.47
IDEAFORGE,,
CRAYONS,7.90,7.90
SHRITECH,12.15,12.15
INFOLLION,39.22,39.22
URBAN,13.38,13.38
INFINIUM,34.10,34.10
AARTECH,36.21,36.21
POCL,26.79,26.79
KRISHCA,21.79,21.79
ESFL,112.70,112.70
AATMAJ,,
TATATECH,40.77,40.77
REMUS,29.96,29.96
NOVAAGRI,14.85,14.85
REDTAPE,51.18,51.18
ASHOKAMET,4.11,4.11
SICALLOG,,
YUDIZ,,
PENTAGON,17.20,17.20
CELLPOINT,139.51,139.51
SEL,40.76,40.76
TRIDHYA,8.08,8.08
ACL,,
GREENCHEF,25.14,25.14
PROV,43.14,43.14
PTCIL,368.09,365.56
NETWEB,84.28,84.28
PYRAMID,18.96,18.96
VILINBIO,,
MAGSON,35.96,35.96
AEROFLEX,43.07,43.07
EMSLIMITED,18.21,18.21
EFACTOR,13.28,13.28
GHCLTEXTIL,14.21,14.21
MONOPHARMA,15.06,15.06
VPRPL,17.91,17.91
UDS,17.31,17.31
DENTALKART,58.46,58.46
SYNOPTICS,12.95,12.95
CLSL,30.29,30.29
SSFL,31.29,31.29
KIRLPNU,38.99,37.80
DHTL,,
ATL,17.48,16.55
BALUFORGE,29.97,29.97
RRKABEL,38.79,38.80
COMMITTED,51.69,51.69
JSWINFRA,42.34,42.34
JLHL,51.94,52.39
SCILAL,48.18,48.18
SAHAJ,11.02,11.02
NUVAMA,21.71,21.71
GLOBALPET,74.57,74.57
YASHO,113.91,113.91
SERVICE,34.61,34.61
KEL,32.52,32.52
PRAMARA,25.05,25.05
NIITMTS,24.74,23.93
VINSYS,19.09,19.09
VALIANTLAB,,
ZEAL,10.41,10.41
ARVINDPORT,13.31,13.31
MARINETRAN,43.31,43.31
SINDHUTRAD,31.37,31.36
UNIHEALTH,19.41,19.41
ORIANA,22.60,22.60
ASKAUTOLTD,35.53,35.53
CHAVDA,14.57,14.57
ONDOOR,10.70,10.63
BAWEJA,13.85,13.85
TRANSTEEL,17.46,17.39
SANDUMA,15.94,15.94
VLEGOV,,289.01
PLADAINFO,6.05,6.05
OLIL,35.63,35.63
SUNREST,,
RBZJEWEL,16.26,16.26
KODYTECH,66.75,66.75
KARNIKA,51.54,51.54
AKANKSHA,198.28,198.28
SCML,14.85,14.85
SAAKSHI,26.90,26.90
MUFIN,59.83,58.34
MAL,12.36,12.36
HIGREEN,48.82,48.82
PLATIND,26.92,26.92
MUFTI,14.17,14.17
FLAIR,17.51,17.51
CELLECOR,51.35,51.35
MUTHOOTMF,7.08,7.08
SRGHFL,17.22,17.22
INDIFRA,37.15,37.15
JIOFIN,120.95,120.95
CPS,,
MADHUSUDAN,19.07,19.07
NEWJAISA,24.84,24.84
GOYALSALT,16.11,16.11
TICL,,
WOMANCART,38.25,38.25
RCDL,26.83,26.83
BLSE,26.24,26.24
HOLMARC,40.94,40.94
SHANTHALA,26.23,26.23
TREL,4.27,27.76
MARCO,22.63,22.63
DIAMINESQ,87.07,87.07
VISHNUINFR,17.25,17.25
KONTOR,28.10,28.10
RKSWAMY,33.61,33.61
MICROPRO,9.09,9.09
INSPIRE,,
EPACK,69.13,69.13
HAPPYFORGE,27.24,27.24
IBLFL,53.69,53.69
INDIASHLTR,25.03,25.03
CELLO,32.86,32.86
CANARYS,14.74,14.74
DIGIDRIVE,16.58,16.58
DOMS,82.90,82.90
MAITREYA,36.08,36.08
GLOSTERLTD,,
LANCORHOL,22.62,22.62
AMNPLST,28.78,28.78
SARTELE,33.91,33.91
VINYAS,141.08,141.08
SAIFL,7.51,7.51
JNKINDIA,48.83,48.83
INOXINDIA,43.82,45.02
GRAPHISAD,12.48,12.09
SHEETAL,38.21,38.21
ROXHITECH,5.13,5.13
JYOTICNC,77.89,76.15
BAJEL,106.75,87.17
EFORCE,,
DEEM,7.91,7.91
APS,45.43,45.43
ENTERO,51.61,51.61
TECHLABS,87.98,87.98
SIGNPOST,23.01,23.01
ROCKINGDCE,28.68,28.68
BABAFP,13.93,13.93
SUNCLAY,,
SHREEOSFM,12.75,12.75
PRESSTONIC,,
HRHNEXT,30.78,30.92
EXICOM,,
MEGATHERM,23.74,23.74
OWAIS,24.88,24.88
VR,62.21,61.74
KLL,13.48,13.48
ZENITHDRUG,10.07,10.19
SJLOGISTIC,20.47,20.47
PURVFLEXI,20.25,20.25
KTL,2.87,2.87
SRM,19.32,19.32
AZAD,109.47,109.47
KONSTELEC,10.29,10.29
JUNIPER,97.29,97.29
KRYSTAL,9.79,9.79
VSTL,20.15,20.15
FONEBOX,28.38,28.38
ITALIANE,16.77,16.77
SUPREMEPWR,17.02,17.02
KCEIL,22.17,22.17
MAXESTATES,731.42,731.48
CGRAPHICS,27.16,27.16
ACCENTMIC,12.89,12.89
LAWSIKHO,25.95,25.95
SADHAV,13.53,13.53
MANDEEP,,
WTICAB,14.42,14.42
GOPAL,38.78,38.78
DAVANGERE,27.85,27.85
MAXPOSURE,27.57,27.57
ALPEXSOLAR,30.01,32.90
VHLTD,19.16,19.35
SONAMAC,12.64,12.64
BIRDYS,,
SIGNORIA,10.19,10.19
TCL,13.14,13.14
DELAPLEX,11.14,11.14
RULKA,12.80,12.80
NAMAN,11.18,11.17
SINCLAIR,27.97,27.97
BLUEPEBBLE,17.14,17.14
DCG,26.13,26.13
AWFIS,70.89,124.24
K2INFRA,8.29,8.29
RADIOWALLA,1.33,1.20
RBS,16.59,16.59
ESCONET,46.59,46.59
MVKAGRO,8.83,8.83
ENFUSE,93.43,93.43
FILATFASH,45.47,45.47
AVPINFRA,16.02,16.02
SILKFLEX,13.77,13.77
VISHWAS,20.15,20.15
TGL,20.58,20.58
TAC,107.73,107.73
EMMIL,16.51,16.70
YASHOPTICS,20.04,20.04
ALUWIND,22.82,22.85
REFRACTORY,27.99,27.99
PRLIND,14.40,14.62
IEML,17.67,17.67
ABSMARINE,31.83,31.83
WINSOL,41.46,41.46
HOACFOODS,90.90,90.90
SLONE,18.30,18.30
QUESTLAB,14.23,14.23
