SERIES,SYMBOL,SECURITY,RECORD_DT,BC_STRT_DT,BC_END_DT,EX_DT,ND_STRT_DT,ND_END_DT,PURPOSE
19,IBULHSG,Indiabulls 9.75% 2027,19/03/2025, , ,19/03/2025, , ,INTEREST PAYMENT         
BE,PRAXIS,Praxis Home Retail Ltd,20/03/2025, , ,20/03/2025, , ,RIGHTS 11:30 @PRM RS 5   
BE,CASTROLIND,Castrol India Limited,18/03/2025, , ,18/03/2025, , ,DIV/SPDV RS 5 & 4.50     
BE,ISEC,ICICI Securities Limited,24/03/2025, , , , , ,SUSPENSION DUE TO SCHEME 
BE,DICIND,DIC India Limited,18/03/2025, , ,18/03/2025, , ,DIV - RS 4 PER SH        
BE,PFC,Power Finance Corporation,19/03/2025, , ,19/03/2025, , ,INTDIV - RS 3.50 PER SH  
BE,ANGELONE,Angel One Limited,20/03/2025, , ,20/03/2025, , ,INTDIV - RS 11 PER SH    
BE,GALAXYSURF,Galaxy Surfactants Ltd,20/03/2025, , ,20/03/2025, , ,INTDIV - RS 18 PER SH    
BE,GREENLAM,Greenlam Industries Ltd.,21/03/2025, , ,21/03/2025, , ,BONUS 1:1                
D1,CHOLAFIN,Cholamandalam In & Fin Co,24/03/2025, , ,24/03/2025, , ,INTEREST PAYMENT         
EQ,CASTROLIND,Castrol India Limited,18/03/2025, , ,18/03/2025, , ,DIV/SPDV RS 5 & 4.50     
EQ,ANGELONE,Angel One Limited,20/03/2025, , ,20/03/2025, , ,INTDIV - RS 11 PER SH    
EQ,ISEC,ICICI Securities Limited,24/03/2025, , , , , ,SUSPENSION DUE TO SCHEME 
EQ,DICIND,DIC India Limited,18/03/2025, , ,18/03/2025, , ,DIV - RS 4 PER SH        
EQ,GREENLAM,Greenlam Industries Ltd.,21/03/2025, , ,21/03/2025, , ,BONUS 1:1                
EQ,PRAXIS,Praxis Home Retail Ltd,20/03/2025, , ,20/03/2025, , ,RIGHTS 11:30 @PRM RS 5   
EQ,PFC,Power Finance Corporation,19/03/2025, , ,19/03/2025, , ,INTDIV - RS 3.50 PER SH  
EQ,GALAXYSURF,Galaxy Surfactants Ltd,20/03/2025, , ,20/03/2025, , ,INTDIV - RS 18 PER SH    
GS,788GS2030,GOI LOAN 7.88% 2030,18/03/2025, , ,18/03/2025, , ,INTEREST PAYMENT         
GS,GS200325C,GOI STRIPS C 200325,18/03/2025, , , , , ,REDEMPTION               
GS,759GS2029,GOI LOAN 7.59% 2029,19/03/2025, , ,19/03/2025, , ,INTEREST PAYMENT         
IV,NHIT,National Highw Infra Trus,18/03/2025, , ,18/03/2025, , ,DISTRIBUTION - RS 1.652  
N1,CANFINHOME,Can Fin 8.18% 2029,18/03/2025, , ,18/03/2025, , ,INTEREST PAYMENT         
N5,NIDO,Sec Red NCD 9.57% Sr. V,18/03/2025, , ,18/03/2025, , ,INTEREST PAYMENT         
N5,ERFLNCDI,Sec Red NCD 8.88% Sr. V,18/03/2025, , ,18/03/2025, , ,INTEREST PAYMENT         
N7,IIFLSAMFIN,IIFL Samasta 10.77% 2030,18/03/2025, , ,18/03/2025, , ,INTEREST PAYMENT         
N7,NHAI,Tax Free7.14% Sr. IA,18/03/2025, , ,18/03/2025, , ,INTEREST PAYMENT         
N8,NHAI,Tax Free  7.39% Sr. IB,18/03/2025, , ,18/03/2025, , ,INTEREST PAYMENT         
N9,NHAI,Tax Free  7.35% Sr. IIA,18/03/2025, , ,18/03/2025, , ,INTEREST PAYMENT         
NA,NHAI,Tax Free  7.60% Sr. IIB,18/03/2025, , ,18/03/2025, , ,INTEREST PAYMENT         
NJ,ECLFINANCE,Sec Red NCD 9.43% Sr. VI,18/03/2025, , ,18/03/2025, , ,INTEREST PAYMENT         
NR,ECLFINANCE,ECL Finance Limited,18/03/2025, , ,18/03/2025, , ,INTEREST PAYMENT         
S1,CHOLAFIN,Cholamandalam In & Fin Co,24/03/2025, , ,24/03/2025, , ,INTEREST PAYMENT         
SG,588GJ25,SDL GJ 5.88% 2025,27/03/2025, , , , , ,REDEMPTION               
SG,695PN25,SDL PN 6.95% 2025,27/03/2025, , , , , ,REDEMPTION               
SG,688TS25,SDL TS 6.88% 2025,27/03/2025, , , , , ,REDEMPTION               
SM,MAHICKRA,Mahickra Chemical Limited,18/03/2025, , ,18/03/2025, , ,INTDIV - RS 0.20 PER SH  
SQ,MAHICKRA,Mahickra Chemical Limited,18/03/2025, , ,18/03/2025, , ,INTDIV - RS 0.20 PER SH  
ST,MAHICKRA,Mahickra Chemical Limited,18/03/2025, , ,18/03/2025, , ,INTDIV - RS 0.20 PER SH  
U1,CANFINHOME,Can Fin 8.18% 2029,18/03/2025, , ,18/03/2025, , ,INTEREST PAYMENT         
U5,NIDO,Sec Red NCD 9.57% Sr. V,18/03/2025, , ,18/03/2025, , ,INTEREST PAYMENT         
U5,ERFLNCDI,Sec Red NCD 8.88% Sr. V,18/03/2025, , ,18/03/2025, , ,INTEREST PAYMENT         
U7,NHAI,Tax Free7.14% Sr. IA,18/03/2025, , ,18/03/2025, , ,INTEREST PAYMENT         
U7,IIFLSAMFIN,IIFL Samasta 10.77% 2030,18/03/2025, , ,18/03/2025, , ,INTEREST PAYMENT         
U8,NHAI,Tax Free  7.39% Sr. IB,18/03/2025, , ,18/03/2025, , ,INTEREST PAYMENT         
U9,NHAI,Tax Free  7.35% Sr. IIA,18/03/2025, , ,18/03/2025, , ,INTEREST PAYMENT         
UA,NHAI,Tax Free  7.60% Sr. IIB,18/03/2025, , ,18/03/2025, , ,INTEREST PAYMENT         
UJ,ECLFINANCE,Sec Red NCD 9.43% Sr. VI,18/03/2025, , ,18/03/2025, , ,INTEREST PAYMENT         
UR,ECLFINANCE,ECL Finance Limited,18/03/2025, , ,18/03/2025, , ,INTEREST PAYMENT         
Z9,IBULHSG,Indiabulls 9.75% 2027,19/03/2025, , ,19/03/2025, , ,INTEREST PAYMENT         

