SYMBOL,SERIES,SECURITY,HIGH/LOW,INDEX FLAG
948SCL26D,AI,SEC RE NCD 9.48% SR.V,H
966SFIL25A,NI,SEC RE NCD 10.05% SR.IV,H
985SFIL28,NO,SEC RE NCD 9.85% SR.VIII,H
AARTISURF,EQ,AARTI SURFACTANTS LIMITED,H
ABSMARINE,ST,ABS MARINE SERVICES LTD,H
AKSHAR,BE,AKSHAR SPINTEX LIMITED,H
ALPEXSOLAR,SM,ALPEX SOLAR LIMITED,H
ANSALAPI,BZ,ANSAL PROP & INFRA LTD,H
ASHAPURMIN,EQ,ASHAPURA MINECHEM LTD,H
ATALREAL,EQ,ATAL REALTECH LIMITED,H
ATMASTCO,SM,ATMASTCO LIMITED,H
AVALON,EQ,AVALON TECHNOLOGIES LTD,H
AVG,BE,AVG LOGISTICS LIMITED,H
AVPINFRA,ST,AVP INFRACON LIMITED,H
AXISCADES,BE,AXISCADES TECH LTD,H
AYMSYNTEX,EQ,AYM SYNTEX LIMITED,H
BALAJITELE,BE,BALAJI TELEFILMS LTD.,H
BANSALWIRE,EQ,BANSAL WIRE INDUSTRIES L,H
BBOX,EQ,BLACK BOX LIMITED,H
BIRDYS,SM,GRILL SPLENDOUR SER LTD,H
BLUECHIP,BE,BLUE CHIP INDIA LIMITED,H
BLUEJET,EQ,BLUE JET HEALTHCARE LTD,H
BTML,BE,BODHI TREE MULTIMEDIA LTD,H
BYKE,BE,THE BYKE HOSPITALITY LTD,H
C2C,ST,C2C ADVANCED SYSTEMS LTD,H
CHAMUNDA,SM,CHAMUNDA ELECTRICAL LTD,H
CMMIPL,SZ,CMM INFRAPROJECTS LIMITED,H
COFFEEDAY,BE,COFFEE DAY ENTERPRISE LTD,H
CONTI,ST,CONTINENTAL SEED CHEM LTD,H
CPS,ST,C P S SHAPERS LIMITED,H
CREATIVEYE,EQ,CREATIVE EYE LIMITED,H
CTE,BE,CAMBRIDGE TECH ENTER LTD,H
DCI,EQ,DC INFOTECH AND COMUN LTD,H
DESTINY,ST,DESTINY LOGISTICS & I LTD,H
DHTL,ST,DOCMODE HEALTH TECH LTD,H
E2E,EQ,E2E NETWORKS LIMITED,H
EFFWA,SM,EFFWA INFRA & RESEARCH L,H
EMAMIREAL,BE,EMAMI REALTY LIMITED,H
EMKAY,BE,EMKAY GLOBAL FIN SERV LTD,H
EMMIL,ST,ENERGY MISSION MACH IND L,H
EPACK,EQ,EPACK DURABLE LIMITED,H
ESFL,SM,ESSEN SPECIALITY FILMS L,H
EXICOM,EQ,EXICOM TELE SYSTEMS LTD,H
FEL,BZ,FUTURE ENTERPRISES LTD,H
FELDVR,BE,FUTURE ENTERPRISES LTD,H
FICRF3GP,MF,FRANTEMAMC - FICRF3GP,H
FILATFASH,BE,FILATEX FASHIONS LIMITED,H
FOCUS,EQ,FOCUS LIGHTG & FIXTRS LTD,H
GATECH,EQ,GACM TECHNOLOGIES LIMITED,H
GAYAHWS,BE,GAYATRI HIGHWAYS LIMITED,H
GAYAPROJ,BZ,GAYATRI PROJECTS LTD,H
GLOBE,EQ,GLOBE TEXTILES (I) LTD.,H
GOENKA,BZ,GOENKA DIAMOND&JEWELS LTD,H
GVPTECH,EQ,GVP INFOTECH LIMITED,H
HBSL,EQ,HB STOCKHOLDINGS LIMITED,H
HERCULES,EQ,HERCULES HOI. LTD.,H
HIRECT,EQ,HIND RECTIFIER LIMITED,H
HOVS,EQ,HOV SERVICES LTD,H
HPAL,EQ,HP ADHESIVES LIMITED,H
HRHNEXT,ST,HRH NEXT SERVICES LIMITED,H
IEML,ST,INDIAN EMULSIFIERS LTD,H
IGIL,EQ,INTERNATIO GEMM INS (I) L,H
IITL,EQ,INDUSTRIAL INV TRUST LTD,H
IL&FSENGG,BZ,IL&FS ENG AND CONS CO LTD,H
INDIANCARD,BE,INDIAN CARD,H
INDOAMIN,EQ,INDO AMINES LIMITED,H
INDOTECH,EQ,INDO TECH TRANSFORM LTD.,H
ITTL,ST,INNOVATIVE TYRE & TUBE LT,H
JAICORPLTD,EQ,JAI CORP LIMITED,H
JHS,BE,JHS SVEND. LAB. LTD,H
JSWHL,EQ,JSW HOLDINGS LIMITED,H
KAYA,EQ,KAYA LIMITED,H
KERNEX,BE,KERNEX MICROSYS(I) LTD,H
KITEX,EQ,KITEX GARMENTS LTD,H
KODYTECH,SM,KODY TECHNOLAB LIMITED,H
KORE,ST,JAY JALARAM TECHNO LTD,H
KRITI,EQ,KRITI INDUSTRIES IND LTD,H
LAKPRE,BZ,LAKSHMI PRE SCRE LTD,H
LOYALTEX,BE,LOYAL TEXTILE MILLS LTD,H
MAHEPC,BE,MAHINDRA EPC IRRIG LTD,H
MAHKTECH,EQ,MIRAEAMC - MAHKTECH,H
MANAV-RE,ST,MANAV INFRA PROJECTS LTD,H
MARINE,BE,MARINE ELECTRICAL (I) LTD,H
MARINETRAN,ST,MARINETRANS INDIA LIMITED,H
MAZDA,BE,MAZDA LIMITED,H
MCLEODRUSS,BE,MCLEOD RUSSEL INDIA LTD.,H
MCON,ST,MCON RASAYAN INDIA LTD,H
MICEL,EQ,MIC ELECTRONICS LTD,H
MINDTECK,EQ,MINDTECK (INDIA) LIMITED,H
MKPL,EQ,M K PROTEINS LIMITED,H
MOBIKWIK,EQ,ONE MOBIKWIK SYSTEMS LTD,H
MORARJEE,BZ,MORARJEE TEXTILES LIMITED,H
MTEDUCARE,BE,MT EDUCARE LTD,H
NEWJAISA,ST,NEWJAISA TECHNOLOGIES LTD,H
NEXTMEDIA,EQ,NEXT MEDIAWORKS LIMITED,H
NGILPP1,E1,NGIL RS. 6 PPD UP,H
NILASPACES,BE,NILA SPACES LIMITED,H
ONDOOR,ST,ON DOOR CONCEPTS LIMITED,H
OPTIEMUS,EQ,OPTIEMUS INFRACOM LTD,H
ORCHPHARMA,EQ,ORCHID PHARMA LIMITED,H
ORIANA,SM,ORIANA POWER LIMITED,H
OSELDEVICE,ST,OSEL DEVICES LIMITED,H
OSIAHYPER,EQ,OSIA HYPER RETAIL LIMITED,H
PANACEABIO,EQ,PANACEA BIOTEC LTD,H
PDMJEPAPER,BE,PUDUMJEE PAPER PRO. LTD,H
PIGL,BE,POWER INSTRUMENT (G) LTD,H
PIONEEREMB,BE,PIONEER EMBROIDERIES LTD,H
PREMIER,BE,PREMIER LIMITED,H
QFIL,SM,QUALITY FOILS (INDIA) LTD,H
QUADFUTURE,EQ,QUADRANT FUTURE TEK LTD,H
RADAAN,BE,RADAAN MEDIAWORKS (I) LTD,H
RAJRILTD,BE,RAJ RAYON INDUSTRIES LTD,H
RAMANEWS,BE,SHREE RAMA NEWSPRINT LTD,H
RHFL,BE,RELIANCE HOME FINANCE LTD,H
RICHA,SM,RICHA INFO SYSTEMS LTD,H
RKEC,EQ,RKEC PROJECTS LIMITED,H
ROSSTECH,BE,ROSSELL TECHSYS LIMITED,H
RPPINFRA,BE,R.P.P INFRA PROJECTS LTD.,H
RVTH,EQ,REVATHI EQUIPMENT INDIA L,H
S&SPOWER,EQ,S&S POWER SWITCHGEARS LTD,H
SANWARIA,BZ,SANWARIA CONSUMER LIMITED,H
SATKARTAR,SM,SAT KARTAR SHOPPING LTD,H
SBGLP,BE,SURATWWALA BUS GROUP LTD,H
SECMARK,EQ,SECMARK CONSULTANCY LTD,H
SEJALLTD,EQ,SEJAL GLASS LIMITED,H
SELMC,EQ,SEL MANUFACTURING CO LTD,H
SENCO,EQ,SENCO GOLD LIMITED,H
SETUINFRA,BZ,SETUBANDHAN INFRA LTD,H
SFML,ST,SUPREME FACILITY MGMT LTD,H
SHAKTIPUMP,BE,SHAKTI PUMPS (I) LTD,H
SHANTI,EQ,SHANTI OVERSEAS INDIA LTD,H
SHRADHA,BE,SHRADHA INFRAPROJECTS LTD,H
SICALLOG,BE,SICAL LOGISTICS LIMITED,H
SILGO,EQ,SILGO RETAIL LIMITED,H
SILKFLEX,SM,SILKFLEX POLYMERS INDIA L,H
SINDHUTRAD,EQ,SINDHU TRADE LINKS LTD,H
SITINET,BZ,SITI NETWORKS LIMITED,H
SIYSIL,EQ,SIYARAM SILK MILLS LTD,H
SKYGOLD,BE,SKY GOLD LIMITED,H
SLONE,ST,SLONE INFOSYSTEMS LIMITED,H
SOTAC,SM,SOTAC PHARMACEUTICALS LTD,H
SPMLINFRA,BE,SPML INFRA LIMITED,H
SRPL,BZ,SHREE RAM PROTEINS LTD.,H
SSFL,SM,SRIVARI SPICES N FOODS L,H
SUULD,BZ,SUUMAYA INDUSTRIES LTD,H
SVLL,EQ,SHREE VASU LOGISTICS LTD,H
SVPGLOB,BE,SVP GLOBAL TEXTILES LTD,H
SWELECTES,BE,SWELECT ENERGY SYS LTD,H
TALBROAUTO,EQ,TALBROS AUTO. COMP. LTD,H
TARAPUR,BE,TARAPUR TRANSFORMERS LTD,H
TARIL,EQ,TRANS & RECTI. LTD,H
TBZ,EQ,TRIB BHIMJI ZAVERI LTD,H
TERASOFT,BE,TERA SOFTWARE LIMITED,H
TFL,BE,TRANSWARRANTY FIN. LTD.,H
TGL,ST,TEERTH GOPICON LIMITED,H
THOMASCOTT,BE,THOMAS SCOTT (INDIA) LTD,H
TICL,EQ,TWAMEV CONS AND INFRA LTD,H
TIL,EQ,TIL LTD,H
TNTELE,BE,TAMILNADU TELECOMMUNICATI,H
TTL,EQ,T T LIMITED,H
TVSELECT,EQ,TVS ELECTRONICS LTD,H
UNITECH,BZ,UNITECH LIMITED,H
UNITEDPOLY,EQ,UNITED POLYFAB GUJ. LTD.,H
URBAN,SM,URBAN ENVIRO WASTE MGMT L,H
UTTAMSUGAR,EQ,UTTAM SUGAR MILLS LTD.,H
VELS,ST,VELS FILM INTERNATIONAL L,H
VINYAS,SM,VINYAS INNOVATIVE TECH L,H
WALCHANNAG,EQ,WALCHANDNAGAR INDUSTRIES,H
WEBELSOLAR,BE,WEBSOL ENERGY SYSTEM LTD,H
WINDMACHIN,EQ,WINDSOR MACHINES LIMITED,H
WOCKPHARMA,EQ,WOCKHARDT LIMITED,H
WTICAB,ST,WISE TRAVEL INDIA LIMITED,H
XELPMOC,EQ,XELPMOC DESIGN & TECH LTD,H
ZENITHEXPO,BE,ZENITH EXPORTS LTD,H
21STCENMGM,BE,21ST CENTURY MGMT SERVICE,L
577GS2030,GS,GOI LOAN 5.77% 2030,L
74GS2062,GS,GOI LOAN  7.4% 2062,L
AGNI,ST,AGNI GREEN POWER LTD,L
AGSTRA,BE,AGS TRANSACT TECH LTD,L
AILIMITED,SM,ABHISHEK INTEGRATIONS LTD,L
AKANKSHA,SM,AKANKSHA POWER N INFRA L,L
AKI,BE,AKI INDIA LIMITED,L
ALPSINDUS,BE,ALPS INDUSTRIES LTD.,L
ANSALAPI,BZ,ANSAL PROP & INFRA LTD,L
ATLASCYCLE,BE,ATLAS CYCLE (HARYANA) LTD,L
AVPINFRA,ST,AVP INFRACON LIMITED,L
BANG,BE,BANG OVERSEAS LTD.,L
BLUECHIP,BE,BLUE CHIP INDIA LIMITED,L
BLUEPEBBLE,ST,BLUE PEBBLE LIMITED,L
CALSOFTPP,X1,CALSOFT RS.2.50 PPD UP,L
CEREBRAINT,BZ,CEREBRA INT TECH LTD,L
CINELINE,BE,CINELINE INDIA LIMITED,L
CMRSL,SM,CYBER MEDIA RES & SER LTD,L
COMPINFO,BZ,COMPUAGE INFOCOM LTD,L
CRAYONS,ST,CRAYONS ADVERTISING LTD,L
CTE,BE,CAMBRIDGE TECH ENTER LTD,L
DCMFINSERV,EQ,DCM FINANCIAL SERVICES LT,L
DENEERS,SM,DE NEERS TOOLS LIMITED,L
DESTINY,ST,DESTINY LOGISTICS & I LTD,L
DHANLAXMI,ST,DHANLAXMI CROP SCIENCE L,L
DHRUV,BE,DHRUV CONSULTANCY SER LTD,L
DIVYADHAN,ST,DIVYADHAN RECYCLING IND L,L
DMCC,BE,DMCC SPECIALITY CHEMICALS,L
DYNAMIC,ST,DYNAMIC SRVCS & SEC LTD,L
EMMIL,ST,ENERGY MISSION MACH IND L,L
ENFUSE,SM,ENFUSE SOLUTIONS LIMITED,L
ESCONET,ST,ESCONET TECHNOLOGIES LTD,L
FELIX,SM,FELIX INDUSTRIES LTD.,L
FMNL,BE,FUTURE MKT NETWORKS LTD,L
FRESHARA,ST,FRESHARA AGRO EXPORTS LTD,L
GANGAFORGE,EQ,GANGA FORGING LIMITED,L
GENSOL,EQ,GENSOL ENGINEERING LTD,L
GICL,ST,GLOBE INTL CARRIERS LTD,L
GLFL,BE,GUJARAT LEASE FINANCING L,L
GOENKA,BZ,GOENKA DIAMOND&JEWELS LTD,L
GRAPHISAD,SM,GRAPHISADS LIMITED,L
GSTL,ST,GLOBESECURE TECHNO LTD,L
GVKPIL,BE,GVK POW. & INFRA LTD.,L
HEADSUP,BE,HEADS UP VENTURES LIMITED,L
HMT,BZ,HMT LTD -,L
HOACFOODS,ST,HOAC FOODS INDIA LIMITED,L
IEML,ST,INDIAN EMULSIFIERS LTD,L
IGIL,EQ,INTERNATIO GEMM INS (I) L,L
IL&FSTRANS,BZ,IL&FS TRANS NET LTD,L
IMPEXFERRO,BZ,IMPEX FERRO TECH LIMITED,L
ISHAN,SM,ISHAN INTERNATIONAL LTD,L
JIWANRAM,ST,JIWANRAM SHEODUTTRA IND L,L
JPASSOCIAT,BE,JAIPRAKASH ASSOCIATES LTD,L
K2INFRA,ST,K2 INFRAGEN LIMITED,L
KAVVERITEL,BE,KAVVERI TEL. LTD.,L
KCEIL,ST,KAY CEE ENERGY & INFRA L,L
KDL,ST,KORE DIGITAL LIMITED,L
KESORAMIND,BE,KESORAM INDUSTRIES LTD,L
KORE,ST,JAY JALARAM TECHNO LTD,L
KOTYARK,ST,KOTYARK INDUSTRIES LTD,L
KTL,ST,KALAHRIDHAAN TRENDZ LTD,L
LAKSHYA,ST,LAKSHYA POWERTECH LIMITED,L
LAWSIKHO,ST,ADDICTIVE LEARNING TECH L,L
LGHL,BE,LAXMI GOLDORNA HOUSE LTD,L
LOKESHMACH,BE,LOKESH MACHINES LTD,L
MAITREYA,SM,MAITREYA MEDICARE LIMITED,L
MANDEEP,SM,MANDEEP AUTO INDUSTRIES L,L
MCON,ST,MCON RASAYAN INDIA LTD,L
MEDIORG,SM,MEDICAMEN ORGANICS LTD,L
MEGAFLEX,ST,MEGA FLEX PLASTICS LTD,L
MEP,BZ,MEP INFRA. DEVELOPERS LTD,L
MFML,BE,MAHALAXMI FABRIC MILLS LT,L
MODTHREAD,EQ,MODERN THREADS INDIA LTD,L
MONOPHARMA,SM,MONO PHARMACARE LIMITED,L
NACLIND,EQ,NACL INDUSTRIES LIMITED,L
NAVKARURB,BE,NAVKAR URBANSTRUCTURE LTD,L
NEPHROCARE,SM,NEPHRO CARE INDIA LIMITED,L
NIBE,EQ,NIBE LIMITED,L
NIRMAN,SM,NIRMAN AGRI GENTICS LTD,L
NITIRAJ,BE,NITIRAJ ENGINEERS LTD,L
OSELDEVICE,ST,OSEL DEVICES LIMITED,L
OSWALSEEDS,EQ,SHREEOSWAL S AND CHE LTD,L
OWAIS,ST,OWAIS METAL & MINERAL,L
PARSVNATH,BE,PARSVNATH DEVELOPER LTD,L
PERFECT,ST,PERFECT INFRAENGINEER LTD,L
PIGL,BE,POWER INSTRUMENT (G) LTD,L
PRECOT,EQ,PRECOT LIMITED,L
PRITIKA,ST,PRITIKA ENG COMPO LTD,L
PRUDMOULI,BE,PRUDENTIAL SUGAR CORPORAT,L
QUADPRO,SM,QUADPRO ITES LIMITED,L
QUESTLAB,ST,QUEST LABORATORIES LTD,L
QUICKTOUCH,ST,QUICKTOUCH TECHNOLOGIES L,L
QVCEL,ST,QVC EXPORTS LIMITED,L
RADAAN,BE,RADAAN MEDIAWORKS (I) LTD,L
RAJRILTD,BE,RAJ RAYON INDUSTRIES LTD,L
RAPPID,ST,RAPPID VALVES (INDIA) LTD,L
RBMINFRA,ST,RBM INFRACON LIMITED,L
READYMIX,ST,READYMIX CONSTRU MACHI L,L
REFRACTORY,ST,REFRACTORY SHAPES LIMITED,L
REXPIPES,SM,REX PIPES AND CABLES LTD,L
RNFI,ST,RNFI SERVICES LIMITED,L
ROLTA,BZ,ROLTA INDIA LTD,L
ROSSELLIND,BE,ROSSELL INDIA LIMITED,L
ROXHITECH,ST,ROX HI TECH LIMITED,L
RULKA,ST,RULKA ELECTRICALS LIMITED,L
SADHNANIQ,BE,SADHANA NITROCHEM LIMITED,L
SAHANA,ST,SAHANA SYSTEM LIMITED,L
SANCO,BZ,SANCO INDUSTRIES LIMITED,L
SANWARIA,BZ,SANWARIA CONSUMER LIMITED,L
SATECH,ST,S A TECH SOFTWARE INDIA L,L
SATIPOLY,ST,SATI POLY PLAST LIMITED,L
SDREAMS,ST,S D RETAIL LIMITED,L
SECL,ST,SALASAR EXTERIOR CONT LTD,L
SHEKHAWATI,BE,SHEKHAWATI INDUSTRIES LTD,L
SHUBHLAXMI,SM,SHUBHLAXMI JEWEL ART LTD,L
SONUINFRA,ST,SONU INFRATECH LIMITED,L
SPCENET,BE,SPACENET ENTERS IND LTD,L
SPCL,ST,SHIVALIC POWER CONTROL L,L
SPPPOLY,ST,SPP POLYMER LIMITED,L
SPRL,SM,SP REFRACTORIES LIMITED,L
SURANI,ST,SURANI STEEL TUBES LTD.,L
SUULD,BZ,SUUMAYA INDUSTRIES LTD,L
SVPGLOB,BE,SVP GLOBAL TEXTILES LTD,L
TAPIFRUIT,SM,TAPI FRUIT PROCESSING LTD,L
TCIFINANCE,BE,TCIFINANCELTD-ROLL SETT,L
TECHERA,ST,TECHERA ENGINEER (IND) L,L
TECHLABS,ST,TRIDENT TECHLABS LIMITED,L
TGL,ST,TEERTH GOPICON LIMITED,L
THOMASCOTT,BE,THOMAS SCOTT (INDIA) LTD,L
TIJARIA,BE,TIJARIA POLYPIPES LTD,L
TIMESCAN,SM,TIMESCAN LOGISTICS IND L,L
TRU,BE,TRUCAP FINANCE LIMITED,L
VEEKAYEM,SM,VEEKAYEM FASH & APP LTD,L
VHLTD,BE,VICEROY HOTELS LIMITED,L
VLEGOV,BE,VL E GOV AND IT SOL LTD,L
WALPAR,SM,WALPAR NUTRITIONS LIMITED,L
WINSOME,BZ,WINSOME YARNS LIMITED,L
WOMANCART,ST,WOMANCART LIMITED,L
YAARI,BE,YAARI DIGI INT SER LTD,L
YUDIZ,SM,YUDIZ SOLUTIONS LIMITED,L
ZENITHEXPO,BE,ZENITH EXPORTS LTD,L
