GAIN_LOSS,SECURITY,CLOSE_PRIC,PREV_CL_PR,PERCENT_CG
 ,Nifty 50 Sec., , , 
 , , , , 
G,ICICI BANK LTD.,      1309.85,      1269.00,3.22
G,MAHINDRA & MAHINDRA LTD,      2791.40,      2705.15,3.19
G,LARSEN & TOUBRO LTD.,      3270.70,      3173.45,3.06
G,SHRIRAM FINANCE LIMITED,       642.30,       623.25,3.06
G,TATA MOTORS LIMITED,       680.05,       661.05,2.87
G,SUN PHARMACEUTICAL IND L,      1747.80,      1704.30,2.55
G,HINDALCO  INDUSTRIES  LTD,       697.85,       680.75,2.51
G,ADANI ENTERPRISES LIMITED,      2308.50,      2252.70,2.48
G,ASIAN PAINTS LIMITED,      2273.95,      2219.55,2.45
G,TITAN COMPANY LIMITED,      3081.70,      3017.35,2.13
G,KOTAK MAHINDRA BANK LTD,      2034.00,      1993.10,2.05
G,HERO MOTOCORP LIMITED,      3564.65,      3493.10,2.05
G,BRITANNIA INDUSTRIES LTD,      4768.30,      4674.90,2
G,TRENT LTD,      5260.25,      5159.55,1.95
G,BHARAT ELECTRONICS LTD,       285.31,       279.93,1.92
G,ADANI PORT & SEZ LTD,      1158.80,      1137.15,1.9
G,TATA STEEL LIMITED,       154.66,       151.81,1.88
G,STATE BANK OF INDIA,       736.70,       723.15,1.87
G,NTPC LTD,       337.35,       331.65,1.72
G,HDFC LIFE INS CO LTD,       640.55,       629.80,1.71
G,BAJAJ AUTO LIMITED,      7613.40,      7486.05,1.7
G,SBI LIFE INSURANCE CO LTD,      1457.50,      1434.25,1.62
G,TATA CONSULTANCY SERV LT,      3552.45,      3497.70,1.57
G,EICHER MOTORS LTD,      5127.40,      5050.25,1.53
G,APOLLO HOSPITALS ENTER. L,      6246.80,      6156.65,1.46
G,ULTRATECH CEMENT LIMITED,     10698.10,     10547.10,1.43
G,MARUTI SUZUKI INDIA LTD.,     11714.55,     11553.70,1.39
G,HINDUSTAN UNILEVER LTD.,      2201.40,      2171.25,1.39
G,POWER GRID CORP. LTD.,       270.80,       267.35,1.29
G,HDFC BANK LTD,      1732.20,      1710.40,1.27
 , , , , 
L,BAJAJ FINSERV LTD.,      1844.65,      1871.60,-1.44
L,BHARTI AIRTEL LIMITED,      1627.30,      1639.15,-0.72
L,TECH MAHINDRA LIMITED,      1430.65,      1440.10,-0.66
L,RELIANCE INDUSTRIES LTD,      1238.80,      1238.85,0
 , , , , 
 ,Nifty Next 50 Sec., , , 
 , , , , 
G,ZOMATO LIMITED,       218.19,       203.69,7.12
G,VARUN BEVERAGES LIMITED,       532.50,       507.25,4.98
G,UNION BANK OF INDIA,       117.70,       112.54,4.59
G,MACROTECH DEVELOPERS LTD,      1112.10,      1064.00,4.52
G,BHEL,       203.88,       195.43,4.32
G,ABB INDIA LIMITED,      5410.90,      5187.65,4.3
G,GAIL (INDIA) LTD,       163.00,       156.58,4.1
G,CHOLAMANDALAM IN & FIN CO,      1515.25,      1455.60,4.1
G,HINDUSTAN AERONAUTICS LTD,      3579.95,      3439.90,4.07
G,JSW ENERGY LIMITED,       548.35,       527.90,3.87
G,HAVELLS INDIA LIMITED,      1518.10,      1462.15,3.83
G,BOSCH LIMITED,     27343.65,     26345.85,3.79
G,SAMVRDHNA MTHRSN INTL LTD,       125.38,       120.99,3.63
G,SIEMENS LTD,      5107.60,      4936.45,3.47
G,TATA POWER CO LTD,       362.70,       350.75,3.41
G,INFO EDGE (I) LTD,      6686.05,      6479.65,3.19
G,POWER FIN CORP LTD.,       401.90,       389.70,3.13
G,GODREJ CONSUMER PRODUCTS,      1083.65,      1052.30,2.98
G,DLF LIMITED,       674.80,       655.55,2.94
G,JINDAL STEEL & POWER LTD,       923.50,       897.25,2.93
G,VEDANTA LIMITED,       460.00,       446.95,2.92
G,JIO FIN SERVICES LTD,       225.18,       219.52,2.58
G,INDIAN RAILWAY FIN CORP L,       121.80,       118.77,2.55
G,TORRENT PHARMACEUTICALS L,      3135.70,      3066.35,2.26
G,INDIAN RAIL TOUR CORP LTD,       705.90,       690.65,2.21
G,REC LIMITED,       421.55,       412.90,2.09
G,TVS MOTOR COMPANY  LTD,      2311.75,      2266.80,1.98
G,LTIMINDTREE LIMITED,      4445.55,      4359.80,1.97
G,DIVI S LABORATORIES LTD,      5772.95,      5670.85,1.8
G,BANK OF BARODA,       209.34,       205.74,1.75
 , , , , 
L,PIDILITE INDUSTRIES LTD,      2729.15,      2748.90,-0.72
 , , , , 
 ,OTHER SECURITIES, , , 
 , , , , 
G,MANAV INFRA PROJECTS LTD,          .80,          .60,33.33
G,SEC RE NCD 9.85% SR.VIII,       744.00,       620.00,20
G,SEC RE NCD 10.05% SR.IV,       939.08,       782.57,20
G,UTTAM SUGAR MILLS LTD.,       230.90,       192.42,20
G,ONE MOBIKWIK SYSTEMS LTD,       297.95,       248.30,20
G,T T LIMITED,        12.67,        10.56,19.98
G,SINDHU TRADE LINKS LTD,        15.99,        13.33,19.95
G,SEC RE NCD 9.71% SR.VIII,       899.00,       752.90,19.4
G,SEC RE NCD 10.50% SR.VII,       854.09,       716.10,19.27
G,NGIL RS. 6 PPD UP,        17.90,        15.03,19.1
G,GULSHAN POLYOLS LIMITED,       182.49,       155.55,17.32
G,TALBROS AUTO. COMP. LTD,       246.71,       212.44,16.13
G,RAYMOND LTD,      1428.30,      1231.35,15.99
G,CHAMUNDA ELECTRICAL LTD,        47.45,        41.00,15.73
G,MASTEK LTD,      2440.05,      2113.20,15.47
G,CENTUM ELECTRONICS LTD,      1548.10,      1341.80,15.37
G,INDO AMINES LIMITED,       122.76,       106.70,15.05
G,TVS ELECTRONICS LTD,       318.00,       277.35,14.66
G,QUADRANT FUTURE TEK LTD,       531.00,       466.00,13.95
G,TRIVENI TURBINE LIMITED,       576.05,       509.00,13.17
G,RAYMOND LIFESTYLE LIMITED,      1145.10,      1013.55,12.98
G,MOREPEN LAB. LTD,        48.37,        42.84,12.91
G,OLA ELECTRIC MOBILITY LTD,        52.77,        46.93,12.44
G,CARYSIL LIMITED,       664.45,       591.35,12.36
G,GABRIEL INDIA LTD,       572.05,       512.05,11.72
G,HP ADHESIVES LIMITED,        50.36,        45.08,11.71
G,FINOLEX CABLES LTD,       876.10,       785.15,11.58
G,SONA MACHINERY LIMITED,        94.10,        84.35,11.56
G,MINDTECK (INDIA) LIMITED,       178.51,       160.23,11.41
G,KIRLOSKAR ELECTRIC CO LTD,       133.89,       120.18,11.41
 , , , , 
L,ROCKINGDEALS CIRCU ECO L,       353.00,       393.85,-10.37
L,UNILEX COLOURS AND CHEM L,        50.25,        55.70,-9.78
L,NACL INDUSTRIES LIMITED,       100.17,       110.85,-9.63
L,PARAMOUNT DYE TEC LIMITED,        46.75,        51.30,-8.87
L,PASUPATI ACRYLON LIMITED,        53.05,        57.58,-7.87
L,BEACON TRUSTEESHIP LTD,        60.35,        65.10,-7.3
L,ASHAPURA LOGISTICS LTD,        64.90,        70.00,-7.29
L,TAX FREE7.39% SR.IB,      1005.00,      1078.89,-6.85
L,TECIL CHEMICALS,        21.22,        22.77,-6.81
L,INNOVANA THINKLABS LTD,       315.75,       338.75,-6.79
L,SUNREST LIFESCIENCE LTD,        55.00,        59.00,-6.78
L,EXCELLENT WIRES N PACK L,        46.65,        50.00,-6.7
L,TAX FREE7.60% SR.IIB,      1091.77,      1169.00,-6.61
L,DUCOL ORGS AND COLOURS LT,       112.00,       119.45,-6.24
L,PREMIUM PLAST LIMITED,        33.80,        36.00,-6.11
L,8.79% SEC RED BOND S2B,      1100.00,      1170.70,-6.04
L,THINKING HATS ENTER SOL L,        31.25,        33.25,-6.02
L,CASTROL INDIA LIMITED,       222.03,       236.02,-5.93
L,SHIVALIK RASAYAN LIMITED,       577.70,       612.10,-5.62
L,HITACHI ENERGY INDIA LTD,     11954.00,     12663.35,-5.6
L,RADIOWALLA NETWORK LTD,        67.10,        71.00,-5.49
L,BABA FOOD PROCESSING,        44.75,        47.35,-5.49
L,KARMA ENERGY LIMITED,        53.49,        56.51,-5.34
L,RAJSHREE POLYPACK LTD,        21.22,        22.41,-5.31
L,NATURAL CAPSULES LIMITED,       185.36,       195.55,-5.21
L,ORTIN GLOBAL LIMITED,        11.21,        11.82,-5.16
L,CALSOFT RS.2.50 PPD UP,         3.86,         4.07,-5.16
L,MONO PHARMACARE LIMITED,        24.60,        25.90,-5.02
L,MODERN THREADS INDIA LTD,        38.69,        40.73,-5.01
L,HOAC FOODS INDIA LIMITED,       127.20,       133.90,-5
