SECURITY,NEW,PREVIOUS,NEW_STATUS
2.50%GOLDBONDS 2025 SR-XI,8799,8666,H
SGB2.50%MAY2025SR-I 17-18,8709.99,8649.99,H
MIRAEAMC - MAGOLDETF,87.29,86.69,H
INDIA SHELTER FIN CORP L,848,830,H
BLUE JET HEALTHCARE LTD,929.05,884.85,H
2.5%GOLDBONDS2028SR-III,8800,8639.79,H
2.50%GOLDBONDS2027SR-VI,8980,8700,H
AXISCADES TECH LTD,915.2,902.9,H
2.50%GOLDBONDS 2025SR-IX,8799.98,8640,H
2.50%GOLDBONDS2026SR-XIV,8900,8700,H
GOI TBILL 364D-12/02/26,94.41,94.31,H
360ONEAMC - GOLD360,88.1,87.7,H
2.50%GOLDBONDS2028SR-VI,8699.56,8648,H
2.50%GOLDBONDS2029SR-XII,8674,8633.99,H
2.5%GOLDBONDS2028SR-VIII,8697,8678,H
KALANA ISPAT LIMITED,51,49.45,H
2.50% GOLDBONDS2025SR-VII,8800,8698,H
SWELECT ENERGY SYS LTD,601.35,572.75,H
NACL INDUSTRIES LIMITED,116,110.85,H
2.50% GOLDBONDS2025SR-VI,8799.99,8620,H
2.50%GOLDBONDS2028SR-IV,8674,8634,H
SEC RE NCD SR.V,1206.7,1198.4,H
GOI TBILL 182D-07/08/25,97.49,97.38,H
INNOVATIVE TYRE & TUBE LT,33.5,32.85,H
2.50%GOLDBONDS2026SR-II,8799,8690,H
2.50%GOLDBONDS2027SR-VI,8659,8589,H
2.50%GOLDBONDS2031SR-II,8880,8795.01,H
2.5%GOLDBONDS2029SR-I,8674.99,8650,H
DSPAMC - DSPGOLDETF,87.2,86.8,H
GOI TBILL 364D-21/08/25,97.06,96.73,H
GOI TBILL 364D-29/01/26,94.56,93.8,H
2.50% GOLDBONDS2025SR-III,9000,8800,H
MIRAEAMC - EQUAL200,12.36,11.6,H
GOI LOAN  6.79% 2034,104.1,103.1,H
SDL GA 7.62% 2032,102.75,98,H
VADIVARHE SPCLTY CHEM LTD,27.9,27.45,H
GABRIEL INDIA LTD,587,559.55,H
ZERODHAAMC - LIQUIDCASE,110.8,110.6,H
2.5%GOLDBONDS2029SR-VII,8680,8650,H
2.50% GOLDBONDS2025SR-IV,8840,8635.75,H
2.50%GOLDBONDS2029SR-V,8695,8673.99,H
SGB2.50%JUL2025SR-II17-18,8780,8604,H
ICICIPRAMC - ICICISILVE,101.8,101,H
UTIAMC - SILVERETF,100,98.5,H
UNSEC RED NCD SR. VI,1718.8,1714.14,H
UNSERENCD8.85%SRIVCIII&IV,1167,1139,H
2.50%GOLDBONDS2028SR-VIII,9051,8880,H
SERENCD9.20%SRVIICIII&IV,977.65,977,H
ANZEN IND ENE YLD PLU TRU,105.46,105.43,H
GOI TBILL 91D-10/04/25,99.6,99.54,H
MIRAEAMC - SELECTIPO,40.71,39.55,H
POLYSIL IRRIGATION SYST L,20.45,20.05,H
JSW HOLDINGS LIMITED,21368.35,20800,H
2.50%GOLDBONDS2027SR-I,8700,8600,H
2.50%GOLDBONDS2027SR-IV,8795.78,8666,H
MIRAEAMC - MASILVER,99.1,98.58,H
EDELAMC - ESILVER,101.85,101.47,H
SEC RE NCD 8.35% SR.I,1049.9,1045.35,H
2.50% GOLDBONDS2025SR-V,8699.99,8650,H
FRANTEMAMC - FICRF3GP,6.6,6,H
GOI TBILL 364D-23/10/25,96.13,96.05,H
GOI TBILL 364D-31/07/25,97.38,97.23,H
MOTILALAMC - MOCAPITAL,30.83,30.11,H
COMMITTED CARGO CARE LTD,219.9,210.95,H
KARNIKA INDUSTRIES LTD,669,419.95,H
2.50%GOLDBONDS2025SR-XIII,8840,8649,H
2.50%GOLDBONDS2025SR-VIII,8850,8598,H
GOI TBILL 364D-09/10/25,96.38,96.05,H
CHANDAN HEALTHCARE LTD,191,188,H
OWAIS METAL & MINERAL,479,285.45,H
SDL AS 7.67% 2032,103.35,100,H
SHRENIK LIMITED,0.56,0.61,L
ESPRIT STONES LIMITED,106.45,108.6,L
EXXARO TILES LIMITED,6.3,6.46,L
CADSYS (INDIA) LIMITED,78.35,79.95,L
CAPITAL INFRA TRUST,87.05,88,L
PENINSULA LAND LIMITED,25.31,25.83,L
RAJSHREE POLYPACK LTD,20.35,22.1,L
QUICKTOUCH TECHNOLOGIES L,43.55,45.85,L
RADIOWALLA NETWORK LTD,60.5,69.15,L
RAPPID VALVES (INDIA) LTD,224.75,236.55,L
AMBEY LABORATORIES LTD,42,42.25,L
VAIDYA SANE AYUR LAB LTD,87.3,88,L
HARDWYN INDIA LIMITED,11.5,11.54,L
GLOBESECURE TECHNO LTD,14.45,15.2,L
SANCO INDUSTRIES LIMITED,2.63,2.69,L
CONS. CONST. CONSORT LTD,13.2,13.32,L
LAMOSAIC INDIA LIMITED,44.3,45.2,L
ROSSELL TECHSYS LIMITED,231.15,240.55,L
HP TELECOM INDIA LIMITED,108,109,L
DURLAX TOP SURFACE LTD,34.1,35.6,L
EMERALD TYRE MANUF LTD,99,102.65,L
EXCELLENT WIRES N PACK L,46,49,L
MANDEEP AUTO INDUSTRIES L,20.65,21.7,L
MAXPOSURE LIMITED,53.35,54.8,L
CANARYS AUTOMATIONS LTD,23.5,23.75,L
CELL POINT (INDIA) LTD,16.7,16.85,L
JFL LIFE SCIENCES LIMITED,18.75,19.1,L
AGNI GREEN POWER LTD,19.1,20.1,L
AGS TRANSACT TECH LTD,11.31,11.91,L
QVC EXPORTS LIMITED,26,27.1,L
AKI INDIA LIMITED,7.34,7.73,L
ARABIAN PETROLEUM LIMITED,65,65.1,L
BARFLEX POLYFILMS LIMITED,44.1,45,L
TAX FREE7.60% SR.IIB,1087,1121.1,L
LAKSHYA POWERTECH LIMITED,153.1,161.15,L
CINELINE INDIA LIMITED,73.64,74.1,L
SYLVAN PLYBOARD (INDIA) L,65.5,66.3,L
8.79% SEC RED BOND S2B,1080.11,1112.77,L
S D RETAIL LIMITED,87.9,91.2,L
READYMIX CONSTRU MACHI L,74.1,76.95,L
SEMAC CONSULTANTS LIMITED,306.4,312.6,L
SUUMAYA INDUSTRIES LTD,2.31,2.34,L
TECHERA ENGINEER (IND) L,122.2,124.45,L
V.L.INFRAPROJECTS LIMITED,41.7,42.55,L
ASHAPURA LOGISTICS LTD,64,69,L
NIBE LIMITED,764.5,801.3,L
CRAYONS ADVERTISING LTD,49.25,50.95,L
VERITAAS ADVERTISING LTD,87.3,89,L
BINANI INDUSTRIES LTD,9.9,9.99,L
EQUIPPP SOC IMP TECH LTD,20.16,20.41,L
M K PROTEINS LIMITED,5.4,5.58,L
MARCO CABLE & CONDUCTOR L,36.5,37.5,L
MARINETRANS INDIA LIMITED,13.8,13.85,L
MARSHALL MACHINES LTD,14.77,15.08,L
CALSOFT RS.2.50 PPD UP,3.86,3.99,L
FUTURE ENTERPRISES LTD,3.8,3.81,L
POPULAR VEHICLES N SER L,96,96.14,L
INDO US BIOTECH LTD,150,155.72,L
KATARIA INDUSTRIES LTD,97.05,98,L
DEEM ROLL TECH LIMITED,51.85,54,L
OBSC PERFECTION LIMITED,148.35,151.35,L
OLA ELECTRIC MOBILITY LTD,46.37,46.4,L
MEDICAMEN ORGANICS LTD,23.5,24.7,L
PREMIUM PLAST LIMITED,33.6,34,L
SITI NETWORKS LIMITED,0.55,0.56,L
UNIINFO TELECOM SERVI LTD,17.52,17.76,L
SAHAJ FASHIONS LIMITED,7.8,8,L
RUDRABHISHEK ENTERP LTD,160.25,164.99,L
DECCAN TRANSCON LEASING L,49.05,49.25,L
DIVYADHAN RECYCLING IND L,36.65,38.55,L
ADDICTIVE LEARNING TECH L,158.65,159.5,L
DOCMODE HEALTH TECH LTD,39.75,40.95,L
UNILEX COLOURS AND CHEM L,47,54,L
NAMAN IN-STORE (INDIA) L,70,72.2,L
SAKUMA EXPORTS LIMITED,2.73,2.78,L
DRONE DESTINATION LIMITED,109.25,111.45,L
BIKEWO GREEN TECH LIMITED,16.85,17.2,L
PLADA INFOTECH SERVICES L,16,18.15,L
IMPEX FERRO TECH LIMITED,2.09,2.19,L
INNOMET ADVANCED MATERI L,109.3,110,L
JAIPRAKASH ASSOCIATES LTD,3.49,3.68,L
DEEPAK BUILDERS & ENG I L,131.31,133.05,L
AATMAJ HEALTHCARE LIMITED,15.55,16,L
PURPLE UNITED SALES LTD,119.55,120.3,L
AVG LOGISTICS LIMITED,198,207.3,L
KONSTELEC ENGINEERS LTD,63,64,L
DCG CABLES & WIRES LTD,57.15,59.85,L
AARTECH SOLONICS LIMITED,54.23,55.21,L
YUDIZ SOLUTIONS LIMITED,37.05,39,L
S A TECH SOFTWARE INDIA L,45,47.35,L
SADHANA NITROCHEM LIMITED,19.58,20.62,L
MEP INFRA. DEVELOPERS LTD,1.58,1.62,L
KRITIKA WIRES LIMITED,8.33,8.5,L
SUPREME FACILITY MGMT LTD,28.5,29.9,L
ATLANTAA LIMITED,29,29.6,L
SEC RE NCD 10.03% SR.VIII,900.25,901,L
KEN ENTERPRISES LIMITED,40.1,41,L
ABANS HOLDINGS LIMITED,177.38,181,L
SOFTTECH ENGINEERS LTD,303.8,310,L
PANSARI DEVELOPERS LTD,176,179,L
PARAGON FINE S.C. LTD.,67.25,68.6,L
BEST AGROLIFE LIMITED,272.7,278.25,L
KABRA JEWELS LIMITED,122.05,124.5,L
VISHWARAJ SUGAR IND LTD,8.78,8.87,L
SANGINITA CHEMICALS LTD,9.37,9.54,L
SECUREKLOUD TECH LIMITED,19.73,20.03,L
ENERGY MISSION MACH IND L,162.1,169.65,L
FIDEL SOFTECH LIMITED,119.9,122.35,L
FLEXITUFF VENTURES INT L,33.72,34.41,L
MANGLAM INFRA & ENG LTD,21.2,21.85,L
CEREBRA INT TECH LTD,4.87,4.9,L
FUT LIFESTYLE FASH LTD,1.42,1.46,L
KAY CEE ENERGY & INFRA L,176.85,186.15,L
DAVANGERE SUGAR COMPANY L,3.99,4.09,L
DIAMINES & CHEMICALS LTD,339.2,339.95,L
ACCENT MICROCELL LIMITED,195,196,L
RACL GEARTECH LIMITED,658.05,660,L
KSHITIJ POLYLINE LIMITED,2.97,3.12,L
GACM TECHNOLOGIES LIMITED,0.78,0.82,L
VINNY OVERSEAS LIMITED,1.39,1.42,L
DHRUV CONSULTANCY SER LTD,77.11,78.65,L
SVP GLOBAL TEXTILES LTD,2.37,2.5,L
DELTA AUTOCORP LIMITED,72.05,73.5,L
SATI POLY PLAST LIMITED,75.6,79.55,L
REFRACTORY SHAPES LIMITED,60.05,63.2,L
GAJANAND INTERNATIONAL L,14.8,15.1,L
SHUBHSHREE BIOFUELS ENE L,303.8,310,L
JAY BEE LAMINATIONS LTD,190,192.15,L
EFFWA INFRA & RESEARCH L,147.55,151.4,L
ELECTRO FORCE (INDIA) LTD,36.8,36.9,L
BRACE PORT LOGISTICS LTD,71.25,72.65,L
ENSER COMMUNICATIONS LTD,22.7,23.15,L
FUSION FINANCE LIMITED,135.25,135.35,L
QMS MEDICAL ALLIED S LTD,87.2,90,L
R R KABEL LIMITED,853.55,855,L
RAJGOR CASTOR DERIVATI L,18.35,18.6,L
GENSOL ENGINEERING LTD,236.7,249.15,L
SPP POLYMER LIMITED,20,21.05,L
BAWEJA STUDIOS LIMITED,51.1,52.5,L
BEACON TRUSTEESHIP LTD,57.95,63,L
TAX FREE7.39% SR.IB,1000.01,1029.18,L
TRUCAP FINANCE LIMITED,8.22,8.66,L
COMPUAGE INFOCOM LTD,1.77,1.87,L
HYUNDAI MOTOR INDIA LTD,1551.3,1592,L
VERTOZ LIMITED,9.24,9.43,L
K2 INFRAGEN LIMITED,70.15,73.8,L
RULKA ELECTRICALS LIMITED,139.05,146.35,L
SAAKSHI MEDTEC N PANELS L,135,138,L
G-TEC JAINX EDUCATION LTD,32.12,33.2,L
DIGIKORE STUDIOS LIMITED,202.9,207,L
KALAHRIDHAAN TRENDZ LTD,7,7.35,L
INDIAN EMULSIFIERS LTD,98.45,103.6,L
JIWANRAM SHEODUTTRA IND L,7.35,7.7,L
BASILIC FLY STUDIO LTD,266.7,272.15,L
ASPIRE & INNOVATIVE ADV L,31.85,32.45,L
SALASAR EXTERIOR CONT LTD,9.75,10.25,L
DHANLAXMI CROP SCIENCE L,53.15,55,L
MUTHOOT MICROFIN LIMITED,119.25,120,L
NEWMALAYALAM STEEL LTD,29.55,30.1,L
ALLCARGO TERMINALS LTD,24.75,24.91,L
TBI CORN LIMITED,82.3,84.25,L
GANESH GREEN BHARAT LTD,327,331.3,L
USHA FINANCIAL SERVICES L,54.1,61.45,L
WE WIN LIMITED,37.7,37.76,L
DEBOCK INDUSTRIES LIMITED,1.98,2.04,L
QUEST LABORATORIES LTD,94.15,99.1,L
VILAS TRANSCORE LIMITED,291,305,L
SAHASRA ELECTRONIC SOLU L,275,283.2,L
SHIVALIC POWER CONTROL L,103.9,109.35,L
PARAMOUNT DYE TEC LIMITED,46.25,50,L
PARAMOUNT SPECIALI FORG L,44.2,45.5,L
DMCC SPECIALITY CHEMICALS,267.05,276.05,L
NAVKAR URBANSTRUCTURE LTD,13.81,14.01,L
NATURAL CAPSULES LIMITED,182.25,194.2,L
MY MUDRA FINCORP LIMITED,56.9,58.05,L
KAMDHENU VENTURES LIMITED,10.74,10.96,L
AURANGABAD DISTILLERY LTD,170,173.4,L
COMMERCIAL SYN BAGS LTD,79.77,81.4,L
NURECA LIMITED,213.9,217.74,L
ELEGANZ INTERIORS LIMITED,95,96,L
PHOENIX OVERSEAS LIMITED,20.2,20.45,L
DELAPLEX LIMITED,140,143,L
DELPHI WORLD MONEY LTD,118,123.39,L
NDL VENTURES LIMITED,77,78.3,L
FONEBOX RETAIL LIMITED,85.05,95,L
UPSURGE SEEDS OF AGRI LTD,146.5,150,L
ANSAL PROP & INFRA LTD,3.76,3.84,L
VIPUL LIMITED,11.57,11.81,L
SEC RE NCD 10.35% SR III,571,600,L
ROX HI TECH LIMITED,47.05,49.5,L
SAHAJ SOLAR LIMITED,300,300.8,L
DJ MEDIAPRINT & LOG LTD,106.3,106.33,L
NOIDA TOLL BRIDGE CO LTD,3.21,3.28,L
INDIFRA LIMITED,13.05,13.2,L
TAKE SOLUTIONS LTD,7.9,8.24,L
SHEKHAWATI INDUSTRIES LTD,21.08,21.52,L
SOLEX ENERGY LIMITED,662,665.25,L
TRUST FINTECH LIMITED,77.95,79.5,L
DIFFUSION ENGINEERS LTD,260.1,265.09,L
TEJAS CARGO INDIA LIMITED,141.05,168,L
NGL FINE CHEM LIMITED,1113,1128,L

