SYMBOL,SYMBOL P/E,ADJUSTED P/E
THERMAX,63.34,63.34
WHEELS,13.34,13.34
ZODIACLOTH,,
RIIL,114.97,114.97
PREMIERPOL,23.72,23.72
RAYMOND,18.08,17.74
RSWM,,
SHREDIGCEM,25.75,25.75
SESHAPAPER,12.58,12.58
SMLISUZU,13.20,13.20
SUPERSPIN,,
SUNDRMFAST,34.42,34.42
FACT,,461.92
EXIDEIND,35.59,35.59
EUROTEXIND,,
ELECON,24.09,24.09
CRISIL,46.99,46.99
LMW,133.22,133.22
ORIENTPPR,,
PEL,41.32,
NELCO,90.45,90.45
MASTEK,16.76,17.24
MAHSCOOTER,65.39,68.14
LUMAXIND,37.15,37.15
TRENT,101.59,142.64
KECL,61.35,260.84
CUMMINSIND,45.43,45.43
KCP,9.39,8.52
JAYBARMARU,27.68,27.68
JBCHEPHARM,37.02,37.02
INFY,23.85,23.85
INDIAGLYCO,20.07,20.07
IONEXCHANG,30.79,30.79
IFBIND,34.52,34.52
IGPL,12.69,12.69
HIMATSEIDE,21.04,21.04
GNFC,13.86,13.86
GFLLIMITED,,
BPCL,8.74,8.57
BHARATFORG,59.93,54.05
BASF,32.01,32.54
FORCEMOT,18.20,18.20
ATUL,41.31,41.31
ARVIND,26.35,26.35
ACC,13.62,14.99
TATAMOTORS,7.65,7.63
SCI,7.27,7.27
MRPL,25.68,25.46
LINDEINDIA,120.10,120.10
HINDPETRO,10.91,10.91
ESCORTS,29.12,29.12
RELINFRA,34.35,
BAJAJHLDNG,85.03,85.03
ASHOKLEY,19.14,19.41
ZUARIIND,,481.81
VOLTAS,57.34,57.34
TITAN,82.77,82.77
TATASTEEL,79.75,66.09
SUNDARMFIN,32.00,30.79
SPIC,18.93,12.78
VEDL,9.79,10.89
SBIN,7.99,7.99
RELIANCE,21.09,21.09
PFIZER,30.43,30.43
NOCIL,23.34,23.34
BOSCHLTD,38.39,38.42
DRREDDY,17.69,17.69
BATAINDIA,44.49,61.84
DEEPAKFERT,15.79,15.79
CHAMBLFERT,15.42,15.42
CARBORUNIV,50.92,60.22
MAHSEAMLES,11.77,11.77
HINDOILEXP,13.25,16.32
DICIND,30.48,31.40
COROMANDEL,32.99,32.99
BALMLAWRIE,14.76,14.76
WILLAMAGOR,,
VINDHYATEL,14.92,14.92
MOTOGENFIN,44.03,44.03
MARALOVER,,
ASIANPAINT,51.41,49.85
RAMCOCEM,52.61,108.68
INDIACEM,,
PGHL,36.15,34.84
ABREL,111.17,111.17
BEML,40.05,40.05
ADORWELD,26.37,23.87
CENTENKA,13.51,13.51
TATACHEM,,39.15
TORNTPHARM,55.74,55.74
VTL,13.14,13.14
ATFL,538.95,482.38
FEDERALBNK,10.72,10.72
EPL,23.69,22.67
VLSFINANCE,4.19,4.19
VIPIND,,
SUPREMEIND,47.54,47.54
SRF,77.83,77.83
BIRLACABLE,76.09,76.09
BALRAMCHIN,25.42,25.42
ANSALAPI,,
AEGISLOG,37.19,37.19
WEIZMANIND,19.84,19.84
UNITECH,,
UNICHEMLAB,,45.92
BBOX,30.42,23.50
HONAUT,55.83,55.83
JTEKTINDIA,33.96,34.18
SAURASHCEM,163.05,163.05
RANEHOLDIN,8.45,79.77
PRECOT,12.39,15.40
TATAELXSI,39.82,39.82
SUNPHARMA,35.60,34.51
KOHINOOR,,
OILCOUNTUB,,
SHREYANIND,4.90,4.90
SHALPAINTS,,
SANDESH,5.86,5.88
HCC,15.42,
BAJAJHIND,,
ASHIMASYN,3.68,3.68
APOLLOHOSP,67.17,67.17
ARE&M,17.54,18.97
ADANIENT,66.90,63.60
IVP,12.54,12.54
BALKRISIND,27.57,27.57
TIRUMALCHM,,
INDBANK,15.11,15.11
GINNIFILA,,125.22
EICHERMOT,35.88,35.88
RAJSREESUG,10.42,10.42
GVT&D,77.78,77.78
NEULANDLAB,46.20,57.91
ONGC,7.15,6.92
ITI,,
ZENSARTECH,22.56,22.56
TIL,6.81,143.11
TAINWALCHM,50.93,50.93
BERGEPAINT,54.02,54.02
BANARISUG,44.62,44.62
JINDALPOLY,10.82,18.31
ANIKINDS,,
KPIL,28.80,28.80
JYOTISTRUC,50.73,50.73
IGARASHI,59.44,59.44
BSL,15.92,15.92
BLUEDART,49.44,49.44
NKIND,764.90,764.90
JAYNECOIND,218.72,91.27
MUNJALSHOW,15.46,15.46
APCOTEXIND,28.46,28.46
SOTL,22.46,22.46
HSCL,38.55,38.55
RCF,23.74,25.24
RANASUG,8.95,8.95
KARURVYSYA,8.44,8.44
DECCANCE,436.21,76.47
ARENTERP,18.94,18.94
TECILCHEM,,
WSI,873.26,190.03
UFLEX,,7.13
TATAPOWER,32.13,30.99
ADVANIHOTR,21.63,21.63
THOMASCOOK,23.68,23.38
SUNFLAG,24.70,24.70
SUBROS,26.49,26.49
SPMLINFRA,32.28,33.94
SIMPLEXINF,11.08,11.08
SIEMENS,68.03,68.03
BHARATRAS,27.32,27.33
WIPRO,21.75,21.75
VSTIND,13.34,17.86
JUBLPHARMA,21.99,17.99
UNIVCABLES,34.79,34.79
UCAL,,
TATACOMM,38.46,40.12
TOKYOPLAST,139.10,139.10
SOMANYCERA,22.82,23.22
MURUDCERA,25.83,25.83
IFCI,42.78,43.22
HLVLTD,32.31,35.50
SANOFI,33.92,31.78
M&M,27.66,27.66
LIBERTSHOE,37.43,27.58
KREBSBIO,,
KAKATCEM,,
KAJARIACER,37.66,37.66
KABRAEXTRU,27.38,27.38
HEIDELBERG,40.93,40.93
MODTHREAD,27.70,27.70
MODIRUBBER,,
MIRCELECTR,,
MANGLMCEM,43.80,43.80
PRSMJOHNSN,,
PREMIER,,
POLYPLEX,8.97,8.97
PIDILITIND,70.71,68.96
PCBL,31.72,31.69
3PLAND,34.59,34.59
OSWALAGRO,19.61,19.60
EIHAHOTELS,24.34,23.40
HONDAPOWER,32.52,34.72
JINDALSAW,8.82,8.82
SAIL,25.67,16.55
RUBYMILLS,15.01,15.01
STYRENIX,21.61,21.61
ABB,58.64,58.64
ABAN,,
IDBI,10.84,10.84
GRAPHITE,20.34,20.34
CANFINHOME,10.01,10.01
BRITANNIA,52.01,51.57
BBL,21.64,21.64
ELECTCAST,7.50,7.50
DHAMPURSUG,13.67,13.67
DCMSHRIRAM,28.37,28.37
DABUR,49.57,49.57
COSMOFIRST,13.16,13.16
CIPLA,24.11,24.11
HEROMOTOCO,15.67,15.67
HDFCBANK,18.44,18.18
HARRMALAYA,2390.70,44.33
GMBREW,9.07,9.07
GIPCL,11.67,11.67
ITC,25.26,25.25
INDIANHUME,15.48,15.48
HINDCOMPOS,16.83,16.83
IOC,19.07,23.74
WALCHANNAG,,
OSWALGREEN,69.44,69.44
HUHTAMAKI,15.42,22.95
RICOAUTO,26.77,26.30
KAMATHOTEL,26.70,28.29
IFBAGRO,22.68,22.68
BANCOINDIA,15.41,15.41
DELTAMAGNT,,
MANINDS,15.15,15.15
APOLLOTYRE,19.80,18.74
SIYSIL,14.15,14.15
SHANTIGEAR,34.37,34.37
PRECWIRE,29.12,29.12
ONWARDTEC,25.07,25.07
NILKAMAL,22.74,22.74
NCC,13.93,13.59
ICIL,15.19,15.19
SEAMECLTD,24.10,26.27
ELGIEQUIP,50.00,50.00
AUROPHARMA,18.45,18.11
BBTC,5.76,5.62
EIHOTEL,31.96,32.26
KANORICHEM,,
LICHSGFIN,5.56,5.56
GICHSGFIN,4.81,4.81
BEPL,13.83,13.83
RAIN,,
BANARBEADS,26.11,26.11
MOREPENLAB,18.56,18.56
WSTCSTPAPR,6.15,6.15
21STCENMGM,1.72,1.72
TNTELE,,
VENKEYS,15.95,15.95
GHCL,9.56,9.56
S&SPOWER,,
PRUDMOULI,28.14,25.78
PRAJIND,34.94,38.04
HIL,,58.50
EVERESTIND,,
BPL,19.00,19.00
TRANSWORLD,13.22,13.22
KEEPLEARN,103.58,103.58
PGHH,61.22,61.22
VESUVIUS,33.25,33.25
TFCILTD,13.74,13.74
BOMDYEING,4.76,35.41
GTL,1.11,17.54
NAVNETEDUL,3.83,14.33
GUJALKALI,,
AGI,14.59,14.59
GLAXO,53.11,53.43
TATACONSUM,74.99,66.05
ZEEL,18.66,15.61
CHOLAFIN,30.22,30.22
INDHOTEL,59.10,68.91
FMGOETZE,11.90,11.90
KOTAKBANK,17.79,20.42
LYKALABS,94.97,94.24
ORIENTHOT,60.62,60.62
JAYSREETEA,8.75,41.08
GILLETTE,56.04,56.04
HMT,,
GOLDENTOBC,9.20,10.43
KANSAINER,16.23,29.58
FOSECOIND,30.25,30.25
ESABINDIA,39.51,39.51
3MINDIA,53.23,53.23
ANDHRAPAP,11.31,11.31
GABRIEL,32.03,32.03
SCHAEFFLER,56.78,56.78
AARTIIND,38.00,38.33
RALLIS,29.28,29.28
AMJLAND,13.32,13.32
PRAKASH,7.20,7.20
MFSL,113.95,113.95
KSB,52.83,52.83
KOPRAN,16.12,16.12
HEG,39.99,39.99
GREAVESCOT,,
GODFRYPHLP,38.07,36.27
VARDMNPOLY,26.86,26.86
SURYAROSNI,15.61,15.61
TATAINVEST,129.60,129.60
GLFL,228.09,228.09
TIMKEN,48.45,48.45
ROLTA,,
SUDARSCHEM,63.62,92.75
SHREECEM,81.72,81.72
SAKHTISUG,2.42,
IPCALAB,46.13,45.60
INGERRAND,40.40,40.40
AKZOINDIA,33.18,33.18
HINDALCO,11.01,10.53
HINDZINC,19.59,19.47
HINDUNILVR,47.39,49.19
GSFC,12.38,12.53
GRASIM,21.17,20.03
AMBUJACEM,22.39,22.77
FINPIPE,13.51,23.59
FINCABLES,17.84,24.68
EIDPARRY,8.13,8.13
DCW,61.37,61.30
DCM,18.63,18.63
CGPOWER,100.03,99.36
HEUBACHIND,29.04,29.04
CESC,12.73,12.73
BIRLACORPN,33.32,34.28
BHEL,149.10,149.10
BHARATGEAR,,
BEL,41.32,41.32
BAJFINANCE,33.15,33.15
ASHAPURMIN,12.07,14.91
PVP,709.08,747.20
NAVA,8.60,8.60
UNIVAFOODS,,
KESORAMIND,,
CORALFINAC,6.42,6.42
GREENPLY,26.94,27.78
TNPL,58.44,58.44
PARASPETRO,,
AUTOAXLES,15.42,15.42
PEARLPOLY,,
REMSONSIND,25.82,26.07
DALMIASUG,9.42,9.42
NATCOPHARM,7.69,7.69
KHAITANLTD,6.47,6.47
SWARAJENG,25.37,25.37
MTNL,,
MRF,25.50,25.50
GARFIBRES,34.12,34.12
ANDHRSUGAR,27.41,24.77
TNPETRO,13.21,14.88
TTKPRESTIG,38.66,38.66
STARPAPER,4.81,4.80
SANGHIIND,,
SKFINDIA,33.64,33.64
AUSOMENT,10.83,10.83
EIMCOELECO,16.40,16.40
PANACEABIO,,
JAYAGROGN,11.54,11.54
ALPSINDUS,,
CUBEXTUB,22.50,22.50
MARICO,48.20,48.20
SILINV,14.49,14.49
REGENCERAM,,
BIOFILCHEM,116.13,116.13
KEYFINSERV,6.90,6.90
ZENITHEXPO,,
SUNDRMBRAK,66.97,66.97
SANGAMIND,45.57,39.43
MOTHERSON,21.27,21.27
SOMATEX,1.37,
VISAKAIND,,
AARTIDRUGS,19.92,19.92
STERTOOLS,16.94,16.94
CREST,11.64,11.64
INDIANCARD,1.76,12.43
HITECHGEAR,20.86,20.84
WENDT,47.09,47.09
DENORA,94.23,94.23
TVSSRICHAK,55.47,45.36
SHRIRAMFIN,12.60,14.27
SAGCEM,,
PUNJABCHEM,28.19,28.19
MIRZAINT,193.73,193.73
DYNAMATECH,46.37,91.48
GUJAPOLLO,31.22,31.22
GANESHHOUC,15.37,15.37
MMFL,13.15,13.20
JAGSNPHARM,26.08,37.36
ALKYLAMINE,44.93,44.93
JCHAC,96.48,93.31
MPHASIS,25.35,25.35
SKIL,6.35,6.35
GUJRAFFIA,36.31,36.31
RUCHINFRA,,
ATLASCYCLE,3.59,3.59
RAMCOIND,22.91,22.91
KOTHARIPET,12.65,12.60
HERITGFOOD,17.96,17.59
INDRAMEDCO,19.64,19.64
BANKBARODA,5.28,5.28
BLUECHIP,,
MADRASFERT,5.51,5.67
GAIL,9.54,11.55
INDNIPPON,16.50,16.50
SKMEGGPROD,10.95,10.95
TCIFINANCE,,
BANKINDIA,5.27,5.27
CONCOR,30.80,30.17
DCMFINSERV,,
ICICIBANK,17.22,17.22
KCPSUGIND,8.09,10.78
HUDCO,14.04,14.04
INDSWFTLAB,2.20,127.36
SAREGAMA,47.33,47.33
FDC,23.74,23.74
ENGINERSIN,28.00,28.00
ADROITINFO,10.62,10.62
JAICORPLTD,22.61,22.61
ANTGRAPHIC,,
GMDCLTD,11.78,11.78
MAHAPEXLTD,13.22,15.93
INDUSINDBK,7.28,7.28
ASAHIINDIA,40.41,43.31
TRIGYN,7.81,7.57
J&KBANK,4.82,4.82
KOTHARIPRO,,
CUB,10.40,10.40
SOUTHBANK,4.94,4.94
ARCHIES,,
ASTRAZEN,198.83,87.96
ITDCEM,27.27,27.27
AXISBANK,11.34,11.34
CYIENT,20.26,20.26
SONATSOFTW,22.74,22.74
CYBERTECH,13.72,13.72
KOKUYOCMLN,85.15,85.15
GOACARBON,,
DHANBANK,21.71,21.71
SANGHVIMOV,13.26,13.26
STCINDIA,17.69,10.14
MANUGRAPH,,
RSSOFTWARE,8.34,8.34
VIPCLOTHNG,,
NATIONALUM,7.97,8.62
IVC,44.77,44.77
JINDALSTEL,22.42,22.42
ALEMBICLTD,16.28,16.28
NIPPOBATRY,2.44,2.44
ICDSLTD,64.13,64.13
BSOFT,18.80,18.80
HCLTECH,24.54,24.54
ACCELYA,19.59,19.64
STAR,16.20,15.50
HAVISHA,,
ZYDUSLIFE,19.56,19.56
GLENMARK,,
RAJESHEXPO,117.04,117.04
CINEVISTA,,
WOCKPHARMA,,
NRBBEARING,16.43,17.17
IOB,24.95,24.95
RAMCOSYS,,
GEPIL,53.70,53.70
HCL-INSYS,,
CREATIVEYE,,
KTKBANK,4.97,4.97
MAHLIFE,,
MUKTAARTS,,
BLBLIMITED,16.44,16.44
AJANTPHARM,35.85,35.85
BLUESTARCO,74.26,75.55
CALSOFT,30.89,30.89
TVSMOTOR,49.83,49.83
PNBGILTS,5.94,6.01
PNC,58.78,58.78
TAJGVK,34.06,34.06
NLCINDIA,13.46,13.46
REPRO,,
CHENNPETRO,26.34,26.34
AKSHOPTFBR,,
TTML,,
KRBL,13.64,13.64
HAVELLS,65.48,65.48
GAEL,15.26,15.26
USHAMART,23.73,23.73
AXISCADES,70.16,68.56
BALAJITELE,,
MRO-TEK,33.19,33.19
TIPSMUSIC,49.33,49.33
QUINTEGRA,,
STLTECH,,
KHANDSE,35.49,35.49
HIKAL,63.39,63.39
TRIDENT,41.31,41.31
MARKSANS,23.43,23.43
ACLGATI,,
NEXTMEDIA,,
GOLDTECH,19.73,
SMARTLINK,10.96,10.96
GODREJCP,,55.72
SUVEN,,
JISLJALEQS,105.33,105.33
LUPIN,31.44,31.44
UNITDSPR,69.90,66.77
FEL,,
TCI,23.11,22.96
MPSLTD,35.29,35.29
BHARTIARTL,41.36,54.16
ASAL,36.92,36.92
OLECTRA,64.24,66.64
PONNIERODE,8.71,8.71
PNB,6.32,6.32
APTECHT,41.44,36.86
SURANAT&P,27.37,27.49
TIMESGTY,76.23,76.23
OFSS,28.30,28.30
UNIONBANK,5.29,5.29
NUCLEUS,13.92,13.92
CANBK,4.35,4.35
GENESYS,52.29,52.29
OMAXAUTO,4.88,
GODREJIND,25.28,25.28
RADAAN,4.87,4.87
DIVISLAB,72.83,72.83
RADICO,95.18,95.18
INDORAMA,,
MARUTI,25.42,25.42
VARDHACRLC,21.21,21.21
UCOBANK,18.07,18.07
BAGFILMS,38.84,38.84
JSL,21.93,21.92
NSIL,37.31,37.31
WELSPUNLIV,17.45,17.45
JAIBALAJI,16.26,16.26
TVSELECT,,
IGL,19.34,19.34
DREDGECORP,,
TVTODAY,11.52,11.06
UNIENTER,819.13,819.13
UPL,770.51,29.57
SIL,129.07,129.07
MUKANDLTD,13.40,13.40
PETRONET,12.00,12.00
PTC,7.99,7.83
VAIBHAVGBL,24.53,24.02
BIOCON,33.46,34.78
MAHABANK,6.52,6.52
POONAWALLA,131.76,131.76
XPROINDIA,56.55,54.30
RKFORGE,33.04,32.97
DATAMATICS,15.93,18.21
NDTV,,
CCL,27.07,27.07
JPASSOCIAT,,
EXCELINDUS,13.76,13.76
LT,26.36,26.47
APARINDS,26.47,26.47
AMBICAAGAR,6.17,6.17
CENTEXT,17.85,18.09
NIITLTD,31.44,31.44
ULTRACEMCO,48.77,48.56
TCS,25.82,25.82
COFORGE,57.41,58.02
TEXINFRA,,
GULFPETRO,7.59,7.59
GUFICBIO,40.20,40.20
INDSWFTLTD,1.14,1.14
ASTRAMICRO,48.81,48.81
WELENT,17.20,17.20
NTPC,15.50,15.50
SALSTEEL,,
KOTARISUG,16.07,20.90
JBMA,52.72,52.72
DWARKESH,,
INDOCO,,
IMPEXFERRO,,
SUPRAJIT,40.19,40.19
PATELENG,9.55,9.33
XCHANGING,20.59,20.59
JSWSTEEL,70.71,65.56
CONSOFINVT,5.60,5.60
JINDALPHOT,46.32,46.32
JPPOWER,7.19,5.78
EVEREADY,27.26,27.26
GOKEX,40.19,40.19
SAKSOFT,18.89,18.89
ALLDIGI,16.30,19.56
IIFL,17.23,6.94
MANGALAM,11.74,11.74
SHOPERSTOP,166.25,149.19
WELCORP,25.34,25.07
SSWL,4.20,13.04
CYBERMEDIA,,
SHAHALLOYS,,
SURYALAXMI,64.50,25.22
JKPAPER,8.06,8.06
PRIMESECU,18.49,19.97
63MOONS,,
GRANULES,24.73,24.73
JSWHL,129.04,129.04
VHL,,
GEOJITFSL,9.20,9.20
GENUSPOWER,35.62,35.62
YESBANK,23.28,23.28
MSPL,71.83,71.97
NECLIFE,29.81,29.81
SPLIL,9.65,9.65
MCLEODRUSS,,
GOLDIAM,36.78,36.78
RML,,
HTMEDIA,,
SASKEN,36.63,36.63
FCSSOFT,173.58,46.70
IMPAL,14.17,14.17
SUZLON,64.98,63.49
AURIONPRO,41.60,41.60
RENUKA,,
BASML,,
TRIVENI,37.96,37.96
AIAENG,29.07,29.09
NAHARINDUS,19.00,17.74
ORIENTCER,34.90,34.90
EKC,13.09,12.84
VIMTALABS,38.45,38.45
KERNEX,225.88,225.88
PVRINOX,,
CELEBRITY,,
EDUCOMP,,
NITINSPIN,10.80,10.80
ROHLTD,23.88,23.88
ENIL,69.20,69.20
GSPL,7.67,7.83
JAGRAN,9.78,9.78
GVKPIL,0.88,10.61
RCOM,,
KEC,42.09,42.09
JKCEMENT,46.07,53.83
INDOTECH,31.06,31.06
M&MFIN,14.11,14.11
BLKASHYAP,19.21,20.89
VISASTEEL,,
NITCO,,
CENTURYPLY,70.81,68.77
KEI,46.76,46.74
SANWARIA,,
VAKRANGEE,205.44,195.60
SOLARINDS,77.77,77.77
GALLANTT,19.74,19.74
MALUPAPER,,
GANGOTRI,,
UTTAMSUGAR,11.49,11.49
SGL,,
KKCL,18.62,18.62
SUNTV,12.97,12.97
GPIL,14.54,14.55
RSYSTEMS,28.60,28.60
EMKAY,7.31,7.31
LOKESHMACH,48.79,48.79
BALPHARMA,17.62,17.62
SWELECTES,15.29,34.51
KAMDHENU,13.97,13.97
RATNAMANI,32.82,32.82
PIONEEREMB,21.79,21.79
JKLAKSHMI,31.25,31.25
PFOCUS,,
ALLCARGO,103.97,61.87
MUNJALAU,10.61,13.10
EMAMILTD,29.82,29.82
GMRAIRPORT,,
TECHM,37.37,37.46
GRINDWELL,46.50,46.50
RAMANEWS,,
VOLTAMP,28.74,28.74
LAKPRE,,
SELAN,11.48,11.48
ACE,35.34,35.34
ANANTRAJ,42.90,42.90
HOVS,14.35,14.35
BINANIIND,5.74,
TALBROAUTO,12.96,18.15
ALICON,19.24,19.24
GEECEE,13.15,13.15
MADHUCON,,
JMFINANCIL,,9.60
INFOMEDIA,,
FIEMIND,17.88,17.88
JHS,,
DCBBANK,5.61,5.61
GLOBALVECT,,
INSPIRISYS,12.61,12.61
SHYAMTEL,,
GTLINFRA,,
SHIVAMAUTO,,
NAUKRI,99.70,101.88
AARVEEDEN,19.83,19.83
GESHIP,4.42,4.42
TORNTPOWER,27.20,27.20
PARSVNATH,,
MANALIPETC,50.54,44.65
SUTLEJTEX,,
LTFOODS,20.92,20.92
DONEAR,11.31,11.31
RUCHIRA,5.88,5.88
SOBHA,214.90,214.93
VENUSREM,10.97,13.72
JINDRILL,21.79,21.79
HIRECT,44.31,44.31
NFL,23.09,23.09
PLASTIBLEN,13.72,13.72
PRAENG,,
PARACABLES,15.81,15.81
HBLENGINE,40.23,37.87
TANLA,10.95,10.95
AVTNPL,17.90,17.90
ZEEMEDIA,,
SITINET,,
VEEDOL,18.69,17.96
LUMAXTECH,17.49,17.49
SARLAPOLY,9.81,9.81
PTL,15.25,15.25
WANBURY,15.45,36.98
AUTOIND,14.01,12.61
GANDHITUBE,13.86,13.86
PITTIENG,28.01,28.01
NETWORK18,,
UNOMINDA,63.26,65.11
HUBTOWN,,
CTE,,
TIIL,22.16,21.56
ORIENTBELL,75.12,75.12
PGIL,29.27,29.35
REDINGTON,14.38,14.38
TTL,16.45,31.70
FSL,34.28,34.70
PFC,4.33,4.33
TFL,147.02,147.02
SMSPHARMA,25.28,25.28
INDIANB,6.54,6.54
ORIENTALTL,,
IDEA,,
PAGEIND,66.86,66.86
LAOPALA,24.17,24.17
RAJTV,,
AMDIND,73.62,73.62
JKTYRE,12.28,11.51
ASTRAL,63.68,63.68
EMBDL,,
NAHARSPING,,
NAHARPOLY,22.94,22.94
THEMISMED,38.00,38.00
NCLIND,19.54,17.07
BALAMINES,20.01,20.01
BANSWRAS,18.95,18.95
ICRA,32.13,32.13
DISHTV,,
PHOENIXLTD,41.51,41.94
AROGRANITE,,
NDLVENTURE,345.51,345.51
ZENITHSTL,11.97,11.97
BFUTILITIE,8.85,8.85
FORTIS,55.54,53.86
SRHHYPOLTD,9.54,9.13
ALPHAGEO,87.23,19.89
WEBELSOLAR,75.07,68.23
TGBHOTELS,,
HILTON,69.99,69.99
INSECTICID,12.66,12.67
KMSUGAR,7.81,7.81
NAVINFLUOR,77.71,77.71
TIMETECHNO,21.52,21.52
NAGREEKEXP,13.61,13.61
HGS,,
NELCAST,23.97,27.31
V2RETAIL,84.95,84.95
DLF,66.15,90.53
TARMAT,,76.55
SPARC,,
HDIL,,
ADSL,19.23,19.23
ALPA,8.55,8.56
OMAXE,,
CENTRALBK,9.92,9.92
ASIANTILES,,
TAKE,,
KPRMILL,36.29,36.29
CIEINDIA,17.72,17.72
PURVA,,
MOTILALOFS,10.50,10.50
INDOWIND,30.59,30.59
NAGREEKCAP,1.09,1.09
MAGNUM,9.43,14.44
KSCL,18.94,18.94
CENTUM,,
POWERGRID,15.98,15.98
SUPREMEINF,,
MANGCHEFER,12.87,12.87
MAANALU,24.57,24.57
IL&FSENGG,,
DELTACORP,14.84,19.92
BAJAJELEC,60.22,60.22
ENERGYDEV,,111.54
CERA,27.53,27.53
RELIGARE,36.55,252.10
BVCL,30.92,30.92
ADANIPORTS,24.28,23.11
EDELWEISS,13.82,13.82
RGL,17.08,17.08
KOLTEPATIL,164.09,164.09
KAUSHALYA,2.59,2.59
COLPAL,44.35,44.35
JYOTHYLAB,32.70,32.70
MADHAV,389.91,389.91
HITECHCORP,24.08,25.11
ECLERX,23.08,23.08
TARIL,71.49,71.49
BRIGADE,35.65,35.65
MANAKSIA,6.26,4.82
DVL,12.80,12.80
PATINTLOG,12.89,12.89
PPAP,,
ARIES,10.06,10.06
AMBIKCO,11.25,11.25
KAVVERITEL,38.32,38.32
CEATLTD,23.76,21.81
BIRLAMONEY,10.18,10.18
RPOWER,5.51,
JKIL,13.40,13.40
CORDSCABLE,15.42,15.42
KNRCON,4.33,4.28
HERCULES,18.01,18.01
ONMOBILE,,
SEPC,111.80,67.89
BANG,,
IRB,3.84,27.05
NMDC,8.82,8.79
GSS,15.73,15.73
NAHARCAP,12.13,12.13
RECLTD,6.95,6.95
VGUARD,48.83,48.83
DHANI,,
NESCO,15.67,15.67
DPSCLTD,66.46,66.46
TITAGARH,30.35,30.18
KIRIINDUS,,
BAJAJFINSV,17.71,17.71
BAJAJ-AUTO,26.03,26.03
DIGISPICE,21.77,40.71
GOKUL,42.28,42.28
RPGLIFE,44.07,40.12
ALMONDZ,43.94,43.94
RBL,11.25,11.00
RANEENGINE,48.74,20.37
ARCHIDPLY,,
LOTUSEYE,231.39,242.22
VINYLINDIA,17.89,17.89
UBL,116.93,113.27
LPDC,,
ZFCVINDIA,52.87,52.87
20MICRONS,10.88,10.75
JOCIL,52.81,52.81
ALKALI,,
COUNCODOS,77.75,77.75
TPHQ,20.65,20.65
FELDVR,,
MAWANASUG,3.43,8.39
HINDNATGLS,9.24,1.44
AJMERA,23.71,23.71
MHRIL,43.36,43.36
GKWLIMITED,,
VINATIORGA,41.00,41.00
EXCEL,41.13,41.13
ADANIPOWER,15.30,15.30
NHPC,25.28,25.28
GLOBUSSPR,149.43,149.43
OIL,8.42,8.43
EXPLEOSOL,13.86,13.86
RTNPOWER,0.45,38.50
AMRUTANJAN,34.61,34.61
SUNTECK,26.53,26.53
ZYDUSWELL,31.48,32.06
DEN,6.77,6.77
ASTEC,,
SHILPAMED,67.01,69.78
SARDAEN,28.59,28.56
REFEX,32.77,32.82
ARSHIYA,,
GILLANDERS,6872.97,
AHLUCONT,15.43,27.85
DLINKINDIA,13.77,13.77
JSWENERGY,48.83,48.83
GODREJPROP,38.72,38.72
DBCORP,8.73,8.73
HINDCOPPER,51.77,51.77
BEARDSELL,12.27,12.27
MMTC,73.43,69.71
NESTLEIND,63.92,66.83
TRF,12.58,12.58
WHIRLPOOL,36.65,35.15
UNITEDTEA,10.93,10.93
MBLINFRA,2.02,
JUBLFOOD,104.71,175.49
VASCONEQ,7.02,15.79
THANGAMAYL,46.28,46.28
EMMBI,17.44,17.44
DBREALTY,,
HATHWAY,30.66,30.23
ORIENTLTD,,
TEXMOPIPES,26.69,9.69
MANINFRA,17.03,17.03
IL&FSTRANS,,
LGBBROSLTD,13.35,13.87
PERSISTENT,61.02,61.02
ASIANHOTNR,,
ISFT,12.02,12.02
GOENKA,,
KIRLOSBROS,29.58,29.25
TARAPUR,3.30,4.16
KSL,17.97,17.97
SJVN,33.80,36.91
SUNDARAM,,
KIRLOSIND,12.17,11.54
MANAPPURAM,9.00,9.00
UMESLTD,103.67,103.67
TI,24.52,23.49
HMVL,14.25,14.25
IMFA,8.30,8.30
BLISSGVS,17.24,7.39
EMAMIREAL,,
AHLEAST,8.62,8.62
IITL,14.32,14.85
BAJAJCON,16.57,16.57
UGARSUGAR,,
PRAKASHSTL,3.14,85.42
GPPL,18.45,16.93
ADFFOODS,32.02,32.02
WELINV,79.78,79.78
KILITCH,28.65,28.65
ORISSAMINE,629.25,629.25
DEEPAKNTR,36.01,39.18
SASTASUNDR,,8.86
CAREERP,11.00,11.00
EROSMEDIA,,
GREENPOWER,54.73,53.33
RAMKY,11.89,11.89
CANTABIL,32.06,32.60
WABAG,30.98,30.57
ASHOKA,3.06,3.22
BEDMUTHA,17.84,17.84
JWL,31.57,31.57
OBEROIRLTY,21.51,21.51
PRESTIGE,59.10,59.10
SHAH,5.98,33.20
CGCL,34.11,34.11
RESPONIND,26.28,26.28
COALINDIA,7.00,7.00
IOLCP,18.60,18.60
GRAVITA,40.66,40.66
JINDWORLD,73.47,73.47
PENIND,21.13,21.13
RPPINFRA,7.45,7.45
JAMNAAUTO,15.39,15.39
MOIL,18.34,18.34
ZEELEARN,1.17,5.32
A2ZINFRA,25.53,
KIRLOSENG,19.59,20.58
RKDL,39.49,39.49
PSB,31.29,31.29
FMNL,1.19,9.23
SURANASOL,258.84,258.84
SHEKHAWATI,0.50,5.32
BFINVEST,,
KICL,21.99,29.15
SUMMITSEC,19.51,17.56
STEL,47.82,47.82
OMKARCHEM,,
HINDMOTORS,14.14,14.14
TEXRAIL,23.84,23.84
HFCL,30.73,30.73
INDTERRAIN,,
DHUNINV,9.49,9.52
LOVABLE,,
PFS,11.14,11.14
MUTHOOTFIN,18.06,18.06
VADILALIND,24.57,24.57
SYMPHONY,44.18,33.75
PIIND,30.22,30.22
RELAXO,56.72,56.72
OMINFRAL,44.34,44.34
VSTTILLERS,23.82,23.90
ESTER,,
DELPHIFX,103.97,10.50
KARMAENG,,
ASHIANA,197.40,149.67
DHANUKA,19.26,19.26
MAITHANALL,3.15,3.15
RUSHIL,13.80,13.80
BGLOBAL,,
INVENTURE,12.73,11.72
ELGIRUBCO,26.29,
LTF,13.66,13.66
WINDMACHIN,,
YAARI,,
BODALCHEM,126.13,104.54
GAYAPROJ,,
WINSOME,,
TREEHOUSE,,
ASAHISONG,35.96,35.44
FILATEX,12.42,12.42
BROOKS,130.90,130.90
TDPOWERSYS,35.30,35.30
TECHIN,,
APLLTD,26.82,27.27
VASWANI,11.39,11.39
PGEL,109.42,109.42
PANAMAPET,10.99,10.99
SETUINFRA,,
TIJARIA,,
PAISALO,16.47,16.50
ONELIFECAP,,
SHAKTIPUMP,28.24,28.24
TRITURBINE,47.65,47.65
INDOTHAI,152.90,152.90
ESSARSHPNG,0.84,54.58
DSSL,18.25,18.25
JISLDVREQS,1.46,1.46
POLYMED,71.87,71.87
RUPA,18.06,17.44
VIKASECO,28.11,28.11
APLAPOLLO,61.74,61.74
KANANIIND,41.21,41.21
MINDACORP,46.11,46.11
THOMASCOTT,29.10,29.10
DBSTOCKBRO,17.40,17.40
IRFC,23.74,23.74
COMPUSOFT,175.66,175.66
RHIM,,29.79
SCHNEIDER,66.66,71.09
NDL,9.15,9.15
NBCC,40.79,36.08
MTEDUCARE,,
HEXATRADEX,,
TBZ,14.75,14.75
VSSL,14.25,14.25
SWANENERGY,12.98,12.98
SPECIALITY,25.61,25.61
CINELINE,,
SAMPANN,,
RTNINDIA,14.83,14.83
PROZONER,,
MORARJEE,,
THEJO,36.01,36.01
KITEX,25.79,25.79
MAYURUNIQ,14.14,14.14
ROSSELLIND,9.83,9.77
DUCON,13.09,13.09
TVSHLTD,7.31,7.31
ZUARI,4.44,4.44
VETO,10.77,10.77
CARERATING,26.54,26.54
PCJEWELLER,21.64,21.64
INDUSTOWER,8.72,8.72
VMART,,
ANKITMETAL,,
REPCOHOME,4.62,4.62
NIBL,,
VIVIDHA,,
JUSTDIAL,12.90,12.90
CEREBRAINT,,
ATULAUTO,66.43,66.43
FCONSUMER,,
ORIENTCEM,60.94,60.94
ABFRL,,
SAMMAANCAP,,
ESSENTIA,24.86,24.86
FLFL,,
PILITA,59.66,59.66
LYPSAGEMS,,
MITCON,11.38,11.38
ORBTEXP,10.99,10.99
JPOLYINVST,19.69,19.69
SREEL,23.30,23.30
NATHBIOGEN,6.96,7.09
AGRITECH,145.36,145.36
SECURKLOUD,,
SANCO,,
CASTROLIND,25.18,25.18
SDBL,24.97,24.97
IREDA,24.20,24.20
BUTTERFLY,265.60,184.17
WONDERLA,33.17,33.17
AGARIND,11.71,11.71
HATSUN,69.28,69.28
CAPLIPOINT,27.18,27.19
GOCLCORP,9.45,8.69
GULFOILLUB,16.95,16.95
SNOWMAN,183.01,183.01
SHARDACROP,20.25,20.25
SUPERHOUSE,14.39,30.07
SHEMAROO,,
CIGNITITEC,23.90,23.48
PDSL,26.40,26.87
INTELLECT,33.31,33.33
MONTECARLO,15.62,15.62
GOODLUCK,12.71,12.71
FCL,20.72,20.72
DTIL,,
CAMLINFINE,,
GULPOLY,40.03,40.03
APOLSINHOT,44.69,44.69
CCHHL,184.94,184.94
LAMBODHARA,15.09,15.09
GRPLTD,62.43,57.42
GENUSPAPER,136.11,136.11
MOLDTKPAC,22.76,22.76
GREENLAM,59.37,59.37
VISHNU,26.02,26.02
GANECOS,33.34,33.34
LINC,15.63,15.63
MENONBE,21.02,21.02
HESTERBIO,39.88,39.88
JMA,6.88,6.88
ORTEL,,
MANAKALUCO,23.71,23.71
MANAKSTEEL,31.80,27.16
MANAKCOAT,35.53,37.62
ZENTEC,50.12,50.55
IMAGICAA,49.31,44.22
INOXWIND,72.88,66.52
LFIC,5.94,5.94
BYKE,50.84,50.84
AVANTIFEED,23.72,23.72
VRLLOG,30.94,30.94
MEP,,
PRIVISCL,38.34,38.34
UFO,17.42,17.89
TPLPLASTEH,23.72,23.72
NILAINFRA,15.83,15.83
ARROWGREEN,12.41,12.41
PNCINFRA,5.81,5.81
SKIPPER,34.67,34.67
ALANKIT,17.62,17.62
ORICONENT,108.74,102.85
SHYAMCENT,,
BALKRISHNA,,
ADANIENSOL,162.06,42.68
SYNGENE,54.19,57.15
AYMSYNTEX,35.12,56.18
EMKAYTOOLS,3.53,3.53
KAYA,,
RAMASTEEL,64.40,64.40
AURUM,,
PKTEA,28.37,28.37
MUTHOOTCAP,8.15,8.15
SATIN,5.16,5.16
ARVSMART,25.14,25.14
POWERMECH,21.22,21.19
SHARDAMOTR,13.36,13.36
NAVKARCORP,,
SHREEPUSHK,16.38,16.38
GUJGASLTD,20.55,21.29
SADBHIN,,
IDFCFIRSTB,20.10,20.10
COFFEEDAY,,12.40
INDIGO,30.35,30.35
SHK,367.90,15.56
PERFECT,23.87,23.87
BALAXI,13.87,14.41
LUXIND,21.56,21.56
TTKHLTCARE,18.79,22.97
UMANGDAIRY,28.89,28.89
SALZERELEC,22.04,22.04
PILANIINVS,23.66,23.66
KRIDHANINF,1.03,125.96
LINCOLN,11.66,11.66
LALPATHLAB,50.32,50.32
ALKEM,26.22,26.10
NH,41.13,41.13
OCCL,8.53,8.53
PRECAM,87.41,101.63
TEAMLEASE,34.13,34.13
QUICKHEAL,68.96,68.96
HITECH,30.88,30.88
VIDHIING,53.29,53.29
BHAGERIA,21.47,21.47
NECCLTD,17.58,17.58
KELLTONTEC,11.97,11.97
SEQUENT,141.74,151.64
GOKULAGRO,12.39,12.39
SIMBHALS,6.36,6.36
KDDL,25.09,25.07
PDMJEPAPER,7.91,7.91
HCG,107.48,112.44
HECPROJECT,25.48,25.48
WEALTH,17.71,17.33
BHARATWIRE,15.24,15.24
INFIBEAM,21.59,21.59
PALREDTEC,,
THYROCARE,35.33,35.28
CROMPTON,43.21,43.21
SAGARDEEP,44.49,44.49
PARAGMILK,17.17,17.17
SHRIPISTON,16.13,16.13
UNITEDPOLY,23.74,23.74
ARMANFIN,13.05,13.05
ALBERTDAVD,11.24,11.24
BLS,28.91,28.91
ASPINWALL,10.59,10.59
NAGAFERT,0.15,0.15
SALONA,17.49,17.49
PREMEXPLN,52.76,52.76
CONTROLPR,21.67,21.67
INCREDIBLE,15.51,15.51
SETCO,,
DAMODARIND,17.64,17.64
MGL,12.39,12.39
MOLDTECH,15.69,15.69
POKARNA,24.58,24.58
COMPINFO,0.48,0.48
VIJIFIN,,
GPTINFRA,17.74,17.74
QUESS,23.38,22.88
GROBTEA,6.11,6.11
SOMICONVEY,30.77,30.77
LLOYDSENGG,57.99,57.99
LTIM,28.24,28.24
GATECH,16.11,16.11
MINDTECK,18.03,17.11
ADVENZYMES,21.72,20.23
DBL,11.25,19.84
SPAL,18.22,18.22
NDGL,32.30,31.16
RBLBANK,9.43,9.43
BIGBLOC,70.64,70.64
MBAPL,59.58,59.58
CUPID,17.54,17.54
LTTS,36.39,36.39
GNA,13.76,13.76
CROWN,9.80,31.17
ICICIPRULI,81.42,81.42
MARATHON,12.66,12.66
HPL,33.92,33.92
JAIPURKURT,13.15,13.15
SAKAR,34.88,34.76
ARTNIRMAN,77.21,77.21
ENDURANCE,33.62,33.62
GICL,84.12,84.12
MAZDA,15.58,15.58
PNBHOUSING,11.41,11.41
VBL,65.08,65.08
KINGFA,23.16,23.16
AGROPHOS,814.92,814.92
PODDARMENT,11.67,11.67
ROLLT,,
NBIFIN,80.89,80.89
CMICABLES,,
KIOCL,,
JETFREIGHT,8.50,8.51
SFL,53.01,90.33
HEADSUP,,
TCIEXP,24.75,24.75
LAURUSLABS,160.06,160.06
TERASOFT,29.01,28.92
ITDC,66.72,66.65
HISARMETAL,26.70,26.70
RHFL,8.03,
LIBAS,5.30,5.30
PROLIFE,11.10,11.10
SPCENET,44.82,44.82
CAPTRUST,98.75,98.75
MAHESHWARI,12.10,12.10
BHANDARI,16.24,16.24
BSE,63.54,63.54
MCL,16.35,16.35
PRICOLLTD,29.64,29.64
STEELCITY,8.44,8.44
JITFINFRA,25.09,44.59
KRISHANA,22.93,22.93
GLOBAL,8.71,8.71
NITIRAJ,28.69,28.69
SANGINITA,281.68,281.68
AKASH,26.24,26.24
RADIOCITY,44.75,44.75
DMART,91.52,91.52
TASTYBITE,97.15,97.15
INTENTECH,13.29,13.29
AIRAN,12.12,12.12
AKSHARCHEM,,
ARIHANTSUP,22.72,22.72
LAXMICOT,183.09,218.93
CLEDUCATE,54.63,50.33
EIFFL,150.86,150.86
NRAIL,9.84,9.84
SHANKARA,15.88,15.88
NACLIND,,
PODDARHOUS,,
APCL,,
CREATIVE,16.33,16.33
WIPL,83.12,83.12
FOCUS,17.69,17.69
DEVIT,14.17,14.17
ASLIND,,1815.40
SIKKO,28.83,28.83
MKPL,18.32,18.32
DOLLAR,21.32,21.46
PANACHE,112.47,48.44
INFOBEAN,20.45,20.45
SCHAND,13.07,13.07
ZOTA,,
BHAGYANGR,19.53,19.53
PSPPROJECT,36.82,36.82
STARCEMENT,63.04,63.04
GLOBE,10.02,10.91
TEJASNET,17.20,17.20
ERIS,48.81,48.81
CDSL,40.10,40.10
GTPL,22.75,22.75
AUBANK,18.56,17.99
ACEINTEG,37.47,37.47
SHRENIK,,
DYNPRO,20.47,20.47
STEELXIND,22.12,22.12
SALASAR,27.51,27.51
UNIVASTU,0.00,0.00
AVADHSUGAR,10.96,10.96
PALASHSECU,,
MAGADSUGAR,8.51,8.51
GANGESSECU,24.28,24.28
THEINVEST,21.98,21.98
SHANTI,,
TOTAL,47.09,47.09
GTECJAINX,,
OPTIEMUS,58.72,58.72
WEWIN,26.72,26.72
SIS,21.35,21.35
COCHINSHIP,42.66,42.66
SMSLIFE,14.55,14.55
VAISHALI,314.58,314.58
LEXUS,,
GEEKAYWIRE,10.19,10.19
SERVOTECH,90.15,90.15
ABCAPITAL,12.26,12.26
APEX,454.15,454.15
PASHUPATI,181.40,181.40
BRNL,2.57,2.57
MANAV,12.03,12.03
DIXON,92.74,117.26
DCAL,,
LASA,,
MATRIMONY,22.97,22.97
CHOLAHLDNG,6.52,6.52
CAPACITE,14.93,14.93
ICICIGI,68.73,68.73
WORTH,11.96,11.96
MPTODAY,5.10,5.12
SBILIFE,59.62,59.62
RMDRIP,124.60,124.60
DPWIRES,11.75,11.75
AARVI,15.08,15.08
DIAMONDYD,,179.88
TIRUPATI,68.03,68.03
AIROLAM,81.34,81.34
RKEC,6.63,6.63
GATECHDVR,3.59,3.59
GOLDSTAR,71.19,71.19
JASH,40.47,40.44
CMMIPL,,
BETA,41.17,41.17
OMFURN,24.07,24.07
GODREJAGRO,39.68,39.68
TCPLPACK,30.32,30.32
MILTON,88.13,88.13
MASFIN,14.60,14.60
IEX,36.61,36.61
DPABHUSHAN,29.01,29.01
GICRE,9.14,9.14
TIINDIA,47.07,46.87
NAM-INDIA,25.81,25.81
MAHLOG,,
NIACL,23.32,23.32
SECURCRED,1.61,1.61
IFGLEXPOR,25.75,25.75
KHADIM,103.94,103.94
5PAISA,15.43,15.43
HDFCLIFE,77.61,77.61
AISL,16.97,16.97
PULZ,9.46,9.46
SILVERTUC,42.57,42.57
ZODIAC,35.29,35.29
FELIX,34.20,34.20
ICEMAKE,53.57,53.57
DNAMEDIA,0.43,
SHRADHA,11.84,11.84
SHALBY,72.70,72.70
FSC,,
TOUCHWOOD,17.01,17.01
ONEPOINT,39.07,39.07
SMVD,0.82,
SHIVATEX,21.45,21.45
ASTRON,,
AJOONI,38.38,38.38
MOKSH,12.03,12.03
BCONCEPTS,58.35,58.35
SILLYMONKS,39.87,39.87
APOLLO,63.06,63.06
NEWGEN,42.51,42.51
AMBER,87.32,87.32
PRAXIS,,
SOLEX,34.30,34.30
SRPL,,
GALAXYSURF,23.79,23.79
SINTERCOM,327.76,327.76
MHHL,9.99,9.99
SOUTHWEST,31.49,33.17
SHIVAMILLS,,
ARVEE,71.03,71.03
ASTERDM,69.67,66.03
BANKA,,
GMMPFAUDLR,41.05,41.05
HGINFRA,12.05,12.05
HINDCON,31.04,31.04
SARVESHWAR,28.99,28.99
UNIINFO,,
MACPOWER,24.31,24.31
TARACHAND,19.39,19.39
BDL,71.75,71.75
MDL,44.05,42.83
SUNDARMHLD,25.14,25.14
BANDHANBNK,8.98,8.98
HAL,26.56,26.58
URAVIDEF,256.72,256.72
MITTAL,32.36,39.73
SANDHAR,15.56,16.34
GIRIRAJ,64.80,64.80
ISEC,13.17,13.17
KAPSTON,28.66,28.66
CENTRUM,,
MIDHANI,47.83,47.83
CONTI,16.99,
LEMONTREE,46.54,46.54
AVG,7.90,11.77
MMP,18.36,18.36
NARMADA,16.75,16.75
PIGL,18.65,18.65
CHEMFAB,141.27,141.27
BSHSL,51.24,51.24
MAHICKRA,44.59,44.59
AAKASH,16.62,16.62
ORIENTELEC,68.87,68.87
E2E,97.74,97.74
INDOSTAR,39.71,39.71
BORORENEW,,
SIRCA,28.32,28.32
SUULD,,
SVLL,380.11,380.11
DIL,6.78,6.97
SONAMLTD,26.11,26.11
ADANIGREEN,92.81,79.73
OSWALSEEDS,,
PRITI,21.29,21.29
ACCURACY,9.46,9.46
SOLARA,,
GAYAHWS,,1.28
FINEORG,26.66,26.63
RITES,23.86,23.91
VARROC,63.52,31.07
GANGAFORGE,95.35,96.92
REPL,20.83,20.83
HBSL,,
AVROIND,50.83,50.83
HDFCAMC,33.90,33.90
UCL,,
CREDITACC,16.65,16.65
AARON,47.08,47.08
SIGIND,10.40,10.40
DANGEE,,
SUMIT,37.36,37.36
LAGNAM,14.80,14.80
RPPL,12.70,12.70
AKG,51.84,51.84
IRCON,18.32,18.32
AHLADA,8.60,8.60
SPECTRUM,116.15,116.15
RAJMET,,
AAVAS,26.85,26.85
KSHITIJPOL,,13.55
GRSE,38.79,38.79
PARIN,223.68,223.68
SILGO,17.66,17.66
BBTCL,,
MARINE,59.44,59.65
IRISDOREME,34.42,34.42
ATGL,101.35,101.35
TECHNOE,33.38,33.38
SHUBHLAXMI,14.21,14.21
UNIPARTS,14.56,14.56
SHRIRAMPPS,17.15,17.15
TREJHARA,19.09,737.04
NILASPACES,36.13,36.13
AWHCL,16.28,16.28
DALBHARAT,53.79,45.79
RPSGVENT,44.08,8.23
SPENCERS,,
SURANI,58.45,58.45
XELPMOC,,
CHALET,164.62,164.62
MSTCLTD,7.66,15.35
OSIAHYPER,13.03,13.03
MINDPOOL,158.47,158.47
ANUP,47.45,47.45
ARVINDFASN,33.05,33.05
PAR,7.56,7.56
RVNL,56.38,56.38
POLYCAB,40.49,40.49
METROPOLIS,53.87,53.87
KPITTECH,44.36,44.36
SWSOLAR,160.43,160.43
NEOGEN,89.80,89.80
VIKASLIFE,,
EMAMIPAP,10.79,10.79
VCL,,
CONFIPET,20.75,20.97
PPL,9.78,9.78
INDIAMART,22.65,22.65
ATMASTCO,33.02,33.02
OAL,21.98,21.98
SEYAIND,,
DCMNVL,53.30,155.93
SATIA,5.55,5.55
GFSTEELS,,
WEL,167.48,167.48
AFFLE,54.66,54.66
CHEMCON,27.43,27.43
SPANDANA,,
WESTLIFE,937.89,937.89
DOLATALGO,4.94,4.94
HNDFDS,60.77,60.77
UJJIVANSFB,7.02,7.02
MAZDOCK,35.84,35.84
IRCTC,44.53,44.80
SECL,115.91,115.91
SAFARI,65.01,65.01
DCI,21.56,21.56
360ONE,33.30,31.35
IIFLCAPS,7.90,7.90
HPIL,99.52,99.52
SAMHI,62.79,67.53
VISHWARAJ,,
FLUOROCHEM,92.72,92.72
GREENPANEL,38.38,38.38
KUANTUM,7.08,7.08
RBA,,
APOLLOPIPE,45.96,45.96
CHEMBOND,17.69,18.21
MGEL,16.14,14.71
ROUTE,15.83,16.11
SBICARD,39.23,39.23
HOMEFIRST,25.01,25.01
SIGMA,13.65,13.65
CSBBANK,8.63,8.63
EQUITASBNK,20.45,20.45
EASEMYTRIP,53.69,29.05
ROSSARI,24.83,24.83
HINDWAREAP,,
PRINCEPIPE,36.06,36.06
ESAFSFB,,
LIKHITHA,14.15,14.15
PARKHOTELS,39.92,39.92
ARTEMISMED,44.72,44.72
PATANJALI,54.37,54.37
SUMICHEM,47.22,47.22
LGHL,86.36,86.43
ATALREAL,32.44,32.44
ASALCBR,35.24,35.24
MAHEPC,124.79,121.33
UNIVPHOTO,6.65,6.65
ALOKINDS,,
BARBEQUE,,
BAFNAPH,44.31,40.91
SUVENPHAR,103.42,103.42
POWERINDIA,179.90,179.90
STOVEKRAFT,62.13,62.13
BHARTIHEXA,54.26,64.45
KSOLVES,20.38,20.38
RAJRATAN,23.45,23.45
HAPPSTMNDS,44.04,45.94
AARTISURF,37.55,73.71
GLAND,36.41,36.41
BOROLTD,56.23,56.23
NDRAUTO,41.33,41.33
MAXHEALTH,96.20,91.49
PAVNAIND,45.50,45.50
AAATECH,33.45,33.45
KALYANKJIL,66.48,66.48
MAXIND,,
BTML,28.03,28.03
SHAREINDIA,8.32,8.32
UNIDT,30.82,30.82
SIGACHI,17.48,17.48
ANGELONE,13.36,13.36
ADL,165.40,165.40
NIRAJ,18.00,16.93
VALIANTORG,,
CAMS,37.22,37.22
SURYODAY,5.01,5.01
ROML,43.84,43.84
UTIAMC,13.23,13.23
RAILTEL,33.52,31.68
HEMIPROP,,
BECTORFOOD,62.60,62.60
KHAICHEM,,
ORCHPHARMA,37.13,37.13
SUBEXLTD,,
NURECA,,
INDIGOPNTS,33.52,33.52
HERANBA,19.58,19.58
LXCHEM,34.41,34.41
TARC,,
RVHL,,
MTARTECH,85.82,85.82
FAIRCHEMOR,37.94,37.94
ANURAS,61.28,61.28
KANPRPLA,22.17,22.17
ISGEC,27.64,27.64
STYLAMIND,21.04,20.90
PAKKA,18.49,18.49
CLSEL,14.69,14.69
PARTYCRUS,13.75,13.75
CARYSIL,27.43,27.43
SHAILY,97.27,97.27
MODISONLTD,19.44,19.72
FIBERWEB,8.31,8.31
BCLIND,10.77,10.77
BHAGCHEM,171.70,171.70
SBCL,30.92,30.92
AADHARHFC,20.69,20.69
SMCGLOBAL,5.30,5.30
QMSMEDI,15.31,15.31
NPST,98.09,98.09
SVPGLOB,,
ARIHANTCAP,10.77,11.19
NAZARA,109.21,108.03
IPL,23.58,23.58
GENCON,12.97,12.97
LODHA,42.24,42.24
HLEGLAS,33.11,33.11
VMARCIND,18.09,18.09
SONACOMS,51.73,50.64
UTKARSHBNK,13.17,13.17
DRCSYSTEMS,18.48,18.48
PARAS,70.87,70.87
CRAFTSMAN,56.08,54.10
DODLA,26.28,26.28
EXXARO,,
JUBLINGREA,51.64,51.62
ROLEXRINGS,24.97,20.75
ORTINGLOBE,,
SHYAMMETL,25.09,25.09
KIMS,62.71,62.71
SUVIDHAA,,
JSFB,6.26,6.26
TATVA,104.60,104.60
CLEAN,49.09,49.09
ALIVUS,28.36,28.36
ABSLAMC,18.78,18.78
DEEPINDS,17.35,17.40
ZOMATO,296.48,296.48
CHEMPLASTS,,
BEWLTD,12.62,12.62
PIXTRANS,18.50,18.50
MEDIASSIST,31.01,31.01
WINDLAS,29.66,29.66
CARTRADE,62.04,62.04
KRSNAA,30.55,30.55
EQUIPPP,,
DEVYANI,,1358.65
APTUS,20.45,20.45
SUPRIYA,27.76,27.76
ANMOL,9.37,9.37
BMETRICS,13.94,13.94
ABCOTS,55.05,55.05
VIJAYA,76.83,76.83
AMIORG,72.92,72.78
IWEL,36.09,34.44
VINEETLAB,,
MOL,,
SANSERA,35.03,35.03
BAJAJHCARE,,48.03
PRITIKAUTO,12.58,12.58
AAREYDRUGS,16.80,16.80
GRINFRA,7.54,9.52
INTLCONV,5.11,5.11
DUGLOBAL,70.06,70.06
PAYTM,,
REXPIPES,15.13,15.08
STEELCAS,32.60,32.60
HPAL,21.14,21.14
UGROCAP,10.78,10.78
STARHEALTH,26.69,26.69
KPIGREEN,28.22,27.99
YUKEN,41.04,41.04
SGIL,37.75,37.75
ANANDRATHI,49.96,49.96
SJS,22.81,22.81
FINOPB,19.90,19.90
POLICYBZR,256.39,299.26
NYKAA,731.91,731.91
AWL,27.94,27.94
MONARCH,14.85,14.84
SAPPHIRE,568.39,332.14
DKEGL,9.50,9.50
QUADPRO,15.26,15.26
PRUDENT,43.92,43.92
EPIGRAL,22.09,22.09
NUVOCO,,
GOCOLORS,42.17,42.17
NGIL,,
TRACXN,,
CMSINFO,19.51,19.51
FUSION,,
COASTCORP,,
TARSONS,50.58,50.58
MEDPLUS,63.25,63.25
TEGA,47.13,47.13
RATEGAIN,25.07,25.07
MANORG,35.21,35.21
LATENTVIEW,42.85,42.85
METROBRAND,70.83,70.83
PVSL,29.41,29.41
MICEL,25.81,25.81
VIVO,,
PASUPTAC,14.01,14.01
FOODSIN,23.61,23.61
PARADEEP,17.98,17.98
JAINAM,29.15,29.15
MAPMYINDIA,62.80,62.80
ABMINTLLTD,281.59,281.59
3IINFOLTD,,
TMB,5.63,5.63
KRITI,148.93,148.93
DYNAMIC,14.32,14.36
DESTINY,33.36,33.36
MANYAVAR,45.26,45.26
GANESHBE,12.55,12.55
GVPTECH,54.92,54.92
DMCC,33.66,33.66
KOTYARK,14.20,14.20
MEDICAMEQ,79.43,79.43
EMIL,25.94,25.94
SHIVALIK,48.76,48.76
PRECISION,9.08,9.08
UMAEXPORTS,16.50,16.21
DATAPATTNS,51.20,51.20
JSLL,46.86,46.86
MEDANTA,62.48,62.48
MALLCOM,17.64,17.64
NIDAN,,8.63
ASIANENE,32.39,30.74
DIGJAMLMTD,,
SMLT,30.03,30.03
NRL,28.62,28.62
RADIANTCMS,11.96,11.96
GPTHEALTH,22.31,22.31
CHOICEIN,64.68,64.68
EUROBOND,23.35,23.35
SELMC,,
HARIOMPIPE,16.38,16.38
GRWRHITECH,29.72,29.72
CAPITALSFB,9.33,9.33
DELHIVERY,731.61,406.90
DCMSRIND,10.84,10.84
VERANDA,,
RAJRILTD,,
EMUDHRA,80.61,80.61
DYCL,24.16,24.16
FIVESTAR,19.08,19.08
STARTECK,22.58,22.58
VIRINCHI,33.84,33.84
SBC,34.52,34.52
DHRUV,28.81,28.81
ELDEHSG,23.50,23.50
RICHA,15.60,15.60
ELIN,35.21,35.21
SHIGAN,19.48,19.48
TIMESCAN,7.66,7.66
MADHAVBAUG,23.18,23.18
SEJALLTD,47.92,47.92
MHLXMIRU,14.20,14.20
LOYALTEX,,
RELCHEMQ,44.22,44.22
GATEWAY,4.69,12.18
SYRMA,46.94,46.41
ZIMLAB,25.54,25.54
UDAICEMENT,,
JTLIND,26.62,26.62
CAMPUS,62.52,62.52
RAINBOW,53.18,53.18
TBOTEK,59.47,60.39
VENUSPIPES,26.97,26.97
AETHER,106.89,62.94
ROTO,39.52,39.52
MEGASTAR,71.32,71.32
GSTL,23.28,23.28
INDOBORAX,11.94,11.94
LANDMARK,62.50,
RACE,72.59,72.59
AVONMORE,19.32,19.32
ETHOSLTD,65.19,65.19
DREAMFOLKS,16.61,16.61
AGSTRA,,
SONUINFRA,14.41,14.41
MSUMI,35.65,35.65
KNAGRI,16.37,16.37
LEMERITE,209.18,209.18
DHARMAJ,19.91,19.91
HARSHA,26.38,26.38
KRISHIVAL,39.06,39.06
OBCL,103.53,103.53
GMRP&UI,4.03,
KCK,155.25,155.25
LICI,10.95,10.95
INDOAMIN,14.47,14.47
KRISHNADEF,42.66,42.66
PROPEQUITY,17.03,17.03
TVSSCS,,
SWARAJ,13.85,13.85
AMEYA,18.89,18.89
INOXGREEN,129.32,129.32
FEDFINA,14.35,14.35
ACI,40.98,34.88
BIKAJI,63.26,63.26
RITCO,17.13,17.13
SADHNANIQ,170.66,170.66
SURAJEST,13.33,13.33
VEEKAYEM,25.82,25.82
SKP,350.10,350.10
RILINFRA,18.62,18.62
HARDWYN,45.07,45.07
CHEVIOT,9.54,9.54
MUKKA,16.02,16.02
HMAAGRO,20.13,20.13
MWL,15.17,15.17
MEDICO,49.44,49.44
CMRSL,9.04,7.30
KFINTECH,48.60,48.60
YATHARTH,27.48,27.48
DCXINDIA,47.76,47.76
YATRA,40.35,40.35
AKSHAR,,
ARISTO,13.75,13.75
KAYNES,107.43,107.43
SABAR,3.38,3.38
SWASTIK,29.98,29.98
AXITA,45.94,49.00
PLAZACABLE,135.01,135.01
SENCO,30.15,30.15
USASEEDS,14.27,14.27
TRU,11.43,11.43
RADHIKAJWE,16.49,16.49
TIPSFILMS,,
SPLPETRO,26.65,26.65
RAMRAT,30.10,30.10
VIVIANA,48.73,48.73
CSLFINANCE,7.92,7.92
AGNI,92.72,92.72
KORE,30.96,30.88
GOYALALUM,60.54,60.54
RUSTOMJEE,40.55,40.55
GENSOL,12.50,12.49
DBOL,42.93,36.12
KANDARP,64.20,64.20
GSLSU,,
SPORTKING,10.17,10.17
ALLETEC,30.29,30.29
AIIL,6.03,6.03
MANORAMA,71.93,71.93
ISHAN,29.29,27.53
ARABIAN,9.07,9.07
INNOVACAP,35.36,35.36
GRMOVER,26.41,26.41
SYNCOMF,36.79,36.79
CLOUD,1.33,1.33
BAHETI,39.66,39.66
SULA,29.66,29.66
SIGNATURE,183.86,183.86
ANNAPURNA,32.56,32.56
KRITINUT,10.92,10.92
MEGAFLEX,32.32,32.32
KALAMANDIR,19.22,19.22
VITAL,,
RAMAPHO,27.10,27.10
PPLPHARMA,,
TAPIFRUIT,,
AVALON,95.64,95.64
RITEZONE,6.73,6.73
CONCORDBIO,50.80,50.80
GODIGIT,76.81,76.81
GRCL,116.34,116.34
BAIDFIN,10.23,10.23
LLOYDS,,
PHANTOMFX,12.36,12.36
QUICKTOUCH,7.18,7.18
IPSL,34.68,34.68
BLUEJET,65.38,65.38
MVGJL,10.06,10.06
JIWANRAM,9.70,9.70
SCPL,16.26,16.26
SUKHJITS,12.14,12.14
ARHAM,24.42,24.42
FROG,22.75,22.75
MANKIND,43.68,43.68
SKYGOLD,43.31,43.31
BLAL,,
ARIHANTACA,31.76,31.76
SATINDLTD,11.94,11.92
DIVGIITTS,48.12,48.12
PRITIKA,76.41,76.41
USK,17.84,17.84
ANLON,31.23,31.23
MOTISONS,37.34,37.69
VELS,,
VERTEXPLUS,,
CMNL,30.75,30.20
SRIVASAVI,13.06,13.06
DIACABS,114.26,120.74
IKIO,36.11,36.11
MANOMAY,16.96,16.96
FAZE3Q,26.52,26.52
UMA,24.53,24.53
NSLNISP,,
RBMINFRA,14.84,14.84
LLOYDSME,38.57,38.57
AARTIPHARM,28.15,28.15
RHL,44.34,44.34
SAHYADRI,12.88,12.88
SAHANA,33.10,33.10
NINSYS,37.80,37.80
DUCOL,33.05,33.05
HOMESFY,15.07,14.73
SBFC,27.62,27.62
SBGLP,49.76,49.76
ASMS,151.07,173.81
HYBRIDFIN,10.23,9.57
SHERA,30.61,30.61
VIAZ,30.61,30.61
INDGN,32.73,32.92
ZAGGLE,58.47,58.47
GANDHAR,15.76,15.76
AGARWALFT,23.51,23.51
MCON,39.79,39.79
HONASA,86.13,86.13
RISHABH,44.72,44.72
IRMENERGY,18.28,18.28
SAH,310.67,310.67
DENEERS,17.87,17.87
JGCHEM,18.52,18.52
QFIL,14.37,14.37
CYIENTDLM,52.05,52.05
AGUL,10.96,10.96
NIRMAN,13.72,13.72
AKI,32.20,44.59
YCCL,89.55,89.55
RPTECH,8.67,9.06
LORDSCHLO,95.24,95.24
SYSTANGO,15.95,15.95
RATNAVEER,16.47,16.47
MOS,52.36,52.36
SECMARK,43.84,43.84
AUROIMPEX,11.12,11.12
SOTAC,29.90,29.29
SPECTSTM,23.70,23.70
ATAM,13.34,13.34
IDEAFORGE,,
CRAYONS,8.11,8.11
INFOLLION,38.68,38.68
URBAN,12.74,12.74
INFINIUM,34.17,34.17
AARTECH,36.79,36.79
POCL,26.09,26.09
KRISHCA,22.27,22.27
ESFL,107.33,107.33
AATMAJ,,
TATATECH,39.54,39.54
REMUS,30.04,30.04
NOVAAGRI,14.13,14.13
REDTAPE,51.18,51.18
ASHOKAMET,4.11,4.11
SICALLOG,,
YUDIZ,,
PENTAGON,17.33,17.33
CELLPOINT,138.70,138.70
SEL,40.76,40.76
TRIDHYA,7.88,7.88
ACL,,
GREENCHEF,24.71,24.71
PROV,43.14,43.14
PTCIL,362.07,359.58
NETWEB,78.63,78.63
PYRAMID,18.30,18.30
MAGSON,36.21,36.21
AEROFLEX,41.73,41.73
EMSLIMITED,17.97,17.97
EFACTOR,12.05,12.05
GHCLTEXTIL,13.92,13.92
MONOPHARMA,15.86,15.86
VPRPL,17.37,17.37
UDS,16.60,16.60
DENTALKART,56.81,56.81
SYNOPTICS,13.07,13.07
CLSL,29.33,29.33
SSFL,29.81,29.81
KIRLPNU,36.15,35.04
DHTL,,
ATL,17.44,16.52
BALUFORGE,28.11,28.11
RRKABEL,37.31,37.32
COMMITTED,50.03,50.03
JSWINFRA,41.65,41.65
SANGANI,22.10,22.10
JLHL,51.64,52.09
SCILAL,47.21,47.21
SAHAJ,11.23,11.23
NUVAMA,21.18,21.18
GLOBALPET,74.84,74.84
YASHO,109.24,109.24
SERVICE,36.18,36.18
KEL,33.34,33.34
PRAMARA,24.16,24.16
NIITMTS,24.39,23.59
VINSYS,19.03,19.03
VALIANTLAB,,
ZEAL,10.38,10.38
ARVINDPORT,13.74,13.74
MARINETRAN,41.36,41.36
SINDHUTRAD,26.15,26.15
UNIHEALTH,19.51,19.51
ORIANA,21.52,21.52
ASKAUTOLTD,34.80,34.80
CHAVDA,14.77,14.77
ONDOOR,10.28,10.21
BAWEJA,14.08,14.08
TRANSTEEL,17.59,17.52
SANDUMA,15.51,15.51
VLEGOV,,304.24
PLADAINFO,6.35,6.35
OLIL,34.86,34.86
RBZJEWEL,16.29,16.29
KODYTECH,60.68,60.68
KARNIKA,50.20,50.20
AKANKSHA,208.62,208.62
SCML,14.05,14.05
SAAKSHI,26.73,26.73
MUFIN,59.43,57.95
MAL,12.26,12.26
HIGREEN,48.89,48.89
PLATIND,25.12,25.12
MUFTI,13.85,13.85
FLAIR,16.99,16.99
CELLECOR,48.46,48.46
MUTHOOTMF,6.92,6.92
SRGHFL,16.62,16.62
INDIFRA,37.85,37.85
JIOFIN,117.91,117.91
CPS,,
MADHUSUDAN,18.19,18.19
NEWJAISA,23.67,23.67
GOYALSALT,16.13,16.13
TICL,,
WOMANCART,37.09,37.09
RCDL,27.11,27.11
BLSE,25.92,25.92
HOLMARC,42.05,42.05
SHANTHALA,25.14,25.14
TREL,4.26,27.69
MARCO,23.25,23.25
DIAMINESQ,87.48,87.48
VISHNUINFR,17.24,17.24
KONTOR,28.12,28.12
RKSWAMY,31.06,31.06
MICROPRO,8.96,8.96
INSPIRE,,
EPACK,65.85,65.85
HAPPYFORGE,26.96,26.96
IBLFL,52.99,52.99
INDIASHLTR,25.11,25.11
CELLO,32.35,32.35
CANARYS,14.83,14.83
DIGIDRIVE,16.72,16.72
DOMS,82.29,82.29
MAITREYA,35.43,35.43
GLOSTERLTD,,
LANCORHOL,22.07,22.07
AMNPLST,27.51,27.51
SARTELE,33.57,33.57
VINYAS,136.73,136.73
SAIFL,7.84,7.84
JNKINDIA,46.83,46.83
INOXINDIA,43.05,44.22
GRAPHISAD,12.85,12.45
SHEETAL,37.24,37.24
ROXHITECH,5.39,5.39
JYOTICNC,75.51,73.83
BAJEL,101.77,83.10
EFORCE,,
DEEM,7.64,7.64
APS,45.78,45.78
ENTERO,51.28,51.28
TECHLABS,92.61,92.61
SIGNPOST,22.78,22.78
ROCKINGDCE,32.00,32.00
BABAFP,14.73,14.73
SUNCLAY,,
SHREEOSFM,13.38,13.38
PRESSTONIC,,
HRHNEXT,29.35,29.48
EXICOM,,
MEGATHERM,23.13,23.13
OWAIS,25.75,25.75
VR,62.49,62.02
KLL,12.76,12.76
ZENITHDRUG,9.68,9.79
SJLOGISTIC,20.24,20.24
PURVFLEXI,20.38,20.38
KTL,3.01,3.01
SRM,19.05,19.05
AZAD,105.97,105.97
KONSTELEC,10.07,10.07
JUNIPER,93.86,93.86
KRYSTAL,9.75,9.75
VSTL,19.48,19.48
FONEBOX,28.13,28.13
INM,22.69,22.52
ITALIANE,17.57,17.57
SUPREMEPWR,17.16,17.16
KCEIL,23.30,23.30
MAXESTATES,720.04,720.10
CGRAPHICS,27.19,27.19
ACCENTMIC,12.90,12.90
LAWSIKHO,27.14,27.14
SADHAV,13.17,13.17
MANDEEP,,
WTICAB,13.97,13.97
GOPAL,37.97,37.97
DAVANGERE,28.54,28.54
MAXPOSURE,27.44,27.44
UEL,1226.74,
ALPEXSOLAR,28.59,31.34
VHLTD,18.91,19.09
SONAMAC,11.33,11.33
BIRDYS,,
SIGNORIA,10.20,10.20
TCL,12.73,12.73
DELAPLEX,11.31,11.31
RULKA,13.38,13.38
NAMAN,11.43,11.42
SINCLAIR,27.07,27.07
BLUEPEBBLE,17.83,17.83
DCG,26.17,26.17
AWFIS,70.16,122.95
K2INFRA,8.72,8.72
RADIOWALLA,1.41,1.26
RBS,16.30,16.30
ESCONET,45.73,45.73
MVKAGRO,8.48,8.48
ENFUSE,96.55,96.55
FILATFASH,43.85,43.85
AVPINFRA,16.43,16.43
SILKFLEX,13.12,13.12
VISHWAS,21.01,21.01
TGL,19.83,19.83
TAC,106.25,106.25
EMMIL,15.73,15.90
YASHOPTICS,20.31,20.31
ALUWIND,22.65,22.68
PRLIND,14.94,15.17
IEML,18.13,18.13
ABSMARINE,30.32,30.32
WINSOL,41.16,41.16
HOACFOODS,95.69,95.69
SLONE,18.02,18.02
QUESTLAB,13.78,13.78
