SYMBOL,SERIES,SECURITY,HIGH/LOW,INDEX FLAG
21STCENMGM,BE,21ST CENTURY MGMT SERVICE,H
63MOONS,EQ,63 MOONS TECHNOLOGIES LTD,H
667GS2035,GS,GOI LOAN  6.67% 2035,H
955SCL25,ZU,SEC RE NCD 9.55% SR.IV,H
ABMINTLLTD,EQ,ABM INTERNATIONAL LTD,H
AEL120924A,N5,SEC RE NCD SR V,H
AGARWALFT,ST,AGARWAL FLOAT GLASS I LTD,H
AKI,BE,AKI INDIA LIMITED,H
AKSHAR,BE,AKSHAR SPINTEX LIMITED,H
ANSALAPI,BZ,ANSAL PROP & INFRA LTD,H
APEXECO,ST,APEX ECOTECH LIMITED,H
ARENTERP,EQ,RAJDARSHAN INDUSTRIES LTD,H
ARIHANTACA,SM,ARIHANT ACADEMY LIMITED,H
AROGRANITE,EQ,ARO GRANITE IND. LTD.,H
ARVINDPORT,ST,ARVIND PORT AND INFRA LTD,H
ASHAPURMIN,EQ,ASHAPURA MINECHEM LTD,H
ASIANHOTNR,BE,ASIAN HOTELS (NORTH) LTD,H
ASTRON,EQ,ASTRON PAPER BORD MIL LTD,H
ATLASCYCLE,BE,ATLAS CYCLE (HARYANA) LTD,H
ATMASTCO,SM,ATMASTCO LIMITED,H
AUSOMENT,EQ,AUSOM ENTERPRISE LIMITED,H
AVALON,EQ,AVALON TECHNOLOGIES LTD,H
AVG,BE,AVG LOGISTICS LIMITED,H
AVONMORE,BE,AVONMORE CAP&MGT SERV LTD,H
AXISCADES,BE,AXISCADES TECH LTD,H
AYMSYNTEX,EQ,AYM SYNTEX LIMITED,H
BALUFORGE,EQ,BALU FORGE INDUSTRIES LTD,H
BEWLTD,SM,BEW ENGINEERING LIMITED,H
BIRLAMONEY,BE,ADITYA BIRLA MONEY LTD,H
CEREBRAINT,BZ,CEREBRA INT TECH LTD,H
CINELINE,BE,CINELINE INDIA LIMITED,H
CMMIPL,SZ,CMM INFRAPROJECTS LIMITED,H
COFFEEDAY,BE,COFFEE DAY ENTERPRISE LTD,H
COMPINFO,BZ,COMPUAGE INFOCOM LTD,H
CPS,ST,C P S SHAPERS LIMITED,H
DBREALTY,EQ,VALOR ESTATE LIMITED,H
DCG,ST,DCG CABLES & WIRES LTD,H
DCI,EQ,DC INFOTECH AND COMUN LTD,H
DELTAMAGNT,BE,DELTA MANUFACTURING LTD,H
DESTINY,ST,DESTINY LOGISTICS & I LTD,H
DHANBANK,BE,DHANLAXMI BANK LIMITED,H
DHANLAXMI,ST,DHANLAXMI CROP SCIENCE L,H
DHTL,ST,DOCMODE HEALTH TECH LTD,H
DIVYADHAN,ST,DIVYADHAN RECYCLING IND L,H
DMCC,BE,DMCC SPECIALITY CHEMICALS,H
DYNAMIC,ST,DYNAMIC SRVCS & SEC LTD,H
E2E,EQ,E2E NETWORKS LIMITED,H
ELGIRUBCO,BE,ELGI RUBBER CO. LTD,H
EMAMIREAL,BE,EMAMI REALTY LIMITED,H
EMKAY,BE,EMKAY GLOBAL FIN SERV LTD,H
EMMIL,ST,ENERGY MISSION MACH IND L,H
ESFL,SM,ESSEN SPECIALITY FILMS L,H
EXICOM,EQ,EXICOM TELE SYSTEMS LTD,H
FEL,BZ,FUTURE ENTERPRISES LTD,H
FELDVR,BE,FUTURE ENTERPRISES LTD,H
FELIX,SM,FELIX INDUSTRIES LTD.,H
FICRF3GP,MF,FRANTEMAMC - FICRF3GP,H
FILATFASH,BE,FILATEX FASHIONS LIMITED,H
FOCUS,EQ,FOCUS LIGHTG & FIXTRS LTD,H
GATECHDVR,EQ,GACM TECHNOLOGIES LIMITED,H
GAYAHWS,BE,GAYATRI HIGHWAYS LIMITED,H
GLOBE,EQ,GLOBE TEXTILES (I) LTD.,H
GOLDTECH,EQ,AION-TECH SOLUTIONS LTD,H
GSTL,ST,GLOBESECURE TECHNO LTD,H
GVT&D,EQ,GE VERNOVA T&D INDIA LTD,H
HDIL,BZ,HOUSING DEV & INFRA LTD,H
HERCULES,EQ,HERCULES HOI. LTD.,H
HIRECT,EQ,HIND RECTIFIER LIMITED,H
HITECHGEAR,BE,THE HI-TECH GEARS LIMITED,H
HOVS,EQ,HOV SERVICES LTD,H
HYBRIDFIN,EQ,HYBRID FINANCIAL SERVICE,H
IEML,ST,INDIAN EMULSIFIERS LTD,H
IGIL,EQ,INTERNATIO GEMM INS (I) L,H
IL&FSENGG,BZ,IL&FS ENG AND CONS CO LTD,H
IL&FSTRANS,BZ,IL&FS TRANS NET LTD,H
INDIFRA,ST,INDIFRA LIMITED,H
INDOTECH,EQ,INDO TECH TRANSFORM LTD.,H
INDOUS,BE,INDO US BIOTECH LTD,H
INFOMEDIA,EQ,INFOMEDIA PRESS LIMITED,H
IWEL,EQ,INOX WIND ENERGY LIMITED,H
JAICORPLTD,EQ,JAI CORP LIMITED,H
JITFINFRA,BE,JITF INFRALOGISTICS LTD,H
JIWANRAM,ST,JIWANRAM SHEODUTTRA IND L,H
JNKINDIA,EQ,JNK INDIA LIMITED,H
JPASSOCIAT,BE,JAIPRAKASH ASSOCIATES LTD,H
JSWHL,EQ,JSW HOLDINGS LIMITED,H
K2INFRA,ST,K2 INFRAGEN LIMITED,H
KANDARP,SM,KANDARP DG SMART BPO LTD,H
KODYTECH,ST,KODY TECHNOLAB LIMITED,H
KONSTELEC,ST,KONSTELEC ENGINEERS LTD,H
KOTYARK,ST,KOTYARK INDUSTRIES LTD,H
KPIGREEN,EQ,KPI GREEN ENERGY LIMITED,H
KRISHNADEF,SM,KRISHNA DEF AND ALD IND L,H
KRITI,EQ,KRITI INDUSTRIES IND LTD,H
KTL,ST,KALAHRIDHAAN TRENDZ LTD,H
LOKESHMACH,BE,LOKESH MACHINES LTD,H
LPDC,BE,LANDMARK PR.DEV.CO.LTD,H
MAANALU,BE,MAAN ALUMINIUM LIMITED,H
MACPOWER,BE,MACPOWER CNC MACHINES LTD,H
MADHUCON,EQ,MADHUCON PROJECTS LTD.,H
MAFANG,EQ,MIRAEAMC - MAFANG,H
MAGADSUGAR,EQ,MAGADH SUGAR & ENERGY LTD,H
MAGSON,ST,MAGSON RETAIL AND DIST L,H
MAHEPC,BE,MAHINDRA EPC IRRIG LTD,H
MASTER,SM,MASTER COMPONENTS LIMITED,H
MCLEODRUSS,BE,MCLEOD RUSSEL INDIA LTD.,H
MEDIORG,SM,MEDICAMEN ORGANICS LTD,H
MIEL,ST,MANGLAM INFRA & ENG LTD,H
MKPL,EQ,M K PROTEINS LIMITED,H
MORARJEE,BZ,MORARJEE TEXTILES LIMITED,H
MTEDUCARE,BE,MT EDUCARE LTD,H
NAGREEKCAP,EQ,NAGREEKA CAP & INFR.LTD,H
NAMOEWASTE,SM,NAMO EWASTE MANAGEMENT L,H
NECLIFE,EQ,NECTAR LIFESCIENCES LTD.,H
NEWJAISA,ST,NEWJAISA TECHNOLOGIES LTD,H
NIBE,EQ,NIBE LIMITED,H
NILASPACES,BE,NILA SPACES LIMITED,H
NIRMAN,ST,NIRMAN AGRI GENTICS LTD,H
ONYX,ST,ONYX BIOTEC LIMITED,H
OPTIEMUS,EQ,OPTIEMUS INFRACOM LTD,H
ORBTEXP,BE,ORBIT EXPORTS LIMITED,H
ORIANA,SM,ORIANA POWER LIMITED,H
ORIENTTECH,EQ,ORIENT TECHNOLOGIES LTD,H
OSELDEVICE,ST,OSEL DEVICES LIMITED,H
OSIAHYPER,EQ,OSIA HYPER RETAIL LIMITED,H
OWAIS,ST,OWAIS METAL & MINERAL,H
PALREDTEC,BE,PALRED TECHNOLOGIES LTD,H
PANACHE,BE,PANACHE DIGILIFE LIMITED,H
PARASPETRO,EQ,PARAS PETROFILS LTD.,H
PARSVNATH,BE,PARSVNATH DEVELOPER LTD,H
PELATRO,ST,PELATRO LIMITED,H
PERFECT,ST,PERFECT INFRAENGINEER LTD,H
PIGL,BE,POWER INSTRUMENT (G) LTD,H
POCL,EQ,PONDY OXIDES & CHEM LTD,H
PRAMARA,SM,PRAMARA PROMOTIONS LTD,H
PRAXIS,EQ,PRAXIS HOME RETAIL LTD,H
PRECOT,EQ,PRECOT LIMITED,H
PREMIER,BE,PREMIER LIMITED,H
PTCIL,EQ,PTC INDUSTRIES LIMITED,H
PURVA,EQ,PURAVANKARA LIMITED,H
QUADPRO,SM,QUADPRO ITES LIMITED,H
RADAAN,BE,RADAAN MEDIAWORKS (I) LTD,H
RAMANEWS,BE,SHREE RAMA NEWSPRINT LTD,H
RBMINFRA,ST,RBM INFRACON LIMITED,H
REFRACTORY,ST,REFRACTORY SHAPES LIMITED,H
RHFL,BE,RELIANCE HOME FINANCE LTD,H
RNFI,ST,RNFI SERVICES LIMITED,H
ROCKINGDCE,SM,ROCKINGDEALS CIRCU ECO L,H
ROLLT,BE,ROLLATAINERS LIMITED,H
ROSSTECH,BE,ROSSELL TECHSYS LIMITED,H
RSSOFTWARE,BE,R. S. SOFTWARE (INDIA) LI,H
RVTH,BE,REVATHI EQUIPMENT INDIA L,H
S&SPOWER,EQ,S&S POWER SWITCHGEARS LTD,H
SANCO,BZ,SANCO INDUSTRIES LIMITED,H
SANWARIA,BZ,SANWARIA CONSUMER LIMITED,H
SATECH,ST,S A TECH SOFTWARE INDIA L,H
SDREAMS,ST,S D RETAIL LIMITED,H
SENCO,EQ,SENCO GOLD LIMITED,H
SEYAIND,BE,SEYA INDUSTRIES LIMITED,H
SHAKTIPUMP,BE,SHAKTI PUMPS (I) LTD,H
SHANTHALA,ST,SHANTHALA FMCG PRODUCTS L,H
SHEKHAWATI,BE,SHEKHAWATI INDUSTRIES LTD,H
SHRADHA,BE,SHRADHA INFRAPROJECTS LTD,H
SICALLOG,BE,SICAL LOGISTICS LIMITED,H
SIGNORIA,ST,SIGNORIA CREATION LIMITED,H
SIGNPOST,BE,SIGNPOST INDIA LIMITED,H
SIMBHALS,BE,SIMBHAOLI SUGARS LTD.,H
SITINET,BZ,SITI NETWORKS LIMITED,H
SLONE,ST,SLONE INFOSYSTEMS LIMITED,H
SMVD,SM,SMVD POLY PACK LIMITED,H
SOLARA,EQ,SOLARA ACTIVE PHA SCI LTD,H
SOLARAPP,E1,SOLAR ACT RS.3.50 PPD UP,H
SOTAC,SM,SOTAC PHARMACEUTICALS LTD,H
SPCENET,BE,SPACENET ENTERS IND LTD,H
SPCL,ST,SHIVALIC POWER CONTROL L,H
SPECTSTM,SM,SPECTRUM TALENT MGMT LTD,H
SUPERSPIN,EQ,SUPER SPINNING MILLS LTD,H
SUPREMEINF,BZ,SUPREME INFRA. LTD,H
SUPREMEPWR,ST,SUPREME POWER EQUIPMENT L,H
SUULD,BZ,SUUMAYA INDUSTRIES LTD,H
SVPGLOB,BE,SVP GLOBAL TEXTILES LTD,H
TAC,ST,TAC INFOSEC LIMITED,H
TARACHAND,BE,TARA CHAND INFRA SOLN LTD,H
TARAPUR,BE,TARAPUR TRANSFORMERS LTD,H
TARC,EQ,TARC LIMITED,H
TARIL,EQ,TRANS & RECTI. LTD,H
TBZ,EQ,TRIB BHIMJI ZAVERI LTD,H
TECHLABS,ST,TRIDENT TECHLABS LIMITED,H
TFL,BE,TRANSWARRANTY FIN. LTD.,H
TGL,ST,TEERTH GOPICON LIMITED,H
THESL,SM,THINKING HATS ENTER SOL L,H
TIL,EQ,TIL LTD,H
TNTELE,BE,TAMILNADU TELECOMMUNICATI,H
TRU,BE,TRUCAP FINANCE LIMITED,H
USHAFIN,ST,USHA FINANCIAL SERVICES L,H
VELS,ST,VELS FILM INTERNATIONAL L,H
VENTIVE,EQ,VENTIVE HOSPITALITY LTD,H
VIVIANA,ST,VIVIANA POWER TECH LTD,H
VLEGOV,BE,VL E GOV AND IT SOL LTD,H
WALCHANNAG,EQ,WALCHANDNAGAR INDUSTRIES,H
WEBELSOLAR,BE,WEBSOL ENERGY SYSTEM LTD,H
WINDMACHIN,EQ,WINDSOR MACHINES LIMITED,H
WINSOME,BZ,WINSOME YARNS LIMITED,H
WTICAB,ST,WISE TRAVEL INDIA LIMITED,H
YAARI,BE,YAARI DIGI INT SER LTD,H
ZAGGLE,EQ,ZAGGLE PREPA OCEAN SER L,H
ZENTEC,EQ,ZEN TECHNOLOGIES LIMITED,H
ZODIAC,EQ,ZODIAC ENERGY LIMITED,H
745AP38,SG,SDL AP 7.45% 2038,L
AGNI,ST,AGNI GREEN POWER LTD,L
AGSTRA,BE,AGS TRANSACT TECH LTD,L
AGUL,SM,A G UNIVERSAL LIMITED,L
ALPSINDUS,BE,ALPS INDUSTRIES LTD.,L
ANSALAPI,BZ,ANSAL PROP & INFRA LTD,L
AVPINFRA,ST,AVP INFRACON LIMITED,L
BBOX,EQ,BLACK BOX LIMITED,L
CALSOFTPP,X1,CALSOFT RS.2.50 PPD UP,L
CMMIPL,SZ,CMM INFRAPROJECTS LIMITED,L
COMPINFO,BZ,COMPUAGE INFOCOM LTD,L
DHRUV,BE,DHRUV CONSULTANCY SER LTD,L
DHTL,ST,DOCMODE HEALTH TECH LTD,L
ESFL,SM,ESSEN SPECIALITY FILMS L,L
FEL,BZ,FUTURE ENTERPRISES LTD,L
FLFL,BZ,FUT LIFESTYLE FASH LTD,L
FMNL,BE,FUTURE MKT NETWORKS LTD,L
FRESHARA,ST,FRESHARA AGRO EXPORTS LTD,L
GAYAPROJ,BZ,GAYATRI PROJECTS LTD,L
GICL,ST,GLOBE INTL CARRIERS LTD,L
GOENKA,BZ,GOENKA DIAMOND&JEWELS LTD,L
GTECJAINX,EQ,G-TEC JAINX EDUCATION LTD,L
GVKPIL,BE,GVK POW. & INFRA LTD.,L
HECPROJECT,EQ,HEC INFRA PROJECTS LTD,L
HOACFOODS,ST,HOAC FOODS INDIA LIMITED,L
HRHNEXT,ST,HRH NEXT SERVICES LIMITED,L
IITL,EQ,INDUSTRIAL INV TRUST LTD,L
INDOTHAI,BE,INDO THAI SEC LTD,L
ISHAN,SM,ISHAN INTERNATIONAL LTD,L
KAVVERITEL,BE,KAVVERI TEL. LTD.,L
KESORAMIND,BE,KESORAM INDUSTRIES LTD,L
KONTOR,SM,KONTOR SPACE LIMITED,L
LAKPRE,BZ,LAKSHMI PRE SCRE LTD,L
LPDC,BE,LANDMARK PR.DEV.CO.LTD,L
LRRPL,ST,LEAD REC AND RUB PROD LTD,L
MCON,ST,MCON RASAYAN INDIA LTD,L
MEP,BZ,MEP INFRA. DEVELOPERS LTD,L
MTEDUCARE,BE,MT EDUCARE LTD,L
NAMAN,ST,NAMAN IN-STORE (INDIA) L,L
NAVKARURB,BE,NAVKAR URBANSTRUCTURE LTD,L
NEELAM,SM,NEELAM LINENS & GAR (I) L,L
NITIRAJ,BE,NITIRAJ ENGINEERS LTD,L
PARSVNATH,BE,PARSVNATH DEVELOPER LTD,L
PERFECT,ST,PERFECT INFRAENGINEER LTD,L
PIGL,BE,POWER INSTRUMENT (G) LTD,L
PRABHA,BE,PRABHA ENERGY LIMITED,L
PRITIKA,ST,PRITIKA ENG COMPO LTD,L
RAJRILTD,BE,RAJ RAYON INDUSTRIES LTD,L
RAJTV,EQ,RAJ TV NETWORK LTD,L
REFEX,BE,REFEX INDUSTRIES LIMITED,L
REPL,BE,RUDRABHISHEK ENTERP LTD,L
RVHL,BE,RAVINDER HEIGHTS LIMITED,L
SAHAJ,ST,SAHAJ FASHIONS LIMITED,L
SANCO,BZ,SANCO INDUSTRIES LIMITED,L
SANWARIA,BZ,SANWARIA CONSUMER LIMITED,L
SATIPOLY,ST,SATI POLY PLAST LIMITED,L
SETUINFRA,BZ,SETUBANDHAN INFRA LTD,L
SHRADHA,BE,SHRADHA INFRAPROJECTS LTD,L
SIDDHIKA,ST,SIDDHIKA COATINGS LIMITED,L
SUMIT,EQ,SUMIT WOODS LIMITED,L
TCIFINANCE,BE,TCIFINANCELTD-ROLL SETT,L
TECHERA,ST,TECHERA ENGINEER (IND) L,L
TECHLABS,ST,TRIDENT TECHLABS LIMITED,L
TIJARIA,BE,TIJARIA POLYPIPES LTD,L
UWCSL,ST,ULTRA WIRING CONN SYS LTD,L
VERTEXPLUS,SM,VERTEXPLUS TECHNOLOGIES L,L
VIJIFIN,EQ,VIJI FINANCE LIMITED,L
VMARCIND,ST,V MARC INDIA LIMITED,L
WINSOME,BZ,WINSOME YARNS LIMITED,L
