GAIN_LOSS,SECURITY,CLOSE_PRIC,PREV_CL_PR,PERCENT_CG
 ,Nifty 50 Sec., , , 
 , , , , 
G,SBI LIFE INSURANCE CO LTD,      1546.40,      1498.35,3.21
G,OIL AND NATURAL GAS CORP.,       242.42,       235.59,2.9
G,NTPC LTD,       351.30,       341.75,2.79
G,BHARAT PETROLEUM CORP  LT,       279.66,       272.13,2.77
G,BAJAJ FINANCE LIMITED,      8916.10,      8679.65,2.72
G,COAL INDIA LTD,       405.40,       396.40,2.27
G,KOTAK MAHINDRA BANK LTD,      2079.00,      2035.65,2.13
G,NESTLE INDIA LIMITED,      2268.85,      2221.55,2.13
G,APOLLO HOSPITALS ENTER. L,      6611.55,      6474.35,2.12
G,SUN PHARMACEUTICAL IND L,      1784.50,      1750.25,1.96
G,LARSEN & TOUBRO LTD.,      3415.95,      3351.05,1.94
G,TATA MOTORS LIMITED,       702.95,       690.05,1.87
G,BAJAJ AUTO LIMITED,      8067.85,      7920.00,1.87
G,ICICI BANK LTD.,      1343.10,      1321.70,1.62
G,AXIS BANK LIMITED,      1070.15,      1054.35,1.5
G,EICHER MOTORS LTD,      5305.95,      5229.35,1.46
G,SHRIRAM FINANCE LIMITED,       676.80,       667.90,1.33
G,BHARTI AIRTEL LIMITED,      1725.80,      1705.25,1.21
G,DR. REDDY S LABORATORIES,      1200.15,      1187.20,1.09
G,ADANI ENTERPRISES LIMITED,      2362.80,      2339.30,1
G,POWER GRID CORP. LTD.,       283.10,       280.35,.98
G,ADANI PORT & SEZ LTD,      1188.80,      1177.45,.96
G,HERO MOTOCORP LIMITED,      3629.00,      3597.15,.89
G,JSW STEEL LIMITED,      1058.70,      1050.25,.8
G,CIPLA LTD,      1523.85,      1512.05,.78
G,HDFC LIFE INS CO LTD,       679.60,       674.35,.78
G,ASIAN PAINTS LIMITED,      2300.40,      2287.20,.58
G,RELIANCE INDUSTRIES LTD,      1276.35,      1269.15,.57
G,STATE BANK OF INDIA,       753.20,       749.55,.49
G,TATA CONSULTANCY SERV LT,      3578.10,      3563.15,.42
 , , , , 
L,HINDALCO  INDUSTRIES  LTD,       695.35,       705.95,-1.5
L,INFOSYS LIMITED,      1592.55,      1615.55,-1.42
L,WIPRO LTD,       264.30,       268.00,-1.38
L,TRENT LTD,      5150.05,      5221.55,-1.37
L,TATA STEEL LIMITED,       157.28,       159.04,-1.11
L,TITAN COMPANY LIMITED,      3162.70,      3193.10,-0.95
L,MAHINDRA & MAHINDRA LTD,      2801.85,      2828.10,-0.93
L,TATA CONSUMER PRODUCT LTD,       961.20,       965.85,-0.48
L,BHARAT ELECTRONICS LTD,       295.74,       297.05,-0.44
L,BRITANNIA INDUSTRIES LTD,      4814.00,      4831.10,-0.35
L,BAJAJ FINSERV LTD.,      1847.25,      1851.85,-0.25
L,TECH MAHINDRA LIMITED,      1409.25,      1410.55,-0.09
 , , , , 
 ,Nifty Next 50 Sec., , , 
 , , , , 
G,GAIL (INDIA) LTD,       175.05,       168.46,3.91
G,ADANI GREEN ENERGY LTD,       954.25,       923.40,3.34
G,NHPC LTD,        82.56,        80.04,3.15
G,CHOLAMANDALAM IN & FIN CO,      1538.50,      1493.20,3.03
G,TVS MOTOR COMPANY  LTD,      2413.85,      2346.80,2.86
G,UNION BANK OF INDIA,       122.52,       119.19,2.79
G,BHEL,       211.95,       206.54,2.62
G,TATA POWER CO LTD,       379.50,       370.35,2.47
G,PIDILITE INDUSTRIES LTD,      2825.50,      2759.10,2.41
G,BAJAJ HOLDINGS & INVS LTD,     12273.55,     11998.70,2.29
G,LTIMINDTREE LIMITED,      4520.25,      4421.15,2.24
G,ADANI ENERGY SOLUTION LTD,       831.70,       815.10,2.04
G,PUNJAB NATIONAL BANK,        93.14,        91.30,2.02
G,SAMVRDHNA MTHRSN INTL LTD,       131.34,       128.77,2
G,CANARA BANK,        87.54,        85.84,1.98
G,AMBUJA CEMENTS LTD,       514.50,       504.70,1.94
G,HINDUSTAN AERONAUTICS LTD,      3891.25,      3818.95,1.89
G,ADANI TOTAL GAS LIMITED,       630.70,       619.65,1.78
G,INDIAN OIL CORP LTD,       131.51,       129.21,1.78
G,DABUR INDIA LTD,       506.80,       499.00,1.56
G,LIFE INSURA CORP OF INDIA,       791.35,       779.50,1.52
G,ZOMATO LIMITED,       227.52,       224.47,1.36
G,POWER FIN CORP LTD.,       407.80,       402.35,1.35
G,SHREE CEMENT LIMITED,     28987.40,     28628.85,1.25
G,INDIAN RAIL TOUR CORP LTD,       722.20,       714.85,1.03
G,UNITED SPIRITS LIMITED,      1391.60,      1377.75,1.01
G,INFO EDGE (I) LTD,      6916.00,      6850.30,0.96
G,GODREJ CONSUMER PRODUCTS,      1111.95,      1101.50,0.95
G,INDIAN RAILWAY FIN CORP L,       129.66,       128.52,0.89
G,ICICI PRU LIFE INS CO LTD,       581.40,       578.20,0.55
 , , , , 
L,VARUN BEVERAGES LIMITED,       537.95,       548.75,-1.97
L,HAVELLS INDIA LIMITED,      1480.80,      1501.35,-1.37
L,JINDAL STEEL & POWER LTD,       914.30,       926.20,-1.28
L,JIO FIN SERVICES LTD,       229.12,       231.69,-1.11
L,MACROTECH DEVELOPERS LTD,      1180.75,      1193.75,-1.09
L,INTERGLOBE AVIATION LTD,      5044.05,      5086.75,-0.84
L,VEDANTA LIMITED,       467.30,       470.75,-0.73
L,BOSCH LIMITED,     27432.25,     27623.85,-0.69
L,JSW ENERGY LIMITED,       559.70,       562.90,-0.57
L,DIVI S LABORATORIES LTD,      5797.35,      5822.10,-0.43
L,TORRENT PHARMACEUTICALS L,      3223.10,      3230.75,-0.24
L,ICICI LOMBARD GIC LIMITED,      1723.20,      1724.75,-0.09
L,ABB INDIA LIMITED,      5457.50,      5460.70,-0.06
L,REC LIMITED,       428.95,       429.05,-0.02
 , , , , 
 ,OTHER SECURITIES, , , 
 , , , , 
G,SEC RE NCD SR V,      1032.00,       860.00,20
G,SEC RE NCD 9.55% SR.IV,       432.00,       360.00,20
G,AION-TECH SOLUTIONS LTD,        57.57,        47.98,19.99
G,BALU FORGE INDUSTRIES LTD,       601.75,       502.15,19.83
G,VALOR ESTATE LIMITED,       151.61,       127.00,19.38
G,NETWORK PEOPLE SRV TECH L,      2277.55,      1958.90,16.27
G,SML ISUZU LIMITED,      1651.90,      1431.00,15.44
G,MRPL,       135.53,       117.88,14.97
G,ARIHANT ACADEMY LIMITED,       298.80,       260.00,14.92
G,MAGADH SUGAR & ENERGY LTD,       656.85,       571.95,14.84
G,SURAJ ESTATE DEVELOPERS L,       336.55,       293.85,14.53
G,ARMAN FIN SERV LTD,      1433.00,      1251.30,14.52
G,ALEMBIC PHARMA LTD,       952.60,       834.70,14.12
G,IKIO LIGHTING LIMITED,       292.92,       257.93,13.57
G,RAMKRISHNA FORGINGS LTD,       843.90,       745.20,13.24
G,TEJAS NETWORKS LIMITED,       799.90,       710.50,12.58
G,SUPRIYA LIFESCIENCE LTD,       726.25,       645.85,12.45
G,SUNREST LIFESCIENCE LTD,        58.40,        52.00,12.31
G,HINDUSTAN CONSTRUCTION CO,        27.54,        24.58,12.04
G,INTEGRATED PERSO SER LTD,       344.95,       308.00,12
G,ARO GRANITE IND. LTD.,        39.42,        35.25,11.83
G,SHANKARA BLDG PRODUCT LTD,       601.55,       539.75,11.45
G,MANUGRAPH INDIA LIMITED,        19.86,        17.82,11.45
G,AJMERA REALTY & INF I LTD,       958.75,       861.45,11.29
G,SWARAJ SUITING LIMITED,       178.25,       160.50,11.06
G,JUPITER WAGONS LIMITED,       347.90,       313.50,10.97
G,GPT INFRAPROJECTS LTD,       112.26,       101.30,10.82
G,PAVNA INDUSTRIES LIMITED,       370.55,       335.60,10.41
G,MENON BEARINGS LIMITED,       100.86,        91.35,10.41
G,SUNDARAM FINANCE HOLD LTD,       322.48,       292.59,10.22
 , , , , 
L,SEC RE NCD 9.80% SR.V,       653.00,       816.10,-19.99
L,SEC RE NCD 9.71% SR.VIII,       760.10,       949.10,-19.91
L,UNSEC RED NCD 10.5% SR.VI,       923.50,      1138.00,-18.85
L,BOSS PACKAGING SOLU LTD,        41.00,        45.00,-8.89
L,TAX FREE7.35% SR.IIA,      1075.10,      1167.44,-7.91
L,ROCKINGDEALS CIRCU ECO L,       259.20,       279.55,-7.28
L,SALONA COTSPIN LTD.,       240.69,       259.19,-7.14
L,NEELAM LINENS & GAR (I) L,        21.30,        22.90,-6.99
L,AURIONPRO SOLN LTD,      1417.20,      1523.50,-6.98
L,PROVENTUS AGROCOM LIMITED,      1121.65,      1200.00,-6.53
L,SHREE TIRUPATI BALAJEE L,        50.94,        54.21,-6.03
L,UPSURGE SEEDS OF AGRI LTD,       139.15,       147.75,-5.82
L,DIENSTEN TECH LIMITED,       130.00,       138.00,-5.8
L,KEN ENTERPRISES LIMITED,        37.60,        39.75,-5.41
L,CMM INFRAPROJECTS LIMITED,         1.80,         1.90,-5.26
L,PEARL GLOBAL IND LIMITED,      1287.50,      1358.90,-5.25
L,RAYMOND LIFESTYLE LIMITED,      1082.80,      1141.55,-5.15
L,KHFM HOS FAC MANA SER LTD,        72.90,        76.85,-5.14
L,LEAD REC AND RUB PROD LTD,        57.85,        60.90,-5.01
L,HOAC FOODS INDIA LIMITED,       114.90,       120.95,-5
L,SIDDHIKA COATINGS LIMITED,       162.45,       171.00,-5
L,V MARC INDIA LIMITED,       245.80,       258.70,-4.99
L,ULTRA WIRING CONN SYS LTD,       173.40,       182.50,-4.99
L,PRITIKA ENG COMPO LTD,        79.10,        83.25,-4.98
L,VERTEXPLUS TECHNOLOGIES L,       123.90,       130.40,-4.98
L,CHETANA EDUCATION LIMITED,        89.00,        93.65,-4.97
L,GLOBE INTL CARRIERS LTD,        95.70,       100.70,-4.97
L,SKP BEARING INDUSTRI. LTD,       240.00,       252.50,-4.95
L,AMBER ENTERPRISES (I) LTD,      6890.55,      7248.50,-4.94
L,TBO TEK LIMITED,      1207.25,      1269.70,-4.92
