SECURITY,NEW,PREVIOUS,NEW_STATUS
PASHUPATI COTSPIN LIMITED,620,618.25,H
AXISCADES TECH LTD,963.4,959.95,H
BLUE JET HEALTHCARE LTD,968.3,955.45,H
INDEF MANUFACTURING LTD,275,268,H
ESPRIT STONES LIMITED,112.9,112,H
HP TELECOM INDIA LIMITED,114.9,113,H
SEC RE NCD 9% SR.IV,1078.65,1074.45,H
SUYOG TELEMATICS LIMITED,926,913,H
JAINAM FER ALLOYS (I) LTD,242.4,242,H
2.5%GOLDBONDS2029SR-III,8749,8742,H
CARTRADE TECH LIMITED,1889,1836.85,H
SUMIT WOODS LIMITED,112.49,110.49,H
2.50%GOLDBONDS2025 SR-XII,8925,8700,H
NATIONAL HIGHW INFRA TRUS,135,133.5,H
UNSEC RED NCD 10.00% SR.V,1190,1050,H
ASIAN HOTELS (NORTH) LTD,399.65,384.4,H
GOI TBILL 182D-07/08/25,97.54,97.53,H
ROYAL ARC ELECTRODES LTD,128,126,H
SEC RE NCD SR.V,1208.6,1208.2,H
MANAPPURAM FINANCE LTD,247.6,230.4,H
2.5%GOLDBONDS2029SR-I,8800,8760,H
ARIHANT ACADEMY LIMITED,312,264,H
SHRIRAM - LIQUIDSHRI,1044.4,1044.11,H
GOI TBILL 364D-18/04/25,99.56,99.36,H
GOI TBILL 364D-12/06/25,98.32,98.26,H
ITC HOTELS LIMITED,204.51,189.74,H
CHAMBAL FERTILIZERS LTD,598.55,591.35,H
2.50%GOLDBONDS2027SR-II,8798.99,8749.99,H
2.50%GOLDBONDS2028SR-X,8844,8775,H
MAXVOLT ENERGY INDUS L,174.25,174,H
ICICIPRAMC - CASHIETF,1002.17,1001.66,H
2.5%GOLDBONDS2029SR-VII,8779.99,8760,H
2.50%GOLDBONDS2028SR-VIII,9620,9051,H
2.50%GOLDBONDS2029SR-V,8844,8835,H
MIRAEAMC - SELECTIPO,43.8,42.08,H
BAHETI RECYCLING IND LTD,523,511.85,H
ANZEN IND ENE YLD PLU TRU,105.7,105.58,H
ICICI PRUDENTIAL GOLD ETF,77.33,77.1,H
ICICIPRAMC - ICICISILVE,101.85,101.8,H
INTERIORS & MORE LIMITED,393.9,383,H
UNSEC RED NCD SR. VI,1725,1723,H
POLYSIL IRRIGATION SYST L,21.65,21.25,H
JSW HOLDINGS LIMITED,22993.85,22500,H
WELSPUN CORP LIMITED,892.9,888.9,H
FRANTEMAMC - FICRF3GP,8.76,7.97,H
VENTIVE HOSPITALITY LTD,810.4,789,H
MOTILALAMC - MOCAPITAL,33.41,32.58,H
ONESOURCE SPECL PHARMA L,1705.95,1685,H
KOTAKMAMC - NIFTY100EW,30.4,30.25,H
COMMITTED CARGO CARE LTD,229.8,218.5,H
KODY TECHNOLAB LIMITED,907.25,864.05,H
2.50%GOLDBONDS2028SR-IX,8887.9,8865,H
SDL TN 7.52% 2033,101,99.75,H
GOI TBILL 364D-15/08/25,97.47,97.1,H
KARNIKA INDUSTRIES LTD,683,682,H
GOI TBILL 364D-23/05/25,98.64,97.25,H
OWAIS METAL & MINERAL,528.85,503.7,H
C2C ADVANCED SYSTEMS LTD,349.45,342.6,H
SAJ HOTELS LIMITED,75.9,74.9,H
PERFECT INFRAENGINEER LTD,9.3,9.65,L
SANCO INDUSTRIES LIMITED,2.44,2.57,L
CONS. CONST. CONSORT LTD,12.92,13.19,L
WINNY IMMIGRA & EDU SER L,255.5,260.7,L
AGS TRANSACT TECH LTD,10.7,10.74,L
INDIAN PHOSPHATE LIMITED,47.4,47.65,L
APEX ECOTECH LIMITED,81,82.5,L
TECIL CHEMICALS,19.9,20.04,L
NET AVENUE TECHNOLOGIES L,6.7,6.8,L
ON DOOR CONCEPTS LIMITED,166,260.7,L
PRABHA ENERGY LIMITED,190.37,200.39,L
SWELECT ENERGY SYS LTD,583.1,593,L
FUTURE ENTERPRISES LTD,3.6,3.68,L
UNIINFO TELECOM SERVI LTD,16.26,16.5,L
UNSEC RED NCD 10.00% SR.V,955,964,L
MARSHALL MACHINES LTD,13.89,14.18,L
NAMAN IN-STORE (INDIA) L,69.2,70,L
SAKUMA EXPORTS LIMITED,2.63,2.65,L
SITI NETWORKS LIMITED,0.54,0.55,L
DOCMODE HEALTH TECH LTD,37.7,39.6,L
DIVYADHAN RECYCLING IND L,36,36.65,L
CALSOFT RS.2.50 PPD UP,3.8,3.84,L
GIRIRAJ CIVIL DEVP LTD,293,297.5,L
YUDIZ SOLUTIONS LIMITED,32.35,33.45,L
NEELAM LINENS & GAR (I) L,20.65,22.6,L
KEN ENTERPRISES LIMITED,37.25,39.15,L
SEC RE NCD 10.75% SR II,972,990,L
ISHAN INTERNATIONAL LTD,1.05,1.1,L
IDENTICAL BRAINS STUDIO L,46.65,47.6,L
MEP INFRA. DEVELOPERS LTD,1.47,1.5,L
SEC RE NCD 9.80% SR.V,653,800,L
CP CAPITAL LIMITED,365.15,371,L
BEST AGROLIFE LIMITED,259.3,264.6,L
ABANS HOLDINGS LIMITED,176.4,177.38,L
PANSARI DEVELOPERS LTD,170,170.65,L
FUT LIFESTYLE FASH LTD,1.34,1.42,L
VINNY OVERSEAS LIMITED,1.32,1.35,L
BABA FOOD PROCESSING,44.05,44.15,L
FLEXITUFF VENTURES INT L,32.13,32.37,L
ROCKINGDEALS CIRCU ECO L,255,256,L
CEREBRA INT TECH LTD,4.41,4.51,L
DHRUV CONSULTANCY SER LTD,66.21,69.58,L
USHA FINANCIAL SERVICES L,53.5,55.25,L
GAJANAND INTERNATIONAL L,14,14.25,L
VADIVARHE SPCLTY CHEM LTD,27.35,27.45,L
GREENLAM INDUSTRIES LTD.,271.6,279.8,L
COMPUAGE INFOCOM LTD,1.55,1.64,L
ASPIRE & INNOVATIVE ADV L,30.05,30.65,L
SPP POLYMER LIMITED,19.3,19.75,L
ENSER COMMUNICATIONS LTD,21.8,22.25,L
JIWANRAM SHEODUTTRA IND L,6.5,6.65,L
VERTOZ LIMITED,8.68,8.86,L
DIGIKORE STUDIOS LIMITED,192.1,196,L
LORENZINI APPARELS LTD,12.6,12.82,L
MY MUDRA FINCORP LIMITED,55,55.8,L
NATURAL CAPSULES LIMITED,175.5,176.57,L
NEWMALAYALAM STEEL LTD,27.5,27.6,L
AURANGABAD DISTILLERY LTD,160.05,163.3,L
KAMDHENU VENTURES LIMITED,10.09,10.3,L
TBI CORN LIMITED,83.05,83.5,L
RITE ZONE CHEMCON IND LTD,21.9,22.1,L
REVATHI EQUIPMENT INDIA L,971.1,1731,L
COMMERCIAL SYN BAGS LTD,75.06,76.6,L
PRAXIS HOME RETAIL LTD,10.51,10.87,L
UPSURGE SEEDS OF AGRI LTD,134,146.5,L
MOXSH OVERSEAS EDUCON LTD,27.05,27.15,L
GACM TECHNOLOGIES LIMITED,0.63,0.64,L
BLUE PEBBLE LIMITED,180,183.55,L
TRUST FINTECH LIMITED,74.1,75.6,L
VIPUL LIMITED,10.87,11.1,L
ADITYA ULTRA STEEL LTD,27,27.5,L

