SYMBOL,SYMBOL P/E,ADJUSTED P/E
THERMAX,68.96,68.96
WHEELS,14.40,14.40
ZODIACLOTH,,
RIIL,122.88,122.88
PREMIERPOL,24.46,24.46
RAYMOND,20.69,20.30
RSWM,,
SHREDIGCEM,27.22,27.22
SESHAPAPER,12.97,12.97
SMLISUZU,17.11,17.11
SUPERSPIN,,
SUNDRMFAST,35.70,35.70
FACT,,499.20
EXIDEIND,37.87,37.87
EUROTEXIND,,
ELECON,26.23,26.23
CRISIL,47.22,47.22
LMW,142.40,142.40
ORIENTPPR,,
PEL,45.01,
NELCO,97.73,97.73
MASTEK,18.60,19.13
MAHSCOOTER,70.52,73.49
LUMAXIND,41.18,41.18
TRENT,102.82,144.36
KECL,66.35,282.11
CUMMINSIND,47.47,47.47
KCP,9.57,8.68
JAYBARMARU,29.58,29.58
JBCHEPHARM,39.65,39.65
INFY,24.23,24.23
INDIAGLYCO,20.21,20.21
IONEXCHANG,32.32,32.32
IFBIND,38.36,38.36
IGPL,13.72,13.72
HIMATSEIDE,21.27,21.27
GNFC,14.52,14.52
GFLLIMITED,,
BPCL,9.10,8.92
BHARATFORG,66.50,59.97
BASF,31.89,32.42
FORCEMOT,20.50,20.50
ATUL,40.33,40.33
ARVIND,27.01,27.01
ACC,13.67,15.04
TATAMOTORS,7.98,7.97
SCI,8.82,8.82
MRPL,25.77,25.55
LINDEINDIA,124.37,124.37
HINDPETRO,11.28,11.28
ESCORTS,31.47,31.47
RELINFRA,37.15,
BAJAJHLDNG,88.21,88.21
ASHOKLEY,20.01,20.29
ZUARIIND,,495.79
VOLTAS,57.79,57.79
TITAN,87.59,87.59
TATASTEEL,83.54,69.24
SUNDARMFIN,32.70,31.46
SPIC,19.68,13.28
VEDL,10.31,11.47
SBIN,8.28,8.28
RELIANCE,21.60,21.60
PFIZER,30.59,30.59
NOCIL,25.52,25.52
BOSCHLTD,40.26,40.28
DRREDDY,18.25,18.25
BATAINDIA,46.83,65.09
DEEPAKFERT,15.85,15.85
CHAMBLFERT,15.43,15.43
CARBORUNIV,51.01,60.32
MAHSEAMLES,12.60,12.60
HINDOILEXP,13.87,17.08
DICIND,30.64,31.57
COROMANDEL,34.63,34.63
BALMLAWRIE,16.06,16.06
WILLAMAGOR,,
VINDHYATEL,15.65,15.65
MOTOGENFIN,44.27,44.27
MARALOVER,,
ASIANPAINT,52.98,51.37
RAMCOCEM,53.73,110.99
INDIACEM,,
PGHL,37.30,35.95
ABREL,122.37,122.37
BEML,43.65,43.65
ADORWELD,27.86,25.21
CENTENKA,14.49,14.49
TATACHEM,,40.82
TORNTPHARM,58.72,58.72
VTL,14.28,14.28
ATFL,542.49,485.55
FEDERALBNK,11.27,11.27
EPL,24.53,23.47
VLSFINANCE,4.48,4.48
VIPIND,,
SUPREMEIND,49.65,49.65
SRF,77.36,77.36
BIRLACABLE,86.57,86.57
BALRAMCHIN,28.83,28.83
ANSALAPI,,
AEGISLOG,39.28,39.28
WEIZMANIND,20.84,20.84
UNITECH,,
UNICHEMLAB,,48.22
BBOX,32.77,25.31
HONAUT,56.31,56.31
JTEKTINDIA,35.28,35.51
SAURASHCEM,164.82,164.82
RANEHOLDIN,8.65,81.68
PRECOT,12.87,15.99
TATAELXSI,41.38,41.38
SUNPHARMA,36.56,35.45
KOHINOOR,,
OILCOUNTUB,,
SHREYANIND,5.25,5.25
SHALPAINTS,,
SANDESH,5.99,6.01
HCC,16.65,
BAJAJHIND,,
ASHIMASYN,3.99,3.99
APOLLOHOSP,70.64,70.64
ARE&M,18.76,20.29
ADANIENT,69.47,66.04
IVP,13.07,13.07
BALKRISIND,28.35,28.35
TIRUMALCHM,,
INDBANK,15.65,15.65
GINNIFILA,,133.04
EICHERMOT,37.15,37.15
RAJSREESUG,11.44,11.44
GVT&D,81.06,81.06
NEULANDLAB,49.98,62.65
ONGC,7.33,7.10
ITI,,
ZENSARTECH,23.75,23.75
TIL,7.88,165.62
TAINWALCHM,53.98,53.98
BERGEPAINT,54.58,54.58
BANARISUG,49.88,49.88
JINDALPOLY,11.57,19.59
ANIKINDS,,
KPIL,30.95,30.95
JYOTISTRUC,58.51,58.51
IGARASHI,62.29,62.29
BSL,17.79,17.79
BLUEDART,50.88,50.88
NKIND,866.98,866.98
JAYNECOIND,235.80,98.40
MUNJALSHOW,16.16,16.16
APCOTEXIND,31.66,31.66
SOTL,23.57,23.57
HSCL,40.89,40.89
RCF,25.53,27.15
RANASUG,9.69,9.69
KARURVYSYA,8.70,8.70
DECCANCE,418.17,73.31
ARENTERP,20.89,20.89
TECILCHEM,,
WSI,933.03,203.03
UFLEX,,7.44
TATAPOWER,33.93,32.72
ADVANIHOTR,22.40,22.40
THOMASCOOK,25.36,25.03
SUNFLAG,26.35,26.35
SUBROS,27.88,27.88
SPMLINFRA,36.57,38.46
SIMPLEXINF,12.33,12.33
SIEMENS,71.58,71.58
BHARATRAS,27.71,27.72
WIPRO,22.43,22.43
VSTIND,14.05,18.81
JUBLPHARMA,23.09,18.89
UNIVCABLES,36.45,36.45
UCAL,,
TATACOMM,41.09,42.86
TOKYOPLAST,155.10,155.10
SOMANYCERA,23.85,24.27
MURUDCERA,28.15,28.15
IFCI,46.22,46.70
HLVLTD,33.21,36.48
SANOFI,34.75,32.56
M&M,28.91,28.91
LIBERTSHOE,42.32,31.18
KREBSBIO,,
KAKATCEM,,
KAJARIACER,38.60,38.60
KABRAEXTRU,29.98,29.98
HEIDELBERG,42.04,42.04
MODTHREAD,25.20,25.20
MODIRUBBER,,
MIRCELECTR,,
MANGLMCEM,44.72,44.72
PRSMJOHNSN,,
PREMIER,,
POLYPLEX,9.54,9.54
PIDILITIND,70.97,69.22
PCBL,33.40,33.37
3PLAND,33.96,33.96
OSWALAGRO,20.86,20.86
EIHAHOTELS,24.89,23.92
HONDAPOWER,35.44,37.84
JINDALSAW,9.89,9.89
SAIL,27.56,17.77
RUBYMILLS,15.59,15.59
STYRENIX,21.09,21.09
ABB,61.73,61.73
ABAN,,
IDBI,11.28,11.28
GRAPHITE,21.03,21.03
CANFINHOME,10.82,10.82
BRITANNIA,53.74,53.29
BBL,22.88,22.88
ELECTCAST,8.24,8.24
DHAMPURSUG,14.85,14.85
DCMSHRIRAM,30.48,30.48
DABUR,50.00,50.00
COSMOFIRST,13.74,13.74
CIPLA,24.42,24.42
HEROMOTOCO,16.14,16.14
HDFCBANK,19.07,18.80
HARRMALAYA,2518.93,46.71
GMBREW,9.18,9.18
GIPCL,12.80,12.80
ITC,25.01,25.01
INDIANHUME,17.90,17.90
HINDCOMPOS,17.96,17.96
IOC,19.85,24.71
WALCHANNAG,,
OSWALGREEN,74.35,74.35
HUHTAMAKI,15.94,23.73
RICOAUTO,29.35,28.84
KAMATHOTEL,27.13,28.74
IFBAGRO,23.45,23.45
BANCOINDIA,16.07,16.07
DELTAMAGNT,,
MANINDS,16.17,16.17
APOLLOTYRE,21.02,19.89
SIYSIL,15.77,15.77
SHANTIGEAR,36.87,36.87
PRECWIRE,29.75,29.75
ONWARDTEC,25.59,25.59
NILKAMAL,23.83,23.83
NCC,15.23,14.86
ICIL,16.49,16.49
SEAMECLTD,23.93,26.09
ELGIEQUIP,48.59,48.59
AUROPHARMA,19.48,19.12
BBTC,6.11,5.95
EIHOTEL,31.65,31.95
KANORICHEM,,
LICHSGFIN,5.94,5.94
GICHSGFIN,5.09,5.09
BEPL,15.13,15.13
RAIN,,
BANARBEADS,27.67,27.67
MOREPENLAB,21.09,21.09
WSTCSTPAPR,6.70,6.70
21STCENMGM,1.65,1.65
TNTELE,,
VENKEYS,17.03,17.03
GHCL,9.99,9.99
S&SPOWER,,
PRUDMOULI,31.56,28.91
PRAJIND,37.42,40.74
HIL,,60.42
EVERESTIND,,
BPL,20.36,20.36
TRANSWORLD,14.72,14.72
KEEPLEARN,100.11,100.11
PGHH,61.10,61.10
VESUVIUS,34.70,34.70
TFCILTD,13.86,13.86
BOMDYEING,5.08,37.78
GTL,1.17,18.44
NAVNETEDUL,3.80,14.25
GUJALKALI,,
AGI,15.84,15.84
GLAXO,56.40,56.74
TATACONSUM,77.01,67.84
ZEEL,19.41,16.24
CHOLAFIN,31.00,31.00
INDHOTEL,64.03,74.66
FMGOETZE,12.16,12.16
KOTAKBANK,18.17,20.85
LYKALABS,99.04,98.28
ORIENTHOT,64.12,64.12
JAYSREETEA,8.98,42.20
GILLETTE,56.43,56.43
HMT,,
GOLDENTOBC,9.67,10.97
KANSAINER,17.11,31.19
FOSECOIND,31.98,31.98
ESABINDIA,41.17,41.17
3MINDIA,54.56,54.56
ANDHRAPAP,11.80,11.80
GABRIEL,36.61,36.61
SCHAEFFLER,60.46,60.23
AARTIIND,39.44,39.78
RALLIS,31.36,31.36
AMJLAND,13.77,13.77
PRAKASH,7.69,7.69
MFSL,122.87,122.87
KSB,53.80,53.80
KOPRAN,18.31,18.31
HEG,41.91,41.91
GREAVESCOT,,
GODFRYPHLP,39.26,37.41
VARDMNPOLY,29.03,29.03
SURYAROSNI,16.82,16.82
TATAINVEST,132.08,132.08
GLFL,205.53,205.53
TIMKEN,50.56,50.56
ROLTA,,
SUDARSCHEM,65.59,95.62
SHREECEM,84.35,84.35
SAKHTISUG,2.67,
IPCALAB,49.09,48.52
INGERRAND,42.05,42.05
AKZOINDIA,34.97,34.97
HINDALCO,11.42,10.92
HINDZINC,20.54,20.41
HINDUNILVR,48.95,50.80
GSFC,13.10,13.26
GRASIM,21.78,20.60
AMBUJACEM,23.04,23.43
FINPIPE,14.09,24.59
FINCABLES,18.85,26.07
EIDPARRY,8.48,8.48
DCW,66.04,65.96
DCM,18.87,18.87
CGPOWER,107.32,106.60
HEUBACHIND,28.96,28.96
CESC,13.35,13.35
BIRLACORPN,34.54,35.53
BHEL,157.58,157.58
BHARATGEAR,,
BEL,43.85,43.85
BAJFINANCE,33.53,33.53
ASHAPURMIN,13.47,16.64
PVP,733.79,773.23
NAVA,9.75,9.75
KESORAMIND,,
CORALFINAC,6.77,6.77
GREENPLY,28.93,29.82
TNPL,61.38,61.38
PARASPETRO,,
AUTOAXLES,17.07,17.07
PEARLPOLY,,
REMSONSIND,26.53,26.79
DALMIASUG,10.66,10.66
NATCOPHARM,7.94,7.94
KHAITANLTD,7.37,7.37
SWARAJENG,29.01,29.01
MTNL,,
MRF,26.88,26.88
GARFIBRES,36.48,36.48
ANDHRSUGAR,29.55,26.71
TNPETRO,14.14,15.94
TTKPRESTIG,40.64,40.64
STARPAPER,4.99,4.99
SANGHIIND,,
SKFINDIA,34.65,34.65
AUSOMENT,10.76,10.76
EIMCOELECO,18.25,18.25
PANACEABIO,,
JAYAGROGN,12.25,12.25
ALPSINDUS,,
CUBEXTUB,22.82,22.82
MARICO,50.17,50.17
SILINV,15.03,15.03
REGENCERAM,,
BIOFILCHEM,118.92,118.92
KEYFINSERV,7.09,7.09
ZENITHEXPO,,
SUNDRMBRAK,68.63,68.63
SANGAMIND,46.72,40.43
MOTHERSON,22.64,22.64
SOMATEX,1.44,
VISAKAIND,,
AARTIDRUGS,20.79,20.79
STERTOOLS,18.66,18.66
CREST,12.43,12.43
INDIANCARD,2.02,14.28
HITECHGEAR,21.52,21.50
WENDT,49.60,49.60
DENORA,99.94,99.94
TVSSRICHAK,58.53,47.86
SHRIRAMFIN,13.50,15.30
SAGCEM,,
PUNJABCHEM,29.62,29.62
MIRZAINT,206.99,206.99
DYNAMATECH,50.95,100.53
GUJAPOLLO,35.74,35.74
GANESHHOUC,16.07,16.07
MMFL,13.45,13.50
JAGSNPHARM,28.32,40.57
ALKYLAMINE,45.63,45.63
JCHAC,96.12,92.96
MPHASIS,26.58,26.58
GUJRAFFIA,37.96,37.96
RUCHINFRA,,
ATLASCYCLE,3.69,3.69
RAMCOIND,23.56,23.56
KOTHARIPET,14.10,14.04
HERITGFOOD,19.66,19.26
INDRAMEDCO,23.71,23.71
BANKBARODA,5.53,5.53
BLUECHIP,,
MADRASFERT,5.81,5.98
GAIL,10.26,12.43
INDNIPPON,17.23,17.23
SKMEGGPROD,11.72,11.72
TCIFINANCE,,
BANKINDIA,5.69,5.69
CONCOR,32.34,31.69
DCMFINSERV,,
ICICIBANK,17.93,17.93
KCPSUGIND,8.59,11.45
HUDCO,14.86,14.86
INDSWFTLAB,2.29,132.67
SAREGAMA,50.27,50.27
FDC,24.21,24.21
ENGINERSIN,28.49,28.49
ADROITINFO,22.01,22.01
JAICORPLTD,24.91,24.91
ANTGRAPHIC,,
GMDCLTD,12.78,12.78
MAHAPEXLTD,13.56,16.34
INDUSINDBK,7.35,7.35
ASAHIINDIA,43.35,46.46
TRIGYN,8.42,8.16
J&KBANK,4.89,4.89
KOTHARIPRO,,
CUB,10.77,10.77
SOUTHBANK,5.01,5.01
ARCHIES,,
ASTRAZEN,216.14,95.61
ITDCEM,27.32,27.32
AXISBANK,11.56,11.56
CYIENT,21.61,21.61
SONATSOFTW,23.92,23.92
CYBERTECH,14.73,14.73
KOKUYOCMLN,92.13,92.13
GOACARBON,,
DHANBANK,24.06,24.06
SANGHVIMOV,14.21,14.21
STCINDIA,19.30,11.07
MANUGRAPH,,
RSSOFTWARE,8.87,8.87
VIPCLOTHNG,,
NATIONALUM,8.21,8.88
IVC,45.07,45.07
JINDALSTEL,23.14,23.14
ALEMBICLTD,17.56,17.56
NIPPOBATRY,2.56,2.56
ICDSLTD,65.61,65.61
BSOFT,19.77,19.77
HCLTECH,24.81,24.81
ACCELYA,20.41,20.46
STAR,18.34,17.55
HAVISHA,,
ZYDUSLIFE,20.10,20.10
GLENMARK,,
RAJESHEXPO,144.69,144.69
CINEVISTA,,
WOCKPHARMA,,
NRBBEARING,18.52,19.35
IOB,26.10,26.10
RAMCOSYS,,
GEPIL,57.70,57.70
HCL-INSYS,,
CREATIVEYE,,
KTKBANK,5.37,5.37
MAHLIFE,,
MUKTAARTS,,
BLBLIMITED,19.81,19.81
AJANTPHARM,36.54,36.54
BLUESTARCO,81.45,82.86
CALSOFT,31.00,31.00
TVSMOTOR,51.59,51.59
PNBGILTS,6.34,6.42
PNC,61.93,61.93
TAJGVK,34.83,34.83
NLCINDIA,14.58,14.58
REPRO,,
CHENNPETRO,26.98,26.98
AKSHOPTFBR,,
TTML,,
KRBL,14.29,14.29
HAVELLS,67.24,67.24
GAEL,15.62,15.62
USHAMART,25.41,25.41
AXISCADES,73.85,72.17
BALAJITELE,,
MRO-TEK,34.20,34.20
TIPSMUSIC,53.16,53.16
STLTECH,,
KHANDSE,39.83,39.83
HIKAL,66.58,66.58
TRIDENT,43.78,43.78
MARKSANS,26.65,26.65
ACLGATI,,
NEXTMEDIA,,
GOLDTECH,19.67,
SMARTLINK,11.42,11.42
GODREJCP,,58.33
SUVEN,,
JISLJALEQS,111.73,111.73
LUPIN,32.92,32.92
UNITDSPR,71.17,67.99
FEL,,
TCI,25.55,25.38
MPSLTD,37.95,37.95
BHARTIARTL,43.03,56.35
ASAL,40.26,40.26
OLECTRA,71.14,73.81
PONNIERODE,9.52,9.52
PNB,6.60,6.60
APTECHT,43.23,38.45
SURANAT&P,28.39,28.51
TIMESGTY,77.26,77.26
OFSS,28.67,28.67
UNIONBANK,5.61,5.61
NUCLEUS,14.39,14.39
CANBK,4.53,4.53
GENESYS,56.27,56.27
OMAXAUTO,4.89,
GODREJIND,26.47,26.47
RADAAN,5.03,5.03
DIVISLAB,74.77,74.77
RADICO,98.28,98.28
INDORAMA,,
MARUTI,25.80,25.80
VARDHACRLC,22.02,22.02
UCOBANK,19.13,19.13
BAGFILMS,40.35,40.35
JSL,22.35,22.34
NSIL,43.91,43.91
WELSPUNLIV,19.54,19.54
JAIBALAJI,17.40,17.40
TVSELECT,,
IGL,20.37,20.37
DREDGECORP,,
TVTODAY,12.05,11.56
UNIENTER,830.64,830.64
UPL,795.99,30.55
SIL,135.02,135.02
MUKANDLTD,14.63,14.63
PETRONET,12.57,12.57
PTC,7.96,7.80
VAIBHAVGBL,26.87,26.31
BIOCON,34.25,35.60
MAHABANK,6.93,6.93
POONAWALLA,144.75,144.75
XPROINDIA,60.73,58.31
RKFORGE,35.27,35.20
DATAMATICS,16.59,18.96
NDTV,,
CCL,27.64,27.64
JPASSOCIAT,,
EXCELINDUS,13.95,13.95
LT,27.83,27.95
APARINDS,28.44,28.44
AMBICAAGAR,6.49,6.49
CENTEXT,17.97,18.22
NIITLTD,35.01,35.01
ULTRACEMCO,51.67,51.45
TCS,26.31,26.31
COFORGE,59.07,59.70
TEXINFRA,,
GULFPETRO,8.14,8.14
GUFICBIO,42.15,42.15
INDSWFTLTD,1.20,1.20
ASTRAMICRO,54.38,54.38
WELENT,18.82,18.82
NTPC,15.97,15.97
SALSTEEL,,
KOTARISUG,17.19,22.36
JBMA,58.30,58.30
DWARKESH,,
INDOCO,,
IMPEXFERRO,,
SUPRAJIT,40.89,40.89
PATELENG,10.23,10.00
XCHANGING,21.64,21.64
JSWSTEEL,73.85,68.47
CONSOFINVT,5.89,5.89
JINDALPHOT,48.77,48.77
JPPOWER,8.05,6.48
EVEREADY,27.65,27.65
GOKEX,41.53,41.53
SAKSOFT,20.15,20.15
ALLDIGI,17.10,20.53
IIFL,18.31,7.37
MANGALAM,12.44,12.44
SHOPERSTOP,171.04,153.48
WELCORP,27.34,27.06
SSWL,4.52,14.02
CYBERMEDIA,,
SHAHALLOYS,,
SURYALAXMI,68.07,26.62
JKPAPER,8.66,8.66
PRIMESECU,20.18,21.80
63MOONS,,
GRANULES,25.32,25.32
JSWHL,138.86,138.86
VHL,,
GEOJITFSL,10.74,10.74
GENUSPOWER,38.68,38.68
YESBANK,24.48,24.48
MSPL,73.22,73.37
NECLIFE,31.08,31.08
SPLIL,10.59,10.59
MCLEODRUSS,,
GOLDIAM,39.53,39.53
RML,,
HTMEDIA,,
SASKEN,37.83,37.83
FCSSOFT,174.90,47.06
IMPAL,14.81,14.81
SUZLON,69.61,68.02
AURIONPRO,47.42,47.42
RENUKA,,
BASML,,
TRIVENI,39.34,39.34
AIAENG,29.48,29.49
NAHARINDUS,19.46,18.17
ORIENTCER,37.99,37.99
EKC,14.34,14.07
VIMTALABS,42.20,42.20
KERNEX,261.48,261.48
PVRINOX,,
CELEBRITY,,
NITINSPIN,11.26,11.26
ROHLTD,24.11,24.11
ENIL,71.77,71.77
GSPL,8.02,8.19
JAGRAN,10.18,10.18
GVKPIL,0.86,10.32
KEC,48.70,48.70
JKCEMENT,49.30,57.59
INDOTECH,35.96,35.96
M&MFIN,14.74,14.74
BLKASHYAP,20.63,22.44
VISASTEEL,,
NITCO,,
CENTURYPLY,74.03,71.89
KEI,42.52,42.51
SANWARIA,,
VAKRANGEE,207.59,197.64
SOLARINDS,80.36,80.36
GALLANTT,22.03,22.03
MALUPAPER,,
UTTAMSUGAR,15.00,15.00
SGL,,
KKCL,18.97,18.97
SUNTV,14.14,14.14
GPIL,15.13,15.13
RSYSTEMS,30.35,30.35
EMKAY,8.43,8.43
LOKESHMACH,52.16,52.16
BALPHARMA,19.34,19.34
KAMDHENU,14.59,14.59
RATNAMANI,35.44,35.44
PIONEEREMB,22.99,22.99
JKLAKSHMI,32.18,32.18
PFOCUS,,
ALLCARGO,109.09,64.92
MUNJALAU,11.10,13.70
EMAMILTD,30.94,30.94
GMRAIRPORT,,
TECHM,36.60,36.69
GRINDWELL,49.64,49.64
RAMANEWS,,
VOLTAMP,31.10,31.10
LAKPRE,,
SELAN,13.35,13.35
ACE,37.45,37.45
ANANTRAJ,45.51,45.51
HOVS,15.23,15.23
BINANIIND,6.03,
TALBROAUTO,15.75,22.06
ALICON,19.99,19.99
GEECEE,13.83,13.83
MADHUCON,,
JMFINANCIL,,10.45
INFOMEDIA,,
FIEMIND,18.64,18.64
JHS,,
DCBBANK,5.73,5.73
GLOBALVECT,,
INSPIRISYS,13.92,13.92
SHYAMTEL,,
GTLINFRA,,
SHIVAMAUTO,,
NAUKRI,105.40,107.71
AARVEEDEN,19.77,19.77
GESHIP,4.71,4.71
TORNTPOWER,30.47,30.47
PARSVNATH,,
MANALIPETC,53.36,47.14
SUTLEJTEX,,
LTFOODS,23.02,23.02
DONEAR,11.72,11.72
RUCHIRA,6.16,6.16
SOBHA,218.76,218.78
VENUSREM,11.19,13.98
JINDRILL,22.71,22.71
HIRECT,52.99,52.99
NFL,25.52,25.52
PLASTIBLEN,14.95,14.95
PRAENG,,
PARACABLES,17.06,17.06
HBLENGINE,45.54,42.87
TANLA,13.05,13.05
AVTNPL,19.46,19.46
ZEEMEDIA,,
SITINET,,
VEEDOL,19.58,18.82
LUMAXTECH,18.21,18.21
SARLAPOLY,11.14,11.14
PTL,15.86,15.86
WANBURY,17.53,41.94
AUTOIND,15.51,13.96
GANDHITUBE,13.92,13.92
PITTIENG,29.79,29.79
NETWORK18,,
UNOMINDA,66.15,68.09
HUBTOWN,,
CTE,,
TIIL,23.48,22.85
ORIENTBELL,76.12,76.12
PGIL,29.06,29.13
REDINGTON,14.49,14.49
TTL,19.82,38.19
FSL,37.67,38.13
PFC,4.47,4.47
TFL,169.49,169.49
SMSPHARMA,28.47,28.47
INDIANB,6.99,6.99
ORIENTALTL,,
IDEA,,
PAGEIND,69.47,69.47
LAOPALA,26.09,26.09
RAJTV,,
AMDIND,78.61,78.61
JKTYRE,13.30,12.47
ASTRAL,65.54,65.54
EMBDL,,
NAHARSPING,,
NAHARPOLY,24.04,24.04
THEMISMED,41.27,41.27
NCLIND,19.93,17.41
BALAMINES,21.30,21.30
BANSWRAS,19.56,19.56
ICRA,33.65,33.65
DISHTV,,
PHOENIXLTD,43.21,43.65
AROGRANITE,,
NDLVENTURE,340.59,340.59
ZENITHSTL,12.92,12.92
BFUTILITIE,9.86,9.86
FORTIS,58.23,56.47
SRHHYPOLTD,10.46,10.01
ALPHAGEO,87.32,19.91
WEBELSOLAR,79.02,71.82
TGBHOTELS,,
HILTON,73.99,73.99
INSECTICID,13.17,13.19
KMSUGAR,8.15,8.15
NAVINFLUOR,78.27,78.27
TIMETECHNO,22.52,22.52
NAGREEKEXP,14.10,14.10
HGS,,
NELCAST,27.25,31.05
V2RETAIL,80.92,80.92
DLF,70.06,95.88
TARMAT,,79.75
SPARC,,
HDIL,,
ADSL,20.48,20.48
ALPA,9.32,9.32
OMAXE,,
CENTRALBK,10.66,10.66
ASIANTILES,,
TAKE,,
KPRMILL,38.14,38.14
CIEINDIA,18.65,18.65
PURVA,,
MOTILALOFS,11.55,11.55
INDOWIND,33.60,33.60
NAGREEKCAP,1.04,1.04
MAGNUM,9.73,14.90
KSCL,21.09,21.09
CENTUM,,
POWERGRID,16.75,16.75
SUPREMEINF,,
MANGCHEFER,13.17,13.17
MAANALU,24.59,24.59
IL&FSENGG,,
DELTACORP,15.28,20.50
BAJAJELEC,64.76,64.76
ENERGYDEV,,122.61
CERA,29.34,29.34
RELIGARE,37.07,255.69
BVCL,31.61,31.61
ADANIPORTS,25.15,23.93
EDELWEISS,14.33,14.33
RGL,19.25,19.25
KOLTEPATIL,162.60,162.60
KAUSHALYA,2.85,2.85
COLPAL,45.00,45.00
JYOTHYLAB,33.27,33.27
MADHAV,407.71,407.71
HITECHCORP,23.94,24.96
ECLERX,24.08,24.08
TARIL,81.12,81.12
BRIGADE,36.44,36.44
MANAKSIA,6.75,5.20
DVL,13.36,13.36
PATINTLOG,14.09,14.09
PPAP,,
ARIES,10.46,10.46
AMBIKCO,11.54,11.54
KAVVERITEL,40.42,40.42
CEATLTD,24.92,22.87
BIRLAMONEY,11.13,11.13
RPOWER,6.08,
JKIL,13.46,13.46
CORDSCABLE,16.27,16.27
KNRCON,5.04,4.99
HERCULES,20.74,20.74
ONMOBILE,,
SEPC,114.20,69.35
BANG,,
IRB,4.12,29.02
NMDC,9.34,9.31
GSS,16.64,16.64
NAHARCAP,12.76,12.76
RECLTD,7.22,7.22
VGUARD,50.04,50.04
DHANI,,
NESCO,16.13,16.13
DPSCLTD,74.46,74.46
TITAGARH,32.63,32.45
KIRIINDUS,,
BAJAJFINSV,17.52,17.52
BAJAJ-AUTO,27.54,27.54
DIGISPICE,22.90,42.84
GOKUL,46.50,46.50
RPGLIFE,48.44,44.09
ALMONDZ,43.92,43.92
RBL,12.09,11.82
RANEENGINE,52.85,22.09
ARCHIDPLY,,
LOTUSEYE,232.04,242.90
VINYLINDIA,19.66,19.66
UBL,122.04,118.22
LPDC,,
ZFCVINDIA,51.85,51.85
20MICRONS,11.68,11.55
JOCIL,55.28,55.28
ALKALI,,
COUNCODOS,84.59,84.59
TPHQ,20.49,20.49
FELDVR,,
MAWANASUG,3.64,8.90
AJMERA,25.75,25.75
MHRIL,46.70,46.70
GKWLIMITED,,
VINATIORGA,43.04,43.04
EXCEL,41.13,41.13
ADANIPOWER,15.55,15.55
NHPC,25.83,25.83
GLOBUSSPR,163.15,163.15
OIL,8.72,8.72
EXPLEOSOL,14.08,14.08
RTNPOWER,0.50,42.66
AMRUTANJAN,37.03,37.03
SUNTECK,28.72,28.72
ZYDUSWELL,32.64,33.25
DEN,7.21,7.21
ASTEC,,
SHILPAMED,69.86,72.75
SARDAEN,28.80,28.77
REFEX,33.52,33.57
GILLANDERS,7212.24,
AHLUCONT,17.08,30.82
DLINKINDIA,14.85,14.85
JSWENERGY,52.07,52.07
GODREJPROP,41.38,41.38
DBCORP,9.38,9.38
HINDCOPPER,55.66,55.66
BEARDSELL,12.69,12.69
MMTC,79.98,75.92
NESTLEIND,65.31,68.28
TRF,13.26,13.26
WHIRLPOOL,38.70,37.11
UNITEDTEA,11.42,11.42
MBLINFRA,2.22,
JUBLFOOD,106.22,178.03
VASCONEQ,7.75,17.42
THANGAMAYL,50.13,50.13
EMMBI,19.48,19.48
DBREALTY,,
HATHWAY,31.86,31.41
ORIENTLTD,,
TEXMOPIPES,27.71,10.06
MANINFRA,18.80,18.80
IL&FSTRANS,,
LGBBROSLTD,13.98,14.53
PERSISTENT,61.34,61.34
ASIANHOTNR,,
ISFT,13.65,13.65
GOENKA,,
KIRLOSBROS,31.16,30.81
TARAPUR,3.82,4.82
KSL,19.84,19.84
SJVN,35.69,38.97
SUNDARAM,,
KIRLOSIND,12.95,12.29
MANAPPURAM,9.34,9.34
UMESLTD,105.23,105.23
TI,25.50,24.43
HMVL,15.06,15.06
IMFA,8.86,8.86
BLISSGVS,18.54,7.95
EMAMIREAL,,
AHLEAST,8.77,8.77
IITL,16.53,17.15
BAJAJCON,17.32,17.32
UGARSUGAR,,
PRAKASHSTL,3.28,89.38
GPPL,19.37,17.78
ADFFOODS,34.39,34.39
WELINV,81.15,81.15
KILITCH,31.52,31.52
ORISSAMINE,679.72,679.72
DEEPAKNTR,37.00,40.26
SASTASUNDR,,8.91
CPCAP,11.45,11.45
GREENPOWER,58.79,57.30
RAMKY,12.58,12.58
CANTABIL,33.20,33.77
WABAG,32.10,31.69
ASHOKA,3.37,3.54
BEDMUTHA,18.97,18.97
JWL,34.11,34.11
OBEROIRLTY,23.24,23.24
PRESTIGE,64.95,64.95
SHAH,6.45,35.81
CGCL,35.67,35.67
RESPONIND,26.70,26.70
COALINDIA,7.19,7.19
IOLCP,19.77,19.77
GRAVITA,44.93,44.93
JINDWORLD,71.41,71.41
PENIND,21.97,21.97
RPPINFRA,7.87,7.87
JAMNAAUTO,16.76,16.76
MOIL,19.16,19.16
ZEELEARN,1.23,5.60
A2ZINFRA,24.91,
KIRLOSENG,21.26,22.34
RKDL,42.25,42.25
PSB,33.13,33.13
FMNL,1.08,8.37
SURANASOL,271.93,271.93
SHEKHAWATI,0.53,5.57
BFINVEST,,
KICL,24.48,32.46
SUMMITSEC,24.07,21.67
STEL,51.97,51.97
OMKARCHEM,,
HINDMOTORS,14.82,14.82
TEXRAIL,26.45,26.45
HFCL,32.23,32.23
INDTERRAIN,,
DHUNINV,10.16,10.20
LOVABLE,,
PFS,11.66,11.66
MUTHOOTFIN,18.73,18.73
VADILALIND,25.94,25.94
SYMPHONY,43.51,33.24
PIIND,30.66,30.66
RELAXO,62.18,62.18
OMINFRAL,48.31,48.31
VSTTILLERS,27.25,27.34
ESTER,,
DELPHIFX,107.44,10.85
KARMAENG,,
ASHIANA,199.44,151.21
DHANUKA,20.49,20.49
MAITHANALL,3.26,3.26
RUSHIL,14.59,14.59
INVENTURE,13.89,12.78
ELGIRUBCO,28.01,
LTF,14.59,14.59
WINDMACHIN,,
YAARI,,
BODALCHEM,133.85,110.93
GAYAPROJ,,
WINSOME,,
TREEHOUSE,,
ASAHISONG,37.34,36.81
FILATEX,13.33,13.33
BROOKS,156.86,156.86
TDPOWERSYS,39.11,39.11
APLLTD,27.23,27.69
VASWANI,12.33,12.33
PGEL,119.89,119.89
PANAMAPET,11.73,11.73
SETUINFRA,,
TIJARIA,,
PAISALO,16.77,16.80
ONELIFECAP,,
SHAKTIPUMP,30.40,30.40
TRITURBINE,53.20,53.20
INDOTHAI,162.14,162.14
ESSARSHPNG,0.90,58.77
DSSL,19.16,19.16
JISLDVREQS,1.54,1.54
POLYMED,72.83,72.83
RUPA,19.73,19.05
VIKASECO,28.11,28.11
APLAPOLLO,66.07,66.07
KANANIIND,41.59,41.59
MINDACORP,47.48,47.48
THOMASCOTT,29.88,29.88
DBSTOCKBRO,16.98,16.98
IRFC,25.69,25.69
COMPUSOFT,188.42,188.42
RHIM,,35.54
SCHNEIDER,70.53,75.22
NDL,10.16,10.16
NBCC,43.44,38.42
MTEDUCARE,,
HEXATRADEX,,
TBZ,16.78,16.78
VSSL,15.37,15.37
SWANENERGY,13.84,13.84
SPECIALITY,30.73,30.73
CINELINE,,
SAMPANN,,
RTNINDIA,16.59,16.59
PROZONER,,
MORARJEE,,
THEJO,38.83,38.83
KITEX,27.57,27.57
MAYURUNIQ,14.62,14.62
ROSSELLIND,9.98,9.91
DUCON,13.22,13.22
TVSHLTD,7.52,7.52
ZUARI,4.68,4.68
VETO,11.43,11.43
CARERATING,27.91,27.91
PCJEWELLER,23.26,23.26
INDUSTOWER,8.98,8.98
VMART,,
REPCOHOME,4.89,4.89
NIBL,,
VIVIDHA,,
JUSTDIAL,13.45,13.45
CEREBRAINT,,
ATULAUTO,72.42,72.42
ORIENTCEM,60.72,60.72
ABFRL,,
SAMMAANCAP,,
ESSENTIA,26.59,26.59
FLFL,,
PILITA,61.56,61.56
LYPSAGEMS,,
MITCON,11.53,11.53
ORBTEXP,11.28,11.28
JPOLYINVST,20.99,20.99
SREEL,24.78,24.78
NATHBIOGEN,7.17,7.31
AGRITECH,154.64,154.64
SECURKLOUD,,
SANCO,,
CASTROLIND,23.08,23.08
SDBL,24.79,24.79
IREDA,26.27,26.27
BUTTERFLY,296.64,205.69
WONDERLA,34.29,34.29
AGARIND,12.89,12.89
HATSUN,71.22,71.22
CAPLIPOINT,28.79,28.79
GOCLCORP,10.42,9.58
GULFOILLUB,18.10,18.10
SNOWMAN,199.64,199.64
SHARDACROP,20.81,20.81
SUPERHOUSE,15.33,32.02
SHEMAROO,,
CIGNITITEC,24.82,24.38
PDSL,27.46,27.95
INTELLECT,35.74,35.77
MONTECARLO,15.70,15.70
GOODLUCK,14.71,14.71
FCL,21.67,21.67
DTIL,,
CAMLINFINE,,
GULPOLY,46.74,46.74
APOLSINHOT,44.17,44.17
CCHHL,191.15,191.15
LAMBODHARA,15.11,15.11
GRPLTD,62.12,57.14
GENUSPAPER,139.95,139.95
MOLDTKPAC,23.65,23.65
GREENLAM,138.90,138.90
VISHNU,26.59,26.59
GANECOS,38.67,38.67
LINC,17.70,17.70
MENONBE,21.37,21.37
HESTERBIO,39.19,39.19
JMA,7.45,7.45
MANAKALUCO,25.81,25.81
MANAKSTEEL,37.56,32.08
MANAKCOAT,39.90,42.25
ZENTEC,52.31,52.75
IMAGICAA,52.70,47.26
INOXWIND,77.89,71.09
LFIC,6.30,6.30
BYKE,58.55,58.55
AVANTIFEED,24.78,24.78
VRLLOG,32.97,32.97
MEP,,
PRIVISCL,39.51,39.51
UFO,19.07,19.58
TPLPLASTEH,26.08,26.08
NILAINFRA,17.08,17.08
ARROWGREEN,12.60,12.60
PNCINFRA,6.09,6.09
SKIPPER,39.33,39.33
ALANKIT,18.32,18.32
ORICONENT,108.03,102.18
SHYAMCENT,,
BALKRISHNA,,
ADANIENSOL,166.15,43.76
SYNGENE,56.54,59.63
AYMSYNTEX,40.35,64.54
EMKAYTOOLS,4.23,4.23
KAYA,,
RAMASTEEL,67.86,67.86
AURUM,,
PKTEA,30.15,30.15
MUTHOOTCAP,8.37,8.37
SATIN,5.42,5.42
ARVSMART,27.19,27.19
POWERMECH,21.40,21.37
SHARDAMOTR,13.58,13.58
NAVKARCORP,,
SHREEPUSHK,16.62,16.62
GUJGASLTD,21.88,22.67
SADBHIN,,
IDFCFIRSTB,21.17,21.17
COFFEEDAY,,14.34
INDIGO,32.30,32.30
SHK,383.06,16.20
PERFECT,20.78,20.78
BALAXI,14.03,14.58
LUXIND,24.36,24.36
TTKHLTCARE,19.19,23.46
UMANGDAIRY,28.22,28.22
SALZERELEC,24.03,24.03
PILANIINVS,27.05,27.05
KRIDHANINF,1.06,129.06
LINCOLN,12.40,12.40
LALPATHLAB,49.82,49.82
ALKEM,26.69,26.58
NH,43.93,43.93
OCCL,9.03,9.03
PRECAM,97.02,112.80
TEAMLEASE,33.58,33.58
QUICKHEAL,74.07,74.07
HITECH,33.90,33.90
VIDHIING,54.63,54.63
BHAGERIA,22.82,22.82
NECCLTD,19.31,19.31
KELLTONTEC,13.01,13.01
SEQUENT,154.98,165.80
GOKULAGRO,14.47,14.47
SIMBHALS,6.54,6.54
KDDL,26.74,26.72
PDMJEPAPER,8.46,8.46
HCG,108.19,113.18
HECPROJECT,26.42,26.42
WEALTH,18.64,18.24
BHARATWIRE,16.30,16.30
INFIBEAM,22.08,22.08
PALREDTEC,,
THYROCARE,36.36,36.31
CROMPTON,43.77,43.77
SAGARDEEP,45.29,45.29
PARAGMILK,18.13,18.13
SHRIPISTON,16.82,16.82
UNITEDPOLY,23.89,23.89
ARMANFIN,14.57,14.57
ALBERTDAVD,11.97,11.97
BLS,31.03,31.03
ASPINWALL,11.09,11.09
NAGAFERT,0.14,0.14
SALONA,19.63,19.63
PREMEXPLN,63.99,63.99
CONTROLPR,22.04,22.04
INCREDIBLE,16.13,16.13
SETCO,,
DAMODARIND,18.87,18.87
MGL,12.94,12.94
MOLDTECH,17.08,17.08
POKARNA,26.00,26.00
COMPINFO,0.42,0.42
VIJIFIN,,
GPTINFRA,18.95,18.95
QUESS,24.40,23.88
GROBTEA,6.34,6.34
KKVAPOW,53.86,53.86
SOMICONVEY,31.59,31.59
LLOYDSENGG,64.30,64.30
LTIM,28.64,28.64
GATECH,16.36,16.36
MINDTECK,20.15,19.13
ADVENZYMES,23.52,21.90
DBL,11.99,21.16
SPAL,19.57,19.57
NDGL,33.38,32.20
RBLBANK,10.06,10.06
BIGBLOC,76.42,76.42
MBAPL,55.40,55.40
CUPID,17.55,17.55
LTTS,38.06,38.06
GNA,14.43,14.43
CROWN,11.21,35.66
ICICIPRULI,85.81,85.81
MARATHON,15.19,15.19
HPL,37.60,37.60
JAIPURKURT,13.75,13.75
GRETEX,35.17,34.92
SAKAR,34.74,34.62
ARTNIRMAN,74.90,74.90
ENDURANCE,34.13,34.13
GICL,80.67,80.67
MAZDA,17.24,17.24
PNBHOUSING,11.76,11.76
VBL,70.41,70.41
KINGFA,23.42,23.42
AGROPHOS,852.53,852.53
PODDARMENT,12.29,12.29
ROLLT,,
NBIFIN,96.81,96.81
KIOCL,,
JETFREIGHT,8.72,8.72
SFL,56.54,96.35
HEADSUP,,
TCIEXP,26.15,26.15
LAURUSLABS,166.42,166.42
TERASOFT,32.06,31.95
ITDC,69.71,69.65
HISARMETAL,29.34,29.34
RHFL,9.13,
LIBAS,5.13,5.13
PROLIFE,10.84,10.84
SPCENET,38.37,38.37
CAPTRUST,98.43,98.43
MAHESHWARI,12.34,12.34
BHANDARI,18.09,18.09
BSE,71.81,71.81
MCL,17.62,17.62
PRICOLLTD,29.66,29.66
STEELCITY,8.64,8.64
JITFINFRA,27.23,48.39
KRISHANA,25.04,25.04
GLOBAL,9.94,9.94
NITIRAJ,27.19,27.19
SANGINITA,345.26,345.26
AKASH,26.63,26.63
RADIOCITY,46.58,46.58
DMART,92.94,92.94
TASTYBITE,99.15,99.15
INTENTECH,14.05,14.05
AIRAN,12.53,12.53
AKSHARCHEM,,
ARIHANTSUP,24.13,24.13
LAXMICOT,202.81,242.52
CLEDUCATE,57.05,52.56
EIFFL,152.49,152.49
NRAIL,9.53,9.53
SHANKARA,17.89,17.89
NACLIND,,
APCL,,
CREATIVE,15.74,15.74
WIPL,80.76,80.76
FOCUS,20.47,20.47
DEVIT,14.96,14.96
SIKKO,29.81,29.81
MKPL,20.59,20.59
DOLLAR,23.75,23.91
PANACHE,117.40,50.56
INFOBEAN,20.83,20.83
SCHAND,13.03,13.03
ZOTA,,
BHAGYANGR,19.88,19.88
PSPPROJECT,36.93,36.93
STARCEMENT,65.30,65.30
GLOBE,11.53,12.56
TEJASNET,18.81,18.81
ERIS,52.83,52.83
CDSL,44.34,44.34
GTPL,23.52,23.52
AUBANK,19.82,19.21
ACEINTEG,40.71,40.71
SHRENIK,,
DYNPRO,24.00,24.00
STEELXIND,25.52,25.52
SALASAR,28.28,28.28
UNIVASTU,0.00,0.00
AVADHSUGAR,11.96,11.96
PALASHSECU,,
MAGADSUGAR,9.50,9.50
GANGESSECU,26.10,26.10
THEINVEST,21.11,21.11
SHANTI,,
TOTAL,49.35,49.35
GTECJAINX,,
OPTIEMUS,67.85,67.85
WEWIN,26.55,26.55
SIS,21.54,21.54
COCHINSHIP,47.76,47.76
SMSLIFE,15.16,15.16
VAISHALI,308.31,308.31
LEXUS,,
GEEKAYWIRE,11.05,11.05
SERVOTECH,96.45,96.45
ABCAPITAL,13.39,13.39
APEX,475.27,475.27
PASHUPATI,183.43,183.43
BRNL,2.59,2.59
DIXON,98.46,124.49
DCAL,,
LASA,,
MATRIMONY,23.28,23.28
CHOLAHLDNG,6.79,6.79
CAPACITE,15.69,15.69
ICICIGI,68.71,68.71
WORTH,12.81,12.81
MPTODAY,4.93,4.95
SBILIFE,62.29,62.29
RMDRIP,127.29,127.29
DPWIRES,11.49,11.49
AARVI,15.33,15.33
DIAMONDYD,,174.67
AIROLAM,81.03,81.03
RKEC,7.32,7.32
GATECHDVR,3.67,3.67
JASH,39.73,39.70
CMMIPL,,
BETA,43.38,43.38
OMFURN,25.96,25.96
GODREJAGRO,41.52,41.52
TCPLPACK,29.94,29.94
MASFIN,15.13,15.13
IEX,37.71,37.71
DPABHUSHAN,29.54,29.54
GICRE,9.56,9.56
TIINDIA,48.03,47.82
NAM-INDIA,26.47,26.47
MAHLOG,,
NIACL,25.16,25.16
IFGLEXPOR,27.94,27.94
KHADIM,112.66,112.66
5PAISA,16.57,16.57
HDFCLIFE,83.10,83.10
AISL,15.52,15.52
PULZ,10.63,10.63
SILVERTUC,42.42,42.42
ZODIAC,37.51,37.51
FELIX,37.18,37.18
ICEMAKE,53.65,53.65
DNAMEDIA,0.44,
SHRADHA,13.43,13.43
SHALBY,72.82,72.82
FSC,,
TOUCHWOOD,16.92,16.92
ONEPOINT,40.02,40.02
SMVD,0.77,
SHIVATEX,21.53,21.53
ASTRON,,
AJOONI,38.57,38.57
MOKSH,14.40,14.40
BCONCEPTS,58.44,58.44
SILLYMONKS,38.13,38.13
APOLLO,65.37,65.37
NEWGEN,43.65,43.65
AMBER,97.53,97.53
PRAXIS,,
SOLEX,37.57,37.57
SRPL,,
GALAXYSURF,24.84,24.84
SINTERCOM,335.54,335.54
MHHL,10.61,10.61
SOUTHWEST,34.62,36.47
SHIVAMILLS,,
ARVEE,76.34,76.34
ASTERDM,71.07,67.35
BANKA,,
GMMPFAUDLR,43.02,43.02
HGINFRA,12.82,12.82
HINDCON,32.38,32.38
SARVESHWAR,30.36,30.36
UNIINFO,,
MACPOWER,26.52,26.52
TARACHAND,20.86,20.86
BDL,80.81,80.81
SUNDARMHLD,28.06,28.06
BANDHANBNK,9.19,9.19
HAL,29.49,29.50
URAVIDEF,211.64,211.64
MITTAL,30.30,37.20
SANDHAR,17.25,18.11
ISEC,13.67,13.67
KAPSTON,30.81,30.81
CENTRUM,,
MIDHANI,52.93,52.93
CONTI,16.04,
LEMONTREE,49.70,49.70
AVG,9.14,13.62
MMP,20.08,20.08
NARMADA,16.60,16.60
PIGL,18.21,18.21
CHEMFAB,143.32,143.32
BSHSL,53.34,53.34
MAHICKRA,47.05,47.05
AAKASH,17.16,17.16
ORIENTELEC,70.89,70.89
E2E,111.31,111.31
INDOSTAR,44.45,44.45
BORORENEW,,
SIRCA,31.21,31.21
SUULD,,
SVLL,397.73,397.73
DIL,6.84,7.04
SONAMLTD,28.16,28.16
ADANIGREEN,95.60,82.13
OSWALSEEDS,,
PRITI,22.82,22.82
ACCURACY,9.32,9.32
SOLARA,,
GAYAHWS,,1.46
FINEORG,28.71,28.68
RITES,26.45,26.51
VARROC,68.98,33.74
GANGAFORGE,93.30,94.84
REPL,23.03,23.03
AMBANIORGO,,
HBSL,,
AVROIND,64.29,64.29
HDFCAMC,35.91,35.91
CREDITACC,17.60,17.60
AARON,46.74,46.74
SIGIND,11.52,11.52
DANGEE,,
SUMIT,40.28,40.28
LAGNAM,14.71,14.71
RPPL,13.01,13.01
AKG,52.39,52.39
IRCON,21.16,21.16
AHLADA,8.77,8.77
SPECTRUM,118.39,118.39
RAJMET,,
AAVAS,27.84,27.84
KSHITIJPOL,,14.07
GRSE,50.03,50.03
SILGO,22.74,22.74
BBTCL,,
MARINE,65.74,65.97
IRISDOREME,34.74,34.74
ATGL,104.09,104.09
TECHNOE,36.40,36.40
SHUBHLAXMI,14.28,14.28
UNIPARTS,15.43,15.43
SHRIRAMPPS,18.51,18.51
TREJHARA,19.58,755.94
NILASPACES,40.07,40.07
AWHCL,17.29,17.29
DALBHARAT,54.85,46.70
RPSGVENT,47.62,8.89
SPENCERS,,
SURANI,54.27,54.27
XELPMOC,,
CHALET,173.84,173.84
MSTCLTD,8.75,17.53
OSIAHYPER,14.75,14.75
ANUP,48.38,48.38
ARVINDFASN,35.43,35.43
PAR,7.79,7.79
RVNL,61.43,61.43
POLYCAB,41.01,41.01
METROPOLIS,53.75,53.75
KPITTECH,45.47,45.47
SWSOLAR,172.38,172.38
NEOGEN,94.84,94.84
VIKASLIFE,,
EMAMIPAP,11.54,11.54
VCL,,
CONFIPET,22.34,22.58
PPL,10.42,10.42
INDIAMART,24.59,24.59
ATMASTCO,35.16,35.16
OAL,23.62,23.62
SEYAIND,,
DCMNVL,59.18,173.15
SATIA,5.82,5.82
WEL,168.28,168.28
AFFLE,57.88,57.88
CHEMCON,27.48,27.48
SPANDANA,,
WESTLIFE,990.44,990.44
DOLATALGO,6.28,6.28
HNDFDS,63.57,63.57
UJJIVANSFB,7.17,7.17
MAZDOCK,40.64,40.64
IRCTC,46.09,46.37
SAFARI,68.45,68.45
DCI,24.88,24.88
360ONE,36.11,33.99
IIFLCAPS,8.59,8.59
HPIL,100.84,100.84
SAMHI,64.49,69.35
VISHWARAJ,,
FLUOROCHEM,96.47,96.47
GREENPANEL,39.03,39.03
KUANTUM,7.27,7.27
RBA,,
APOLLOPIPE,48.27,48.27
CHEMBOND,17.96,18.49
MGEL,15.52,14.14
ROUTE,16.71,17.01
SBICARD,39.87,39.87
HOMEFIRST,25.22,25.22
SIGMA,14.89,14.89
CSBBANK,9.32,9.32
EQUITASBNK,20.86,20.86
EASEMYTRIP,58.49,31.65
ROSSARI,25.14,25.14
HINDWAREAP,,
PRINCEPIPE,37.36,37.36
ESAFSFB,,
LIKHITHA,16.35,16.35
PARKHOTELS,43.22,43.22
ARTEMISMED,48.15,48.15
PATANJALI,55.17,55.17
SUMICHEM,50.67,50.67
LGHL,85.32,85.39
ATALREAL,34.98,34.98
ASALCBR,35.06,35.06
MAHEPC,134.14,130.41
UNIVPHOTO,6.90,6.90
ALOKINDS,,
BARBEQUE,,
BAFNAPH,45.14,41.68
SUVENPHAR,109.02,109.02
POWERINDIA,168.87,168.87
STOVEKRAFT,67.03,67.03
BHARTIHEXA,53.23,63.22
KSOLVES,28.98,28.98
RAJRATAN,23.97,23.97
HAPPSTMNDS,44.09,45.99
AARTISURF,39.54,77.61
GLAND,37.23,37.23
BOROLTD,59.45,59.45
NDRAUTO,44.96,44.96
MAXHEALTH,109.50,104.13
PAVNAIND,44.64,44.64
AAATECH,36.50,36.50
KALYANKJIL,72.57,72.57
MAXIND,,
BTML,27.91,27.90
SHAREINDIA,9.03,9.03
UNIDT,32.65,32.65
SIGACHI,18.15,18.15
ANGELONE,15.27,15.27
ADL,181.24,181.24
NIRAJ,18.25,17.16
VALIANTORG,,
CAMS,40.27,40.27
SURYODAY,5.23,5.23
ROML,44.13,44.13
UTIAMC,14.18,14.18
RAILTEL,36.18,34.20
HEMIPROP,,
BECTORFOOD,66.87,66.87
KHAICHEM,,
ORCHPHARMA,38.14,38.14
SUBEXLTD,,
NURECA,,
INDIGOPNTS,34.33,34.33
HERANBA,21.24,21.24
LXCHEM,36.69,36.69
TARC,,
RVHL,,
MTARTECH,92.12,92.12
FAIRCHEMOR,38.07,38.07
ANURAS,61.94,61.94
KANPRPLA,22.17,22.17
ISGEC,28.02,28.02
STYLAMIND,21.25,21.12
PAKKA,20.37,20.37
CLSEL,15.79,15.79
PARTYCRUS,13.61,13.61
CARYSIL,29.78,29.78
SHAILY,97.78,97.78
MODISONLTD,20.28,20.57
FIBERWEB,8.76,8.76
BCLIND,11.50,11.50
BHAGCHEM,171.11,171.11
SBCL,34.30,34.30
AADHARHFC,21.35,21.35
SMCGLOBAL,5.50,5.50
QMSMEDI,14.99,14.99
NPST,112.48,112.48
SVPGLOB,,
ARIHANTCAP,11.06,11.49
SIDDHIKA,14.63,14.63
NAZARA,112.41,111.19
IPL,25.22,25.22
GENCON,14.83,14.83
LODHA,47.40,47.40
HLEGLAS,36.62,36.62
VMARCIND,19.31,19.31
SONACOMS,54.13,52.99
UTKARSHBNK,14.20,14.20
DRCSYSTEMS,20.73,20.73
PARAS,79.73,79.73
CRAFTSMAN,55.43,53.48
DODLA,29.31,29.31
EXXARO,,
JUBLINGREA,54.40,54.38
ROLEXRINGS,25.43,21.14
WALPAR,15.64,15.64
ORTINGLOBE,,
SHYAMMETL,26.18,26.18
KIMS,62.29,62.29
SUVIDHAA,,
MAKS,93.45,39.67
JSFB,6.46,6.46
TATVA,111.42,111.42
CLEAN,51.09,51.09
AILIMITED,43.34,43.34
ALIVUS,31.44,31.44
ABSLAMC,20.23,20.23
DEEPINDS,19.24,19.29
ZOMATO,326.73,326.73
CHEMPLASTS,,
BEWLTD,12.68,12.68
PIXTRANS,20.64,20.64
MEDIASSIST,32.90,32.90
WINDLAS,31.24,31.24
CARTRADE,66.19,66.19
KRSNAA,34.49,34.49
EQUIPPP,,
DEVYANI,,1374.86
APTUS,20.89,20.89
SUPRIYA,29.79,29.79
ANMOL,10.13,10.13
BMETRICS,13.19,13.19
ABCOTS,54.55,54.55
VIJAYA,75.83,75.83
AMIORG,78.89,78.73
IWEL,36.97,35.28
VINEETLAB,,
MOL,,
SANSERA,37.25,37.25
BAJAJHCARE,,51.18
PRITIKAUTO,13.08,13.08
AAREYDRUGS,18.11,18.11
GRINFRA,8.41,10.61
INTLCONV,5.27,5.27
DUGLOBAL,71.28,71.28
PAYTM,,
REXPIPES,14.72,14.67
STEELCAS,32.72,32.72
HPAL,24.18,24.18
UGROCAP,11.94,11.94
STARHEALTH,26.78,26.78
KPIGREEN,30.93,30.68
YUKEN,42.42,42.42
SGIL,38.03,38.03
ANANDRATHI,50.58,50.58
SJS,24.46,24.46
FINOPB,20.79,20.79
POLICYBZR,295.07,344.41
NYKAA,746.16,746.16
AWL,29.03,29.03
MONARCH,15.85,15.85
SAPPHIRE,575.02,336.01
QUADPRO,16.20,16.20
PRUDENT,48.86,48.86
EPIGRAL,23.71,23.71
NUVOCO,,
GOCOLORS,43.05,43.05
NGIL,,
TRACXN,,
CMSINFO,20.51,20.51
FUSION,,
COASTCORP,,
TARSONS,56.51,56.51
MEDPLUS,64.33,64.33
TEGA,49.93,49.93
RATEGAIN,26.00,26.00
MANORG,36.26,36.26
LATENTVIEW,45.89,45.89
METROBRAND,70.63,70.63
PVSL,30.36,30.36
MICEL,26.32,26.32
PASUPTAC,13.36,13.36
FOODSIN,25.29,25.29
PARADEEP,18.02,18.02
JAINAM,32.07,32.07
MAPMYINDIA,64.38,64.38
ABMINTLLTD,278.45,278.45
3IINFOLTD,,
TMB,5.79,5.79
KRITI,168.71,168.71
DYNAMIC,15.00,15.04
DESTINY,36.80,36.80
MANYAVAR,48.10,48.10
GANESHBE,12.99,12.99
GVPTECH,64.96,64.96
DMCC,32.59,32.59
KOTYARK,14.20,14.20
MEDICAMEQ,90.03,90.03
FOCE,46.98,46.98
EMIL,27.97,27.97
SHIVALIK,46.87,46.87
PRECISION,10.01,10.01
UMAEXPORTS,18.21,17.89
DATAPATTNS,52.87,52.87
JSLL,50.16,50.16
MEDANTA,65.63,65.63
MALLCOM,18.62,18.62
NIDAN,,8.87
ASIANENE,42.47,40.31
DIGJAMLMTD,,
SMLT,31.46,31.46
NRL,27.57,27.57
RADIANTCMS,12.75,12.75
GPTHEALTH,23.61,23.61
CHOICEIN,67.46,67.46
EUROBOND,26.25,26.25
SELMC,,
HARIOMPIPE,18.56,18.56
GRWRHITECH,30.11,30.11
CAPITALSFB,10.02,10.02
DELHIVERY,775.88,431.52
DCMSRIND,12.12,12.12
VERANDA,,
RAJRILTD,,
EMUDHRA,85.40,85.40
DYCL,23.79,23.79
FIVESTAR,20.54,20.54
STARTECK,24.35,24.35
VIRINCHI,34.47,34.47
SBC,34.06,34.06
DHRUV,24.74,24.74
ELDEHSG,24.66,24.66
ELIN,37.43,37.43
SHIGAN,19.48,19.48
TIMESCAN,7.35,7.35
MADHAVBAUG,26.06,26.06
SEJALLTD,50.99,50.99
MHLXMIRU,14.56,14.56
LOYALTEX,,
RELCHEMQ,45.60,45.60
GATEWAY,4.96,12.88
SYRMA,52.75,52.15
ZIMLAB,26.78,26.78
UDAICEMENT,,
JTLIND,28.42,28.42
CAMPUS,64.51,64.51
RAINBOW,55.42,55.42
TBOTEK,63.43,64.41
VENUSPIPES,29.31,29.31
AETHER,106.60,62.77
ROTO,42.31,42.31
SPRL,12.06,12.06
MEGASTAR,70.60,70.60
GSTL,23.97,23.97
INDOBORAX,12.76,12.76
LANDMARK,62.82,
RACE,77.21,77.21
AVONMORE,21.26,21.26
ETHOSLTD,67.71,67.71
DREAMFOLKS,18.38,18.38
AGSTRA,,
SONUINFRA,15.94,15.94
MSUMI,37.02,37.02
KNAGRI,16.31,16.31
LEMERITE,210.94,210.94
DHARMAJ,19.72,19.72
HARSHA,27.55,27.55
OBCL,103.91,103.91
GMRP&UI,4.31,
KCK,154.69,154.69
LICI,11.45,11.45
INDOAMIN,16.76,16.76
KRISHNADEF,49.85,49.85
PROPEQUITY,17.74,17.74
TVSSCS,,
SWARAJ,14.06,14.06
AMEYA,19.69,19.69
INOXGREEN,134.65,134.65
FEDFINA,15.04,15.04
ACI,41.91,35.66
BIKAJI,64.73,64.73
RITCO,18.38,18.38
SADHNANIQ,165.86,165.86
SURAJEST,13.84,13.84
VEEKAYEM,26.12,26.12
SKP,416.98,416.98
RILINFRA,18.97,18.97
HARDWYN,46.37,46.37
CHEVIOT,9.60,9.60
MUKKA,16.19,16.19
HMAAGRO,20.78,20.78
MWL,16.46,16.46
MEDICO,46.99,46.99
CMRSL,8.33,6.73
KFINTECH,55.93,55.93
YATHARTH,31.31,31.31
DCXINDIA,52.14,52.14
YATRA,45.46,45.46
AKSHAR,,
KAYNES,114.88,114.88
SABAR,3.43,3.43
SWASTIK,33.66,33.66
AXITA,45.94,49.00
PLAZACABLE,144.67,144.67
SENCO,34.89,34.89
USASEEDS,13.85,13.85
TRU,11.04,11.04
RADHIKAJWE,18.01,18.01
TIPSFILMS,,
SPLPETRO,28.12,28.12
RAMRAT,32.60,32.60
VIVIANA,50.78,50.78
CSLFINANCE,7.97,7.97
AGNI,100.33,100.33
KORE,30.96,30.88
GOYALALUM,63.43,63.43
RUSTOMJEE,42.38,42.38
GENSOL,12.11,12.09
DBOL,47.41,39.89
KANDARP,68.18,68.18
GSLSU,,
SPORTKING,10.77,10.77
ALLETEC,30.97,30.97
AIIL,6.76,6.76
MANORAMA,74.70,74.70
ISHAN,26.85,25.23
ARABIAN,9.24,9.24
INNOVACAP,40.18,40.18
GRMOVER,27.20,27.20
SYNCOMF,40.03,40.03
BAHETI,46.27,46.27
SULA,33.28,33.28
SIGNATURE,192.82,192.82
ANNAPURNA,32.37,32.37
KRITINUT,13.14,13.14
MEGAFLEX,32.16,32.16
KALAMANDIR,20.70,20.70
VITAL,,
RAMAPHO,28.40,28.40
PPLPHARMA,,
TAPIFRUIT,,
AVALON,109.66,109.66
RITEZONE,7.20,7.20
CONCORDBIO,52.37,52.37
GODIGIT,76.42,76.42
GRCL,123.50,123.50
BAIDFIN,11.19,11.19
LLOYDS,,
PHANTOMFX,11.54,11.54
QUICKTOUCH,7.39,7.39
IPSL,38.61,38.61
DOLLEX,21.39,21.39
BLUEJET,68.40,68.40
MVGJL,11.15,11.15
JIWANRAM,8.38,8.38
SCPL,17.17,17.17
SUKHJITS,12.33,12.33
ARHAM,24.29,24.29
FROG,25.45,25.45
MANKIND,45.16,45.16
SKYGOLD,44.09,44.09
BLAL,,
SATINDLTD,12.40,12.39
DIVGIITTS,52.23,52.23
PRITIKA,74.80,74.80
USK,17.76,17.76
ANLON,34.34,34.34
MOTISONS,42.88,43.29
VELS,,
VERTEXPLUS,,
CMNL,34.26,33.65
SRIVASAVI,16.39,16.39
DIACABS,121.88,128.79
IKIO,46.78,46.78
MANOMAY,16.20,16.20
MOXSH,,
FAZE3Q,27.76,27.76
UMA,24.26,24.26
NSLNISP,,
RBMINFRA,15.54,15.54
LLOYDSME,43.13,43.13
AARTIPHARM,27.94,27.94
RHL,44.83,44.83
SAHYADRI,13.23,13.23
SAHANA,36.59,36.59
NINSYS,38.77,38.77
DUCOL,31.49,31.49
HOMESFY,15.95,15.59
SBFC,27.95,27.95
SBGLP,57.57,57.57
ASMS,166.77,191.88
HYBRIDFIN,9.80,9.17
SHERA,38.56,38.56
VIAZ,30.61,30.61
INDGN,33.64,33.83
ZAGGLE,61.38,61.38
GANDHAR,16.69,16.69
AGARWALFT,24.64,24.64
MCON,38.47,38.47
HONASA,92.54,92.54
RISHABH,50.49,50.49
IRMENERGY,19.92,19.92
SAH,321.94,321.94
DENEERS,18.56,18.56
JGCHEM,20.26,20.26
QFIL,15.49,15.49
CYIENTDLM,54.44,54.44
AGUL,11.20,11.20
NIRMAN,13.49,13.49
AKI,31.40,43.50
YCCL,95.23,95.23
RPTECH,9.30,9.72
LORDSCHLO,98.74,98.74
SYSTANGO,16.74,16.74
RATNAVEER,18.38,18.38
PATTECH,26.62,26.62
MOS,53.27,53.27
SECMARK,43.50,43.50
AUROIMPEX,11.88,11.88
SOTAC,32.67,32.00
SPECTSTM,25.60,25.60
ATAM,14.00,14.00
IDEAFORGE,,
CRAYONS,7.51,7.51
SHRITECH,12.70,12.70
INFOLLION,42.42,42.42
URBAN,14.75,14.75
INFINIUM,34.27,34.27
AARTECH,36.33,36.33
POCL,29.57,29.57
KRISHCA,22.59,22.59
ESFL,118.87,118.87
AATMAJ,,
TATATECH,41.90,41.90
REMUS,30.81,30.81
NOVAAGRI,14.73,14.73
REDTAPE,52.25,52.25
ASHOKAMET,4.14,4.14
SICALLOG,,
YUDIZ,,
PENTAGON,17.72,17.72
CELLPOINT,141.55,141.55
SEL,41.58,41.58
TRIDHYA,8.40,8.40
ACL,,
GREENCHEF,25.79,25.79
PROV,43.14,43.14
PTCIL,368.53,365.99
NETWEB,84.89,84.89
PYRAMID,20.03,20.03
VILINBIO,,
MAGSON,34.85,34.85
AEROFLEX,43.91,43.91
EMSLIMITED,19.51,19.51
EFACTOR,13.09,13.09
GHCLTEXTIL,14.29,14.29
MONOPHARMA,14.85,14.85
VPRPL,18.87,18.87
UDS,17.69,17.69
DENTALKART,59.94,59.94
SYNOPTICS,13.33,13.33
CLSL,31.06,31.06
SSFL,30.13,30.13
KIRLPNU,40.68,39.43
DHTL,,
ATL,17.58,16.65
BALUFORGE,32.40,32.40
RRKABEL,39.84,39.85
JSWINFRA,46.52,46.52
SANGANI,20.88,20.88
JLHL,55.32,55.80
SCILAL,54.38,54.38
SAHAJ,11.30,11.30
NUVAMA,23.74,23.74
GLOBALPET,73.92,73.92
YASHO,113.16,113.16
SERVICE,33.78,33.78
KEL,33.34,33.34
PRAMARA,21.00,21.00
NIITMTS,25.77,24.92
VINSYS,20.79,20.79
VALIANTLAB,,
ZEAL,11.34,11.34
ARVINDPORT,14.42,14.42
MARINETRAN,41.66,41.66
SINDHUTRAD,37.45,37.44
UNIHEALTH,19.24,19.24
ORIANA,24.91,24.91
ASKAUTOLTD,37.26,37.26
CHAVDA,15.83,15.83
ONDOOR,11.14,11.07
BAWEJA,14.84,14.84
TRANSTEEL,17.04,16.97
SANDUMA,15.54,15.54
VLEGOV,,318.58
PLADAINFO,6.12,6.12
OLIL,34.59,34.59
SUNREST,,
RBZJEWEL,16.63,16.63
KODYTECH,77.09,77.09
KARNIKA,52.12,52.12
AKANKSHA,216.47,216.47
SCML,14.80,14.80
SAAKSHI,27.59,27.59
MUFIN,59.33,57.86
MAL,12.32,12.32
HIGREEN,49.40,49.40
PLATIND,27.92,27.92
MUFTI,14.37,14.37
FLAIR,19.45,19.45
CELLECOR,52.32,52.32
MUTHOOTMF,7.70,7.70
SRGHFL,18.21,18.21
INDIFRA,38.27,38.27
JIOFIN,124.45,124.45
CPS,,
MADHUSUDAN,18.29,18.29
NEWJAISA,27.36,27.36
GOYALSALT,19.25,19.25
TICL,,
WOMANCART,38.00,38.00
RCDL,27.81,27.81
BLSE,26.83,26.83
HOLMARC,40.66,40.66
SHANTHALA,26.23,26.23
TREL,4.45,28.94
MARCO,23.55,23.55
DIAMINESQ,89.62,89.62
VISHNUINFR,17.00,17.00
KONTOR,28.95,28.95
RKSWAMY,36.92,36.92
MICROPRO,8.98,8.98
INSPIRE,,
EPACK,74.37,74.37
HAPPYFORGE,28.38,28.38
INDIASHLTR,24.98,24.98
CELLO,32.93,32.93
CANARYS,15.63,15.63
DIGIDRIVE,16.07,16.07
DOMS,83.86,83.86
MAITREYA,38.85,38.85
GLOSTERLTD,,
LANCORHOL,24.03,24.03
AMNPLST,30.22,30.22
SARTELE,42.47,42.47
VINYAS,140.64,140.64
SAIFL,7.84,7.84
JNKINDIA,54.43,54.43
INOXINDIA,44.80,46.02
GRAPHISAD,12.40,12.02
SHEETAL,39.64,39.64
ROXHITECH,5.14,5.14
JYOTICNC,78.45,76.71
BAJEL,109.21,89.18
EFORCE,,
DEEM,7.59,7.59
APS,46.70,46.70
ENTERO,52.16,52.16
TECHLABS,86.66,86.66
SIGNPOST,25.37,25.37
ROCKINGDCE,22.71,22.71
BABAFP,14.27,14.27
SUNCLAY,,
SHREEOSFM,13.29,13.29
PRESSTONIC,,
HRHNEXT,33.90,34.05
EXICOM,,
MEGATHERM,24.31,24.31
OWAIS,27.42,27.42
KLL,13.21,13.21
ZENITHDRUG,9.90,10.02
SJLOGISTIC,21.75,21.75
PURVFLEXI,19.81,19.81
KTL,2.85,2.85
SRM,19.75,19.75
AZAD,117.07,117.07
KONSTELEC,10.18,10.18
JUNIPER,97.07,97.07
KRYSTAL,10.86,10.86
VSTL,29.02,29.02
FONEBOX,28.23,28.23
INM,27.08,26.87
ITALIANE,17.29,17.29
SUPREMEPWR,18.73,18.73
KCEIL,23.50,23.50
MAXESTATES,744.58,744.64
CGRAPHICS,28.71,28.71
ACCENTMIC,13.65,13.65
LAWSIKHO,28.14,28.14
SADHAV,13.57,13.57
MANDEEP,,
WTICAB,15.89,15.89
GOPAL,40.62,40.62
DAVANGERE,28.41,28.41
MAXPOSURE,30.12,30.12
ALPEXSOLAR,32.76,35.92
VHLTD,19.00,19.18
SONAMAC,12.22,12.22
BIRDYS,,
SIGNORIA,10.34,10.34
TCL,13.47,13.47
DELAPLEX,11.81,11.81
RULKA,13.26,13.26
NAMAN,11.43,11.42
SINCLAIR,28.50,28.50
BLUEPEBBLE,16.30,16.30
DCG,28.65,28.65
AWFIS,73.99,129.66
K2INFRA,8.54,8.54
RADIOWALLA,1.40,1.25
RBS,16.72,16.72
ESCONET,48.85,48.85
MVKAGRO,9.28,9.28
ENFUSE,36.73,36.73
FILATFASH,45.47,45.47
AVPINFRA,15.50,15.50
SILKFLEX,15.16,15.16
VISHWAS,21.35,21.35
TGL,21.26,21.26
TAC,111.76,111.76
EMMIL,18.20,18.41
YASHOPTICS,20.47,20.47
ALUWIND,22.90,22.93
REFRACTORY,30.83,30.83
PRLIND,14.62,14.84
IEML,19.46,19.46
ABSMARINE,30.94,30.94
WINSOL,43.96,43.96
SLONE,19.96,19.96
QUESTLAB,14.21,14.21
