SERIES,SYMBOL,SECURITY,RECORD_DT,BC_STRT_DT,BC_END_DT,EX_DT,ND_STRT_DT,ND_END_DT,PURPOSE
BE,IOLCP,IOL Chem and Pharma Ltd,11/03/2025, , ,11/03/2025, , ,FVSPLT FRM RS 10 TO RS 2 
BE,STEELCITY,Steel City Securities Lim,27/02/2025, , ,27/02/2025, , ,INTDIV - RE 1 PER SH     
BE,COASTCORP,Coastal Corporation Ltd,04/03/2025, , ,04/03/2025, , ,FV SPLT FRM RS10 TO RS 2 
BE,ANANDRATHI,Anand Rathi Wealth Ltd,05/03/2025, , ,05/03/2025, , ,BONUS 1:1                
BE,MGEL,Mangalam Global Ent Ltd,04/03/2025, , ,04/03/2025, , ,FV SPLT FRM RS 2 TO RE 1 
BE,NAVA,Nava Bharat Ventures Ltd.,28/02/2025, , ,28/02/2025, , ,BUY BACK                 
BE,JINDWORLD,Jindal Worldwide Ltd,28/02/2025, , ,28/02/2025, , ,BONUS 4:1                
BE,SBICARD,SBI Cards & Pay Ser Ltd,25/02/2025, , ,25/02/2025, , ,INTDIV - RS 2.50 PER SH  
BE,PFC,Power Finance Corporation,28/02/2025, , ,28/02/2025, , ,INTDIV - RS 3.50 PER SH  
EQ,IOLCP,IOL Chem and Pharma Ltd,11/03/2025, , ,11/03/2025, , ,FVSPLT FRM RS 10 TO RS 2 
EQ,HDFCLIQUID,HDFCAMC - HDFCLIQUID,28/02/2025, , ,28/02/2025, , ,CHANGE IN ATTRIBUTE      
EQ,STEELCITY,Steel City Securities Lim,27/02/2025, , ,27/02/2025, , ,INTDIV - RE 1 PER SH     
EQ,COASTCORP,Coastal Corporation Ltd,04/03/2025, , ,04/03/2025, , ,FV SPLT FRM RS10 TO RS 2 
EQ,ANANDRATHI,Anand Rathi Wealth Ltd,05/03/2025, , ,05/03/2025, , ,BONUS 1:1                
EQ,PFC,Power Finance Corporation,28/02/2025, , ,28/02/2025, , ,INTDIV - RS 3.50 PER SH  
EQ,NAVA,Nava Bharat Ventures Ltd.,28/02/2025, , ,28/02/2025, , ,BUY BACK                 
EQ,JINDWORLD,Jindal Worldwide Ltd,28/02/2025, , ,28/02/2025, , ,BONUS 4:1                
EQ,SBICARD,SBI Cards & Pay Ser Ltd,25/02/2025, , ,25/02/2025, , ,INTDIV - RS 2.50 PER SH  
EQ,MGEL,Mangalam Global Ent Ltd,04/03/2025, , ,04/03/2025, , ,FV SPLT FRM RS 2 TO RE 1 
GB,SGBMAR25,2.50%GOLDBONDS 2025Tr-VII,13/03/2025, , ,13/03/2025, , ,REDEMPTION               
GS,795GS2032,GOI LOAN 7.95% 2032,27/02/2025, , ,27/02/2025, , ,INTEREST PAYMENT         
GS,GS090325C,GOI STRIPS C 090325,05/03/2025, , ,05/03/2025, , ,REDEMPTION               
GS,GS150325C,GOI STRIPS C 150325,12/03/2025, , ,12/03/2025, , ,REDEMPTION               
N2,IREDA,IREDA 8.55NCDTr I Sr II A,27/02/2025, , ,27/02/2025, , ,INTEREST PAYMENT         
N3,IREDA,IREDA 8.55NCDTr I Sr IIIA,27/02/2025, , ,27/02/2025, , ,INTEREST PAYMENT         
N3,932AEL27,Sec Re NCD 9.32% Sr III,25/02/2025, , ,25/02/2025, , ,INTEREST PAYMENT         
N3,CREDITACC,Sec Re NCD 9.60% Sr. III,28/02/2025, , ,28/02/2025, , ,INTEREST PAYMENT         
N5,8277SMF27,SICCL 8.277% 2027 Sr 107,25/02/2025, , ,25/02/2025, , ,INTEREST PAYMENT         
N5,NHAI,8.50% Tax Free Tr I S IIA,28/02/2025, , ,28/02/2025, , ,INTEREST PAYMENT         
N5,CREDITACC,Sec Re NCD 10% Sr. V,28/02/2025, , ,28/02/2025, , ,INTEREST PAYMENT         
N5,IREDA,IREDA 8.80NCDTr I Sr II B,27/02/2025, , ,27/02/2025, , ,INTEREST PAYMENT         
N6,IREDA,IREDA 8.80NCDTr I Sr IIIB,27/02/2025, , ,27/02/2025, , ,INTEREST PAYMENT         
N6,NHAI,8.75% Tax Free Tr I S IIB,28/02/2025, , ,28/02/2025, , ,INTEREST PAYMENT         
N6,956AEL29,Sec Re NCD 9.56% Sr VI,25/02/2025, , ,25/02/2025, , ,INTEREST PAYMENT         
N7,TATACAPHSG,Sec Red NCD 8.01% Sr.IV,25/02/2025, , ,25/02/2025, , ,INTEREST PAYMENT         
N8,TATACAPHSG,Sec Red NCD 8.10% Sr.IV,25/02/2025, , ,25/02/2025, , ,INTEREST PAYMENT         
N9,NAVIFIN,Sec Re NCD 10.00% Sr. I,26/02/2025, , ,25/02/2025, , ,INTEREST PAYMENT         
NA,NAVIFIN,Sec Re NCD 10.40% Sr.II,26/02/2025, , ,25/02/2025, , ,INTEREST PAYMENT         
NB,NAVIFIN,Sec Re NCD 10.90% Sr.III,26/02/2025, , ,25/02/2025, , ,INTEREST PAYMENT         
NC,NAVIFIN,Sec Re NCD 10.65% Sr.IV,26/02/2025, , ,25/02/2025, , ,INTEREST PAYMENT         
ND,NAVIFIN,Sec Re NCD 11.19% Sr.V,26/02/2025, , ,25/02/2025, , ,INTEREST PAYMENT         
NR,CHOLAFIN,Chola 8.60% 2029 Sr 638,28/02/2025, , ,28/02/2025, , ,INTEREST PAYMENT         
SG,603RJ25,SDL RJ 6.03% 2025,07/03/2025, , ,07/03/2025, , ,REDEMPTION               
SG,752GJ25,SDL GJ 7.52% 2025,05/03/2025, , ,05/03/2025, , ,REDEMPTION               
SG,664BR25,SDL BR 6.64% 2025,13/03/2025, , ,13/03/2025, , ,REDEMPTION               
SG,669MP25,SDL MP 6.69% 2025,13/03/2025, , ,13/03/2025, , ,REDEMPTION               
SG,593RJ25,SDL RJ 5.93% 2025,06/03/2025, , ,06/03/2025, , ,REDEMPTION               
U2,IREDA,IREDA 8.55NCDTr I Sr II A,27/02/2025, , ,27/02/2025, , ,INTEREST PAYMENT         
U3,CREDITACC,Sec Re NCD 9.60% Sr. III,28/02/2025, , ,28/02/2025, , ,INTEREST PAYMENT         
U3,IREDA,IREDA 8.55NCDTr I Sr IIIA,27/02/2025, , ,27/02/2025, , ,INTEREST PAYMENT         
U3,932AEL27,Sec Re NCD 9.32% Sr III,25/02/2025, , ,25/02/2025, , ,INTEREST PAYMENT         
U5,IREDA,IREDA 8.80NCDTr I Sr II B,27/02/2025, , ,27/02/2025, , ,INTEREST PAYMENT         
U5,CREDITACC,Sec Re NCD 10% Sr. V,28/02/2025, , ,28/02/2025, , ,INTEREST PAYMENT         
U5,8277SMF27,SICCL 8.277% 2027 Sr 107,25/02/2025, , ,25/02/2025, , ,INTEREST PAYMENT         
U5,NHAI,8.50% Tax Free Tr I S IIA,28/02/2025, , ,28/02/2025, , ,INTEREST PAYMENT         
U6,NHAI,8.75% Tax Free Tr I S IIB,28/02/2025, , ,28/02/2025, , ,INTEREST PAYMENT         
U6,IREDA,IREDA 8.80NCDTr I Sr IIIB,27/02/2025, , ,27/02/2025, , ,INTEREST PAYMENT         
U6,956AEL29,Sec Re NCD 9.56% Sr VI,25/02/2025, , ,25/02/2025, , ,INTEREST PAYMENT         
U7,TATACAPHSG,Sec Red NCD 8.01% Sr.IV,25/02/2025, , ,25/02/2025, , ,INTEREST PAYMENT         
U8,TATACAPHSG,Sec Red NCD 8.10% Sr.IV,25/02/2025, , ,25/02/2025, , ,INTEREST PAYMENT         
U9,NAVIFIN,Sec Re NCD 10.00% Sr. I,26/02/2025, , ,25/02/2025, , ,INTEREST PAYMENT         
UA,NAVIFIN,Sec Re NCD 10.40% Sr.II,26/02/2025, , ,25/02/2025, , ,INTEREST PAYMENT         
UB,NAVIFIN,Sec Re NCD 10.90% Sr.III,26/02/2025, , ,25/02/2025, , ,INTEREST PAYMENT         
UC,NAVIFIN,Sec Re NCD 10.65% Sr.IV,26/02/2025, , ,25/02/2025, , ,INTEREST PAYMENT         
UD,NAVIFIN,Sec Re NCD 11.19% Sr.V,26/02/2025, , ,25/02/2025, , ,INTEREST PAYMENT         
UR,CHOLAFIN,Chola 8.60% 2029 Sr 638,28/02/2025, , ,28/02/2025, , ,INTEREST PAYMENT         

