SYMBOL,SERIES,SECURITY,HIGH/LOW,INDEX FLAG
21STCENMGM,BE,21ST CENTURY MGMT SERVICE,H
63MOONS,EQ,63 MOONS TECHNOLOGIES LTD,H
AARON,EQ,AARON INDUSTRIES LIMITED,H
ABAN,BE,ABAN OFFSHORE LTD.,H
AILIMITED,SM,ABHISHEK INTEGRATIONS LTD,H
ALMONDZ,EQ,ALMONDZ GLOBAL SEC LTD,H
ALPSINDUS,BE,ALPS INDUSTRIES LTD.,H
ARENTERP,BE,RAJDARSHAN INDUSTRIES LTD,H
ASLIND,SM,ASL INDUSTRIES LIMITED,H
ATLANTAA,BE,ATLANTAA LIMITED,H
AURDIS,ST,AURANGABAD DISTILLERY LTD,H
AVALON,EQ,AVALON TECHNOLOGIES LTD,H
AVROIND,EQ,AVRO INDIA LIMITED,H
BLUECHIP,BE,BLUE CHIP INDIA LIMITED,H
BLUEJET,EQ,BLUE JET HEALTHCARE LTD,H
BRACEPORT,ST,BRACE PORT LOGISTICS LTD,H
BTML,BE,BODHI TREE MULTIMEDIA LTD,H
CBAZAAR,ST,NET AVENUE TECHNOLOGIES L,H
CCCL,BE,CONS. CONST. CONSORT LTD,H
COMPINFO,BZ,COMPUAGE INFOCOM LTD,H
CPS,ST,C P S SHAPERS LIMITED,H
CREATIVEYE,EQ,CREATIVE EYE LIMITED,H
CTE,EQ,CAMBRIDGE TECH ENTER LTD,H
DIGIKORE,ST,DIGIKORE STUDIOS LIMITED,H
DJML,BE,DJ MEDIAPRINT & LOG LTD,H
DOLPHIN,BE,DOLPHIN OFF ENT (IND) L,H
DRONE,ST,DRONE DESTINATION LIMITED,H
ELECTHERM,BE,ELECTROTHERM (I) LTD.,H
ELGNZ,ST,ELEGANZ INTERIORS LIMITED,H
EMAMIREAL,BE,EMAMI REALTY LIMITED,H
ENSER,ST,ENSER COMMUNICATIONS LTD,H
FEL,BZ,FUTURE ENTERPRISES LTD,H
FICRF3GP,MF,FRANTEMAMC - FICRF3GP,H
GANGAFORGE,EQ,GANGA FORGING LIMITED,H
GATECH,BE,GACM TECHNOLOGIES LIMITED,H
GAYAHWS,BE,GAYATRI HIGHWAYS LIMITED,H
GLOBE,EQ,GLOBE TEXTILES (I) LTD.,H
GODFRYPHLP,EQ,GODFREY PHILLIPS INDIA LT,H
GOENKA,BZ,GOENKA DIAMOND&JEWELS LTD,H
GPECO,ST,GP ECO SOLUTIONS INDIA L,H
GRAPHISAD,SM,GRAPHISADS LIMITED,H
GVKPIL,BE,GVK POW. & INFRA LTD.,H
HEADSUP,EQ,HEADS UP VENTURES LIMITED,H
HEXATRADEX,EQ,HEXA TRADEX LIMITED,H
HOACFOODS,ST,HOAC FOODS INDIA LIMITED,H
HVAX,ST,HVAX TECHNOLOGIES LIMITED,H
IDENTICAL,ST,IDENTICAL BRAINS STUDIO L,H
IEL,BE,INDIABULLS ENT LTD,H
IITL,BE,INDUSTRIAL INV TRUST LTD,H
IMPEXFERRO,BZ,IMPEX FERRO TECH LIMITED,H
INDOTECH,EQ,INDO TECH TRANSFORM LTD.,H
INFOMEDIA,BE,INFOMEDIA PRESS LIMITED,H
IRIS,BE,IRIS BUSINESS SERV LTD,H
ISHAN,SM,ISHAN INTERNATIONAL LTD,H
JAKHARIA,ST,JAKHARIA FABRIC LIMITED,H
JAYBEE,ST,JAY BEE LAMINATIONS LTD,H
KCK,ST,KCK INDUSTRIES LTD,H
KEEPLEARN,BE,DSJ KEEP LEARNING LTD,H
KEN,ST,KEN ENTERPRISES LIMITED,H
KONSTELEC,ST,KONSTELEC ENGINEERS LTD,H
KRIDHANINF,BE,KRIDHAN INFRA LIMITED,H
KRITI,EQ,KRITI INDUSTRIES IND LTD,H
LAMOSAIC,ST,LAMOSAIC INDIA LIMITED,H
MAFANG,EQ,MIRAEAMC - MAFANG,H
MANAV,SM,MANAV INFRA PROJECTS LTD,H
MASPTOP50,EQ,MIRAEAMC - MASPTOP50,H
MCLEODRUSS,BE,MCLEOD RUSSEL INDIA LTD.,H
MFML,BE,MAHALAXMI FABRIC MILLS LT,H
MHHL,ST,MOHINI HEALTH&HYGIENE LTD,H
MONQ50,EQ,MOTILALAMC - MONQ50,H
MYMUDRA,ST,MY MUDRA FINCORP LIMITED,H
NILASPACES,BE,NILA SPACES LIMITED,H
NURECA,BE,NURECA LIMITED,H
OBSCP,ST,OBSC PERFECTION LIMITED,H
OILCOUNTUB,EQ,OIL COUNTRY TUBULAR LTD,H
ORCHPHARMA,EQ,ORCHID PHARMA LIMITED,H
ORTEL,BZ,ORTEL COMMUNICATIONS LTD,H
PANACHE,BE,PANACHE DIGILIFE LIMITED,H
PATTECH,SM,PATTECH FITWELL TUB COM L,H
PHANTOMFX,SM,PHANTOM DIGITAL EFF LTD,H
PRAENG,EQ,PRAJAY ENG. SYN. LTD.,H
PRAXIS,BE,PRAXIS HOME RETAIL LTD,H
PREMIER,BE,PREMIER LIMITED,H
PRUDMOULI,BE,PRUDENTIAL SUGAR CORPORAT,H
SABAR,ST,SABAR FLEX INDIA LIMITED,H
SANWARIA,BZ,SANWARIA CONSUMER LIMITED,H
SEMAC,BE,SEMAC CONSULTANTS LIMITED,H
SETUINFRA,BZ,SETUBANDHAN INFRA LTD,H
SHAILY,BE,SHAILY ENG PLASTICS LTD,H
SHREERAMA,BE,SHREE RAMA MULTI TECH LTD,H
SHUBHSHREE,ST,SHUBHSHREE BIOFUELS ENE L,H
SITINET,BZ,SITI NETWORKS LIMITED,H
SOFTTECH,BE,SOFTTECH ENGINEERS LTD,H
SOLARA,EQ,SOLARA ACTIVE PHA SCI LTD,H
SOLARAPP,E1,SOLAR ACT RS.3.50 PPD UP,H
SPCL,ST,SHIVALIC POWER CONTROL L,H
SUPREME,EQ,SUPREME HOLDIN N HOSP I L,H
SUPREMEENG,BE,SUPREME ENGINEERING LTD,H
TAC,ST,TAC INFOSEC LIMITED,H
TARACHAND,BE,TARA CHAND INFRA SOLN LTD,H
TBZ,EQ,TRIB BHIMJI ZAVERI LTD,H
TCIFINANCE,BE,TCIFINANCELTD-ROLL SETT,H
TGL,ST,TEERTH GOPICON LIMITED,H
THANG-RE,BE,THANGAMAYIL JEWELLERY LTD,H
THANGAMAYL,EQ,THANGAMAYIL JEWELLERY LTD,H
TIJARIA,BE,TIJARIA POLYPIPES LTD,H
TIRUPATIFL,BE,TIRUPATI FORGE LIMITED,H
TPHQ,BE,TEAMO PRODUCTIONS HQ LTD,H
UHTL,ST,UNITED HEAT TRANSFER LTD,H
V2RETAIL,BE,V2 RETAIL LIMITED,H
VAKRANGEE,EQ,VAKRANGEE LIMITED,H
VARDMNPOLY,BE,VARDHMAN POLYTEX LTD.,H
VELS,ST,VELS FILM INTERNATIONAL L,H
VIJAYA,EQ,VIJAYA DIAGNOSTIC CEN LTD,H
VLINFRA,ST,V.L.INFRAPROJECTS LIMITED,H
VOLERCAR,ST,VOLER CAR LIMITED,H
WEALTH,BE,WEALTH FRST PORT. MG. LTD,H
WSI,BE,W.S.INDUSTRIES (I) LTD.,H
A2ZINFRA,BE,A2Z INFRA ENGINEERING LTD,L
AGSTRA,BE,AGS TRANSACT TECH LTD,L
AKSHOPTFBR,BE,AKSH OPTIFIBRE  LTD,L
ANLON,SM,ANLON TECHNOLOGY SOL LTD,L
ARENTERP,BE,RAJDARSHAN INDUSTRIES LTD,L
ARVINDPORT,ST,ARVIND PORT AND INFRA LTD,L
BAGFILMS,BE,B.A.G FILMS AND MEDIA LTD,L
BAJAJINDEF,BE,INDEF MANUFACTURING LTD,L
BGRENERGY,BE,BGR ENERGY SYSTEMS LTD,L
BIL,BE,BHARTIYA INETRNATIONAL LT,L
C2C,ST,C2C ADVANCED SYSTEMS LTD,L
CMMIPL,SZ,CMM INFRAPROJECTS LIMITED,L
CMRSL,SM,CYBER MEDIA RES & SER LTD,L
COMPINFO,BZ,COMPUAGE INFOCOM LTD,L
DECCANCE,EQ,DECCAN CEMENTS LIMITED,L
DESTINY,ST,DESTINY LOGISTICS & I LTD,L
DIGJAMLMTD,BE,DIGJAM LTD,L
DYNAMIC,ST,DYNAMIC SRVCS & SEC LTD,L
E2E,EQ,E2E NETWORKS LIMITED,L
EFFWA,SM,EFFWA INFRA & RESEARCH L,L
ENSER,ST,ENSER COMMUNICATIONS LTD,L
ESCONET,ST,ESCONET TECHNOLOGIES LTD,L
ESPRIT,ST,ESPRIT STONES LIMITED,L
FLEXITUFF,BE,FLEXITUFF VENTURES INT L,L
GAYAPROJ,BZ,GAYATRI PROJECTS LTD,L
GICL,ST,GLOBE INTL CARRIERS LTD,L
GKWLIMITED,BE,GKW LIMITED,L
GOENKA,BZ,GOENKA DIAMOND&JEWELS LTD,L
GRCL,SM,GAYATRI RUBB AND CHEM LTD,L
GUJRAFFIA,BE,GUJARAT RAFFIA INDUST LTD,L
HIGREEN,ST,HI GREEN CARBON LIMITED,L
HVAX,ST,HVAX TECHNOLOGIES LIMITED,L
IITL,BE,INDUSTRIAL INV TRUST LTD,L
INDIFRA,ST,INDIFRA LIMITED,L
INFOMEDIA,BE,INFOMEDIA PRESS LIMITED,L
ISHAN,SM,ISHAN INTERNATIONAL LTD,L
JYOTI-RE1,BE,JYOTI STRUCTURES LIMITED,L
KCK,ST,KCK INDUSTRIES LTD,L
KORE,ST,JAY JALARAM TECHNO LTD,L
KOTHARIPRO,BE,KOTHARI PRODUCTS,L
KRITIKA,BE,KRITIKA WIRES LIMITED,L
KTL,ST,KALAHRIDHAAN TRENDZ LTD,L
LAL,BE,LORENZINI APPARELS LTD,L
LAWSIKHO,ST,ADDICTIVE LEARNING TECH L,L
MANAV,SM,MANAV INFRA PROJECTS LTD,L
MANORG,EQ,MANGALAM ORGANICS LIMITED,L
MASKINVEST,BE,MASK INVESTMENTS LIMITED,L
MEDIORG,SM,MEDICAMEN ORGANICS LTD,L
MIEL,ST,MANGLAM INFRA & ENG LTD,L
MODTHREAD,EQ,MODERN THREADS INDIA LTD,L
NAVKARURB,BE,NAVKAR URBANSTRUCTURE LTD,L
NEPHROCARE,SM,NEPHRO CARE INDIA LIMITED,L
ONDOOR,ST,ON DOOR CONCEPTS LIMITED,L
ONELIFECAP,BE,ONELIFE CAP ADVISORS LTD,L
ORTEL,BZ,ORTEL COMMUNICATIONS LTD,L
PANACHE,BE,PANACHE DIGILIFE LIMITED,L
PAR,BE,PAR DRUGS AND CHEM LTD,L
PARIN,ST,PARIN ENTERPRISES LIMITED,L
PERFECT,ST,PERFECT INFRAENGINEER LTD,L
PIGL,BE,POWER INSTRUMENT (G) LTD,L
POLYSIL,SM,POLYSIL IRRIGATION SYST L,L
PRAMARA,SM,PRAMARA PROMOTIONS LTD,L
PRIZOR,ST,PRIZOR VIZTECH LIMITED,L
RAJRILTD,BE,RAJ RAYON INDUSTRIES LTD,L
RAMANEWS,BE,SHREE RAMA NEWSPRINT LTD,L
RBMINFRA,ST,RBM INFRACON LIMITED,L
READYMIX,ST,READYMIX CONSTRU MACHI L,L
REPL,BE,RUDRABHISHEK ENTERP LTD,L
RVHL,BE,RAVINDER HEIGHTS LIMITED,L
SAHANA,ST,SAHANA SYSTEM LIMITED,L
SAMBHAAV,BE,SAMBHAAV MEDIA LTD,L
SAMPANN,BE,SAMPANN UTPADAN INDIA LTD,L
SANWARIA,BZ,SANWARIA CONSUMER LIMITED,L
SATECH,ST,S A TECH SOFTWARE INDIA L,L
SBGLP,BE,SURATWWALA BUS GROUP LTD,L
SECL,ST,SALASAR EXTERIOR CONT LTD,L
SEJALLTD,EQ,SEJAL GLASS LIMITED,L
SETUINFRA,BZ,SETUBANDHAN INFRA LTD,L
SHANTHALA,ST,SHANTHALA FMCG PRODUCTS L,L
SHANTI,EQ,SHANTI OVERSEAS INDIA LTD,L
SIDDHIKA,ST,SIDDHIKA COATINGS LIMITED,L
SITINET,BZ,SITI NETWORKS LIMITED,L
SLONE,ST,SLONE INFOSYSTEMS LIMITED,L
SONUINFRA,ST,SONU INFRATECH LIMITED,L
SUMIT,EQ,SUMIT WOODS LIMITED,L
SVLL,BE,SHREE VASU LOGISTICS LTD,L
TAKE,BZ,TAKE SOLUTIONS LTD,L
TECHLABS,ST,TRIDENT TECHLABS LIMITED,L
TERASOFT,BE,TERA SOFTWARE LIMITED,L
TIRUPATIFL,BE,TIRUPATI FORGE LIMITED,L
TOUCHWOOD,BE,TOUCHWOOD ENTERTAIN LTD.,L
UMESLTD,EQ,USHA MARTIN EDU & SOL LTD,L
UNITECH,BZ,UNITECH LIMITED,L
VARDMNPOLY,BE,VARDHMAN POLYTEX LTD.,L
VEEKAYEM,ST,VEEKAYEM FASH & APP LTD,L
VIPULLTD,BE,VIPUL LIMITED,L
VIVIANA,ST,VIVIANA POWER TECH LTD,L
VLEGOV,BE,VL E GOV AND IT SOL LTD,L
VMARCIND,ST,V MARC INDIA LIMITED,L
WALPAR,SM,WALPAR NUTRITIONS LIMITED,L
WINNY,ST,WINNY IMMIGRA & EDU SER L,L
WINSOME,BZ,WINSOME YARNS LIMITED,L
YAARI,BE,YAARI DIGI INT SER LTD,L
