GAIN_LOSS,SECURITY,CLOSE_PRIC,PREV_CL_PR,PERCENT_CG
 ,Nifty 50 Sec., , , 
 , , , , 
G,MAHINDRA & MAHINDRA LTD,      2777.85,      2709.20,2.53
G,BHARTI AIRTEL LIMITED,      1641.40,      1601.30,2.5
G,BAJAJ FINANCE LIMITED,      8488.80,      8354.95,1.6
G,NESTLE INDIA LIMITED,      2250.40,      2220.40,1.35
G,MARUTI SUZUKI INDIA LTD.,     12476.35,     12345.20,1.06
G,BAJAJ FINSERV LTD.,      1875.10,      1857.80,.93
G,ADANI PORT & SEZ LTD,      1080.35,      1070.40,.93
G,HDFC LIFE INS CO LTD,       622.15,       617.00,.83
G,TITAN COMPANY LIMITED,      3198.80,      3173.00,.81
G,HINDUSTAN UNILEVER LTD.,      2259.30,      2241.45,.8
G,ITC LTD,       404.85,       401.90,.73
G,ADANI ENTERPRISES LIMITED,      2129.85,      2115.15,.69
G,INDUSIND BANK LIMITED,      1034.25,      1029.15,.5
G,ICICI BANK LTD.,      1224.15,      1218.35,.48
G,HDFC BANK LTD,      1682.35,      1677.10,.31
G,TATA CONSUMER PRODUCT LTD,      1004.85,      1002.40,.24
G,INFOSYS LIMITED,      1767.70,      1764.10,.2
G,BHARAT ELECTRONICS LTD,       256.65,       256.35,.12
G,KOTAK MAHINDRA BANK LTD,      1967.25,      1966.10,.06
 , , , , 
L,HINDALCO  INDUSTRIES  LTD,       619.45,       641.90,-3.5
L,DR. REDDY S LABORATORIES,      1128.15,      1164.55,-3.13
L,TRENT LTD,      4959.90,      5066.00,-2.09
L,SUN PHARMACEUTICAL IND L,      1613.60,      1639.50,-1.58
L,HERO MOTOCORP LIMITED,      3828.25,      3884.85,-1.46
L,POWER GRID CORP. LTD.,       255.75,       259.15,-1.31
L,WIPRO LTD,       291.30,       295.05,-1.27
L,TATA CONSULTANCY SERV LT,      3629.55,      3675.60,-1.25
L,TECH MAHINDRA LIMITED,      1593.95,      1613.70,-1.22
L,BHARAT PETROLEUM CORP  LT,       248.45,       251.00,-1.02
L,COAL INDIA LTD,       361.15,       364.80,-1
L,TATA MOTORS LIMITED,       661.60,       668.25,-1
L,SBI LIFE INSURANCE CO LTD,      1471.75,      1486.50,-0.99
L,LARSEN & TOUBRO LTD.,      3225.90,      3257.70,-0.98
L,ASIAN PAINTS LIMITED,      2224.75,      2246.20,-0.95
L,CIPLA LTD,      1463.35,      1476.75,-0.91
L,RELIANCE INDUSTRIES LTD,      1204.00,      1214.55,-0.87
L,JSW STEEL LIMITED,       958.75,       966.80,-0.83
L,STATE BANK OF INDIA,       710.90,       716.40,-0.77
L,ULTRATECH CEMENT LIMITED,     10964.15,     11042.65,-0.71
L,GRASIM INDUSTRIES LTD,      2379.30,      2393.70,-0.6
L,OIL AND NATURAL GAS CORP.,       233.00,       234.35,-0.58
L,SHRIRAM FINANCE LIMITED,       574.25,       577.20,-0.51
L,HCL TECHNOLOGIES LTD,      1636.10,      1644.05,-0.48
L,NTPC LTD,       318.70,       320.10,-0.44
L,TATA STEEL LIMITED,       137.07,       137.65,-0.42
L,EICHER MOTORS LTD,      4989.80,      5010.80,-0.42
L,BAJAJ AUTO LIMITED,      8417.90,      8446.95,-0.34
L,BRITANNIA INDUSTRIES LTD,      4798.05,      4804.30,-0.13
L,AXIS BANK LIMITED,      1009.10,      1010.05,-0.09
 , , , , 
 ,Nifty Next 50 Sec., , , 
 , , , , 
G,ADANI POWER LTD,       497.80,       470.10,5.89
G,INFO EDGE (I) LTD,      7323.65,      7151.80,2.4
G,BHEL,       194.61,       191.43,1.66
G,HAVELLS INDIA LIMITED,      1547.90,      1522.85,1.64
G,ZOMATO LIMITED,       225.63,       222.69,1.32
G,GODREJ CONSUMER PRODUCTS,      1057.10,      1044.60,1.2
G,DABUR INDIA LTD,       510.95,       505.70,1.04
G,ADANI TOTAL GAS LIMITED,       579.05,       575.40,0.63
G,BOSCH LIMITED,     27164.55,     26998.40,0.62
G,ADANI GREEN ENERGY LTD,       840.65,       836.05,0.55
G,DIVI S LABORATORIES LTD,      5726.40,      5702.55,0.42
G,TORRENT PHARMACEUTICALS L,      3031.05,      3023.30,0.26
G,UNITED SPIRITS LIMITED,      1346.10,      1342.80,0.25
G,MACROTECH DEVELOPERS LTD,      1196.60,      1195.00,0.13
G,ICICI PRU LIFE INS CO LTD,       566.70,       566.40,0.05
G,ADANI ENERGY SOLUTION LTD,       669.70,       669.60,0.01
 , , , , 
L,VARUN BEVERAGES LIMITED,       476.50,       499.95,-4.69
L,VEDANTA LIMITED,       409.25,       422.85,-3.22
L,BAJAJ HOLDINGS & INVS LTD,     11642.05,     12001.85,-3
L,JSW ENERGY LIMITED,       467.25,       479.70,-2.6
L,DLF LIMITED,       656.80,       673.70,-2.51
L,LIFE INSURA CORP OF INDIA,       756.55,       775.40,-2.43
L,INTERGLOBE AVIATION LTD,      4427.45,      4536.00,-2.39
L,PIDILITE INDUSTRIES LTD,      2696.50,      2761.80,-2.36
L,GAIL (INDIA) LTD,       160.74,       164.58,-2.33
L,CANARA BANK,        85.02,        86.95,-2.22
L,REC LIMITED,       383.60,       391.70,-2.07
L,HINDUSTAN AERONAUTICS LTD,      3287.40,      3350.40,-1.88
L,BANK OF BARODA,       204.77,       208.63,-1.85
L,LTIMINDTREE LIMITED,      4963.20,      5047.45,-1.67
L,ABB INDIA LIMITED,      5301.80,      5389.95,-1.64
L,NHPC LTD,        76.01,        77.24,-1.59
L,INDIAN RAIL TOUR CORP LTD,       710.35,       720.35,-1.39
L,ICICI LOMBARD GIC LIMITED,      1687.75,      1710.85,-1.35
L,INDIAN OIL CORP LTD,       118.65,       120.22,-1.31
L,AVENUE SUPERMARTS LIMITED,      3530.75,      3570.90,-1.12
L,JIO FIN SERVICES LTD,       226.32,       228.45,-0.93
L,ZYDUS LIFESCIENCES LTD,       882.95,       891.25,-0.93
L,PUNJAB NATIONAL BANK,        93.12,        93.99,-0.93
L,TATA POWER CO LTD,       351.50,       354.60,-0.87
L,UNION BANK OF INDIA,       116.29,       117.30,-0.86
L,SIEMENS LTD,      4837.75,      4872.90,-0.72
L,CHOLAMANDALAM IN & FIN CO,      1367.80,      1377.25,-0.69
L,SAMVRDHNA MTHRSN INTL LTD,       125.64,       126.49,-0.67
L,JINDAL STEEL & POWER LTD,       856.80,       862.25,-0.63
L,SHREE CEMENT LIMITED,     28197.45,     28292.40,-0.34
 , , , , 
 ,OTHER SECURITIES, , , 
 , , , , 
G,HEADS UP VENTURES LIMITED,        13.26,        11.05,20
G,THANGAMAYIL JEWELLERY LTD,      1863.05,      1552.55,20
G,TFB 7.37% 2035 SR. 3A,      1367.99,      1145.00,19.48
G,KARNIKA INDUSTRIES LTD,       590.30,       502.70,17.43
G,DUDIGITAL GLOBAL LIMITED,        60.00,        51.95,15.5
G,VIJAYA DIAGNOSTIC CEN LTD,      1061.95,       923.30,15.02
G,SWASTIK PIPE LIMITED,        50.45,        43.90,14.92
G,JINDAL DRILLING IND. LTD,       873.60,       764.60,14.26
G,ONECLICK LOGISTICS IND L,       140.80,       123.50,14.01
G,MUFIN GREEN FINANCE LTD,        80.72,        71.48,12.93
G,PRAJAY ENG. SYN. LTD.,        24.41,        21.88,11.56
G,AARON INDUSTRIES LIMITED,       360.50,       324.45,11.11
G,RAJ OIL MILLS LIMITED,        51.67,        46.56,10.98
G,TEXMACO INFRA & HOLDG LTD,       112.59,       101.86,10.53
G,PHANTOM DIGITAL EFF LTD,       225.05,       204.60,10
G,FRANTEMAMC - FICRF3GP,         1.96,         1.79,9.5
G,PARADEEP PHOSPHATES LTD,        96.18,        87.94,9.37
G,AATMAJ HEALTHCARE LIMITED,        18.50,        17.10,8.19
G,TCPL PACKAGING LIMITED,      4152.40,      3852.40,7.79
G,SHREE OSFM E-MOBILITY LTD,       111.00,       103.00,7.77
G,PREMIER POLYFILM LTD,        70.44,        65.41,7.69
G,SRG HOUSING FINANCE L,       313.85,       291.50,7.67
G,DEE DEVELOPMENT ENG LTD,       210.05,       195.65,7.36
G,TATA INVESTMENT CORP LTD,      6167.25,      5755.30,7.16
G,PIL ITALICA LIFESTYLE LTD,        13.29,        12.42,7
G,GENESYS INTL CORPN LTD,       773.10,       725.65,6.54
G,BPL LTD,        84.42,        79.48,6.22
G,ONE POINT ONE SOL LTD,        52.60,        49.53,6.2
G,RAJGOR CASTOR DERIVATI L,        22.50,        21.20,6.13
G,LOTUS EYE HOSP & INST L,        62.67,        59.05,6.13
 , , , , 
L,SEC RE NCD 10.25% SR XII,       781.00,       951.00,-17.88
L,ADITYA ULTRA STEEL LTD,        32.45,        38.85,-16.47
L,SEC RE NCD 9.65% SR I,       864.00,      1023.46,-15.58
L,POLYSIL IRRIGATION SYST L,        17.10,        19.60,-12.76
L,ANLON TECHNOLOGY SOL LTD,       272.15,       302.00,-9.88
L,DENTA WATER N INFRA SOL L,       311.70,       343.60,-9.28
L,SE RE NCD 9.35% SR.V OP2,      1049.99,      1141.00,-7.98
L,PARAMOUNT DYE TEC LIMITED,        59.50,        64.60,-7.89
L,ARCHIDPLY DECOR LIMITED,        72.17,        77.89,-7.34
L,MANGALAM ALLOYS LIMITED,        27.40,        29.55,-7.28
L,MITCON CON & ENG SER LTD,        78.76,        84.79,-7.11
L,DR. LAL PATH LABS LTD.,      2410.10,      2589.75,-6.94
L,SUNDARAM CLAYTON LIMITED,      2277.30,      2446.25,-6.91
L,ELDECO HSG & IND LTD.,       725.85,       779.35,-6.86
L,DECCAN CEMENTS LIMITED,       837.90,       898.55,-6.75
L,INDOCO REMEDIES LTD.,       208.77,       223.63,-6.64
L,MPS LIMITED,      2432.45,      2604.40,-6.6
L,RAGHAV PRODUCTIVITY ENH L,       504.60,       539.95,-6.55
L,KDDL LIMITED,      2912.80,      3112.90,-6.43
L,DUCOL ORGS AND COLOURS LT,       114.00,       121.75,-6.37
L,NITIRAJ ENGINEERS LTD,       314.20,       334.93,-6.19
L,TRIVENI ENGG. & INDS. LTD,       363.95,       387.80,-6.15
L,SADHAV SHIPPING LIMITED,       116.25,       123.80,-6.1
L,AMIABLE LOGISTICS (I) LTD,        80.15,        84.95,-5.65
L,DIAMINES & CHEMICALS LTD,       383.00,       405.85,-5.63
L,CL EDUCATE LIMITED,        82.17,        86.89,-5.43
L,RELIGARE ENTER. LTD.,       236.16,       249.57,-5.37
L,PRAMARA PROMOTIONS LTD,       138.15,       145.95,-5.34
L,INDEGENE LIMITED,       512.50,       541.40,-5.34
L,SHRE PUSH CHEM & FERT LTD,       330.15,       348.65,-5.31
