SECURITY,NEW,PREVIOUS,NEW_STATUS
SGB2.50%MAY2025SR-I 17-18,8580,8574,H
2.5%GOLDBONDS2028SR-III,8639.79,8600,H
2.50%GOLDBONDS 2025SR-IX,8640,8510,H
2.50%GOLDBONDS 2025TR-VII,8818.75,8777.07,H
2.50%GOLDBONDS2029SR-IV,8800,8750.01,H
2.50%GOLDBONDS2027SR-VI,8600,8599.99,H
SEC RE NCD SR II,1127.8,1089.84,H
MIRAEAMC - MAGOLDETF,85.78,85.66,H
GOI TBILL 91D-20/03/25,99.53,99.45,H
2.50% GOLDBONDS2025SR-VII,8698,8599,H
2.50%GOLDBONDS2026SR-I,8879.97,8700,H
2.50%GOLDBONDS2028SR-VI,8648,8639.5,H
2.50%GOLDBONDS2027SR-V,8775,8749,H
2.50% GOLDBONDS2025SR-VI,8620,8614.9,H
SEC RE NCD SR.V,1198.4,1196.8,H
SEC RE NCD 9.57% SR.II,994,993.18,H
GOI TBILL 91D-24/04/25,98.94,98.67,H
NARAYANA HRUDAYALAYA LTD.,1514.7,1444.9,H
2.5%GOLDBONDS2029SR-I,8650,8649,H
2.50%GOLDBONDS2027SR-VI,8586,8570.01,H
HDFC GOLD ETF,77.05,76.8,H
GOI TBILL 364D-21/08/25,96.73,96.55,H
GOI TBILL 182D-08/05/25,98.61,98.6,H
MODERN THREADS INDIA LTD,42.63,40.62,H
NITIRAJ ENGINEERS LTD,349.9,344,H
SEC RE NCD 9.35% SR VI,1079,1070,H
BLUE COAST HOTELS LIMITED,42.27,41.45,H
GOI TBILL 364D-06/11/25,95.57,95.49,H
SEC RE NCD 10.75% SR XI,1010,1000,H
2.5%GOLDBONDS2029SR-VII,8635,8610,H
SEC RED NCD 9.25% SR. VI,1044.45,1020,H
GOI TBILL 91D-10/04/25,99.18,98.4,H
MIRAEAMC - MAHKTECH,25.98,25.34,H
2.50%GOLDBONDS2027SR-III,9445,9147.83,H
2.50%GOLDBONDS2027SR-IV,8666,8622,H
2.50%GOLDBONDS2030SR-X,8745,8740,H
KARNIKA INDUSTRIES LTD,595,503.15,H
NORBEN TEA &EXPORTS LTD,44.44,43.57,H
FRANTEMAMC - FICRF3GP,1.96,1.79,H
SEC RE NCD 9.56% SR VI,1051,1050,H
MAHAMAYA STEEL INDS LTD,245.5,245.45,H
GOI TBILL 182D-24/07/25,97.33,97.32,H
GOI TBILL 364D-09/10/25,96.05,95.53,H
UNIONAMC - UNIONGOLD,86.3,86.2,H
NGL FINE CHEM LIMITED,1115,1098,H
MUSIC BROADCAST LIMITED,9.56,9.65,L
SHRENIK LIMITED,0.66,0.67,L
SANCO INDUSTRIES LIMITED,2.8,2.82,L
MITCON CON RS.2.50 PPD UP,27.21,30.12,L
POLYSIL IRRIGATION SYST L,15.7,19.6,L
SEC RE NCD 9.65% SR I,864,920.3,L
CMM INFRAPROJECTS LIMITED,2.4,2.45,L
GLOBESECURE TECHNO LTD,23.7,24.15,L
HARDWYN INDIA LIMITED,13.26,13.51,L
PERFECT INFRAENGINEER LTD,12.25,12.8,L
THANGAMAYIL JEWELLERY LTD,110,140.55,L
SAMMAAN CAPITAL LIMITED,113,115.11,L
SHEELA FOAM LIMITED,716,720.9,L
PRECISION METALIKS LTD,30.05,31.35,L
AKI INDIA LIMITED,9.32,9.52,L
DOCMODE HEALTH TECH LTD,48,49.65,L
AGS TRANSACT TECH LTD,22.14,23.31,L
KNOWLEDGE MARINE & EN W L,1616,1625,L
MAHALAXMI FABRIC MILLS LT,30,30.26,L
S D RETAIL LIMITED,105.5,106.5,L
READYMIX CONSTRU MACHI L,77.6,81.65,L
GOI TBILL 364D-05/02/26,93.5,93.62,L
DELHIVERY LIMITED,260.45,261,L
SALASAR TECHNO ENGG. LTD.,9.78,10.01,L
MARCO CABLE & CONDUCTOR L,38,38.1,L
INSPIRE FILMS LIMITED,23.35,23.65,L
SAHAJ FASHIONS LIMITED,11,11.15,L
SICAL LOGISTICS LIMITED,96.31,97,L
ARVIND PORT AND INFRA LTD,55,55.25,L
SITI NETWORKS LIMITED,0.6,0.61,L
DEEM ROLL TECH LIMITED,65,65.9,L
MARINETRANS INDIA LIMITED,19.75,20.6,L
INDEF MANUFACTURING LTD,240.95,253.6,L
KBC GLOBAL LIMITED,1.18,2.45,L
ADDICTIVE LEARNING TECH L,196.75,206,L
GODAVARI BIOREFINERIES L,155.95,159.4,L
KAMDHENU LIMITED,30.91,31.1,L
RAJNANDINI METAL LIMITED,5.81,5.87,L
ISHAN INTERNATIONAL LTD,1.3,1.35,L
SIGMA SOLVE LIMITED,265.85,267.15,L
SIGNORIA CREATION LIMITED,83,84.5,L
DAM CAPITAL ADVISORS LTD,224,233,L
ZENITH DRUGS LIMITED,69,69.15,L
KABRA JEWELS LIMITED,125,128.25,L
KONSTELEC ENGINEERS LTD,84.4,86,L
BEST AGROLIFE LIMITED,267.1,272.1,L
SE RE NCD 9.35% SR.V OP2,1049.99,1050,L
SEC RE NCD 10.50% SR.VII,874.99,875,L
IMPEX FERRO TECH LIMITED,2.27,2.32,L
BIKEWO GREEN TECH LIMITED,18.5,18.65,L
REVATHI EQUIPMENT INDIA L,1117.6,1150,L
ITC HOTELS LIMITED,158.35,158.56,L
MODERN THREADS INDIA LTD,38.58,39.5,L
SECUREKLOUD TECH LIMITED,22.75,23.11,L
STAR HEALTH & AL INS CO L,362.05,369.45,L
VAKRANGEE LIMITED,14.05,14.23,L
VINEET LABORATORIES LTD,38.2,38.3,L
SVP GLOBAL TEXTILES LTD,3.38,3.4,L
ALIVUS LIFE SCIENCES LTD,924.75,957,L
ANKIT MET & POW LTD,2.21,2.29,L
APEX ECOTECH LIMITED,111.2,111.25,L
RAGHAV PRODUCTIVITY ENH L,499.55,518.55,L
REFRACTORY SHAPES LIMITED,82.25,83.9,L
PALRED TECHNOLOGIES LTD,55.81,56.93,L
ATLAS CYCLE (HARYANA) LTD,106.41,108.59,L
TEJAS CARGO INDIA LIMITED,163.9,168,L
CIE AUTOMOTIVE INDIA LTD,397.05,399.1,L
CELLO WORLD LIMITED,575.9,580.55,L
URJA GLOBAL LIMITED,11.72,11.96,L
INDIAN CARD,251,256.05,L
ODIGMA CONSULTANCY SOL L,39.77,40.59,L
ENERGY MISSION MACH IND L,216.85,219.05,L
ADITYA ULTRA STEEL LTD,31.2,37,L
SPANDANA SPHOORTY FIN LTD,272.6,274,L
MANGALAM ALLOYS LIMITED,27,28.8,L
VERTOZ LIMITED,9,9.04,L
ELECTRO FORCE (INDIA) LTD,39,39.3,L
KALAHRIDHAAN TRENDZ LTD,13.35,14.05,L
RASHI PERIPHERALS LIMITED,276.25,279.05,L
SPP POLYMER LIMITED,23.1,24,L
STALLION IND FLUOROCHEM L,66.5,66.59,L
BAWEJA STUDIOS LIMITED,62,62.1,L
K2 INFRAGEN LIMITED,111.7,113.95,L
ENSER COMMUNICATIONS LTD,21.55,22.65,L
COMPUAGE INFOCOM LTD,2.22,2.24,L
TRUCAP FINANCE LIMITED,10.06,10.17,L
VERITAAS ADVERTISING LTD,73.9,76,L
BASILIC FLY STUDIO LTD,290.35,312.05,L
JIWANRAM SHEODUTTRA IND L,8.65,8.8,L
ROYAL ARC ELECTRODES LTD,119.5,120,L
RUCHI INFRASTRUCTURE LTD,7.5,8,L
MEGHMANI ORGANICS LIMITED,61.51,70.13,L
PVR INOX LIMITED,967,977.05,L
SUKHJIT STARCH & CHEM LTD,198.05,201,L
LORENZINI APPARELS LTD,12.34,12.72,L
YATRA ONLINE LIMITED,75.61,75.66,L
SENCO GOLD LIMITED,296.6,304.55,L
PARAMOUNT DYE TEC LIMITED,59.5,64.5,L
SHIVALIC POWER CONTROL L,150,152.45,L
CONCORD ENVIRO SYSTEMS L,424.05,430.75,L
KORE DIGITAL LIMITED,407,415.3,L
PAR DRUGS AND CHEM LTD,115.79,119,L
AURANGABAD DISTILLERY LTD,145,145.6,L
NAVKAR URBANSTRUCTURE LTD,16.14,16.2,L
BOSS PACKAGING SOLU LTD,44.4,44.5,L
DMCC SPECIALITY CHEMICALS,299.9,301.75,L
THINKING HATS ENTER SOL L,32,32.7,L
RNFI SERVICES LIMITED,250.1,255.2,L
SALASAR EXTERIOR CONT LTD,13.15,13.85,L
SEC RE NCD 10.25% SR XII,781,900.3,L
MAXVOLT ENERGY INDUS L,163.1,166.25,L
GO FASHION INDIA LTD,744.4,771,L
NOIDA TOLL BRIDGE CO LTD,4.24,4.33,L
SHIPPING CORP OF ILA LTD,48.15,48.35,L
ORBIT EXPORTS LIMITED,151.74,154.84,L
OSEL DEVICES LIMITED,225.9,230.5,L
VIPUL LIMITED,12.13,12.45,L
DELPHI WORLD MONEY LTD,160.23,163.5,L
KITEX GARMENTS LTD,172.2,179.69,L
DSPAMC - TOP10ADD,89.28,89.36,L
C2C ADVANCED SYSTEMS LTD,417.6,429.4,L
JYOTI STRUCTURES LIMITED,0.53,0.67,L
PRATHAM EPC PROJECTS LTD,193,196.9,L

