SYMBOL,SYMBOL P/E,ADJUSTED P/E
SUZLON,64.73,63.25
AIAENG,29.55,29.57
ORIENTCER,42.15,42.15
EKC,15.2,14.9
KERNEX,284.21,284.21
ENIL,79.15,79.15
JAGRAN,10.2,10.2
M&MFIN,13.91,13.91
KEI,56,55.99
SOLARINDS,68.35,68.35
SUNTV,13.18,13.18
BALPHARMA,21.1,21.1
KAMDHENU,14.45,14.45
EMAMILTD,30.08,30.08
VOLTAMP,31.09,31.09
ATLANTAA,1.17,3.1
SELAN,11.52,11.52
HOVS,18.08,18.08
TALBROAUTO,14,19.61
DCBBANK,5.76,5.76
INSPIRISYS,14.65,14.65
AARVEEDEN,20.59,20.59
VENUSREM,11.76,14.7
NFL,26.22,26.22
PARACABLES,19.48,19.48
VEEDOL,20.69,19.89
PTL,15.46,15.46
PGIL,29.81,29.88
FSL,44.26,44.81
SMSPHARMA,28.16,28.16
NAHARPOLY,24.11,24.11
BANSWRAS,19.6,19.6
NDLVENTURE,404.95,404.95
ZENITHSTL,12.65,12.65
ALPHAGEO,88.17,20.11
NAVINFLUOR,73.44,73.44
DLF,67.98,93.04
ADSL,22.78,22.78
CENTRALBK,11.13,11.13
KPRMILL,33.79,33.79
NAGREEKCAP,1.15,1.15
MANGCHEFER,12.66,12.66
DELTACORP,16.37,21.97
BVCL,31.04,31.04
RGL,20.06,20.06
KAUSHALYA,2.73,2.73
JYOTHYLAB,33.4,33.4
HITECHCORP,22.4,23.35
TARIL,81.56,81.56
MANAKSIA,7.46,5.74
BIRLAMONEY,11.13,11.13
CORDSCABLE,17.16,17.16
HERCULES,22.92,22.92
SEPC,102.41,62.19
NMDC,8.97,8.94
RECLTD,6.59,6.59
NESCO,16.02,16.02
TITAGARH,33.88,33.7
DIGISPICE,26.58,49.72
GOKUL,46.04,46.04
ALMONDZ,53.56,53.56
LOTUSEYE,240.13,251.37
UBL,126.25,122.3
ZFCVINDIA,47.22,47.22
JOCIL,62.36,62.36
TPHQ,21.92,21.92
MAWANASUG,3.53,8.63
MHRIL,45.93,45.93
VINATIORGA,41.32,41.32
GLOBUSSPR,146.32,146.32
EXPLEOSOL,16.1,16.1
SUNTECK,28.3,28.3
DLINKINDIA,13.94,13.94
HINDCOPPER,52.57,52.57
NESTLEIND,65.27,68.25
MBLINFRA,2.51,
THANGAMAYL,41.78,41.78
SJVN,35.57,38.85
MANAPPURAM,8.76,8.76
HMVL,14.42,14.42
PRAKASHSTL,3.57,97.17
SASTASUNDR,,8.85
RAMKY,11.71,11.71
BEDMUTHA,15.6,15.6
SHAH,7.01,38.92
CGCL,36.84,36.84
GRAVITA,44.84,44.84
ZEELEARN,1.44,6.51
HFCL,34.58,34.58
SYMPHONY,43.61,33.32
VSTTILLERS,26.12,26.2
DHANUKA,21.33,21.33
LTF,13.08,13.08
FILATEX,14.49,14.49
THERMAX,64.22,64.22
RIIL,123.28,123.28
RAYMOND,20.45,20.07
SHREDIGCEM,27.01,27.01
SESHAPAPER,14.29,14.29
SUNDRMFAST,36.6,36.6
CRISIL,48.84,48.84
LMW,125.83,125.83
NELCO,95.79,95.79
MAHSCOOTER,66,68.78
TRENT,99.75,140.06
KCP,9.58,8.69
INFY,26.46,26.46
IONEXCHANG,35.7,35.7
IFBIND,36.38,36.38
HIMATSEIDE,18.08,18.08
BHARATFORG,57.99,52.3
FORCEMOT,17.47,17.47
ARVIND,27.01,27.01
TATAMOTORS,7.73,7.71
LINDEINDIA,124.59,124.59
ESCORTS,28.97,28.97
ASHOKLEY,21.52,21.82
ZUARIIND,,520.91
SUNDARMFIN,29.92,28.78
VEDL,9.26,10.3
RELIANCE,20.67,20.67
BATAINDIA,49.3,68.52
HINDOILEXP,15.34,18.9
BALMLAWRIE,14.55,14.55
MOTOGENFIN,45.72,45.72
ABREL,125.68,125.68
CENTENKA,15.55,15.55
ATFL,348.77,312.16
SUPREMEIND,52.51,52.51
BALRAMCHIN,25.01,25.01
AEGISLOG,37.31,37.31
BBOX,38.72,29.92
JTEKTINDIA,37.7,37.94
SAURASHCEM,184.97,184.97
TATAELXSI,45.03,45.03
SANDESH,6.47,6.5
ARE&M,18.2,19.68
IVP,13.5,13.5
INDBANK,16.16,16.16
RAJSREESUG,12.61,12.61
GVT&D,75.76,75.76
TIL,8.58,180.24
BANARISUG,48.06,48.06
KPIL,30.58,30.58
BSL,17.33,17.33
JAYNECOIND,251.03,104.76
RCF,26.39,28.06
ADVANIHOTR,21.42,21.42
SUNFLAG,25.49,25.49
SIEMENS,67.15,67.15
TOKYOPLAST,138.05,138.05
IFCI,48.44,48.94
HLVLTD,35.92,39.47
HEIDELBERG,43.17,43.17
PCBL,32.53,32.5
OSWALAGRO,19.27,19.26
JINDALSAW,8.63,8.63
STYRENIX,19.15,19.15
CANFINHOME,9.68,9.68
ELECTCAST,8.35,8.35
COSMOFIRST,14.39,14.39
CIPLA,23.85,23.85
HDFCBANK,18.08,17.82
GMBREW,9.61,9.61
INDIANHUME,19.19,19.19
IOC,18.47,22.99
OSWALGREEN,77.37,77.37
HUHTAMAKI,16.34,24.33
KAMATHOTEL,23.03,24.39
BANCOINDIA,15.23,15.23
APOLLOTYRE,19.76,18.7
SHANTIGEAR,32.28,32.28
NILKAMAL,24.15,24.15
ICIL,17.47,17.47
AUROPHARMA,18.28,17.94
EIHOTEL,27.78,28.05
LICHSGFIN,5.74,5.74
MOREPENLAB,22.12,22.12
21STCENMGM,1.78,1.78
GHCL,9.89,9.89
PRUDMOULI,30.02,27.5
HIL,,59.98
TRANSWORLD,13.74,13.74
KEEPLEARN,127.83,127.83
VESUVIUS,31.29,31.29
GTL,1.24,19.61
AGI,15.96,15.96
TATACONSUM,79.93,70.4
CHOLAFIN,28.6,28.6
KOTAKBANK,17.55,20.14
JAYSREETEA,9.32,43.8
FOSECOIND,31.99,32.13
ANDHRAPAP,13.11,13.11
SCHAEFFLER,53.02,52.82
MFSL,113.53,113.53
HEG,35.17,35.17
VARDMNPOLY,32.31,32.31
SAKHTISUG,2.58,
HINDZINC,18.71,18.59
GRASIM,21.12,19.98
FINCABLES,20.5,28.36
HEUBACHIND,27.98,27.98
CESC,12.45,12.45
BAJFINANCE,32.28,32.28
NAVA,8.4,8.4
CORALFINAC,6.74,6.74
REMSONSIND,27.6,27.87
ANDHRSUGAR,32.25,29.15
AUSOMENT,12.41,12.41
CUBEXTUB,26.55,26.55
SAMBHAAV,55.93,65.18
KEYFINSERV,5.88,5.88
SANGAMIND,45.91,39.72
DENORA,98.75,98.75
SHRIRAMFIN,11.67,13.22
DYNAMATECH,52.34,103.27
JAGSNPHARM,27.17,38.93
MPHASIS,28.66,28.66
HERITGFOOD,18.86,18.47
MADRASFERT,6.11,6.29
INDSWFTLAB,2.24,129.78
FDC,23.96,23.96
ADROITINFO,13.15,13.15
INDUSINDBK,11.05,11.05
TRIGYN,9.31,9.03
ITDCEM,25.94,25.94
SONATSOFTW,26.63,26.63
KOKUYOCMLN,86.15,86.15
DHANBANK,22.91,22.91
STCINDIA,20.41,11.7
IVC,48.73,48.73
ALEMBICLTD,18.02,18.02
HCLTECH,26.11,26.11
ZYDUSLIFE,19.53,19.53
RAJESHEXPO,134.61,134.61
IOB,28.03,28.03
GEPIL,57.73,57.73
BLBLIMITED,19.52,19.52
BLUESTARCO,69.28,70.49
PNC,79.06,79.06
KRBL,14.12,14.12
USHAMART,23.87,23.87
TRIDENT,47.14,47.14
JISLJALEQS,114.39,114.39
OLECTRA,74.26,77.04
APTECHT,39.78,35.38
OFSS,31.52,31.52
OMAXAUTO,5.4,
BAGFILMS,48.45,48.45
WELSPUNLIV,17.11,17.11
IGL,20.37,20.37
UNIENTER,828.7,828.7
PTC,7.57,7.42
MAHABANK,7.17,7.17
EXCELINDUS,13.62,13.62
AMBICAAGAR,6.64,6.64
ULTRACEMCO,51.06,50.84
COFORGE,59.46,60.09
GUFICBIO,46.26,46.26
SUPRAJIT,42.41,42.41
JINDALPHOT,46.2,46.2
ALLDIGI,17.12,20.55
IIFL,17.43,7.02
SSWL,4.33,13.43
JKPAPER,8.18,8.18
GRANULES,26.14,26.14
GEOJITFSL,11.66,11.66
MSPL,68.53,68.67
MACPOWER,31.17,31.17
TARACHAND,19.37,19.37
SUNDARMHLD,25.03,25.03
HAL,25.87,25.88
URAVIDEF,274.58,274.58
MITTAL,37.53,46.07
GIRIRAJ,58.58,58.58
KAPSTON,32.43,32.43
LEMONTREE,46.48,46.48
AVG,10.36,15.44
MMP,20.96,20.96
NARMADA,17.57,17.57
PIGL,30.32,30.32
BSHSL,60.64,60.64
AAKASH,17.36,17.36
SOFTTECH,174.31,174.31
E2E,111.17,111.17
INDOSTAR,37.66,37.66
SIRCA,32.39,32.39
SVLL,393.38,393.38
LATTEYS,67.99,67.98
DIL,8.45,8.69
SONAMLTD,28.76,28.76
PRITI,26.36,26.36
ACCURACY,9.83,9.83
VARROC,70.67,34.57
GANGAFORGE,108.6,110.39
REPL,29.37,29.37
AVROIND,53.74,53.74
CREDITACC,15.46,15.46
AARON,43.48,43.48
SUMIT,31.01,31.01
LAGNAM,16.03,16.03
RPPL,15.37,15.37
AKG,59.4,59.4
IRCON,20.54,20.54
AHLADA,9.65,9.65
AAVAS,23.67,23.67
KSHITIJPOL,,16.84
GRSE,38.82,38.82
KRITIKA,19.02,19.02
PARIN,222.66,222.66
SILGO,20.05,20.05
VINNY,13.18,13.18
IRISDOREME,32.8,32.8
ATGL,96.66,96.66
DRSDILIP,44.49,44.49
UNIPARTS,15.99,15.99
TREJHARA,21.33,823.51
RPSGVENT,47.48,8.86
SURANI,70.79,70.79
MSTCLTD,8.09,16.2
OSIAHYPER,15.31,15.31
ARVINDFASN,37.26,37.26
RVNL,62.51,62.51
POLYCAB,47.12,47.12
KPITTECH,45.48,45.48
SWSOLAR,195.26,195.26
CONFIPET,26,26.28
DGCONTENT,11.7,11.7
ATMASTCO,41.44,41.44
OAL,24.01,24.01
SATIA,6.24,6.24
WEL,181.34,181.34
CHEMCON,31.83,31.83
WESTLIFE,993.86,993.86
DOLATALGO,5.86,5.86
UJJIVANSFB,6.36,6.36
MAZDOCK,33.2,33.2
SAFARI,72.49,72.49
360ONE,38.95,36.66
HPIL,110.61,110.61
SAMHI,65.18,70.09
GOLDKART,139.01,139.01
FLUOROCHEM,90.45,90.45
GREENPANEL,49.78,49.78
APOLLOPIPE,53.82,53.82
MGEL,17.26,15.72
ROUTE,17.48,17.78
HOMEFIRST,22.61,22.61
CSBBANK,8.89,8.89
EQUITASBNK,21.55,21.55
ROSSARI,25.52,25.52
LIKHITHA,14.84,14.84
ARTEMISMED,49.55,49.55
PATANJALI,57.62,57.62
LGHL,85.62,85.69
ASALCBR,29.79,29.79
MAHEPC,138.31,134.47
BAFNAPH,40.58,37.46
SUVENPHAR,110.58,110.58
STOVEKRAFT,64.53,64.53
BHARTIHEXA,50.58,60.08
RAJRATAN,30.67,30.67
AARTISURF,41.74,81.93
GLAND,35.68,35.68
NDRAUTO,39.08,39.08
MAXHEALTH,95.24,90.58
AAATECH,40.16,40.16
KALYANKJIL,74.41,74.41
BTML,29.67,29.67
SHAREINDIA,10.74,10.74
SIGACHI,18.52,18.52
ADL,202.22,202.22
NIRAJ,15.88,14.94
CAMS,37.12,37.12
SURYODAY,6.09,6.09
UTIAMC,13.87,13.87
BECTORFOOD,57.77,57.77
ORCHPHARMA,44.4,44.4
INDIGOPNTS,36.78,36.78
LXCHEM,38.17,38.17
MTARTECH,96.34,96.34
ANURAS,50.95,50.95
KANPRPLA,23.11,23.11
STYLAMIND,22.02,21.88
CLSEL,14.34,14.34
CARYSIL,25.71,25.71
SHAILY,81.07,81.07
MODISONLTD,20.2,20.49
FIBERWEB,9.27,9.27
BCLIND,11.49,11.49
BHAGCHEM,166.16,166.16
SBCL,32.94,32.94
AADHARHFC,18.18,18.18
SMCGLOBAL,5.98,5.98
QMSMEDI,16.32,16.32
ARIHANTCAP,10.4,10.8
SIDDHIKA,14.23,14.23
NAZARA,105.08,103.94
IPL,24.57,24.57
GENCON,13.96,13.96
LODHA,47.44,47.44
HLEGLAS,38.72,38.72
BESTAGRO,33.75,33.75
SONACOMS,53.75,52.62
UTKARSHBNK,15.89,15.89
DRCSYSTEMS,19.58,19.58
PARAS,71.86,71.86
CRAFTSMAN,47.45,45.78
DODLA,26.09,26.09
JUBLINGREA,51.66,51.64
ROLEXRINGS,28.38,23.59
WALPAR,16.28,16.28
SHYAMMETL,22.16,22.17
KIMS,55.18,55.18
MAKS,101.64,43.15
JSFB,6.44,6.44
TATVA,113.77,113.77
CLEAN,52.21,52.21
ALIVUS,27.14,27.14
ABSLAMC,20.7,20.7
DEEPINDS,19.4,19.46
ZOMATO,324.14,324.14
BEWLTD,14,14
PIXTRANS,17.29,17.29
MEDIASSIST,35.18,35.18
WINDLAS,27.62,27.62
CARTRADE,59.36,59.36
KRSNAA,31.35,31.35
DEVYANI,,1556.97
APTUS,21.18,21.18
SUPRIYA,29.95,29.95
ANMOL,11.28,11.28
BMETRICS,16.13,16.13
VIJAYA,66.45,66.45
AMIORG,75.22,75.06
IWEL,36.92,35.23
SANSERA,36.12,36.12
BAJAJHCARE,,44.58
PRITIKAUTO,15.93,15.93
AAREYDRUGS,20.15,20.15
GRINFRA,8.47,10.68
INTLCONV,5.01,5.01
DUGLOBAL,74.58,74.58
STEELCAS,25.7,25.7
HPAL,24.32,24.32
UGROCAP,10.82,10.82
STARHEALTH,27.94,27.94
YUKEN,42.44,42.44
SGIL,37.41,37.41
SJS,25.23,25.23
FINOPB,20.52,20.52
NYKAA,726.96,726.96
AWL,29.95,29.95
SAPPHIRE,598.24,349.58
DKEGL,9.47,9.47
PRUDENT,42.07,42.07
MEDPLUS,65.69,65.69
RATEGAIN,28.85,28.85
LATENTVIEW,48.22,48.22
METROBRAND,72.31,72.31
MICEL,26.33,26.33
FOODSIN,28.88,28.88
PARADEEP,17.37,17.37
ABMINTLLTD,297.94,297.94
KRITI,179.64,179.64
DYNAMIC,24.72,24.78
GANESHBE,12.35,12.35
GVPTECH,60.29,60.29
KOTYARK,20.56,20.56
EMIL,29.59,29.59
UMAEXPORTS,17.76,17.45
DATAPATTNS,51.43,51.43
JSLL,54.26,54.26
AHL,9.23,9.23
NIDAN,,9.77
IRIS,45.81,45.81
ASIANENE,40.98,38.89
SMLT,38.2,38.2
NRL,31.58,31.58
GPTHEALTH,23.46,23.46
CHOICEIN,64.65,64.65
HARIOMPIPE,18.9,18.9
CAPITALSFB,10.04,10.04
DELHIVERY,822.36,457.37
EMUDHRA,74.64,74.64
DYCL,29.07,29.07
STARTECK,22.9,22.9
VIRINCHI,36.98,36.98
DHRUV,30.52,30.52
ELIN,38.25,38.25
SHIGAN,20.98,20.98
MADHAVBAUG,28.37,28.37
SEJALLTD,48.83,48.83
RELCHEMQ,45.82,45.82
SYRMA,48.11,47.56
ZIMLAB,29.57,29.57
JTLIND,31.1,31.1
RAINBOW,56.12,56.12
TBOTEK,75.21,76.38
AETHER,92.79,54.64
ROTO,40.16,40.16
INDOBORAX,11.65,11.65
RACE,84.85,84.85
AVONMORE,21.13,21.13
DREAMFOLKS,20.66,20.66
KNAGRI,16.91,16.91
DHARMAJ,18.2,18.2
KRISHIVAL,41.55,41.55
OBCL,109.53,109.53
LICI,11.39,11.39
INDOAMIN,17.07,17.07
KRISHNADEF,48.17,48.17
SWARAJ,14.23,14.23
AMEYA,20.1,20.1
INOXGREEN,135.05,135.05
FEDFINA,15.77,15.77
BIKAJI,59.85,59.85
RITCO,19.38,19.38
SURAJEST,16.05,16.05
SKP,356.13,356.13
RILINFRA,17.69,17.69
CHEVIOT,10.13,10.13
MUKKA,16.26,16.26
MEDICO,60.06,60.06
CMRSL,10.83,8.75
KFINTECH,48.38,48.38
DCXINDIA,56.44,56.44
KAYNES,107.67,107.67
NGLFINE,20.18,20.18
SWASTIK,30.79,30.79
AXITA,47.27,50.42
PLAZACABLE,158.47,158.47
SENCO,39.74,39.74
USASEEDS,17.81,17.81
TRU,13.51,13.51
RADHIKAJWE,19.8,19.8
SPLPETRO,25.93,25.93
RAMRAT,32.84,32.84
CSLFINANCE,8.25,8.25
AGNI,111.63,111.63
KORE,47.53,47.4
GOYALALUM,63.79,63.79
RUSTOMJEE,40.6,40.6
GENSOL,28.71,28.67
DBOL,49.2,41.4
SPORTKING,10.27,10.27
ALLETEC,35.41,35.41
AIIL,6.35,6.35
MANORAMA,77.84,77.84
ARABIAN,9.91,9.91
INNOVACAP,34.58,34.58
GRMOVER,21.37,21.37
SYNCOMF,40.17,40.17
DJML,57.57,57.57
BAHETI,43.41,43.41
SULA,33.31,33.31
SIGNATURE,190.38,190.38
KRITINUT,12.11,12.11
MEGAFLEX,40.95,40.95
KALAMANDIR,23.08,23.08
RAMAPHO,27.85,27.85
AVALON,96.12,96.12
RITEZONE,9.49,9.49
CONCORDBIO,53.8,53.8
GODIGIT,76.31,76.31
GRCL,129.21,129.21
BAIDFIN,12.24,12.24
PHANTOMFX,12.63,12.63
AMIABLE,10.95,10.95
IPSL,36.35,36.35
KAMOPAINTS,42.82,42.82
BLUEJET,56.23,56.23
MVGJL,11.2,11.2
SCPL,16.67,16.67
SUKHJITS,12.99,12.99
ARHAM,31.15,31.15
MANKIND,46.25,46.25
SKYGOLD,46.47,46.47
ARIHANTACA,26.68,26.68
SATINDLTD,13.8,13.78
DIVGIITTS,54.19,54.19
PRITIKA,76.46,76.46
USK,18.12,18.12
MOTISONS,43.64,44.05
CMNL,32.73,32.15
SRIVASAVI,14.8,14.8
DIACABS,123.42,130.42
IKIO,37.26,37.26
MANOMAY,15.92,15.92
FAZE3Q,26.23,26.23
RBMINFRA,20.11,20.11
LLOYDSME,39.34,39.34
AARTIPHARM,27.53,27.53
RHL,44.45,44.45
SAHYADRI,13.7,13.7
NINSYS,37.33,37.33
DUCOL,33.69,33.69
HOMESFY,16.73,16.35
SBFC,28.86,28.86
SBGLP,79.5,79.5
ASMS,167.75,193.01
HYBRIDFIN,9.87,9.24
VIAZ,29.77,29.77
INDGN,33.78,33.97
ZAGGLE,62.44,62.44
GANDHAR,17.64,17.64
AGARWALFT,25.76,25.76
HONASA,92.78,92.78
RISHABH,50.18,50.18
SAH,266.12,266.12
DENEERS,20.02,20.02
JGCHEM,19.38,19.38
QFIL,14,14
NIRMAN,18.88,18.88
YCCL,104.06,104.06
RPTECH,9.15,9.57
RATNAVEER,17.95,17.95
PATTECH,31.75,31.75
SECMARK,44.37,44.37
AUROIMPEX,13.86,13.86
CRAYONS,10.33,10.33
INFOLLION,35.29,35.29
URBAN,17.43,17.43
AARTECH,40.47,40.47
POCL,35.03,35.03
KRISHCA,23.67,23.67
ESFL,129.04,129.04
TATATECH,46.12,46.12
REMUS,30.77,30.77
REDTAPE,51.8,51.8
ASHOKAMET,4.52,4.52
PENTAGON,17.41,17.41
CELLPOINT,168.8,168.8
TRIDHYA,9.26,9.26
PROV,53.92,53.92
PTCIL,300.44,298.38
PYRAMID,22.14,22.14
EMSLIMITED,19.16,19.16
EFACTOR,17.32,17.32
GHCLTEXTIL,13.7,13.7
UDS,19.29,19.29
DENTALKART,57.72,57.72
SYNOPTICS,13.81,13.81
SSFL,29.15,29.15
KIRLPNU,36.05,34.94
BALUFORGE,33.56,33.56
JSWINFRA,40.22,40.22
SANGANI,27.38,27.38
JLHL,49.01,49.44
NUVAMA,21.5,21.5
DRONE,42.36,42.36
SERVICE,37.75,37.75
KEL,40.51,40.51
NIITMTS,25.38,24.54
VINSYS,19.63,19.63
ZEAL,10.84,10.84
MARINETRAN,61.52,61.52
UNIHEALTH,19.54,19.54
ORIANA,28.84,28.84
ASKAUTOLTD,36.13,36.13
ONDOOR,13.89,13.8
TRANSTEEL,17.65,17.57
SANDUMA,14.25,14.25
PLADAINFO,7.76,7.76
RBZJEWEL,25.5,25.5
KARNIKA,39.11,39.11
AKANKSHA,223.27,223.27
SAAKSHI,29.43,29.43
HIGREEN,54.73,54.73
PLATIND,26.73,26.73
MUFTI,13.4,13.4
MUTHOOTMF,7.62,7.62
SRGHFL,17.17,17.17
INDIFRA,44.86,44.86
NEWJAISA,34.93,34.93
GOYALSALT,18.81,18.81
WOMANCART,38.83,38.83
RCDL,29.47,29.47
BLSE,29.26,29.26
TREL,4.09,26.59
MARCO,24.72,24.72
DIAMINESQ,103.46,103.46
VISHNUINFR,19.65,19.65
KONTOR,38.32,38.32
RKSWAMY,32.87,32.87
MICROPRO,10.53,10.53
EPACK,80.94,80.94
HAPPYFORGE,30.66,30.66
IBLFL,55.94,55.94
INDIASHLTR,21.63,21.63
CELLO,35.59,35.59
CANARYS,16.83,16.83
DIGIDRIVE,19.25,19.25
DOMS,73.46,73.46
MAITREYA,43.8,43.8
DIGIKORE,21.14,21.14
LANCORHOL,26.07,26.07
AMNPLST,30,30
POLYSIL,9.84,9.84
SARTELE,38.6,38.6
VINYAS,117.69,117.69
SAIFL,8.87,8.87
JNKINDIA,55.6,55.6
PARAGON,14.37,14.37
INOXINDIA,39.93,41.02
GRAPHISAD,13.93,13.49
SHEETAL,33.91,33.91
ROXHITECH,7.44,7.44
JYOTICNC,62.56,61.16
BAJEL,117.16,95.66
DEEM,9.57,9.57
APS,49.36,49.36
ENTERO,57.2,57.2
TECHLABS,91.84,91.84
SIGNPOST,26.44,26.44
ROCKINGDCE,40,40
BABAFP,16.31,16.31
SHREEOSFM,14.89,14.89
HRHNEXT,35.14,35.3
MEGATHERM,23.94,23.94
OWAIS,35.48,35.48
KLL,15.27,15.27
ZENITHDRUG,12.24,12.38
SJLOGISTIC,20.36,20.36
PURVFLEXI,25.16,25.16
KTL,5.76,5.76
SRM,20.3,20.3
AZAD,101.57,101.57
KONSTELEC,13.75,13.75
JUNIPER,89.37,89.37
KRYSTAL,10.28,10.28
VSTL,25.22,25.22
FONEBOX,29.67,29.67
INM,22.69,22.51
ITALIANE,15.97,15.97
SUPREMEPWR,20.42,20.42
KCEIL,29.55,29.55
MAXESTATES,898.12,898.19
CGRAPHICS,29.89,29.89
ACCENTMIC,14.75,14.75
COMSYN,23.63,23.63
LAWSIKHO,33.65,33.65
SADHAV,18.46,18.46
GOPAL,44.21,44.21
DAVANGERE,34.86,34.86
MAXPOSURE,32.05,32.05
ALPEXSOLAR,36.25,39.75
VHLTD,18.05,18.23
SONAMAC,12.58,12.58
TCL,17.68,17.68
ENSER,24.51,24.51
DELAPLEX,13.85,13.85
RULKA,16.85,16.85
SINCLAIR,29.78,29.78
SHREEKARNI,25.26,25.26
BLUEPEBBLE,20.95,20.95
DCG,35.68,35.68
AWFIS,81.93,143.59
RADIOWALLA,1.75,1.57
RBS,16.18,16.18
ASPIRE,5.82,5.82
ESCONET,57.1,57.1
MVKAGRO,6.69,6.69
ENFUSE,86.82,86.82
AVPINFRA,19.64,19.64
SILKFLEX,12.3,12.3
VISHWAS,22.56,22.56
TGL,23.61,23.61
TAC,122.07,122.07
EMMIL,20.82,21.05
TRUST,23.71,23.71
YASHOPTICS,21.42,21.42
ALUWIND,25.35,25.39
PRLIND,17.15,17.41
IEML,26.53,26.53
ABSMARINE,39.23,39.23
VERITAAS,12.27,12.27
WINSOL,47.09,47.09
HOACFOODS,83.5,83.5
IMPAL,14.75,14.75
AURIONPRO,42.14,42.14
TRIVENI,40.12,40.12
NAHARINDUS,20.97,19.59
VIMTALABS,34.94,34.94
NITINSPIN,10.84,10.84
ROHLTD,22.14,22.14
GSPL,7.82,7.99
GVKPIL,.99,11.93
SAKUMA,12.74,12.74
KEC,43.88,43.88
JKCEMENT,48.55,56.72
INDOTECH,32.99,32.99
BLKASHYAP,21.78,23.69
CENTURYPLY,80.44,78.13
VAKRANGEE,259.39,246.96
GALLANTT,20.58,20.58
UTTAMSUGAR,12.23,12.23
KKCL,19.49,19.49
GPIL,14.22,14.23
RSYSTEMS,31.88,31.88
LOKESHMACH,64.53,64.53
SWELECTES,26.68,180.44
RATNAMANI,31.71,31.71
PIONEEREMB,26.54,26.54
JKLAKSHMI,29.65,29.65
ALLCARGO,118.3,70.4
MUNJALAU,10.84,13.37
TECHM,41.87,41.97
GRINDWELL,44.21,44.21
ACE,36.49,36.49
ANANTRAJ,44.96,44.96
BINANIIND,7.19,
ALICON,22.81,22.81
FIEMIND,19.03,19.03
GESHIP,4.41,4.41
MANALIPETC,52.84,46.68
DONEAR,12.33,12.33
SOBHA,208.44,208.46
HIRECT,49.94,49.94
TANLA,12.48,12.48
AVTNPL,21.3,21.3
SARLAPOLY,10.17,10.17
AUTOIND,16.14,14.53
PITTIENG,27.47,27.47
IZMO,7.82,7.51
TIIL,23.23,22.61
REDINGTON,15.95,15.95
TFL,180.55,180.55
LAOPALA,26.18,26.18
JKTYRE,13.39,12.55
THEMISMED,45.48,45.48
BALAMINES,23.61,23.61
FORTIS,55.57,53.88
WEBELSOLAR,93.29,84.79
INSECTICID,12.43,12.44
NAGREEKEXP,15.97,15.97
V2RETAIL,83.22,83.22
ALPA,9.06,9.06
MOTILALOFS,10.94,10.94
MAGNUM,11.49,17.61
CCCL,.42,
ENERGYDEV,,131.4
RELIGARE,38.74,267.22
EDELWEISS,15.75,15.75
KOLTEPATIL,127.42,127.42
COLPAL,46.08,46.08
MADHAV,430.74,430.74
KALYANIFRG,30.85,30.85
ECLERX,28.26,28.26
BRIGADE,37.96,37.96
DVL,13.55,13.55
PATINTLOG,15.38,15.38
ARIES,10.58,10.58
AMBIKCO,11.77,11.77
CEATLTD,23.82,21.86
RPOWER,6.14,
JKIL,13.43,13.43
KNRCON,4.82,4.77
IRB,4.2,29.58
GSS,21.67,21.67
NAHARCAP,12.81,12.81
VGUARD,48.74,48.74
DPSCLTD,83.32,83.32
BAJAJFINSV,17.58,17.58
BAJAJ-AUTO,29.37,29.37
RPGLIFE,47.44,43.18
RBL,12.49,12.22
RANEENGINE,53.85,22.51
VASWANI,13.56,13.56
TRITURBINE,52.76,52.76
ESSARSHPNG,.9,58.86
JISLDVREQS,1.67,1.67
RUPA,21.28,20.55
APLAPOLLO,64.39,64.39
IRFC,24.68,24.68
COMPUSOFT,194.84,194.84
RHIM,,30.04
NBCC,41.85,37.02
TBZ,16.59,16.59
SWANENERGY,14.15,14.15
RTNINDIA,17.45,17.45
THEJO,38.99,38.99
KITEX,29.2,29.2
ROSSELLIND,10.24,10.17
TVSHLTD,7.45,7.45
VETO,11.75,11.75
PCJEWELLER,17.57,17.57
INDUSTOWER,8.71,8.71
JUSTDIAL,13.06,13.06
ESSENTIA,29.29,29.29
PILITA,61.8,61.8
MITCON,13.07,13.07
AGRITECH,172.81,172.81
IREDA,30.13,30.13
CAPLIPOINT,29.03,29.03
SNOWMAN,208.25,208.25
GOODLUCK,13.61,13.61
LAMBODHARA,15.6,15.6
GREENLAM,59.52,59.52
LINC,18.06,18.06
JMA,7.35,7.35
MANAKCOAT,41.6,44.05
IMAGICAA,52.66,47.22
BYKE,59.13,59.13
VRLLOG,31.35,31.35
PRIVISCL,38.6,38.6
ARROWGREEN,14.13,14.13
ALANKIT,20.19,20.19
AYMSYNTEX,41.8,66.85
MUTHOOTCAP,8.78,8.78
SHARDAMOTR,14.74,14.74
INDIGO,28.8,28.8
PERFECT,27.49,27.49
TTKHLTCARE,20.32,24.84
KRIDHANINF,1.09,133.53
ALKEM,25.08,24.97
QUICKHEAL,81.76,81.76
BHAGERIA,24.45,24.45
SIMBHALS,6.87,6.87
HCG,110.1,115.18
WEALTH,19.17,18.76
SAGARDEEP,48.04,48.04
UNITEDPOLY,25.26,25.26
ARMANFIN,15.13,15.13
PREMEXPLN,61.58,61.58
INCREDIBLE,15.36,15.36
MGL,12.44,12.44
COMPINFO,.6,.6
QUESS,23.64,23.14
SOMICONVEY,25.3,25.3
LLOYDSENGG,67.37,67.37
LTIM,32.69,32.69
GATECH,17.62,17.62
ADVENZYMES,23.05,21.46
NDGL,34.46,33.24
BIGBLOC,79.56,79.56
MBAPL,59.48,59.48
CUPID,19.34,19.34
CROWN,11.09,35.27
ICICIPRULI,84.05,84.05
HPL,36.57,36.57
JAIPURKURT,13.3,13.3
SAKAR,36.47,36.34
PANSARI,79.17,79.17
ARTNIRMAN,81.55,81.55
GICL,82.96,82.96
PNBHOUSING,11.24,11.24
AGROPHOS,956.59,956.59
PODDARMENT,12.12,12.12
JETFREIGHT,9.78,9.78
SFL,55.84,95.16
TERASOFT,30.27,30.17
HISARMETAL,26.18,26.18
LIBAS,5.7,5.7
MAHESHWARI,12.31,12.31
BHANDARI,20.01,20.01
MCL,16.32,16.32
PRICOLLTD,30.1,30.1
STEELCITY,8.47,8.47
KRISHANA,19.45,19.45
GLOBAL,10.57,10.57
NITIRAJ,27.91,27.91
SANGINITA,343.2,343.2
AKASH,29.26,29.26
RADIOCITY,47.89,47.89
AIRAN,13,13
LAXMICOT,183.49,219.41
NRAIL,12.1,12.1
CREATIVE,17.41,17.41
DEVIT,16.03,16.03
MKPL,23.22,23.22
INFOBEAN,22.36,22.36
BHAGYANGR,20.51,20.51
TEJASNET,20.09,20.09
ACEINTEG,44.04,44.04
STEELXIND,24.67,24.67
THEINVEST,24.17,24.17
TOTAL,55.48,55.48
WEWIN,35.15,35.15
SMSLIFE,15.74,15.74
VAISHALI,364.25,364.25
GEEKAYWIRE,11.18,11.18
SERVOTECH,96.65,96.65
CAPACITE,14.39,14.39
MPTODAY,5.1,5.12
RMDRIP,112.65,112.65
AARVI,16.23,16.23
DIAMONDYD,,178.69
TIRUPATI,91.84,91.84
RKEC,7.34,7.34
GATECHDVR,3.89,3.89
GOLDSTAR,79.8,79.8
BETA,38.53,38.53
TIRUPATIFL,46.05,46.05
MASFIN,14.3,14.3
DPABHUSHAN,33.47,33.47
NAM-INDIA,25.25,25.25
NIACL,25.68,25.68
AISL,18.44,18.44
VERTOZ,31.82,31.82
PULZ,13.14,13.14
SILVERTUC,44.62,44.62
ICEMAKE,42.01,42.01
SHRADHA,13.17,13.17
SHALBY,71.88,71.88
ONEPOINT,40.71,40.71
AJOONI,44.45,44.45
MOKSH,12.62,12.62
SILLYMONKS,41.32,41.32
NEWGEN,43.53,43.53
SOLEX,41.8,41.8
SINTERCOM,314.56,314.56
MHHL,10.63,10.63
HGINFRA,12.88,12.88
SARVESHWAR,29.76,29.76
BOSCHLTD,39.35,39.37
DEEPAKFERT,15.05,15.05
MAHSEAMLES,11.28,11.28
COROMANDEL,29.17,29.17
VINDHYATEL,17.04,17.04
ASIANPAINT,52.03,50.45
PGHL,36.29,34.97
BEML,42,42
TATACHEM,,40.77
VTL,14.7,14.7
EPL,26.13,25
BIRLACABLE,92.46,92.46
HONAUT,55.67,55.67
RANEHOLDIN,8.81,83.11
SUNPHARMA,34.25,33.2
HCC,17.32,
ADANIENT,62.82,59.72
EICHERMOT,35.6,35.6
ZENSARTECH,26.75,26.75
BLUEDART,54.35,54.35
HSCL,42.84,42.84
ARENTERP,19.88,19.88
TATAPOWER,32.49,31.33
SIMPLEXINF,11.5,11.5
JUBLPHARMA,24.08,19.7
TATACOMM,36.76,38.34
SANOFI,27.53,25.62
KAJARIACER,37.34,37.34
MODTHREAD,27.62,27.62
POLYPLEX,9.17,9.17
EIHAHOTELS,25.52,24.53
ABB,60.93,60.93
DHAMPURSUG,15.21,15.21
ZEEL,18.11,15.15
LYKALABS,108.39,107.56
KANSAINER,16.97,30.94
RALLIS,31.49,31.49
KOPRAN,18.61,18.61
SURYAROSNI,15.66,15.66
IPCALAB,50.37,49.78
GSFC,13.83,14
EIDPARRY,7.84,7.84
BIRLACORPN,33.51,34.48
ASHAPURMIN,15.04,18.58
TNPL,63.09,63.09
DALMIASUG,10.16,10.16
GARFIBRES,32.57,32.57
MOTHERSON,22.24,22.24
AARTIDRUGS,22.73,22.73
TVSSRICHAK,61.99,50.7
ELECTHERM,2.81,2.91
GANESHHOUC,18.48,18.48
ALKYLAMINE,46.62,46.62
GUJRAFFIA,47.14,47.14
RAMCOIND,23.64,23.64
INDRAMEDCO,23.63,23.63
INDNIPPON,18.07,18.07
BANKINDIA,5.61,5.61
ICICIBANK,16.53,16.53
PNBGILTS,6.84,6.92
NLCINDIA,12.8,12.8
HAVELLS,68.2,68.2
AXISCADES,59.38,58.03
TIPSMUSIC,51.88,51.88
HIKAL,57.81,57.81
UNITDSPR,69.37,66.27
ASAL,39.19,39.19
SURANAT&P,27.31,27.43
GENESYS,55.66,55.66
NSIL,35.48,35.48
MUKANDLTD,15.36,15.36
POONAWALLA,128.71,128.71
DATAMATICS,16.39,18.73
APARINDS,32.07,32.07
TCS,27.14,27.14
INDSWFTLTD,1.27,1.27
JBMA,63.89,63.89
PATELENG,10.84,10.6
JPPOWER,7.62,6.13
MANGALAM,16.02,16.02
JSWHL,101.71,101.71
NECLIFE,37.24,37.24
MARINE,63.99,64.22
TECHNOE,35.74,35.74
SHRIRAMPPS,18.65,18.65
AWHCL,18.33,18.33
CHALET,153.46,153.46
PAR,9.72,9.72
METROPOLIS,56.29,56.29
NEOGEN,91.9,91.9
EMAMIPAP,11.15,11.15
PPL,10.48,10.48
INDIAMART,23.15,23.15
DCMNVL,56.02,163.91
AFFLE,57.22,57.22
HNDFDS,60.01,60.01
IRCTC,46.44,46.72
DCI,26.05,26.05
IIFLCAPS,9.62,9.62
KUANTUM,8.26,8.26
CHEMBOND,18.4,18.94
SBICARD,39.05,39.05
SIGMA,15.36,15.36
EASEMYTRIP,53.51,28.95
PRINCEPIPE,41.01,41.01
PARKHOTELS,43.65,43.65
SUMICHEM,46.73,46.73
ATALREAL,32.67,32.67
UNIVPHOTO,6.9,6.9
POWERINDIA,156.8,156.8
KSOLVES,27.75,27.75
HAPPSTMNDS,49.35,51.47
BOROLTD,56.28,56.28
VINYLINDIA,19.71,19.71
20MICRONS,10.44,10.32
COUNCODOS,85.85,85.85
AJMERA,23.9,23.9
EXCEL,42.15,42.15
ADANIPOWER,14.07,14.07
RTNPOWER,.48,41
ZYDUSWELL,31.67,32.25
SARDAEN,25.24,25.21
REFEX,37.12,37.17
AHLUCONT,13.65,24.63
GODREJPROP,39.9,39.9
BEARDSELL,14.31,14.31
WHIRLPOOL,37.86,36.31
JUBLFOOD,114.2,191.4
EMMBI,21.86,21.86
HATHWAY,32.95,32.48
MANINFRA,20.51,20.51
PERSISTENT,66.6,66.6
ISFT,14.89,14.89
KIRLOSBROS,32.63,32.26
UMESLTD,120.85,120.85
BLISSGVS,20.65,8.85
AHLEAST,8.65,8.65
IITL,19.98,20.72
ADFFOODS,33.87,33.87
WELINV,64.91,64.91
ORISSAMINE,701.28,701.28
CAREERP,10.29,10.29
CANTABIL,31.06,31.59
ASHOKA,3.53,3.71
OBEROIRLTY,22.4,22.4
COALINDIA,6.62,6.62
JINDWORLD,89.72,89.72
RPPINFRA,7.28,7.28
MOIL,18.22,18.22
KIRLOSENG,17.58,18.46
RKDL,40.98,40.98
SURANASOL,272.58,272.58
KICL,23.39,31.01
STEL,42.59,42.59
HINDMOTORS,15.85,15.85
PFS,12.63,12.63
VADILALIND,19.94,19.94
PAVNAIND,51.48,51.48
UNIDT,34.71,34.71
ANGELONE,15.34,15.34
ROML,46.03,46.03
RAILTEL,37.51,35.45
HERANBA,22.77,22.77
FAIRCHEMOR,38.57,38.57
ISGEC,28.16,28.16
PAKKA,21.37,21.37
KPIGREEN,29.75,29.51
ANANDRATHI,58.54,58.54
POLICYBZR,294.2,343.39
MONARCH,16.52,16.52
EPIGRAL,21.26,21.26
GOCOLORS,48.43,48.43
CMSINFO,20.2,20.2
TARSONS,53.04,53.04
TEGA,49.11,49.11
MANORG,40.14,40.14
PVSL,36.49,36.49
PASUPTAC,10.53,10.53
MAPMYINDIA,65.07,65.07
TMB,5.76,5.76
MANYAVAR,50.67,50.67
MEDICAMEQ,99.16,99.16
SHIVALIK,57.75,57.75
MEDANTA,63.96,63.96
MALLCOM,19.87,19.87
RADIANTCMS,14.1,14.1
GRWRHITECH,31.09,31.09
DCMSRIND,12.13,12.13
FIVESTAR,20.29,20.29
SBC,34.3,34.3
ELDEHSG,25.57,25.57
MHLXMIRU,15.4,15.4
GATEWAY,5.49,14.26
CAMPUS,72.5,72.5
VENUSPIPES,29.2,29.2
MEGASTAR,76.07,76.07
LANDMARK,72.3,
ETHOSLTD,65.42,65.42
MSUMI,33.53,33.53
HARSHA,27.64,27.64
GMRP&UI,4.14,
ACI,36.96,31.45
SADHNANIQ,222.06,222.06
HARDWYN,53.22,53.22
HMAAGRO,21.83,21.83
YATHARTH,28.18,28.18
YATRA,44.57,44.57
IRMENERGY,20.94,20.94
CYIENTDLM,55.48,55.48
LORDSCHLO,97.8,97.8
ATAM,16.6,16.6
LAL,17.64,17.64
DOLPHIN,21.92,22.25
NOVAAGRI,15.76,15.76
NETWEB,86.28,86.28
AEROFLEX,47.64,47.64
VPRPL,19.22,19.22
ATL,21.1,19.98
RRKABEL,48.16,48.17
SCILAL,53.08,53.08
YASHO,105.77,105.77
SINDHUTRAD,30.13,30.13
VLEGOV,,567.92
MUFIN,58.04,56.6
FLAIR,18.58,18.58
JIOFIN,122.71,122.71
NATHBIOGEN,7.59,7.75
SDBL,22.61,22.61
WONDERLA,32.42,32.42
HATSUN,74.44,74.44
GULFOILLUB,15.61,15.61
SUPERHOUSE,17.73,37.04
PDSL,26.45,26.92
MONTECARLO,17.54,17.54
APOLSINHOT,48.14,48.14
GRPLTD,61.37,56.45
MOLDTKPAC,26.73,26.73
GANECOS,35.2,35.2
HESTERBIO,44.82,44.82
MANAKALUCO,26.26,26.26
ZENTEC,44.25,44.63
LFIC,6.72,6.72
AVANTIFEED,19.55,19.55
TPLPLASTEH,29.54,29.54
PNCINFRA,6.2,6.2
ORICONENT,111.54,105.49
ADANIENSOL,136.49,35.94
SATIN,5.56,5.56
POWERMECH,20.1,20.07
SHREEPUSHK,20.44,20.44
IDFCFIRSTB,22.76,22.76
BALAXI,11.41,11.85
UMANGDAIRY,28.56,28.56
PILANIINVS,26.52,26.52
LALPATHLAB,51.24,51.24
OCCL,9.05,9.05
TEAMLEASE,32.59,32.59
NECCLTD,19.79,19.79
PDMJEPAPER,9.23,9.23
HECPROJECT,27.6,27.6
CROMPTON,40.48,40.48
ALBERTDAVD,12.08,12.08
CONTROLPR,20.81,20.82
INTENTECH,13.58,13.58
EIFFL,164.57,164.57
SHANKARA,18.87,18.87
FOCUS,23.79,23.79
SIKKO,29.69,29.69
PANACHE,110.67,47.66
SCHAND,13.36,13.36
GLOBE,11.87,12.92
CDSL,46,46
DYNPRO,23.12,23.12
OPTIEMUS,73.78,73.78
ABCAPITAL,11.72,11.72
CHOLAHLDNG,6.28,6.28
WORTH,12.72,12.72
DPWIRES,14.55,14.55
AIROLAM,91.94,91.94
JASH,36.14,36.11
IEX,36.96,36.96
IFGLEXPOR,29.31,29.31
ZODIAC,40.63,40.63
DNAMEDIA,.49,
TOUCHWOOD,19.53,19.53
BCONCEPTS,72.35,72.35
APOLLO,64.02,64.02
SOUTHWEST,36.41,38.36
ARVEE,74.4,74.4
GMMPFAUDLR,45.06,45.06
HINDCON,37.43,37.43
RELAXO,61.3,61.3
GRAPHITE,18.79,18.79
BRITANNIA,53.44,53
INDHOTEL,57.18,66.67
GILLETTE,57.69,57.69
3MINDIA,52.23,52.23
GABRIEL,30.35,30.35
PRAKASH,7.93,7.93
SUDARSCHEM,59.16,86.25
HINDALCO,10.39,9.93
AMBUJACEM,21.47,21.83
MDL,40.95,39.82
MAHICKRA,44.17,44.17
SPECTRUM,142.31,142.31
SHUBHLAXMI,19.2,19.2
KHFM,38.72,38.72
SECL,156.62,156.62
PARTYCRUS,15.52,15.52
NPST,99.57,99.57
VMARCIND,21.04,21.04
AILIMITED,38.91,38.91
ABCOTS,55.83,55.83
QUADPRO,15.96,15.96
DESTINY,43.09,43.09
PRECISION,12.18,12.18
EUROBOND,26.4,26.4
SPRL,13.47,13.47
LEMERITE,211.04,211.04
KCK,175.65,175.65
PROPEQUITY,18.53,18.53
VEEKAYEM,26.52,26.52
MWL,14.13,14.13
ARISTO,15.4,15.4
FIDEL,25.23,25.23
VIVIANA,57.88,57.88
KANDARP,56.41,56.41
ISHAN,32.96,30.97
ANNAPURNA,34.77,34.77
QUICKTOUCH,7.68,7.68
DOLLEX,20.79,20.79
FROG,32.61,32.61
ANLON,38.94,38.94
UMA,28.22,28.22
SAHANA,45.1,45.1
SHERA,36.54,36.54
LRRPL,79.21,79.21
MCON,44.65,44.65
AGUL,13.34,13.34
MASTER,32.4,32.4
SYSTANGO,17.86,17.86
SPECTSTM,26.06,26.06
SHRITECH,10.53,10.53
INFINIUM,36.58,36.58
SEL,54.03,54.03
GREENCHEF,28.18,28.18
MAGSON,36.6,36.6
MONOPHARMA,15.21,15.21
CLSL,28.44,28.44
SAHAJ,16.11,16.11
GLOBALPET,73.56,73.56
PRAMARA,29.53,29.53
ARVINDPORT,15.76,15.76
SAROJA,26.74,26.74
CHAVDA,16.96,16.96
BAWEJA,16.62,16.62
OLIL,27.88,27.88
KODYTECH,96.06,96.06
SCML,14.09,14.09
MAL,11.4,11.4
CELLECOR,52.13,52.13
MADHUSUDAN,18.08,18.08
EMKAYTOOLS,4.34,4.34
AURDIS,8.4,8.4
PROLIFE,12.41,12.41
PASHUPATI,178.51,178.51
OMFURN,29.44,29.44
FELIX,41.22,41.22
AMJUMBO,445.22,445.22
CGPOWER,98.78,98.12
BEL,37.84,37.84
AUTOAXLES,16.26,16.26
SWARAJENG,22.25,22.25
TTKPRESTIG,44.18,44.18
EIMCOELECO,17.93,17.93
SILINV,14.48,14.48
HITECHGEAR,26.6,26.58
PUNJABCHEM,24.72,24.72
SMARTLINK,13.28,13.28
MPSLTD,34.13,34.13
PNB,6.79,6.79
UNIONBANK,5.52,5.52
GEECEE,13.43,13.43
JMFINANCIL,,11.57
NAUKRI,110.04,112.45
TORNTPOWER,27.04,27.04
LTFOODS,22.54,22.54
RUCHIRA,6.04,6.04
JINDRILL,18.57,18.57
PLASTIBLEN,15.4,15.4
HBLENGINE,46.54,43.81
LUMAXTECH,18.33,18.33
WANBURY,14.83,35.49
GANDHITUBE,12.4,12.4
UNOMINDA,57.42,59.11
ORIENTBELL,86.13,86.13
TTL,19.46,37.5
PFC,4.25,4.25
AMDIND,87.35,87.35
ICRA,33.37,33.37
BFUTILITIE,10.42,10.42
HILTON,92.93,92.93
TIMETECHNO,23.65,23.65
TARMAT,,93.62
CIEINDIA,18.7,18.7
INDOWIND,34.09,34.09
POWERGRID,15.49,15.49
BAJAJELEC,71.98,71.98
ADANIPORTS,22.86,21.75
OIL,8.44,8.45
DEN,7.59,7.59
GILLANDERS,7931.26,
DBCORP,8.65,8.65
UNITEDTEA,11.23,11.23
LGBBROSLTD,14.15,14.71
KSL,18.6,18.6
TI,25.35,24.28
BAJAJCON,17.33,17.33
KILITCH,28.37,28.37
GREENPOWER,60.16,58.63
JWL,33.57,33.57
PRESTIGE,63.76,63.76
IOLCP,20.45,20.45
JAMNAAUTO,16.41,16.41
PSB,34.64,34.64
SHEKHAWATI,.56,5.88
TEXRAIL,27.13,27.13
MUTHOOTFIN,17.26,17.26
OMINFRAL,45.11,45.11
ELGIRUBCO,29.75,
TDPOWERSYS,34.63,34.63
ASHIANA,190.66,144.55
RUSHIL,17.34,17.34
INVENTURE,14.6,13.44
BODALCHEM,119.65,99.16
BROOKS,158.48,158.48
PENINLAND,47.09,46.2
WHEELS,14.07,14.07
PREMIERPOL,25.27,25.27
SMLISUZU,13.52,13.52
FACT,,553.7
EXIDEIND,38.82,38.82
ELECON,28.62,28.62
PEL,42.27,
MASTEK,18.63,19.16
LUMAXIND,40.02,40.02
KECL,60.11,255.56
CUMMINSIND,44.96,44.96
JAYBARMARU,32.84,32.84
JBCHEPHARM,38.19,38.19
INDIAGLYCO,20.54,20.54
IGPL,13.62,13.62
GNFC,15.92,15.92
BPCL,8.4,8.22
BASF,31.16,31.68
ATUL,38.77,38.77
ACC,13.39,14.73
SCI,7.94,7.94
MRPL,25,24.78
HINDPETRO,10.7,10.7
RELINFRA,37.7,
BAJAJHLDNG,88.23,88.23
VOLTAS,50.21,50.21
TITAN,87.04,87.04
TATASTEEL,72.31,59.93
SPIC,19.15,12.92
SBIN,7.91,7.91
NOCIL,25.52,25.52
DRREDDY,17.9,17.9
CHAMBLFERT,14.32,14.32
CARBORUNIV,45.88,54.26
DICIND,33.16,34.17
RAMCOCEM,53.79,111.12
ADORWELD,27.9,25.24
TORNTPHARM,54.95,54.95
FEDERALBNK,10.95,10.95
VLSFINANCE,5.09,5.09
SRF,71.32,71.32
WEIZMANIND,22.32,22.32
UNICHEMLAB,,47.49
PRECOT,12.74,15.83
APOLLOHOSP,68.2,68.2
BALKRISIND,29.25,29.25
GINNIFILA,,148.36
ONGC,7.3,7.06
TAINWALCHM,56.48,56.48
JINDALPOLY,11.69,19.79
IGARASHI,69.67,69.67
NKIND,920.18,920.18
APCOTEXIND,31.61,31.61
SOTL,23.66,23.66
KARURVYSYA,9.03,9.03
DECCANCE,488.96,85.72
UFLEX,,7.21
THOMASCOOK,25.66,25.32
SPMLINFRA,38.34,40.32
BHARATRAS,28.11,28.11
VSTIND,14.21,19.02
UNIVCABLES,40.19,40.19
SOMANYCERA,23.98,24.41
M&M,27.7,27.7
KABRAEXTRU,34.96,34.96
PIDILITIND,71.04,69.29
HONDAPOWER,36.05,38.49
RUBYMILLS,15.14,15.14
IDBI,10.76,10.76
BBL,24.4,24.4
DCMSHRIRAM,28.21,28.21
DABUR,50.67,50.67
HEROMOTOCO,17.43,17.43
HARRMALAYA,2551.67,47.32
GIPCL,12.44,12.44
ITC,24.88,24.88
HINDCOMPOS,18.15,18.15
RICOAUTO,30.59,30.06
IFBAGRO,24.97,24.97
MANINDS,13.97,13.97
SIYSIL,15.33,15.33
PRECWIRE,30.36,30.36
ONWARDTEC,29.06,29.06
NCC,14.02,13.68
SEAMECLTD,23.68,25.81
ELGIEQUIP,46.2,46.2
BBTC,6.37,6.21
GICHSGFIN,5.2,5.2
BEPL,14.4,14.4
BANARBEADS,24.85,24.85
WSTCSTPAPR,6.71,6.71
VENKEYS,17.22,17.22
PRAJIND,36.76,40.03
BPL,21.55,21.55
PGHH,61.85,61.85
TFCILTD,14.53,14.53
BOMDYEING,5.28,39.27
NAVNETEDUL,3.75,14.05
GLAXO,52.02,52.33
FMGOETZE,12.23,12.23
ORIENTHOT,62.19,62.19
GOLDENTOBC,9.91,11.24
ESABINDIA,41.64,41.64
AARTIIND,40.13,40.48
AMJLAND,13.58,13.58
KSB,49.99,49.99
GODFRYPHLP,35.75,34.06
TATAINVEST,122.21,122.21
TIMKEN,46.69,46.69
SHREECEM,83.36,83.36
INGERRAND,41.47,41.47
AKZOINDIA,34.69,34.69
HINDUNILVR,48.93,50.78
FINPIPE,14.66,25.59
DCW,66.09,66.01
DCM,19.16,19.16
BHEL,146.05,146.05
PVP,819.46,863.5
GREENPLY,29.21,30.12
NATCOPHARM,7.91,7.91
KHAITANLTD,7.53,7.53
MRF,26.33,26.33
TNPETRO,14.68,16.54
STARPAPER,5.17,5.17
SKFINDIA,34.85,34.85
JAYAGROGN,13.06,13.06
MARICO,49.28,49.28
BIOFILCHEM,130.67,130.67
SUNDRMBRAK,79.45,79.45
SOMATEX,1.53,
STERTOOLS,20.51,20.51
CREST,11.14,11.14
WENDT,50.91,50.91
MIRZAINT,216.95,216.95
GUJAPOLLO,34.67,34.67
MMFL,13.07,13.12
JCHAC,86.22,83.38
KOTHARIPET,13.94,13.87
BANKBARODA,5.35,5.35
GAIL,10.03,12.14
SKMEGGPROD,12.37,12.37
CONCOR,32.36,31.71
KCPSUGIND,8.44,11.25
HUDCO,13.59,13.59
SAREGAMA,48.37,48.37
ENGINERSIN,29.02,29.02
JAICORPLTD,28.07,28.07
GMDCLTD,12.48,12.48
MAHAPEXLTD,13.48,16.25
ASAHIINDIA,47.66,51.08
J&KBANK,5.14,5.14
CUB,10.05,10.05
SOUTHBANK,5,5
ASTRAZEN,177.75,78.63
AXISBANK,11.08,11.08
CYIENT,22.79,22.79
CYBERTECH,16.7,16.7
SANGHVIMOV,13.57,13.57
RSSOFTWARE,11.07,11.07
NATIONALUM,8.17,8.83
JINDALSTEL,21.55,21.55
NIPPOBATRY,2.77,2.77
BSOFT,22.76,22.76
ACCELYA,20.72,20.77
STAR,17.75,16.98
SHREERAMA,27.39,27.39
NRBBEARING,18.54,19.37
BIL,44.02,44.02
KTKBANK,4.99,4.99
AJANTPHARM,35.68,35.68
CALSOFT,29.77,29.77
TVSMOTOR,51.93,51.93
TAJGVK,30.23,30.23
CHENNPETRO,23.83,23.83
GAEL,15.99,15.99
MRO-TEK,42.5,42.5
KHANDSE,39.38,39.38
MARKSANS,27.68,27.68
GOLDTECH,29.45,
GODREJCP,,55.31
LUPIN,30.03,30.03
TCI,23.57,23.41
BHARTIARTL,40.4,52.91
PONNIERODE,9.33,9.33
TIMESGTY,69.71,69.71
NUCLEUS,14.78,14.78
CANBK,4.59,4.59
GODREJIND,24.43,24.43
RADICO,87.48,87.48
MARUTI,27.16,27.16
VARDHACRLC,23.68,23.68
JSL,21.05,21.04
TVTODAY,12.08,11.6
SIL,144.28,144.28
PETRONET,12.87,12.87
BIOCON,32.22,33.48
XPROINDIA,58.37,56.05
RKFORGE,33.36,33.3
CCL,28.74,28.74
LT,27.06,27.17
CENTEXT,19.51,19.78
GULFPETRO,8.7,8.7
ASTRAMICRO,48.13,48.13
WELENT,16.86,16.86
KOTARISUG,18.12,23.57
XCHANGING,22.75,22.75
JSWSTEEL,67.98,63.03
EVEREADY,30.08,30.08
GOKEX,41.95,41.95
SHOPERSTOP,179.68,161.24
SURYALAXMI,72.1,28.19
YESBANK,25.81,25.81
SPLIL,10.48,10.47
GOLDIAM,37.27,37.27
SASKEN,45.73,45.73
BDL,65.55,65.55
BANDHANBNK,9.03,9.03
SANDHAR,16.63,17.46
ISEC,12.58,12.58
MIDHANI,49.97,49.97
CHEMFAB,156.33,156.33
ORIENTELEC,69.54,69.54
ADANIGREEN,86.56,74.36
GAYAHWS,,1.04
FINEORG,26.44,26.42
RITES,25.07,25.12
HDFCAMC,34.23,34.23
SIGIND,13.3,13.3
NILASPACES,37.67,37.67
DALBHARAT,56.18,47.82
APLLTD,25.94,26.38
PGEL,106,106
PANAMAPET,10.37,10.37
PAISALO,18.86,18.9
SHAKTIPUMP,27.56,27.56
INDOTHAI,153.86,153.86
DSSL,19.68,19.68
POLYMED,69.97,69.97
VIKASECO,28.93,28.93
KANANIIND,43.85,43.85
MINDACORP,46.29,46.29
DBSTOCKBRO,20.02,20.02
SCHNEIDER,71.42,76.17
NDL,10.56,10.56
VSSL,16.17,16.17
SPECIALITY,27.34,27.34
MAYURUNIQ,14.94,14.94
DUCON,15.51,15.51
ZUARI,4.78,4.78
CARERATING,29.59,29.59
REPCOHOME,4.88,4.88
ATULAUTO,75.34,75.34
ORIENTCEM,55.85,55.85
JPOLYINVST,19.84,19.84
SREEL,23.98,23.98
CASTROLIND,22.88,22.88
BUTTERFLY,288.26,199.88
AGARIND,11.29,11.29
GOCLCORP,10.9,10.02
SHARDACROP,19.53,19.53
CIGNITITEC,24.39,23.96
INTELLECT,37.7,37.73
FCL,24.63,24.63
GULPOLY,45.45,45.45
CCHHL,170.94,170.94
GENUSPAPER,138.15,138.15
VISHNU,25.18,25.18
MENONBE,23.19,23.19
MANAKSTEEL,35.05,29.93
INOXWIND,76.07,69.43
VIPULLTD,.86,.85
UFO,20.94,21.51
NILAINFRA,18.07,18.07
SKIPPER,37.14,37.14
SYNGENE,56.25,59.32
RAMASTEEL,69.93,69.93
PKTEA,28.44,28.44
ARVSMART,28.26,28.26
GUJGASLTD,22.11,22.9
SHK,372.93,15.78
LUXIND,23.91,23.91
SALZERELEC,24.94,24.94
LINCOLN,12.59,12.59
NH,36.31,36.31
PRECAM,111.19,129.28
HITECH,33.79,33.79
KELLTONTEC,14.16,14.16
SEQUENT,168.77,180.55
KDDL,26.39,26.37
BHARATWIRE,13.94,13.94
THYROCARE,35.11,35.06
PARAGMILK,18.05,18.05
BLS,31.74,31.74
ASPINWALL,12.19,12.19
SALONA,19.52,19.52
MOLDTECH,18.18,18.18
POKARNA,24.08,24.08
GPTINFRA,19.2,19.2
GROBTEA,6.65,6.65
MINDTECK,23.22,22.04
DBL,11.04,19.48
SPAL,19.17,19.17
RBLBANK,9.84,9.84
LTTS,39.95,39.95
GNA,13.89,13.89
MARATHON,14.03,14.03
ENDURANCE,32.58,32.58
MAZDA,16.17,16.17
VBL,64.15,64.15
KINGFA,24.39,24.39
NBIFIN,78.4,78.4
TCIEXP,26.88,26.88
LAURUSLABS,147.78,147.78
ITDC,63.78,63.72
CAPTRUST,97.67,97.67
BSE,89.95,89.95
JITFINFRA,29.06,51.64
DMART,85.44,85.44
TASTYBITE,107.89,107.89
CLEDUCATE,67.57,62.25
WIPL,86.62,86.62
DOLLAR,23.38,23.53
STARCEMENT,65.7,65.7
ERIS,48.66,48.66
GTPL,22.94,22.94
SALASAR,35.7,35.7
AVADHSUGAR,11.58,11.58
GANGESSECU,26.05,26.05
SIS,23.25,23.25
APEX,430.25,430.25
DIXON,99.42,125.7
MATRIMONY,23.88,23.88
ICICIGI,68.14,68.14
SBILIFE,61.79,61.79
TCPLPACK,26.16,26.16
TIINDIA,44.23,44.04
KHADIM,104.65,104.65
5PAISA,17.84,17.84
SHIVATEX,24.08,24.08
AMBER,81.09,81.09
GALAXYSURF,26.52,26.52
ASTERDM,66.35,62.88
SHREYANIND,5.66,5.66
ASHIMASYN,4.53,4.53
NEULANDLAB,49.26,61.75
BERGEPAINT,54.05,54.05
JYOTISTRUC,55.58,55.58
MUNJALSHOW,17.08,17.08
RANASUG,15.25,15.25
WSI,936.62,203.82
SUBROS,29.93,29.93
WIPRO,24.69,24.69
MURUDCERA,28.29,28.29
LIBERTSHOE,44.88,33.07
MANGLMCEM,44.64,44.64
3PLAND,37.76,37.76
SAIL,26.17,16.87
KIRLOSIND,12.53,11.89
IMFA,8.55,8.55
GPPL,19.03,17.46
DEEPAKNTR,35.5,38.62
WABAG,32.55,32.13
RESPONIND,28.03,28.03
PENIND,20.22,20.22
A2ZINFRA,26.28,
SUMMITSEC,19.57,17.61
DHUNINV,9.86,9.9
PIIND,27.68,27.68
MAITHANALL,3.25,3.25
ASAHISONG,30.15,29.72
PFIZER,31.16,31.16
DIVISLAB,73.24,73.24
UCOBANK,19.63,19.63
JAIBALAJI,15.81,15.81
UPL,793.96,30.47
VAIBHAVGBL,28.32,27.73
NIITLTD,35.2,35.2
NTPC,14.96,14.96
CONSOFINVT,5.76,5.76
SAKSOFT,22.8,22.8
WELCORP,24.01,23.76
PRIMESECU,18.97,20.49
GENUSPOWER,39.71,39.71
FCSSOFT,199.97,53.8
ANUP,49.62,49.62
VIDHIING,54.08,54.08
GOKULAGRO,17,17
INFIBEAM,24.37,24.37
SHRIPISTON,17.56,17.56
NAGAFERT,.18,.18
DAMODARIND,20.27,20.27
ARIHANTSUP,26.78,26.78
PSPPROJECT,36.4,36.4
AUBANK,20.11,19.49
MAGADSUGAR,8.56,8.56
COCHINSHIP,42.89,42.89
BRNL,2.93,2.93
GODREJAGRO,40.94,40.94
GICRE,9.1,9.1
HDFCLIFE,76.03,76.03
INDIANB,6.91,6.91
PAGEIND,68.19,68.19
ASTRAL,71.92,71.92
NCLIND,21.25,18.56
PHOENIXLTD,41.86,42.29
SRHHYPOLTD,11.12,10.64
KMSUGAR,8.3,8.3
NELCAST,32.34,36.85
MEGASOFT,81.83,81.83
KSCL,16.47,16.47
MAANALU,27.88,27.88
CERA,30.2,30.2
NHPC,24.93,24.93
AMRUTANJAN,35.84,35.84
SHILPAMED,69.19,72.05
JSWENERGY,44.37,44.37
MMTC,81.63,77.49
TRF,13.6,13.6
VASCONEQ,7.75,17.44
TEXMOPIPES,31.66,11.49
