SYMBOL,SERIES,SECURITY,HIGH/LOW,INDEX FLAG
1119NFL27,ND,SEC RE NCD 11.19% SR.V,H
585GS2030,GS,GOI LOAN  5.85% 2030,H
63MOONS,EQ,63 MOONS TECHNOLOGIES LTD,H
A2ZINFRA,BE,A2Z INFRA ENGINEERING LTD,H
AARVEEDEN,BE,AARVEE DEN. & EXP. LTD,H
ACMESOLAR,EQ,ACME SOLAR HOLDINGS LTD,H
AGNI,ST,AGNI GREEN POWER LTD,H
AKSHAR,BE,AKSHAR SPINTEX LIMITED,H
AKSHOPTFBR,BE,AKSH OPTIFIBRE  LTD,H
ALMONDZ,EQ,ALMONDZ GLOBAL SEC LTD,H
ALPSINDUS,BE,ALPS INDUSTRIES LTD.,H
ANLON,SM,ANLON TECHNOLOGY SOL LTD,H
ANSALAPI,BZ,ANSAL PROP & INFRA LTD,H
ANTGRAPHIC,EQ,ANTARCTICA LTD,H
ARTNIRMAN,BE,ART NIRMAN LIMITED,H
ARVEE,EQ,ARVEE LABORATORIES I LTD,H
ASLIND,SM,ASL INDUSTRIES LIMITED,H
ATLANTAA,BE,ATLANTAA LIMITED,H
ATMASTCO,ST,ATMASTCO LIMITED,H
AUSOMENT,EQ,AUSOM ENTERPRISE LIMITED,H
AVALON,EQ,AVALON TECHNOLOGIES LTD,H
AVONMORE,BE,AVONMORE CAP&MGT SERV LTD,H
AVPINFRA,ST,AVP INFRACON LIMITED,H
AYMSYNTEX,EQ,AYM SYNTEX LIMITED,H
BASILIC,ST,BASILIC FLY STUDIO LTD,H
BIRLAMONEY,BE,ADITYA BIRLA MONEY LTD,H
BLUECHIP,BE,BLUE CHIP INDIA LIMITED,H
BORORENEW,BE,BOROSIL RENEWABLES LTD,H
BTML,BE,BODHI TREE MULTIMEDIA LTD,H
CALSOFT,BE,CALIFORNIA SOFTWARE CO LT,H
CCCL,BE,CONS. CONST. CONSORT LTD,H
CEREBRAINT,BZ,CEREBRA INT TECH LTD,H
CHANDAN,ST,CHANDAN HEALTHCARE LTD,H
CMRSL,SM,CYBER MEDIA RES & SER LTD,H
DCI,EQ,DC INFOTECH AND COMUN LTD,H
DELTIC,ST,DELTA AUTOCORP LIMITED,H
DGCONTENT,BE,DIGICONTENT LIMITED,H
DHRUV,BE,DHRUV CONSULTANCY SER LTD,H
DIACABS,BE,DIAMOND POWER INFRA LTD,H
DJML,BE,DJ MEDIAPRINT & LOG LTD,H
DPEL,ST,DIVINE POWER ENERGY LTD,H
DRONE,ST,DRONE DESTINATION LIMITED,H
DYNAMIC,ST,DYNAMIC SRVCS & SEC LTD,H
E2E,EQ,E2E NETWORKS LIMITED,H
EFFWA,SM,EFFWA INFRA & RESEARCH L,H
ELECTHERM,BE,ELECTROTHERM (I) LTD.,H
EMAMIREAL,BE,EMAMI REALTY LIMITED,H
ENERGYDEV,BE,ENERGY DEVE. CO.LTD,H
EPACK,EQ,EPACK DURABLE LIMITED,H
EUROTEXIND,BE,EUROTEX IND & EXPORTS LTD,H
EVERESTIND,BE,EVEREST INDUSTRIES LTD,H
EXCEL,BE,EXCEL REALTY N INFRA LTD,H
EXICOM,EQ,EXICOM TELE SYSTEMS LTD,H
FCSSOFT,EQ,FCS SOFTWARE SOLN. LTD.,H
FEL,BZ,FUTURE ENTERPRISES LTD,H
FELDVR,BE,FUTURE ENTERPRISES LTD,H
FICRF3GP,MF,FRANTEMAMC - FICRF3GP,H
FOCUS,EQ,FOCUS LIGHTG & FIXTRS LTD,H
GAJANAND,ST,GAJANAND INTERNATIONAL L,H
GANGAFORGE,EQ,GANGA FORGING LIMITED,H
GATECH,BE,GACM TECHNOLOGIES LIMITED,H
GATECHDVR,BE,GACM TECHNOLOGIES LIMITED,H
GAYAHWS,BE,GAYATRI HIGHWAYS LIMITED,H
GAYAPROJ,BZ,GAYATRI PROJECTS LTD,H
GGBL,ST,GANESH GREEN BHARAT LTD,H
GKWLIMITED,BE,GKW LIMITED,H
GLOBALE,BE,GLOBALE TESSILE LIMITED,H
GLOBALVECT,BE,GLOBAL VEC HELICORP LTD,H
GODREJIND,EQ,GODREJ INDUSTRIES LTD,H
GOENKA,BZ,GOENKA DIAMOND&JEWELS LTD,H
GRAPHISAD,SM,GRAPHISADS LIMITED,H
GUJRAFFIA,BE,GUJARAT RAFFIA INDUST LTD,H
GVKPIL,BE,GVK POW. & INFRA LTD.,H
GVT&D,EQ,GE VERNOVA T&D INDIA LTD,H
HECPROJECT,EQ,HEC INFRA PROJECTS LTD,H
HERCULES,BE,HERCULES HOI. LTD.,H
HEXATRADEX,EQ,HEXA TRADEX LIMITED,H
HITECHGEAR,BE,THE HI-TECH GEARS LIMITED,H
HOACFOODS,ST,HOAC FOODS INDIA LIMITED,H
HPIL,EQ,HINDPRAKASH INDUSTRY LTD,H
HUBTOWN,EQ,HUBTOWN LIMITED,H
HYBRIDFIN,EQ,HYBRID FINANCIAL SERVICE,H
IDENTICAL,ST,IDENTICAL BRAINS STUDIO L,H
IEL,BE,INDIABULLS ENT LTD,H
INDOTECH,EQ,INDO TECH TRANSFORM LTD.,H
INDSWFTLTD,BE,IND-SWIFT LIMITED,H
INFINIUM,SM,INFINIUM PHARMACHEM LTD,H
ITI,BE,ITI LTD,H
JPASSOCIAT,BE,JAIPRAKASH ASSOCIATES LTD,H
JUBLCPL,BE,JUBILANT AGRI N CON PRO L,H
KAMOPAINTS,BE,KAMDHENU VENTURES LIMITED,H
KANDARP,SM,KANDARP DG SMART BPO LTD,H
KARNIKA,ST,KARNIKA INDUSTRIES LTD,H
KBCGLOBAL,BE,KBC GLOBAL LIMITED,H
KCEIL,ST,KAY CEE ENERGY & INFRA L,H
KEEPLEARN,BE,DSJ KEEP LEARNING LTD,H
KONTOR,SM,KONTOR SPACE LIMITED,H
KOPRAN,BE,KOPRAN LTD,H
KOTYARK,ST,KOTYARK INDUSTRIES LTD,H
KPEL,EQ,K.P. ENERGY LIMITED,H
KPIGREEN,EQ,KPI GREEN ENERGY LIMITED,H
KRISHIVAL,SM,KRISHIVAL FOODS LIMITED,H
KSHITIJPOL,BE,KSHITIJ POLYLINE LIMITED,H
LAKSHYA,ST,LAKSHYA POWERTECH LIMITED,H
LPDC,BE,LANDMARK PR.DEV.CO.LTD,H
MADHUCON,EQ,MADHUCON PROJECTS LTD.,H
MAFANG,EQ,MIRAEAMC - MAFANG,H
MAGSON,ST,MAGSON RETAIL AND DIST L,H
MANAKCOAT,BE,MAN COAT METAL & IND LTD,H
MANORG,EQ,MANGALAM ORGANICS LIMITED,H
MARINE,BE,MARINE ELECTRICAL (I) LTD,H
MASKINVEST,BE,MASK INVESTMENTS LIMITED,H
MASPTOP50,EQ,MIRAEAMC - MASPTOP50,H
MBECL,BZ,MCNALLY BH. ENG. CO.LTD,H
MCL,BE,MADHAV COPPER LIMITED,H
MCLEODRUSS,BE,MCLEOD RUSSEL INDIA LTD.,H
MEGAFLEX,ST,MEGA FLEX PLASTICS LTD,H
MEP,BZ,MEP INFRA. DEVELOPERS LTD,H
MHLXMIRU,BE,MAHALAXMI RUBTECH LIMITED,H
MICEL,EQ,MIC ELECTRONICS LTD,H
MONOPHARMA,SM,MONO PHARMACARE LIMITED,H
MONQ50,EQ,MOTILALAMC - MONQ50,H
MSPL,EQ,MSP STEEL & POWER LTD.,H
MYMUDRA,ST,MY MUDRA FINCORP LIMITED,H
NAGREEKCAP,BE,NAGREEKA CAP & INFR.LTD,H
NEPHROCARE,SM,NEPHRO CARE INDIA LIMITED,H
NETWEB,EQ,NETWEB TECH INDIA LTD,H
NGLFINE,EQ,NGL FINE CHEM LIMITED,H
NIBE,EQ,NIBE LIMITED,H
NIRMAN,SM,NIRMAN AGRI GENTICS LTD,H
NKIND,BE,NKINDUSTRIES LTD,H
OBSCP,ST,OBSC PERFECTION LIMITED,H
OILCOUNTUB,EQ,OIL COUNTRY TUBULAR LTD,H
ORCHPHARMA,EQ,ORCHID PHARMA LIMITED,H
ORIANA,SM,ORIANA POWER LIMITED,H
ORIENTTECH,EQ,ORIENT TECHNOLOGIES LTD,H
ORTEL,BZ,ORTEL COMMUNICATIONS LTD,H
OSIAHYPER,BE,OSIA HYPER RETAIL LIMITED,H
PANACHE,BE,PANACHE DIGILIFE LIMITED,H
PARAGON,ST,PARAGON FINE S.C. LTD.,H
PARIN,ST,PARIN ENTERPRISES LIMITED,H
PHANTOMFX,ST,PHANTOM DIGITAL EFF LTD,H
PRAENG,EQ,PRAJAY ENG. SYN. LTD.,H
PREMIER,BE,PREMIER LIMITED,H
PREMIERPOL,BE,PREMIER POLYFILMS LTD,H
PRIZOR,ST,PRIZOR VIZTECH LIMITED,H
PRUDMOULI,BE,PRUDENTIAL SUGAR CORPORAT,H
PTCIL,EQ,PTC INDUSTRIES LIMITED,H
PURVA,EQ,PURAVANKARA LIMITED,H
RAJRILTD,BE,RAJ RAYON INDUSTRIES LTD,H
RBMINFRA,ST,RBM INFRACON LIMITED,H
REFEX,EQ,REFEX INDUSTRIES LIMITED,H
RKEC,EQ,RKEC PROJECTS LIMITED,H
ROLLT,BE,ROLLATAINERS LIMITED,H
ROXHITECH,ST,ROX HI TECH LIMITED,H
RVHL,BE,RAVINDER HEIGHTS LIMITED,H
S&SPOWER,EQ,S&S POWER SWITCHGEARS LTD,H
SABAR,ST,SABAR FLEX INDIA LIMITED,H
SABEVENTS,BE,SAB EVENTS & GOVERNANCE,H
SAHANA,ST,SAHANA SYSTEM LIMITED,H
SAKUMA,BE,SAKUMA EXPORTS LIMITED,H
SAMBHAAV,BE,SAMBHAAV MEDIA LTD,H
SANWARIA,BZ,SANWARIA CONSUMER LIMITED,H
SARLAPOLY,BE,SARLA PERF. FIBERS LTD,H
SATECH,ST,S A TECH SOFTWARE INDIA L,H
SATKARTAR,SM,SAT KARTAR SHOPPING LTD,H
SEMAC,BE,SEMAC CONSULTANTS LIMITED,H
SETCO,BE,SETCO AUTOMOTIVE LTD,H
SETUINFRA,BZ,SETUBANDHAN INFRA LTD,H
SFML,ST,SUPREME FACILITY MGMT LTD,H
SGL,EQ,STL GLOBAL LIMITED,H
SHAILY,BE,SHAILY ENG PLASTICS LTD,H
SHAKTIPUMP,BE,SHAKTI PUMPS (I) LTD,H
SHANTHALA,ST,SHANTHALA FMCG PRODUCTS L,H
SHANTI,EQ,SHANTI OVERSEAS INDIA LTD,H
SHRADHA,BE,SHRADHA INFRAPROJECTS LTD,H
SHUBHSHREE,ST,SHUBHSHREE BIOFUELS ENE L,H
SIDDHIKA,ST,SIDDHIKA COATINGS LIMITED,H
SIGNPOST,BE,SIGNPOST INDIA LIMITED,H
SITINET,BZ,SITI NETWORKS LIMITED,H
SLONE,ST,SLONE INFOSYSTEMS LIMITED,H
SOLARA,EQ,SOLARA ACTIVE PHA SCI LTD,H
SONAMAC,ST,SONA MACHINERY LIMITED,H
SSFL,SM,SRIVARI SPICES N FOODS L,H
STYLEBAAZA,EQ,BAAZAR STYLE RETAIL LTD,H
SUPREMEENG,BE,SUPREME ENGINEERING LTD,H
SUPREMEPWR,ST,SUPREME POWER EQUIPMENT L,H
SWSOLAR,EQ,STRLNG & WIL REN ENE LTD,H
TAC,ST,TAC INFOSEC LIMITED,H
TAKE,BZ,TAKE SOLUTIONS LTD,H
TARC,EQ,TARC LIMITED,H
TARIL,EQ,TRANS & RECTI. LTD,H
TCIFINANCE,BE,TCIFINANCELTD-ROLL SETT,H
TFL,BE,TRANSWARRANTY FIN. LTD.,H
TGL,ST,TEERTH GOPICON LIMITED,H
TIL,EQ,TIL LTD,H
TIPSFILMS,BE,TIPS FILMS LIMITED,H
TIRUPATIFL,BE,TIRUPATI FORGE LIMITED,H
TNTELE,BE,TAMILNADU TELECOMMUNICATI,H
TOUCHWOOD,EQ,TOUCHWOOD ENTERTAIN LTD.,H
TPHQ,BE,TEAMO PRODUCTIONS HQ LTD,H
TRUST,ST,TRUST FINTECH LIMITED,H
TVVISION,BE,TV VISION LIMITED,H
URBAN,SM,URBAN ENVIRO WASTE MGMT L,H
V2RETAIL,BE,V2 RETAIL LIMITED,H
VAKRANGEE,EQ,VAKRANGEE LIMITED,H
VARDMNPOLY,BE,VARDHMAN POLYTEX LTD.,H
VELS,ST,VELS FILM INTERNATIONAL L,H
VINNY,BE,VINNY OVERSEAS LIMITED,H
VLINFRA,ST,V.L.INFRAPROJECTS LIMITED,H
WEALTH,EQ,WEALTH FRST PORT. MG. LTD,H
WINDLAS,EQ,WINDLAS BIOTECH LIMITED,H
WINDMACHIN,EQ,WINDSOR MACHINES LIMITED,H
WINNY,ST,WINNY IMMIGRA & EDU SER L,H
WINSOME,BZ,WINSOME YARNS LIMITED,H
WSI,BE,W.S.INDUSTRIES (I) LTD.,H
YAARI,BE,YAARI DIGI INT SER LTD,H
ZAGGLE,EQ,ZAGGLE PREPA OCEAN SER L,H
21STCENMGM,BE,21ST CENTURY MGMT SERVICE,L
AGSTRA,BE,AGS TRANSACT TECH LTD,L
AHIMSA,ST,AHIMSA INDUSTRIES LTD.,L
AILIMITED,ST,ABHISHEK INTEGRATIONS LTD,L
ANKITMETAL,BZ,ANKIT MET & POW LTD,L
ARENTERP,BE,RAJDARSHAN INDUSTRIES LTD,L
ASTRON,EQ,ASTRON PAPER BORD MIL LTD,L
AVONMORE,BE,AVONMORE CAP&MGT SERV LTD,L
AVROIND,EQ,AVRO INDIA LIMITED,L
BGRENERGY,BE,BGR ENERGY SYSTEMS LTD,L
BIL,BE,BHARTIYA INETRNATIONAL LT,L
BLUECHIP,BE,BLUE CHIP INDIA LIMITED,L
C2C,ST,C2C ADVANCED SYSTEMS LTD,L
CBAZAAR,ST,NET AVENUE TECHNOLOGIES L,L
CHAMUNDA,ST,CHAMUNDA ELECTRICAL LTD,L
CPS,ST,C P S SHAPERS LIMITED,L
DESTINY,ST,DESTINY LOGISTICS & I LTD,L
DHTL,SM,DOCMODE HEALTH TECH LTD,L
DOLPHIN,EQ,DOLPHIN OFF ENT (IND) L,L
DYNAMIC,ST,DYNAMIC SRVCS & SEC LTD,L
ELGIRUBCO,BE,ELGI RUBBER CO. LTD,L
ENSER,ST,ENSER COMMUNICATIONS LTD,L
FEL,BZ,FUTURE ENTERPRISES LTD,L
FELIX,ST,FELIX INDUSTRIES LTD.,L
FLEXITUFF,BE,FLEXITUFF VENTURES INT L,L
GAYAPROJ,BZ,GAYATRI PROJECTS LTD,L
GLOBE,EQ,GLOBE TEXTILES (I) LTD.,L
GODAVARIB,BE,GODAVARI BIOREFINERIES L,L
GODFRYPHLP,EQ,GODFREY PHILLIPS INDIA LT,L
HOMESFY,SM,HOMESFY REALTY LIMITED,L
ICDSLTD,BE,ICDSLTD,L
ISHAN,SM,ISHAN INTERNATIONAL LTD,L
IZMO,BE,IZMO LIMITED,L
JUBLCPL,BE,JUBILANT AGRI N CON PRO L,L
KCK,ST,KCK INDUSTRIES LTD,L
KEEPLEARN,BE,DSJ KEEP LEARNING LTD,L
KEN,ST,KEN ENTERPRISES LIMITED,L
KITEX,BE,KITEX GARMENTS LTD,L
KORE,ST,JAY JALARAM TECHNO LTD,L
KOTHARIPRO,BE,KOTHARI PRODUCTS,L
KTL,ST,KALAHRIDHAAN TRENDZ LTD,L
LAMOSAIC,ST,LAMOSAIC INDIA LIMITED,L
LORDSCHLO,BE,LORDS CHLORO ALKALI LTD,L
MANAV,SM,MANAV INFRA PROJECTS LTD,L
MANDEEP,SM,MANDEEP AUTO INDUSTRIES L,L
MASON,ST,MASON INFRATECH LIMITED,L
MBECL,BZ,MCNALLY BH. ENG. CO.LTD,L
MEDIORG,SM,MEDICAMEN ORGANICS LTD,L
MIEL,ST,MANGLAM INFRA & ENG LTD,L
NAVKARURB,BE,NAVKAR URBANSTRUCTURE LTD,L
NMSTEEL,ST,NEWMALAYALAM STEEL LTD,L
ONDOOR,ST,ON DOOR CONCEPTS LIMITED,L
PANACHE,BE,PANACHE DIGILIFE LIMITED,L
PANSARI,BE,PANSARI DEVELOPERS LTD,L
PAR,BE,PAR DRUGS AND CHEM LTD,L
PARAGON,ST,PARAGON FINE S.C. LTD.,L
PARIN,ST,PARIN ENTERPRISES LIMITED,L
PRAXIS,BE,PRAXIS HOME RETAIL LTD,L
PRECISION,ST,PRECISION METALIKS LTD,L
PRECOT,BE,PRECOT LIMITED,L
QFIL,SM,QUALITY FOILS (INDIA) LTD,L
QUICKTOUCH,ST,QUICKTOUCH TECHNOLOGIES L,L
READYMIX,ST,READYMIX CONSTRU MACHI L,L
REGENCERAM,BE,REGENCYCERAMICS-LTD,L
RICHA,SM,RICHA INFO SYSTEMS LTD,L
RMDRIP,ST,R M DRIP & SPRINK SYS LTD,L
RSSOFTWARE,BE,R. S. SOFTWARE (INDIA) LI,L
RVTH,EQ,REVATHI EQUIPMENT INDIA L,L
SANCO,BZ,SANCO INDUSTRIES LIMITED,L
SANWARIA,BZ,SANWARIA CONSUMER LIMITED,L
SBGLP,EQ,SURATWWALA BUS GROUP LTD,L
SETUINFRA,BZ,SETUBANDHAN INFRA LTD,L
SHANTHALA,ST,SHANTHALA FMCG PRODUCTS L,L
SHANTI,EQ,SHANTI OVERSEAS INDIA LTD,L
SHUBHLAXMI,ST,SHUBHLAXMI JEWEL ART LTD,L
SLONE,ST,SLONE INFOSYSTEMS LIMITED,L
SMSLIFE,BE,SMS LIFESCIENCES (I) LTD,L
SOLARAPP,E1,SOLAR ACT RS.3.50 PPD UP,L
SPCL,ST,SHIVALIC POWER CONTROL L,L
SUULD,BZ,SUUMAYA INDUSTRIES LTD,L
TAPIFRUIT,SM,TAPI FRUIT PROCESSING LTD,L
TECHLABS,ST,TRIDENT TECHLABS LIMITED,L
TTL,BE,T T LIMITED,L
VEEKAYEM,ST,VEEKAYEM FASH & APP LTD,L
VERTOZ,BE,VERTOZ LIMITED,L
VIPULLTD,BE,VIPUL LIMITED,L
VLEGOV,BE,VL E GOV AND IT SOL LTD,L
VMARCIND,ST,V MARC INDIA LIMITED,L
VOLERCAR,ST,VOLER CAR LIMITED,L
VSCL,ST,VADIVARHE SPCLTY CHEM LTD,L
WEBELSOLAR,BE,WEBSOL ENERGY SYSTEM LTD,L
WINSOME,BZ,WINSOME YARNS LIMITED,L
WOMANCART,ST,WOMANCART LIMITED,L
ZENITHEXPO,BE,ZENITH EXPORTS LTD,L
