GAIN_LOSS,SECURITY,CLOSE_PRIC,PREV_CL_PR,PERCENT_CG
 ,Nifty 50 Sec., , , 
 , , , , 
G,SHRIRAM FINANCE LIMITED,       580.85,       557.80,4.13
G,NTPC LTD,       325.15,       314.80,3.29
G,MAHINDRA & MAHINDRA LTD,      2839.45,      2757.40,2.98
G,BHARAT ELECTRONICS LTD,       260.25,       253.40,2.7
G,ADANI PORT & SEZ LTD,      1111.70,      1082.85,2.66
G,TRENT LTD,      5099.50,      4991.45,2.16
G,HINDALCO  INDUSTRIES  LTD,       638.80,       626.30,2
G,BAJAJ AUTO LIMITED,      8630.20,      8479.50,1.78
G,TATA STEEL LIMITED,       138.04,       135.76,1.68
G,EICHER MOTORS LTD,      4888.40,      4810.60,1.62
G,COAL INDIA LTD,       367.95,       362.30,1.56
G,OIL AND NATURAL GAS CORP.,       241.90,       238.30,1.51
G,TATA MOTORS LIMITED,       689.80,       681.00,1.29
G,BHARAT PETROLEUM CORP  LT,       258.60,       255.60,1.17
G,INDUSIND BANK LIMITED,      1047.65,      1035.80,1.14
G,CIPLA LTD,      1479.70,      1464.15,1.06
G,POWER GRID CORP. LTD.,       265.75,       263.05,1.03
G,INFOSYS LIMITED,      1825.15,      1810.80,.79
G,HERO MOTOCORP LIMITED,      3909.10,      3879.15,.77
G,AXIS BANK LIMITED,      1017.20,      1011.35,.58
G,RELIANCE INDUSTRIES LTD,      1233.00,      1227.45,.45
G,ASIAN PAINTS LIMITED,      2249.05,      2239.10,.44
G,DR. REDDY S LABORATORIES,      1170.95,      1165.85,.44
G,JSW STEEL LIMITED,       981.15,       977.35,.39
G,STATE BANK OF INDIA,       729.70,       727.30,.33
G,BAJAJ FINSERV LTD.,      1881.25,      1875.35,.31
G,NESTLE INDIA LIMITED,      2206.75,      2204.95,.08
 , , , , 
L,HDFC BANK LTD,      1687.10,      1727.20,-2.32
L,MARUTI SUZUKI INDIA LTD.,     12440.65,     12686.15,-1.94
L,TECH MAHINDRA LIMITED,      1657.85,      1685.80,-1.66
L,TATA CONSUMER PRODUCT LTD,      1008.90,      1025.30,-1.6
L,HCL TECHNOLOGIES LTD,      1687.55,      1712.30,-1.45
L,ITC LTD,       402.05,       406.40,-1.07
L,ICICI BANK LTD.,      1249.95,      1261.65,-0.93
L,KOTAK MAHINDRA BANK LTD,      1970.55,      1985.00,-0.73
L,TITAN COMPANY LIMITED,      3191.45,      3210.30,-0.59
L,APOLLO HOSPITALS ENTER. L,      6390.95,      6422.65,-0.49
L,BAJAJ FINANCE LIMITED,      8399.45,      8439.45,-0.47
L,HDFC LIFE INS CO LTD,       620.00,       622.85,-0.46
L,SUN PHARMACEUTICAL IND L,      1669.30,      1676.60,-0.44
L,SBI LIFE INSURANCE CO LTD,      1469.80,      1475.60,-0.39
L,GRASIM INDUSTRIES LTD,      2453.70,      2463.20,-0.39
L,WIPRO LTD,       313.30,       314.10,-0.25
L,TATA CONSULTANCY SERV LT,      3779.40,      3784.10,-0.12
L,BRITANNIA INDUSTRIES LTD,      4832.40,      4837.50,-0.11
L,HINDUSTAN UNILEVER LTD.,      2248.05,      2250.40,-0.1
L,BHARTI AIRTEL LIMITED,      1643.50,      1645.20,-0.1
L,ADANI ENTERPRISES LIMITED,      2179.00,      2180.80,-0.08
L,ULTRATECH CEMENT LIMITED,     11287.60,     11291.55,-0.03
L,LARSEN & TOUBRO LTD.,      3275.80,      3275.90,0
 , , , , 
 ,Nifty Next 50 Sec., , , 
 , , , , 
G,NHPC LTD,        79.80,        74.62,6.94
G,BAJAJ HOLDINGS & INVS LTD,     12454.30,     11732.10,6.16
G,GODREJ CONSUMER PRODUCTS,      1074.60,      1024.50,4.89
G,ABB INDIA LIMITED,      5344.65,      5123.85,4.31
G,REC LIMITED,       409.45,       395.65,3.49
G,JSW ENERGY LIMITED,       468.55,       454.85,3.01
G,PUNJAB NATIONAL BANK,        95.65,        92.86,3
G,TATA POWER CO LTD,       357.95,       347.65,2.96
G,CANARA BANK,        88.06,        85.56,2.92
G,JIO FIN SERVICES LTD,       235.27,       228.92,2.77
G,SAMVRDHNA MTHRSN INTL LTD,       131.81,       128.46,2.61
G,BHEL,       200.17,       195.09,2.6
G,INDIAN OIL CORP LTD,       122.79,       119.87,2.44
G,VEDANTA LIMITED,       433.50,       423.50,2.36
G,INTERGLOBE AVIATION LTD,      4501.45,      4399.90,2.31
G,BANK OF BARODA,       213.57,       208.89,2.24
G,JINDAL STEEL & POWER LTD,       879.30,       860.10,2.23
G,GAIL (INDIA) LTD,       167.14,       163.53,2.21
G,PIDILITE INDUSTRIES LTD,      2821.50,      2768.70,1.91
G,POWER FIN CORP LTD.,       391.70,       384.45,1.89
G,UNION BANK OF INDIA,       117.08,       114.92,1.88
G,LIFE INSURA CORP OF INDIA,       776.50,       764.00,1.64
G,TVS MOTOR COMPANY  LTD,      2419.25,      2381.90,1.57
G,CHOLAMANDALAM IN & FIN CO,      1395.25,      1375.40,1.44
G,SIEMENS LTD,      5025.90,      4954.90,1.43
G,HINDUSTAN AERONAUTICS LTD,      3408.55,      3363.75,1.33
G,UNITED SPIRITS LIMITED,      1344.95,      1328.85,1.21
G,DABUR INDIA LTD,       510.35,       504.45,1.17
G,ADANI ENERGY SOLUTION LTD,       678.00,       670.65,1.1
G,INFO EDGE (I) LTD,      7673.45,      7595.05,1.03
 , , , , 
L,AVENUE SUPERMARTS LIMITED,      3623.80,      3685.00,-1.66
L,VARUN BEVERAGES LIMITED,       468.40,       475.90,-1.58
L,LTIMINDTREE LIMITED,      5395.25,      5470.10,-1.37
L,TORRENT PHARMACEUTICALS L,      3095.95,      3120.55,-0.79
L,SHREE CEMENT LIMITED,     28496.75,     28655.15,-0.55
L,ICICI PRU LIFE INS CO LTD,       574.80,       576.00,-0.21
L,ICICI LOMBARD GIC LIMITED,      1727.30,      1728.95,-0.1
L,ZOMATO LIMITED,       233.93,       234.10,-0.07
 , , , , 
 ,OTHER SECURITIES, , , 
 , , , , 
G,HINDPRAKASH INDUSTRY LTD,       142.08,       118.40,20
G,SEC RE NCD 11.19% SR.V,      1098.00,       915.00,20
G,TOUCHWOOD ENTERTAIN LTD.,        96.01,        80.02,19.98
G,UNSEC RED NCD 10.5% SR.VI,      1090.00,       909.00,19.91
G,TAX FREE 7.07% SR. 102,      1199.90,      1001.30,19.83
G,BAAZAR STYLE RETAIL LTD,       225.05,       188.10,19.64
G,WINDLAS BIOTECH LIMITED,       797.90,       675.35,18.15
G,INTEGRATED PERSO SER LTD,       300.00,       254.45,17.9
G,GODREJ INDUSTRIES LTD,      1011.75,       861.35,17.46
G,ACE INTEGRATED SOLU. LTD.,        25.83,        22.08,16.98
G,PRAJAY ENG. SYN. LTD.,        23.54,        20.13,16.94
G,FCS SOFTWARE SOLN. LTD.,         3.28,         2.81,16.73
G,GEEKAY WIRES LIMITED,        84.82,        73.86,14.84
G,AVANTEL LIMITED,       122.78,       106.97,14.78
G,MTAR TECHNOLOGIES LIMITED,      1470.55,      1288.80,14.1
G,SAHASRA ELECTRONIC SOLU L,       368.80,       326.00,13.13
G,RAJESH EXPORTS LTD,       185.88,       164.58,12.94
G,VOLTAMP TRANSFORMERS LTD,      6888.65,      6105.45,12.83
G,KUANTUM PAPERS LIMITED,       119.12,       105.82,12.57
G,DECCAN CEMENTS LIMITED,       769.00,       683.35,12.53
G,MANGALAM GLOBAL ENT LTD,        28.12,        25.02,12.39
G,SANDHAR TECHNOLOGIES LTD,       404.50,       360.25,12.28
G,KDDL LIMITED,      2707.10,      2411.20,12.27
G,THOMAS COOK (INDIA) LTD,       133.63,       119.48,11.84
G,BIGBLOC CONSTRUCTION LTD,        72.00,        64.45,11.71
G,NIRAJ CEMENT STRUC LTD,        51.25,        45.89,11.68
G,AFFORD ROBO & AUTO LTD,       447.05,       402.90,10.96
G,GE POWER INDIA LIMITED,       258.55,       234.25,10.37
G,RAM RATNA WIRES LIMITED,       539.65,       489.75,10.19
G,AKME FINTRADE (INDIA) LTD,        76.34,        69.34,10.1
 , , , , 
L,TFB 7.37% 2035 SR. 3A,      1145.00,      1374.00,-16.67
L,KHFM HOS FAC MANA SER LTD,        74.60,        84.55,-11.77
L,PARAMATRIX TECHNOLOGIES L,        85.00,        95.00,-10.53
L,SURATWWALA BUS GROUP LTD,        54.10,        60.12,-10.01
L,GODFREY PHILLIPS INDIA LT,      5966.60,      6559.25,-9.04
L,NEWJAISA TECHNOLOGIES LTD,        62.60,        68.00,-7.94
L,MARVEL DECOR LIMITED,        94.30,       102.20,-7.73
L,VAIDYA SANE AYUR LAB LTD,       107.85,       115.70,-6.78
L,TBI CORN LIMITED,       136.25,       145.95,-6.65
L,UNSERENCD8.85%SRIVCIII&IV,      1005.00,      1075.00,-6.51
L,VMART RETAIL LTD,      2954.00,      3146.75,-6.13
L,JBM AUTO LIMITED,       609.70,       647.60,-5.85
L,MIRAEAMC - MASPTOP50,        60.24,        63.88,-5.7
L,NIP IND ETF HANGSENG BEES,       409.15,       433.44,-5.6
L,SUDARSHAN CHEMICAL INDS L,       846.95,       894.40,-5.31
L,RELIABLE DATA SERVICE LTD,        80.49,        84.80,-5.08
L,ASTRON PAPER BORD MIL LTD,        13.04,        13.73,-5.03
L,AHIMSA INDUSTRIES LTD.,        29.30,        30.85,-5.02
L,VADIVARHE SPCLTY CHEM LTD,        29.35,        30.90,-5.02
L,MANAV INFRA PROJECTS LTD,        16.10,        16.95,-5.01
L,CHAMUNDA ELECTRICAL LTD,        50.25,        52.90,-5.01
L,ABHISHEK INTEGRATIONS LTD,        55.95,        58.90,-5.01
L,VISAMAN GLOBAL SALES LTD,        34.15,        35.95,-5.01
L,R M DRIP & SPRINK SYS LTD,       361.85,       380.90,-5
L,ON DOOR CONCEPTS LIMITED,       223.25,       235.00,-5
L,DOLPHIN OFF ENT (IND) L,       223.40,       235.15,-5
L,C2C ADVANCED SYSTEMS LTD,       487.00,       512.60,-4.99
L,READYMIX CONSTRU MACHI L,        90.45,        95.20,-4.99
L,DESTINY LOGISTICS & I LTD,       102.10,       107.45,-4.98
L,DOCMODE HEALTH TECH LTD,        49.65,        52.25,-4.98
