SECURITY,NEW,PREVIOUS,NEW_STATUS
2.50%GOLDBONDS2029SR-IV,8750.01,8550,H
2.50%GOLDBONDS2029SR-XI,8700,8604,H
2.50%GOLDBONDS 2025SR-IX,8510,8500,H
DENTA WATER N INFRA SOL L,375,339.8,H
2.50%GOLDBONDS2026SR-I,8700,8600,H
2.50%GOLDBONDS2028SR-VI,8601,8597.5,H
2.50%GOLDBONDS2029SR-XII,8616.99,8579.5,H
SHREE VASU LOGISTICS LTD,425,412,H
2.50% GOLDBONDS2025SR-VII,8599,8549,H
2.50%GOLDBONDS2031SR-I,8800,8725,H
TAX FREE7.60% SR.IIB,1163,1162.7,H
SEC RE NCD 9.25% SR II,998,979.9,H
P S RAJ STEELS LIMITED,155,152.25,H
GOI TBILL 364D-22/01/26,94,93.25,H
2.5%GOLDBONDS2029SR-II,8750,8549,H
2.5%GOLDBONDS2029SR-III,8700,8569,H
TCPL PACKAGING LIMITED,4225,4124.2,H
HEXAWARE TECHNOLOGIES LTD,806.7,788,H
2.5%GOLDBONDS2029SR-I,8575,8551,H
2.50%GOLDBONDS2028SR-V,8599.99,8590,H
MOTILALAMC - MONQ50,93.08,92.65,H
KOTAK GOLD ETF,75.55,75,H
GOI TBILL 364D-28/08/25,96.54,96.52,H
2.50%GOLDBONDS2031SR-II,8715,8695,H
SEC RE NCD SR. VI,1275,1232,H
GOI TBILL 364D-27/11/25,95.13,94,H
2.50% GOLDBONDS2025SR-III,8799,8694,H
NITIRAJ ENGINEERS LTD,335.94,314.6,H
BLUE COAST HOTELS LIMITED,39.85,39.07,H
GOI TBILL 364D-06/11/25,95.49,95.46,H
SEC RE NCD SR.III,1178.8,1162.7,H
AJAX ENGINEERING LIMITED,628.85,617.85,H
SGB2.50%JUL2025SR-II17-18,8569,8550,H
GOI TBILL 91D-06/03/25,99.67,99.65,H
CHANDAN HEALTHCARE LTD,176.2,173.35,H
2.50%GOLDBONDS2027SR-I,8595,8575,H
2.50%GOLDBONDS2027SR-III,8996,8975,H
2.50%GOLDBONDS2027SR-IV,8590,8584.97,H
2.50%GOLDBONDS2029SR-IX,8670,8550,H
MIRAEAMC - MAHKTECH,25.2,24.64,H
NORBEN TEA &EXPORTS LTD,41.89,41.07,H
SEC RE NCD SR.III,1186,1181.39,H
MPS LIMITED,2897.9,2890,H
KANDARP DG SMART BPO LTD,60.55,58.95,H
MAHAMAYA STEEL INDS LTD,241,240,H
GOI TBILL 364D-13/11/25,95.37,95.33,H
MAGSON RETAIL AND DIST L,104.45,97,H
SCL 10.25% 2034 SR XII,1170,990,H
SANCO INDUSTRIES LIMITED,3.07,3.23,L
VERTEXPLUS TECHNOLOGIES L,73.4,74.35,L
PERFECT INFRAENGINEER LTD,14,14.55,L
GLOBESECURE TECHNO LTD,25.15,25.65,L
MOS UTILITY LIMITED,240.5,244.95,L
QUICKTOUCH TECHNOLOGIES L,52.8,55.55,L
ARCHIDPLY DECOR LIMITED,70,72.45,L
CMM INFRAPROJECTS LIMITED,2.55,2.6,L
LAMOSAIC INDIA LIMITED,40.55,42.65,L
GARWARE TECH FIBRES LTD,690.5,694.5,L
AKI INDIA LIMITED,9.92,10.13,L
CANARYS AUTOMATIONS LTD,26.15,27,L
AGS TRANSACT TECH LTD,25.84,27.2,L
ARABIAN PETROLEUM LIMITED,70.1,70.5,L
KNOWLEDGE MARINE & EN W L,1636.55,1640,L
PRECISION METALIKS LTD,31.35,32.5,L
SAHASRA ELECTRONIC SOLU L,310,316,L
TECHERA ENGINEER (IND) L,156.9,160.1,L
NET AVENUE TECHNOLOGIES L,6.15,6.45,L
NIBE LIMITED,1026.15,1036.95,L
SUUMAYA INDUSTRIES LTD,2.34,2.47,L
LAKSHYA POWERTECH LIMITED,194,280,L
DOCMODE HEALTH TECH LTD,49.65,52.25,L
FALCON TECHNOPROJ IND LTD,31,72.4,L
READYMIX CONSTRU MACHI L,90.45,95.2,L
IRIS CLOTHINGS LIMITED,45.65,46.15,L
SHANTI OVERSEAS INDIA LTD,10.41,10.96,L
MONO PHARMACARE LIMITED,22.6,23.05,L
MEDICAMEN ORGANICS LTD,34.9,36.7,L
UNILEX COLOURS AND CHEM L,63,65,L
DEEM ROLL TECH LIMITED,66.2,68,L
PRIZOR VIZTECH LIMITED,128.5,133.9,L
JUBILANT AGRI N CON PRO L,1230.25,1295,L
KATARIA INDUSTRIES LTD,109.15,109.25,L
GODAVARI BIOREFINERIES L,166.52,173.13,L
SURATWWALA BUS GROUP LTD,54.1,60.12,L
RITE ZONE CHEMCON IND LTD,30.6,31.5,L
SIGMA SOLVE LIMITED,267.15,267.35,L
NEWJAISA TECHNOLOGIES LTD,60,63.55,L
PARAGON FINE S.C. LTD.,61.95,65.2,L
ANUH PHARMA LIMITED,158.01,159.8,L
SUPREME FACILITY MGMT LTD,38.25,45,L
VISAMAN GLOBAL SALES LTD,34.15,35,L
IMPEX FERRO TECH LIMITED,2.55,2.66,L
ZENITH DRUGS LIMITED,74.2,75.7,L
REVATHI EQUIPMENT INDIA L,1192.05,1254.75,L
G-TEC JAINX EDUCATION LTD,32.18,32.84,L
GE VERNOVA T&D INDIA LTD,1341.1,1345.3,L
MANGLAM INFRA & ENG LTD,30.9,31.5,L
URJA GLOBAL LIMITED,12.45,12.66,L
ATLAS CYCLE (HARYANA) LTD,113.08,115.39,L
PALRED TECHNOLOGIES LTD,59.29,60.5,L
AGARWAL TOUGH GLASS IND L,94.5,96.1,L
INDIAN CARD,265,270,L
SEC RED NCD 9.70% SR. V,1013.31,1028,L
VADIVARHE SPCLTY CHEM LTD,29.35,30.9,L
ODIGMA CONSULTANCY SOL L,42.27,43.14,L
CHAMUNDA ELECTRICAL LTD,50.25,51.9,L
HEADS UP VENTURES LIMITED,8.66,9,L
BAWEJA STUDIOS LIMITED,63,64,L
SHANTHALA FMCG PRODUCTS L,26.3,27.65,L
TRUCAP FINANCE LIMITED,10.53,11.01,L
ASPIRE & INNOVATIVE ADV L,28.2,28.5,L
VERITAAS ADVERTISING LTD,80,81.35,L
UNSERENCD8.85%SRIVCIII&IV,1005,1028,L
KALAHRIDHAAN TRENDZ LTD,15.5,16.3,L
WISE TRAVEL INDIA LIMITED,145.65,148.6,L
ENSER COMMUNICATIONS LTD,25.1,26.4,L
BRACE PORT LOGISTICS LTD,69,71,L
K2 INFRAGEN LIMITED,118.6,121,L
PAR DRUGS AND CHEM LTD,128.04,134.78,L
CRAYONS ADVERTISING LTD,70,74,L
MUTHOOT MICROFIN LIMITED,131.16,131.5,L
ESCONET TECHNOLOGIES LTD,237.15,241.95,L
AMBANI ORGOCHEM LIMITED,104.15,109.5,L
USHA FINANCIAL SERVICES L,90.05,90.1,L
RNFI SERVICES LIMITED,265.7,271.1,L
S D RETAIL LIMITED,107.1,108,L
SAMEERA AGRO AND INFRA L,63.15,63.7,L
SHIVALIC POWER CONTROL L,165.8,166,L
KORE DIGITAL LIMITED,432.4,441.2,L
NEWMALAYALAM STEEL LTD,34.55,36.25,L
SEC RE NCD 9.16% SR.V,460,479,L
LORENZINI APPARELS LTD,13.55,13.83,L
DMCC SPECIALITY CHEMICALS,314.15,318.35,L
GO FASHION INDIA LTD,797,820,L
POWERGRID INFRA. INVITS,79.51,79.8,L
ASTRON PAPER BORD MIL LTD,13.04,13.68,L
MOXSH OVERSEAS EDUCON LTD,30,30.8,L
QUALITY FOILS (INDIA) LTD,74.8,77,L
SINDHU TRADE LINKS LTD,15,15.05,L
NOIDA TOLL BRIDGE CO LTD,4.52,4.62,L
ICICIPRAMC - ICICIFMCG,54.93,55.13,L
INDIFRA LIMITED,15,15.05,L
GLOBALE TESSILE LIMITED,21,21.47,L
DELAPLEX LIMITED,145.35,180,L
NEELAM LINENS & GAR (I) L,31,31.6,L
ORBIT EXPORTS LIMITED,160,162.59,L
OSEL DEVICES LIMITED,234.6,239.35,L
KEN ENTERPRISES LIMITED,59.45,62.55,L

