SYMBOL,SYMBOL P/E,ADJUSTED P/E
INDSWFTLAB,2.18,126.25
FDC,24.12,24.12
ADROITINFO,11.59,11.59
INDUSINDBK,11.12,11.12
TRIGYN,9.26,8.98
ITDCEM,25.9,25.9
SONATSOFTW,27.32,27.32
KOKUYOCMLN,84.15,84.15
DHANBANK,22.74,22.74
STCINDIA,20.68,11.86
IVC,48.19,48.19
ALEMBICLTD,18.17,18.17
ICDSLTD,68.15,68.15
HCLTECH,27.2,27.2
ZYDUSLIFE,19.53,19.53
RAJESHEXPO,126.95,126.95
IOB,28.11,28.11
GEPIL,53.64,53.64
BLBLIMITED,19.86,19.86
BLUESTARCO,69.99,71.21
PNC,79.66,79.66
CHENNPETRO,23.27,23.27
KRBL,14.18,14.18
GODREJCP,,54.25
LUPIN,31.22,31.22
BHARTIARTL,41.51,54.36
PONNIERODE,9.18,9.18
OFSS,33.26,33.26
CANBK,4.51,4.51
MARUTI,27.91,27.91
BAGFILMS,47.92,47.92
WELSPUNLIV,18.3,18.3
UNIENTER,796.45,796.45
PETRONET,12.6,12.6
MAHABANK,7.3,7.3
RKFORGE,9.72,9.71
EXCELINDUS,14.21,14.21
AMBICAAGAR,6.7,6.7
CENTEXT,18.03,18.28
COFORGE,60.6,61.24
GUFICBIO,48.71,48.71
WELENT,17.96,17.96
KOTARISUG,17.87,23.25
JINDALPHOT,45.74,45.74
ALLDIGI,16.29,19.55
IIFL,17.61,7.09
SSWL,4.29,13.32
SURYALAXMI,70.23,27.47
GRANULES,26.9,26.9
GEOJITFSL,11.61,11.61
MSPL,71.09,71.23
SUZLON,64.57,63.09
AIAENG,30.91,30.93
ORIENTCER,41.8,41.8
EKC,15.3,15
ENIL,81.6,81.6
JAGRAN,10.23,10.23
M&MFIN,14.27,14.27
KEI,53.41,53.4
SOLARINDS,67.71,67.71
SUNTV,13.1,13.1
RSYSTEMS,32.83,32.83
BALPHARMA,20.78,20.78
RATNAMANI,32.7,32.7
ALLCARGO,114.78,68.3
EMAMILTD,29.92,29.92
GRINDWELL,45.66,45.66
VOLTAMP,27.41,27.41
ATLANTAA,1.04,2.75
ACE,36.51,36.51
BINANIIND,6.97,
ALICON,24.19,24.19
FIEMIND,18.92,18.92
NAUKRI,116.86,119.42
LTFOODS,23.61,23.61
DONEAR,12.38,12.38
VENUSREM,11.85,14.81
HBLENGINE,48.4,45.56
AVTNPL,21.02,21.02
VEEDOL,20.46,19.67
PTL,15.63,15.63
GANDHITUBE,12.19,12.19
UNOMINDA,57.49,59.18
ORIENTBELL,88.84,88.84
FSL,43.46,43.99
SMSPHARMA,25.51,25.51
LAOPALA,24.41,24.41
NAHARPOLY,23.91,23.91
BALAMINES,23.74,23.74
NDLVENTURE,407.04,407.04
ZENITHSTL,12.88,12.88
ALPHAGEO,89.52,20.41
NAVINFLUOR,75.94,75.94
DLF,69.64,95.31
ADSL,24.03,24.03
CENTRALBK,11.2,11.2
KPRMILL,34.41,34.41
NAGREEKCAP,1.1,1.1
MANGCHEFER,13.07,13.07
DELTACORP,16.57,22.24
BVCL,31.79,31.79
RGL,19.91,19.91
KAUSHALYA,2.8,2.8
JYOTHYLAB,35.04,35.04
HITECHCORP,21.59,22.51
TARIL,70.68,70.68
DVL,13.27,13.27
PATINTLOG,15.78,15.78
ARIES,10.77,10.77
CEATLTD,24.38,22.37
JKIL,13.52,13.52
KNRCON,4.98,4.93
SEPC,110.27,66.97
NAHARCAP,12.84,12.84
VGUARD,48.64,48.64
DPSCLTD,85.2,85.2
TITAGARH,34.96,34.77
BAJAJFINSV,17.75,17.75
DIGISPICE,25.87,48.39
RPGLIFE,48.41,44.07
RANEENGINE,52.09,21.77
ZFCVINDIA,47.06,47.06
JOCIL,63.98,63.98
COUNCODOS,81.24,81.24
TPHQ,22.08,22.08
AJMERA,24.48,24.48
VINATIORGA,42.26,42.26
NHPC,24.08,24.08
EXPLEOSOL,16.64,16.64
DEN,7.67,7.67
SARDAEN,25.63,25.61
AHLUCONT,13.61,24.55
GODREJPROP,40.17,40.17
NESTLEIND,64.82,67.77
WHIRLPOOL,39.44,37.83
JUBLFOOD,120.07,201.25
HATHWAY,33.32,32.85
MANINFRA,21.23,21.23
KIRLOSBROS,33.56,33.18
SJVN,35.26,38.51
UMESLTD,121.24,121.24
BLISSGVS,20.56,8.81
BAJAJCON,17.14,17.14
GPPL,19.34,17.75
KILITCH,29.43,29.43
CANTABIL,30.62,31.15
BEDMUTHA,17.26,17.26
JWL,35.01,35.01
SHAH,6.92,38.38
IOLCP,20.03,20.03
JAMNAAUTO,16.88,16.88
MOIL,17.85,17.85
PSB,34.47,34.47
SHEKHAWATI,.58,6.16
PFS,13.1,13.1
RELAXO,63.28,63.28
DHANUKA,21.4,21.4
INVENTURE,14.69,13.52
LTF,13.18,13.18
BODALCHEM,123.05,101.98
ASAHISONG,28.95,28.54
APLLTD,26.49,26.94
PANAMAPET,10.28,10.28
PAISALO,19.47,19.51
SHAKTIPUMP,26.41,26.41
INDOTHAI,156.07,156.07
JISLDVREQS,1.73,1.73
POLYMED,71.59,71.59
VIKASECO,29.05,29.05
MINDACORP,49.06,49.06
IRFC,24.84,24.84
COMPUSOFT,192.99,192.99
RHIM,,30.61
NDL,10.76,10.76
SWANENERGY,14.31,14.31
RTNINDIA,18.04,18.04
THEJO,37.22,37.22
KITEX,32.22,32.22
ROSSELLIND,10.46,10.39
TVSHLTD,7.48,7.48
VETO,11.78,11.78
PCJEWELLER,18.43,18.43
INDUSTOWER,9,9
JUSTDIAL,13.16,13.16
ATULAUTO,75.01,75.01
ESSENTIA,28.32,28.32
PILITA,63.79,63.79
MITCON,13.94,13.94
AGRITECH,179.3,179.3
IREDA,29.82,29.82
HATSUN,74.08,74.08
SNOWMAN,208.92,208.92
PDSL,27.31,27.8
GOODLUCK,13.34,13.34
APOLSINHOT,49,49
GRPLTD,60.01,55.2
GREENLAM,63.91,63.91
HESTERBIO,44.9,44.9
MANAKSTEEL,35.67,30.46
IMAGICAA,55.8,50.04
INOXWIND,76.91,70.19
VRLLOG,32.2,32.2
PRIVISCL,39.94,39.94
PNCINFRA,5.76,5.76
ADANIENSOL,136.71,36
ARVSMART,26.04,26.04
GUJGASLTD,21.48,22.26
SHK,355.6,15.04
UMANGDAIRY,28.11,28.11
LINCOLN,12.8,12.8
NH,35.82,35.82
HITECH,32.29,32.29
KELLTONTEC,14.62,14.62
KDDL,20.44,20.43
WEALTH,18.27,17.88
BHARATWIRE,14.06,14.06
CROMPTON,40.39,40.39
UNITEDPOLY,26.22,26.22
ARMANFIN,14.9,14.9
CONTROLPR,21.73,21.73
INCREDIBLE,14.99,14.99
MOLDTECH,18.48,18.48
QUESS,23.36,22.87
LLOYDSENGG,72.52,72.52
LTIM,35.43,35.43
GATECH,16.36,16.36
MINDTECK,22,20.88
DBL,11.34,20.01
MBAPL,58.01,58.01
CUPID,19.45,19.45
CROWN,10.75,34.18
ICICIPRULI,85.48,85.48
HPL,36.71,36.71
JAIPURKURT,13.35,13.35
SAKAR,33.69,33.57
AURDIS,8.85,8.85
PANSARI,87.55,87.55
ARTNIRMAN,80.95,80.95
PNBHOUSING,11.55,11.55
AGROPHOS,978.08,978.08
PODDARMENT,11.93,11.93
JETFREIGHT,9.86,9.87
SFL,57.9,98.67
HISARMETAL,26.31,26.31
LIBAS,5.99,5.99
MAHESHWARI,12.7,12.7
BHANDARI,19.41,19.41
MCL,15.69,15.69
PRICOLLTD,30.22,30.22
STEELCITY,7.71,7.71
KRISHANA,19.48,19.48
GLOBAL,10.41,10.41
NITIRAJ,25.54,25.54
SANGINITA,336.72,336.72
AKASH,27.66,27.66
RADIOCITY,48.32,48.32
AIRAN,13.32,13.32
LAXMICOT,177.44,212.18
NRAIL,11.93,11.93
CREATIVE,18.5,18.5
WIPL,83.12,83.12
DEVIT,15.08,15.08
MKPL,23.15,23.15
INFOBEAN,22.68,22.68
BHAGYANGR,20.77,20.77
VSCL,77.63,77.63
GLOBE,12.29,13.38
GTPL,23.94,23.94
ACEINTEG,39.51,39.51
SALASAR,38.06,38.06
GANGESSECU,27.18,27.18
TOTAL,52.96,52.96
SIS,23.53,23.53
VAISHALI,397.11,397.11
GEEKAYWIRE,9.97,9.97
APEX,443.74,443.74
PASHUPATI,178.24,178.24
ICICIGI,68.86,68.86
RMDRIP,112.89,112.89
AARVI,16.84,16.84
DIAMONDYD,,171.32
TIRUPATI,90.92,90.92
RKEC,7.18,7.18
GATECHDVR,3.72,3.72
GOLDSTAR,79.41,79.41
TIRUPATIFL,43.54,43.54
OMFURN,29.94,29.94
DPABHUSHAN,34.24,34.24
TIINDIA,44.48,44.29
NAM-INDIA,24.87,24.87
KHADIM,99.88,99.88
VERTOZ,33.85,33.85
PULZ,13.53,13.53
ZODIAC,42.3,42.3
ICEMAKE,42.37,42.37
SHRADHA,12.8,12.8
ONEPOINT,39.89,39.89
AJOONI,42.74,42.74
MOKSH,13.17,13.17
SILLYMONKS,41.71,41.71
NEWGEN,46.62,46.62
SOLEX,43.19,43.19
AMJUMBO,447.79,447.79
SINTERCOM,323.2,323.2
MHHL,10.65,10.65
HGINFRA,12.85,12.85
SARVESHWAR,29.93,29.93
MACPOWER,31.6,31.6
TARACHAND,19.08,19.08
SUNDARMHLD,25.26,25.26
URAVIDEF,272.11,272.11
MITTAL,38.04,46.71
SANDHAR,16.07,16.88
GIRIRAJ,58.58,58.58
KAPSTON,31.82,31.82
AVG,10.92,16.28
MMP,22.5,22.5
NARMADA,17.61,17.61
CHEMFAB,155.33,155.33
BSHSL,59.71,59.71
AAKASH,17.6,17.6
SOFTTECH,164.24,164.24
E2E,112.1,112.1
INDOSTAR,36.16,36.16
SIRCA,31.97,31.97
SVLL,389.39,389.39
LATTEYS,70.72,70.71
SONAMLTD,29.41,29.41
PRITI,25.53,25.53
ACCURACY,9.69,9.69
RITES,24.9,24.95
GANGAFORGE,94.05,95.6
REPL,28.03,28.03
AVROIND,61.99,61.99
CREDITACC,16.17,16.17
AARON,44.38,44.38
SUMIT,33.39,33.39
LAGNAM,15.96,15.96
RPPL,15.85,15.85
AKG,60.16,60.16
IRCON,21.37,21.37
AHLADA,9.84,9.84
SPECTRUM,131.41,131.41
KSHITIJPOL,,15.02
GRSE,39.23,39.23
KRITIKA,18.17,18.17
SILGO,19.5,19.5
VINNY,13.9,13.9
MARINE,60.65,60.86
IRISDOREME,32.27,32.27
TECHNOE,35.79,35.79
SHUBHLAXMI,21.26,21.26
SHRIRAMPPS,18.86,18.86
TREJHARA,18.92,730.69
AWHCL,17.86,17.86
RPSGVENT,48.99,9.15
MSTCLTD,8.63,17.29
ANUP,47.64,47.64
ARVINDFASN,38.88,38.88
KHFM,44.94,44.94
RVNL,64.69,64.69
METROPOLIS,55.32,55.32
KPITTECH,47.41,47.41
NEOGEN,94.54,94.54
PPL,10.79,10.79
INDIAMART,23.86,23.86
DCMNVL,58.07,169.91
WEL,166.86,166.86
CHEMCON,32.44,32.44
DOLATALGO,5.88,5.88
HNDFDS,65.14,65.14
MAZDOCK,33.65,33.65
IRCTC,46.95,47.24
DCI,23.97,23.97
IIFLCAPS,8.99,8.99
HPIL,91.75,91.75
GREENPANEL,50.69,50.69
KUANTUM,7.51,7.51
APOLLOPIPE,46.85,46.85
CHEMBOND,18.51,19.05
ROUTE,17.88,18.19
HOMEFIRST,23.06,23.06
SIGMA,15.47,15.47
ASCOM,24.29,24.22
EQUITASBNK,22.17,22.17
ROSSARI,26.03,26.03
LIKHITHA,15.22,15.22
ARTEMISMED,50.76,50.76
PATANJALI,57.5,57.5
LGHL,84.1,84.17
ATALREAL,32.26,32.26
MAHEPC,140.23,136.33
SUVENPHAR,105.68,105.68
STOVEKRAFT,61.38,61.38
BHARTIHEXA,54.73,65
RAJRATAN,30.51,30.51
HAPPSTMNDS,45.83,47.8
GLAND,35.07,35.07
NDRAUTO,39.93,39.93
MAXHEALTH,98.28,93.47
AAATECH,42.42,42.42
KALYANKJIL,75.04,75.04
BTML,27.03,27.02
UNIDT,34.47,34.47
SIGACHI,19.05,19.05
ADL,193.68,193.68
NIRAJ,13,12.23
CAMS,36.61,36.61
SURYODAY,6.18,6.18
ROML,47.93,47.93
RAILTEL,38.24,36.14
BECTORFOOD,58.2,58.2
HERANBA,23.56,23.56
LXCHEM,39.24,39.24
FAIRCHEMOR,37.8,37.8
ANURAS,50.66,50.66
ISGEC,27.11,27.11
STYLAMIND,21.76,21.63
PAKKA,21.33,21.33
CLSEL,14.27,14.27
CARYSIL,24.47,24.47
SHAILY,78.05,78.05
MODISONLTD,20.53,20.82
FIBERWEB,9.4,9.4
BCLIND,10.93,10.93
BHAGCHEM,167.04,167.04
SBCL,34.54,34.54
AADHARHFC,19.12,19.12
SMCGLOBAL,5.46,5.46
QMSMEDI,16.18,16.18
ARIHANTCAP,10.81,11.23
SIDDHIKA,13.55,13.55
NAZARA,106.54,105.39
IPL,24.27,24.27
GENCON,13.96,13.96
LODHA,46.92,46.92
HLEGLAS,37.94,37.94
BESTAGRO,33.89,33.89
SONACOMS,54.22,53.08
UTKARSHBNK,15.85,15.85
DRCSYSTEMS,19.18,19.18
PARAS,71.52,71.52
CRAFTSMAN,48.02,46.32
DODLA,25.54,25.54
JUBLINGREA,52.43,52.4
ROLEXRINGS,28.87,24
WALPAR,16.23,16.23
SHYAMMETL,21.28,21.28
KIMS,56.57,56.57
MAKS,98.37,41.76
JSFB,6.36,6.36
TATVA,109.35,109.35
CLEAN,54.04,54.04
ALIVUS,28.11,28.11
ABSLAMC,20.71,20.71
DEEPINDS,18.75,18.81
ZOMATO,340.75,340.75
BEWLTD,14,14
PIXTRANS,17.27,17.27
MEDIASSIST,35.76,35.76
WINDLAS,22.94,22.94
CARTRADE,60.04,60.04
KRSNAA,31.41,31.41
DEVYANI,,1534.85
APTUS,21.35,21.35
SUPRIYA,29.27,29.27
ANMOL,10.84,10.84
BMETRICS,16.02,16.02
VIJAYA,66.77,66.77
AMIORG,73.25,73.1
IWEL,38.19,36.44
SANSERA,35.92,35.92
BAJAJHCARE,,49.85
PRITIKAUTO,14.26,14.26
AAREYDRUGS,20.67,20.67
GRINFRA,8.8,11.1
INTLCONV,4.86,4.86
DUGLOBAL,74.65,74.65
REXPIPES,16.11,16.06
STEELCAS,25.68,25.68
HPAL,24.08,24.08
UGROCAP,11.25,11.25
KPIGREEN,29.41,29.17
YUKEN,42.47,42.47
ANANDRATHI,55.49,55.49
FINOPB,20.24,20.24
NYKAA,758.08,758.08
AWL,28.89,28.89
SAPPHIRE,592.77,346.39
PRUDENT,43.53,43.53
GOCOLORS,51.83,51.83
MEDPLUS,67.88,67.88
RATEGAIN,28.65,28.65
LATENTVIEW,49.32,49.32
METROBRAND,76.46,76.46
MICEL,25.75,25.75
FOODSIN,29.52,29.52
PARADEEP,17.99,17.99
JAINAM,27.83,27.83
ABMINTLLTD,310.74,310.74
KRITI,183.04,183.04
DESTINY,50.24,50.24
GANESHBE,12.99,12.99
GVPTECH,64.08,64.08
KOTYARK,19.87,19.87
EMIL,29.67,29.67
UMAEXPORTS,18.45,18.13
DATAPATTNS,48.36,48.36
JSLL,49.7,49.7
AHL,9.15,9.15
ASIANENE,35.59,33.77
NRL,32.25,32.25
GPTHEALTH,22.93,22.93
CHOICEIN,66.06,66.06
EUROBOND,28.39,28.39
HARIOMPIPE,18.63,18.63
GRWRHITECH,28.65,28.65
DELHIVERY,831.7,462.57
DYCL,28.12,28.12
FIVESTAR,19.38,19.38
VIRINCHI,37.07,37.07
DHRUV,31.61,31.61
ELDEHSG,25.2,25.2
SHIGAN,21.5,21.5
SEJALLTD,47.3,47.3
RELCHEMQ,47.26,47.26
SYRMA,49.68,49.12
ZIMLAB,30.18,30.18
JTLIND,32.01,32.01
RAINBOW,54.62,54.62
TBOTEK,73.9,75.06
AETHER,93.96,55.33
ROTO,40.21,40.21
SPRL,12.83,12.83
INDOBORAX,10.98,10.98
RACE,86.07,86.07
AVONMORE,21.93,21.93
DREAMFOLKS,21.41,21.41
KNAGRI,17.14,17.14
LEMERITE,211.64,211.64
DHARMAJ,18.84,18.84
OBCL,109.15,109.15
GMRP&UI,4.31,
KCK,164.34,164.34
INDOAMIN,17.01,17.01
KRISHNADEF,46.29,46.29
SWARAJ,14.15,14.15
AMEYA,20.2,20.2
INOXGREEN,139.88,139.88
FEDFINA,15.37,15.37
BIKAJI,60.69,60.69
SADHNANIQ,224.63,224.63
SURAJEST,15.5,15.5
SKP,361.66,361.66
CHEVIOT,9.94,9.94
HMAAGRO,21.58,21.58
MWL,14.1,14.1
MEDICO,59.01,59.01
CMRSL,9.83,7.94
YATHARTH,28.52,28.52
YATRA,45.44,45.44
KAYNES,104.23,104.23
NGLFINE,19.07,19.07
SABAR,3.91,3.91
FIDEL,26.26,26.26
AXITA,47.59,50.76
PLAZACABLE,154.67,154.67
SENCO,40.85,40.85
TRU,14.53,14.53
RADHIKAJWE,19.97,19.97
SPLPETRO,25.9,25.9
RAMRAT,30.2,30.2
VIVIANA,58.43,58.43
CSLFINANCE,8,8
AGNI,107.01,107.01
GOYALALUM,60.97,60.97
RUSTOMJEE,39.17,39.17
GENSOL,27.7,27.66
DBOL,48.06,40.44
KANDARP,52.84,52.84
SPORTKING,10.16,10.16
AIIL,6.28,6.28
MANORAMA,76.64,76.64
ISHAN,36.62,34.41
ARABIAN,9.83,9.83
INNOVACAP,36.54,36.54
GRMOVER,21.09,21.09
SYNCOMF,40.75,40.75
DJML,49.82,49.82
SULA,35.54,35.54
SIGNATURE,190.8,190.8
ANNAPURNA,34.49,34.49
KRITINUT,12.39,12.39
MEGAFLEX,38.33,38.33
KALAMANDIR,23.49,23.49
RAMAPHO,28.69,28.69
AVALON,94.33,94.33
RITEZONE,9.89,9.89
CONCORDBIO,53.51,53.51
GODIGIT,78.4,78.4
BAIDFIN,12.38,12.38
PHANTOMFX,10.42,10.42
AMIABLE,9.85,9.85
KAMOPAINTS,40.89,40.89
DOLLEX,20.44,20.44
BLUEJET,58.24,58.24
MVGJL,11.51,11.51
SCPL,15.53,15.53
SUKHJITS,13.32,13.32
ARHAM,27.91,27.91
MANKIND,47.57,47.57
SKYGOLD,45.78,45.78
ARIHANTACA,26.04,26.04
SATINDLTD,14.25,14.23
DIVGIITTS,52.58,52.58
USK,18.38,18.38
ANLON,34.45,34.45
MOTISONS,46.23,46.68
CMNL,33.33,32.73
SRIVASAVI,14.38,14.38
DIACABS,116.79,123.42
IKIO,31.24,31.24
MANOMAY,15.95,15.95
FAZE3Q,26.09,26.09
RBMINFRA,18.03,18.03
LLOYDSME,40.21,40.21
AARTIPHARM,29.14,29.14
RHL,44.7,44.7
SAHYADRI,13.18,13.18
NINSYS,34,34
DUCOL,34.03,34.03
SBFC,28.06,28.06
SBGLP,103.34,103.34
ASMS,171.68,197.53
HYBRIDFIN,9.11,8.53
SHERA,35.91,35.91
VIAZ,29.02,29.02
INDGN,35.47,35.67
ZAGGLE,59.99,59.99
AGARWALFT,25.23,25.23
HONASA,93.65,93.65
IRMENERGY,20.83,20.83
SAH,277.13,277.13
DENEERS,19.55,19.55
QFIL,15.05,15.05
CYIENTDLM,54.77,54.77
NIRMAN,17.19,17.19
YCCL,103.43,103.43
LORDSCHLO,95.9,95.9
RATNAVEER,18.15,18.15
AUROIMPEX,13.74,13.74
SPECTSTM,25.44,25.44
ATAM,16.23,16.23
SHRITECH,10.23,10.23
URBAN,17.54,17.54
INFINIUM,35.89,35.89
POCL,35.36,35.36
ESFL,130.05,130.05
TATATECH,45.9,45.9
REMUS,29.02,29.02
NOVAAGRI,15.97,15.97
ASHOKAMET,4.36,4.36
CELLPOINT,176.93,176.93
TRIDHYA,10,10
GREENCHEF,28.81,28.81
PTCIL,298.67,296.62
PYRAMID,20.87,20.87
AEROFLEX,50.61,50.61
EFACTOR,17.03,17.03
GHCLTEXTIL,14.77,14.77
VPRPL,19.67,19.67
DENTALKART,57.96,57.96
SYNOPTICS,14.39,14.39
SSFL,25.84,25.84
KIRLPNU,33.92,32.88
BALUFORGE,35.51,35.51
JSWINFRA,35.45,35.45
SANGANI,27.38,27.38
JLHL,49.62,50.05
NUVAMA,21.7,21.7
DRONE,37.53,37.53
GLOBALPET,70.01,70.01
YASHO,109.58,109.58
KEL,40.82,40.82
VINSYS,20.61,20.61
ARVINDPORT,16.06,16.06
MARINETRAN,61.52,61.52
UNIHEALTH,19.17,19.17
ASKAUTOLTD,36.51,36.51
CHAVDA,17.06,17.06
ONDOOR,15.7,15.6
TRANSTEEL,16.81,16.74
SANDUMA,14.67,14.67
VLEGOV,,641.85
PLADAINFO,8.16,8.16
KARNIKA,29.65,29.65
AKANKSHA,240.59,240.59
SAAKSHI,31.89,31.89
MUFIN,61.24,59.72
HIGREEN,58.07,58.07
MUFTI,13.78,13.78
FLAIR,18.84,18.84
CELLECOR,51.72,51.72
SRGHFL,17.63,17.63
NEWJAISA,38,38
GOYALSALT,19.81,19.81
WOMANCART,40.8,40.8
RCDL,31.14,31.14
BLSE,29.26,29.26
SHANTHALA,31.53,31.53
TREL,3.96,25.77
MARCO,27.25,27.25
DIAMINESQ,90,90
VISHNUINFR,19.77,19.77
KONTOR,33.15,33.15
RKSWAMY,33.44,33.44
MICROPRO,10.23,10.23
EPACK,74.02,74.02
HAPPYFORGE,31.94,31.94
IBLFL,55.84,55.84
INDIASHLTR,20.79,20.79
CELLO,36.61,36.61
CANARYS,16.66,16.66
DIGIDRIVE,19.27,19.27
DOMS,75.31,75.31
MAITREYA,45.56,45.56
DIGIKORE,20.07,20.07
LANCORHOL,24.33,24.33
AMNPLST,31.94,31.94
POLYSIL,12.05,12.05
SARTELE,39.48,39.48
VINYAS,125.01,125.01
SAIFL,8.89,8.89
JNKINDIA,57.02,57.02
PARAGON,12.72,12.72
INOXINDIA,40.3,41.39
GRAPHISAD,12.07,11.7
SHEETAL,33.4,33.4
ROXHITECH,6.92,6.92
JYOTICNC,67.03,65.54
BAJEL,114.61,93.59
DEEM,9.74,9.74
APS,49.57,49.57
ENTERO,56.42,56.42
TECHLABS,96.41,96.41
SIGNPOST,26.95,26.95
ROCKINGDCE,40.86,40.86
BABAFP,15.43,15.43
SHREEOSFM,16.04,16.04
HRHNEXT,35.34,35.49
MEGATHERM,24.39,24.39
OWAIS,37.09,37.09
KLL,15.61,15.61
SJLOGISTIC,21.12,21.12
PURVFLEXI,26.37,26.37
KTL,6.68,6.68
SRM,20.32,20.32
AZAD,97.43,97.43
KONSTELEC,13.81,13.81
JUNIPER,82.19,82.19
KRYSTAL,10,10
VSTL,24.08,24.08
FONEBOX,29.09,29.09
INM,23.83,23.64
ITALIANE,17.34,17.34
SUPREMEPWR,19.94,19.94
KCEIL,28.91,28.91
MAXESTATES,932.27,932.34
CGRAPHICS,29.64,29.64
ACCENTMIC,14.95,14.95
COMSYN,22.21,22.21
LAWSIKHO,35.1,35.1
SADHAV,17.59,17.59
GOPAL,43.26,43.26
DAVANGERE,36.11,36.11
MAXPOSURE,32.17,32.17
ALPEXSOLAR,35,38.38
VHLTD,17.55,17.72
SONAMAC,12.62,12.62
TCL,16.63,16.63
ENSER,28.57,28.57
DELAPLEX,14.28,14.28
RULKA,15.55,15.55
NAMAN,14.29,14.27
SINCLAIR,29.07,29.07
SHREEKARNI,25.26,25.26
BLUEPEBBLE,21.23,21.23
DCG,33.16,33.16
AWFIS,81.01,141.97
RADIOWALLA,1.93,1.73
RBS,16.48,16.48
ASPIRE,5.78,5.78
MVKAGRO,6.19,6.19
ENFUSE,90.63,90.63
AVPINFRA,19.27,19.27
SILKFLEX,12.1,12.1
VISHWAS,22.69,22.69
TGL,22.45,22.45
TAC,105.46,105.46
EMMIL,21.79,22.04
TRUST,20.5,20.5
ALUWIND,24.96,25
IEML,26.13,26.13
ABSMARINE,38.27,38.27
WINSOL,50.03,50.03
SLONE,19.21,19.21
EMKAYTOOLS,4.23,4.23
AVSL,29.19,27.58
PROLIFE,13.17,13.17
BETA,39.63,39.63
AISL,16.97,16.97
FELIX,44.88,44.88
MDL,45.47,44.21
MAHICKRA,46.21,46.21
PARIN,206.12,206.12
DRSDILIP,44.49,44.49
ATMASTCO,39.53,39.53
PARTYCRUS,15.16,15.16
NPST,103.84,103.84
VMARCIND,22.59,22.59
AILIMITED,45.38,45.38
ABCOTS,56.67,56.67
DKEGL,10.45,10.45
DYNAMIC,23.8,23.85
PRECISION,12.8,12.8
NIDAN,,10.1
MADHAVBAUG,29.85,29.85
SONUINFRA,18.94,18.94
KRISHIVAL,41.04,41.04
PROPEQUITY,19.18,19.18
VEEKAYEM,28.6,28.6
RILINFRA,18.47,18.47
ARISTO,15.7,15.7
SWASTIK,31.21,31.21
USASEEDS,17.36,17.36
KORE,49.61,49.47
ALLETEC,35.31,35.31
BAHETI,42.14,42.14
GRCL,121.12,121.12
QUICKTOUCH,7.9,7.9
IPSL,31.9,31.9
FROG,34.02,34.02
PRITIKA,77.13,77.13
UMA,27.55,27.55
SAHANA,42.38,42.38
HOMESFY,16.99,16.61
LRRPL,79.51,79.51
MCON,42.53,42.53
AGUL,13.34,13.34
MASTER,32.4,32.4
SYSTANGO,16.74,16.74
CRAYONS,11.59,11.59
INFOLLION,32.3,32.3
KRISHCA,22,22
PENTAGON,17.15,17.15
SEL,51.2,51.2
PROV,54.32,54.32
MAGSON,36.51,36.51
MONOPHARMA,14.51,14.51
CLSL,28.75,28.75
SAHAJ,16.11,16.11
SERVICE,37.49,37.49
PRAMARA,32.37,32.37
ZEAL,10.39,10.39
SAROJA,28.27,28.27
ORIANA,28.39,28.39
BAWEJA,17.23,17.23
OLIL,31.41,31.41
KODYTECH,95.46,95.46
SCML,13.17,13.17
MAL,12.25,12.25
BASILIC,27.23,27.23
MADHUSUDAN,16.05,16.05
YASHOPTICS,21.4,21.4
PRLIND,17.65,17.91
VERITAAS,13.13,13.13
HOACFOODS,84.86,84.86
THERMAX,65.29,65.29
RIIL,125.41,125.41
RAYMOND,20.57,20.19
SHREDIGCEM,26.18,26.18
SESHAPAPER,14.25,14.25
SUNDRMFAST,37.19,37.19
CRISIL,50.32,50.32
LMW,127.71,127.71
NELCO,99.75,99.75
MAHSCOOTER,65.54,68.29
TRENT,98.28,137.99
KCP,9.41,8.53
INFY,27.16,27.16
IONEXCHANG,34.44,34.44
IFBIND,37.43,37.43
HIMATSEIDE,18.83,18.83
BHARATFORG,59.91,54.04
FORCEMOT,17.17,17.17
ARVIND,28.03,28.03
TATAMOTORS,7.88,7.86
LINDEINDIA,115.09,115.09
ESCORTS,29.69,29.69
ASHOKLEY,21.74,22.04
ZUARIIND,,505.72
SUNDARMFIN,31.97,30.75
VEDL,9.28,10.32
RELIANCE,20.89,20.89
BATAINDIA,46.35,64.42
CARBORUNIV,46.85,55.4
BALMLAWRIE,13.33,13.33
MOTOGENFIN,46.5,46.5
ABREL,129.02,129.02
TATACHEM,,41.62
ATFL,343.7,307.62
EPL,28.75,27.51
SRF,70.51,70.51
AEGISLOG,37.8,37.8
WEIZMANIND,22.02,22.02
BBOX,40.98,31.66
JTEKTINDIA,38.75,39
SAURASHCEM,177.83,177.83
ARE&M,17.54,18.97
IVP,12.63,12.63
GINNIFILA,,140.29
GVT&D,72.08,72.08
ONGC,7.42,7.18
TAINWALCHM,56.28,56.28
JINDALPOLY,11.9,20.15
KPIL,31.01,31.01
NKIND,956.55,956.55
APCOTEXIND,31.54,31.54
KARURVYSYA,9.2,9.2
UFLEX,,7.44
THOMASCOOK,22.68,22.39
SIEMENS,68.28,68.28
VSTIND,15.62,20.91
TOKYOPLAST,137.95,137.95
IFCI,48.09,48.58
HLVLTD,36.28,39.86
HEIDELBERG,43.56,43.56
PIDILITIND,71.22,69.46
PCBL,32.71,32.68
HONDAPOWER,35.93,38.37
STYRENIX,19.14,19.14
IDBI,10.97,10.97
ELECTCAST,8.07,8.07
COSMOFIRST,14.54,14.54
CIPLA,23.65,23.65
HDFCBANK,18.62,18.36
GMBREW,9.87,9.87
INDIANHUME,16.26,16.26
IOC,18.42,22.93
OSWALGREEN,80.09,80.09
HUHTAMAKI,17.18,25.57
KAMATHOTEL,22.8,24.15
BANCOINDIA,14.52,14.52
APOLLOTYRE,20.35,19.26
SHANTIGEAR,33.14,33.14
NILKAMAL,24.48,24.48
ICIL,18.36,18.36
ELGIEQUIP,47,47
EIHOTEL,28.86,29.14
LICHSGFIN,5.78,5.78
MOREPENLAB,22.54,22.54
21STCENMGM,1.81,1.81
VENKEYS,17.08,17.08
PRUDMOULI,28.89,26.47
HIL,,60.84
TRANSWORLD,14.87,14.87
KEEPLEARN,127.83,127.83
VESUVIUS,27.9,27.9
BOMDYEING,5.41,40.27
AGI,15.64,15.64
TATACONSUM,81.75,72.01
CHOLAFIN,28.56,28.56
KOTAKBANK,17.71,20.33
FOSECOIND,31.2,31.34
ANDHRAPAP,12.97,12.97
AARTIIND,41.16,41.52
MFSL,114.72,114.72
HEG,34.79,34.79
SURYAROSNI,15.61,15.61
TIMKEN,46.75,46.75
SAKHTISUG,2.61,
HINDZINC,18.61,18.49
GRASIM,21.73,20.56
FINCABLES,21.1,29.19
HEUBACHIND,28.3,28.3
CESC,11.96,11.96
BAJFINANCE,32.6,32.6
NAVA,8.85,8.85
CORALFINAC,6.79,6.79
REMSONSIND,27.74,28.01
TNPETRO,14.56,16.41
AUSOMENT,12.5,12.5
CUBEXTUB,27.17,27.17
SAMBHAAV,50.73,59.13
KEYFINSERV,6.1,6.1
SANGAMIND,46.77,40.46
DENORA,96.57,96.57
SHRIRAMFIN,11.27,12.77
DYNAMATECH,51.37,101.35
JAGSNPHARM,27.16,38.91
MPHASIS,30.08,30.08
HERITGFOOD,19.04,18.64
MADRASFERT,6.1,6.28
PTC,7.47,7.33
BIOCON,33.82,35.15
XPROINDIA,59.17,56.81
CCL,29.32,29.32
LT,27.21,27.32
ULTRACEMCO,52.21,51.99
GULFPETRO,9.09,9.09
ASTRAMICRO,50.04,50.04
SUPRAJIT,43.9,43.9
XCHANGING,22.86,22.86
JSWSTEEL,68.72,63.72
JPPOWER,7.55,6.08
GOKEX,44.46,44.46
SHOPERSTOP,181.22,162.62
JKPAPER,8.13,8.13
YESBANK,26.02,26.02
SPLIL,10.04,10.04
GOLDIAM,38.41,38.41
SASKEN,46.22,46.22
IMPAL,14.92,14.92
AURIONPRO,41.94,41.94
TRIVENI,38.87,38.87
NAHARINDUS,21.15,19.75
VIMTALABS,35.5,35.5
KERNEX,304.97,304.97
NITINSPIN,10.68,10.68
ROHLTD,21.78,21.78
GSPL,8.02,8.19
GVKPIL,.98,11.81
SAKUMA,11.83,11.83
KEC,43.58,43.58
JKCEMENT,48.89,57.12
INDOTECH,28.5,28.5
BLKASHYAP,21.06,22.9
CENTURYPLY,76.11,73.92
VAKRANGEE,273.51,260.4
GALLANTT,20.44,20.44
UTTAMSUGAR,11.93,11.93
KKCL,20.5,20.5
GPIL,14.57,14.58
TVSMOTOR,52.36,52.36
TAJGVK,31.78,31.78
HAVELLS,67.88,67.88
AXISCADES,59.91,58.54
TIPSMUSIC,52.48,52.48
HIKAL,57.98,57.98
MARKSANS,27.98,27.98
GOLDTECH,29.33,
UNITDSPR,68.65,65.58
MPSLTD,37.4,37.4
ASAL,35.59,35.59
PNB,6.71,6.71
SURANAT&P,27.81,27.94
UNIONBANK,5.41,5.41
GENESYS,55.01,55.01
GODREJIND,19.1,19.1
UCOBANK,19.9,19.9
JAIBALAJI,15.84,15.84
UPL,799.92,30.7
VAIBHAVGBL,29.04,28.43
POONAWALLA,129.92,129.92
NIITLTD,36,36
INDSWFTLTD,1.17,1.17
JBMA,69.23,69.23
PATELENG,10.91,10.67
EVEREADY,26.66,26.66
MANGALAM,15.84,15.84
JSWHL,96.44,96.44
NECLIFE,38.68,38.68
FCSSOFT,185.46,49.9
JMFINANCIL,,11.64
INSPIRISYS,14.99,14.99
JINDRILL,21.74,21.74
TANLA,12.89,12.89
SARLAPOLY,10.02,10.02
PITTIENG,28.4,28.4
TTL,20.33,39.18
INDIANB,6.88,6.88
ICRA,35.58,35.58
BFUTILITIE,10.77,10.77
HILTON,85.93,85.93
TIMETECHNO,24.4,24.4
TARMAT,,94.43
CIEINDIA,19.65,19.65
KSCL,16.8,16.8
MAANALU,27.84,27.84
BAJAJELEC,72.86,72.86
CERA,32.44,32.44
ADANIPORTS,23.13,22
ADANIPOWER,14.44,14.44
OIL,8.83,8.84
AMRUTANJAN,35.56,35.56
ZYDUSWELL,32.6,33.2
SHILPAMED,69.95,72.85
GILLANDERS,8115.24,
JSWENERGY,42.08,42.08
DBCORP,9,9
MMTC,83.32,79.09
TRF,12.73,12.73
MBLINFRA,2.57,
VASCONEQ,8.07,18.14
TEXMOPIPES,32.66,11.85
KIRLOSIND,12.82,12.16
ORISSAMINE,701.54,701.54
RAMKY,12.24,12.24
OBEROIRLTY,22.67,22.67
COALINDIA,6.57,6.57
RPPINFRA,7.8,7.8
RKDL,38.29,38.29
KICL,23.01,30.51
TEXRAIL,27.94,27.94
MUTHOOTFIN,17.86,17.86
OMINFRAL,45.37,45.37
TDPOWERSYS,34.05,34.05
CASTROLIND,22.15,22.15
AGARIND,11.44,11.44
SHARDACROP,20.05,20.05
MONTECARLO,18.21,18.21
GULPOLY,45.03,45.03
GENUSPAPER,139.73,139.73
LINC,18.04,18.04
JMA,7.28,7.28
ZENTEC,43.26,43.63
AVANTIFEED,18.29,18.29
UFO,20.9,21.46
ALANKIT,20.46,20.46
SYNGENE,56.54,59.62
SATIN,5.45,5.45
SHREEPUSHK,19.41,19.41
BALAXI,10.88,11.31
PILANIINVS,26.88,26.88
OCCL,9.08,9.08
NECCLTD,20.56,20.56
PDMJEPAPER,9.47,9.47
HECPROJECT,26.95,26.95
SAGARDEEP,49.52,49.52
SHRIPISTON,18.49,18.49
ALBERTDAVD,12.35,12.35
ASPINWALL,12.51,12.51
PREMEXPLN,64.33,64.33
DMART,88.17,88.17
INTENTECH,13.4,13.4
ARIHANTSUP,26.51,26.51
EIFFL,168.25,168.25
SHANKARA,19.26,19.26
FOCUS,21.97,21.97
SIKKO,30.56,30.56
PANACHE,106.87,46.03
SCHAND,12.71,12.71
PSPPROJECT,36.48,36.48
TEJASNET,21.21,21.21
CDSL,45.78,45.78
AUBANK,19.83,19.22
STEELXIND,25.14,25.14
MAGADSUGAR,8.73,8.73
WEWIN,35.76,35.76
SERVOTECH,95.33,95.33
BRNL,2.85,2.85
CHOLAHLDNG,6.34,6.34
WORTH,12.86,12.86
DPWIRES,14.61,14.61
AIROLAM,89.99,89.99
JASH,36.77,36.74
GODREJAGRO,39.91,39.91
GICRE,8.96,8.96
IFGLEXPOR,28,28
SILVERTUC,42.33,42.33
DNAMEDIA,.48,
TOUCHWOOD,17.1,17.1
BCONCEPTS,59.32,59.32
APOLLO,65.62,65.62
SOUTHWEST,37.69,39.7
ARVEE,66.52,66.52
GMMPFAUDLR,45.56,45.56
HINDCON,37.19,37.19
ATGL,97.87,97.87
UNIPARTS,16.13,16.13
DALBHARAT,57.26,48.75
OSIAHYPER,13.74,13.74
PAR,10.75,10.75
POLYCAB,45.18,45.18
SWSOLAR,195.55,195.55
EMAMIPAP,11.36,11.36
CONFIPET,26.54,26.82
OAL,23.9,23.9
SATIA,6.36,6.36
AFFLE,56.46,56.46
WESTLIFE,1005,1005
UJJIVANSFB,6.36,6.36
SAFARI,65.34,65.34
360ONE,35.99,33.87
SAMHI,65.66,70.61
FLUOROCHEM,88.18,88.18
MGEL,13.89,12.65
SBICARD,39.92,39.92
CSBBANK,9.1,9.1
EASEMYTRIP,54.85,29.67
PRINCEPIPE,39.8,39.8
PARKHOTELS,45.85,45.85
SUMICHEM,46.85,46.85
ASALCBR,28.51,28.51
UNIVPHOTO,6.9,6.9
BAFNAPH,39.61,36.57
POWERINDIA,143.23,143.23
KSOLVES,27.8,27.8
AARTISURF,41.28,81.03
BOROLTD,57.24,57.24
PAVNAIND,52.66,52.66
SHAREINDIA,11.06,11.06
ANGELONE,15.67,15.67
UTIAMC,13.61,13.61
ORCHPHARMA,38.36,38.36
INDIGOPNTS,36.61,36.61
MTARTECH,90.02,90.02
KANPRPLA,22.62,22.62
STARHEALTH,29.08,29.08
SGIL,38.42,38.42
SJS,23.74,23.74
POLICYBZR,286.1,333.94
MONARCH,16.92,16.92
EPIGRAL,22.06,22.06
CMSINFO,20.25,20.25
TARSONS,52.86,52.86
TEGA,48.68,48.68
MANORG,34.09,34.09
PVSL,36.89,36.89
PASUPTAC,10.57,10.57
MAPMYINDIA,66.31,66.31
TMB,5.8,5.8
MANYAVAR,52.41,52.41
MEDICAMEQ,94.77,94.77
SHIVALIK,54.91,54.91
MEDANTA,60.85,60.85
MALLCOM,19.7,19.7
SMLT,37.76,37.76
RADIANTCMS,14.34,14.34
CAPITALSFB,10.32,10.32
DCMSRIND,11.56,11.56
EMUDHRA,67.13,67.13
STARTECK,22.78,22.78
SBC,34.18,34.18
ELIN,40.35,40.35
MHLXMIRU,14.59,14.59
GATEWAY,5.63,14.63
CAMPUS,69.76,69.76
VENUSPIPES,26.54,26.54
MEGASTAR,77.87,77.87
LANDMARK,72.24,
ETHOSLTD,63.01,63.01
MSUMI,34.67,34.67
HARSHA,26.9,26.9
LICI,11.22,11.22
ACI,31.02,26.4
RITCO,20,20
HARDWYN,54.64,54.64
MUKKA,16.5,16.5
KFINTECH,45.39,45.39
DCXINDIA,57.52,57.52
GANDHAR,17.69,17.69
RISHABH,49.33,49.33
JGCHEM,19.48,19.48
RPTECH,9.29,9.71
SECMARK,46.59,46.59
AARTECH,42.63,42.63
DOLPHIN,25.09,25.47
REDTAPE,52.47,52.47
NETWEB,82.6,82.6
EMSLIMITED,19.03,19.03
UDS,19.11,19.11
ATL,20.41,19.32
RRKABEL,49.21,49.21
SCILAL,55,55
NIITMTS,26.16,25.29
SINDHUTRAD,29.78,29.77
RBZJEWEL,26.75,26.75
PLATIND,25.56,25.56
MUTHOOTMF,7.65,7.65
JIOFIN,122.96,122.96
PFIZER,30.7,30.7
BOSCHLTD,39.78,39.8
DEEPAKFERT,14.73,14.73
MAHSEAMLES,10.63,10.63
COROMANDEL,29.94,29.94
VINDHYATEL,17.15,17.15
ASIANPAINT,51.86,50.29
PGHL,37.2,35.86
BEML,42.19,42.19
CENTENKA,13.2,13.2
VTL,15.42,15.42
FEDERALBNK,10.95,10.95
BIRLACABLE,90.33,90.33
HONAUT,56.11,56.11
SUNPHARMA,35.02,33.95
HCC,17.92,
ADANIENT,64.77,61.57
EICHERMOT,34.17,34.17
ZENSARTECH,28.4,28.4
JYOTISTRUC,58.38,58.38
BLUEDART,52.78,52.78
MUNJALSHOW,17.54,17.54
HSCL,42.31,42.31
RANASUG,15.46,15.46
ARENTERP,20.49,20.49
WSI,973.63,211.87
TATAPOWER,31.85,30.72
SUBROS,27.46,27.46
SIMPLEXINF,11.45,11.45
WIPRO,26.29,26.29
JUBLPHARMA,24.87,20.35
TATACOMM,38.44,40.1
MURUDCERA,28.53,28.53
SANOFI,28.37,26.41
LIBERTSHOE,45.34,33.4
KAJARIACER,38.12,38.12
MODTHREAD,27.97,27.97
MANGLMCEM,42.27,42.27
3PLAND,37.31,37.31
SAIL,25.77,16.61
GRAPHITE,18.41,18.41
DHAMPURSUG,15.45,15.45
INDHOTEL,58.58,68.31
GILLETTE,58.16,58.16
3MINDIA,52.67,52.67
RALLIS,29.92,29.92
KOPRAN,18.04,18.04
TATAINVEST,126.22,126.22
IPCALAB,51.39,50.79
GSFC,13.92,14.09
EIDPARRY,7.91,7.91
BIRLACORPN,32.37,33.3
ASHAPURMIN,15.38,19
TNPL,64.79,64.79
SWARAJENG,20.27,20.27
TTKPRESTIG,45.71,45.71
EIMCOELECO,17.21,17.21
SILINV,14.43,14.43
MOTHERSON,22.58,22.59
HITECHGEAR,24.11,24.09
PUNJABCHEM,25.18,25.18
GANESHHOUC,19.03,19.03
GUJRAFFIA,41.54,41.54
INDRAMEDCO,24.43,24.43
INDNIPPON,18.97,18.97
ICICIBANK,17.11,17.11
HUDCO,13.71,13.71
SAREGAMA,48.48,48.48
ENGINERSIN,29.63,29.63
JAICORPLTD,29.11,29.11
GMDCLTD,12.65,12.65
MAHAPEXLTD,13.52,16.29
ASAHIINDIA,47.68,51.1
J&KBANK,4.98,4.98
CUB,10.73,10.73
SOUTHBANK,5.07,5.07
ASTRAZEN,179.52,79.41
AXISBANK,11.09,11.09
CYIENT,24.86,24.86
CYBERTECH,16.69,16.69
SANGHVIMOV,13.86,13.86
RSSOFTWARE,12.1,12.1
NATIONALUM,8.06,8.71
JINDALSTEL,21.49,21.49
NIPPOBATRY,2.55,2.55
BSOFT,22.74,22.74
ACCELYA,20.58,20.63
STAR,17.31,16.56
SHREERAMA,24.64,24.64
NRBBEARING,18.47,19.3
BIL,48.57,48.57
KTKBANK,4.96,4.96
AJANTPHARM,38.79,38.79
CALSOFT,28.92,28.92
PNBGILTS,6.88,6.96
NLCINDIA,13.49,13.49
GAEL,15.81,15.81
USHAMART,22.48,22.48
MRO-TEK,41.6,41.6
KHANDSE,42.94,42.94
TRIDENT,48.24,48.24
SMARTLINK,13.58,13.58
JISLJALEQS,119.75,119.75
TCI,23.43,23.28
OLECTRA,74.32,77.11
APTECHT,42.8,38.07
TIMESGTY,72.57,72.57
NUCLEUS,14.44,14.44
OMAXAUTO,4.86,
DIVISLAB,76.22,76.22
RADICO,86.68,86.68
VARDHACRLC,23.91,23.91
JSL,20.59,20.58
IGL,19.98,19.98
TVTODAY,12.25,11.76
SIL,144.21,144.21
INDIGO,27.94,27.94
LUXIND,23.24,23.24
SALZERELEC,23.74,23.74
KRIDHANINF,1.19,144.89
ALKEM,25.8,25.69
PRECAM,122.36,142.26
QUICKHEAL,89.59,89.59
BHAGERIA,24.55,24.55
SEQUENT,162.24,173.57
SIMBHALS,7.12,7.12
HCG,109.76,115.13
THYROCARE,35.23,35.18
PARAGMILK,18.34,18.34
BLS,33.25,33.25
NAGAFERT,.19,.19
SALONA,19.41,19.41
DAMODARIND,20.43,20.43
MGL,12.22,12.22
POKARNA,24.78,24.78
COMPINFO,.6,.6
GPTINFRA,19.03,19.03
GROBTEA,6.67,6.67
SOMICONVEY,24.97,24.97
ADVENZYMES,24.63,22.94
SPAL,20.16,20.16
NDGL,34.4,33.18
RBLBANK,9.84,9.84
BIGBLOC,75.05,75.05
LTTS,39.84,39.84
GNA,13.91,13.91
MARATHON,14.35,14.35
ENDURANCE,32.93,32.93
MAZDA,16.96,16.96
VBL,61.06,61.06
KINGFA,23.64,23.64
NBIFIN,74.04,74.04
TCIEXP,27.07,27.07
LAURUSLABS,150.53,150.53
ITDC,65.72,65.66
CAPTRUST,99.14,99.14
BSE,90.3,90.3
KALYANI,6.19,6.19
JITFINFRA,30.23,53.71
TASTYBITE,104.42,104.42
CLEDUCATE,73.71,67.9
DOLLAR,22.82,22.97
STARCEMENT,66.95,66.95
ERIS,49.58,49.58
OSWALAGRO,19.35,19.34
JINDALSAW,8.46,8.46
RUBYMILLS,15.2,15.2
CANFINHOME,9.61,9.61
BBL,24.41,24.41
DCMSHRIRAM,29.33,29.33
DABUR,50.55,50.55
HEROMOTOCO,17.41,17.41
HARRMALAYA,2578.6,47.82
GIPCL,12.38,12.38
ITC,25.16,25.16
HINDCOMPOS,17.76,17.76
RICOAUTO,32.34,31.77
IFBAGRO,25.71,25.71
MANINDS,14.55,14.55
SIYSIL,15.19,15.19
PRECWIRE,31.79,31.79
ONWARDTEC,28.71,28.71
NCC,14.28,13.93
SEAMECLTD,23.34,25.44
AUROPHARMA,18.84,18.49
BBTC,6.68,6.5
GICHSGFIN,5.18,5.18
BEPL,14.73,14.73
BANARBEADS,24.03,24.03
WSTCSTPAPR,6.98,6.98
GHCL,9.81,9.81
PRAJIND,36.81,40.08
BPL,20.88,20.88
PGHH,63.5,63.5
TFCILTD,14.51,14.51
GTL,1.25,19.72
NAVNETEDUL,3.72,13.95
GLAXO,49.44,49.74
FMGOETZE,12.86,12.86
ORIENTHOT,58.25,58.25
JAYSREETEA,9.22,43.31
GOLDENTOBC,10.19,11.56
ESABINDIA,41.88,41.88
SCHAEFFLER,52.45,52.26
AMJLAND,13.66,13.66
KSB,48.96,48.96
GODFRYPHLP,41.98,39.99
VARDMNPOLY,32.75,32.75
SHREECEM,84.43,84.43
DYNPRO,23.24,23.24
AVADHSUGAR,12.02,12.02
THEINVEST,24.71,24.71
OPTIEMUS,73.84,73.84
SMSLIFE,16.53,16.53
ABCAPITAL,11.78,11.78
DIXON,99.74,126.1
MATRIMONY,22.38,22.38
CAPACITE,14.82,14.82
SBILIFE,61.34,61.34
TCPLPACK,27.19,27.19
MASFIN,14.34,14.34
NIACL,25.96,25.96
5PAISA,18.06,18.06
SHALBY,72.54,72.54
SHIVATEX,24.47,24.47
AMBER,74.25,74.25
GALAXYSURF,26.46,26.46
ASTERDM,68.54,64.96
BDL,67.93,67.93
BANDHANBNK,8.66,8.66
HAL,25.97,25.99
ISEC,12.98,12.98
MIDHANI,49.62,49.62
LEMONTREE,48.24,48.24
ORIENTELEC,70.37,70.37
ADANIGREEN,89.52,76.91
FINEORG,27.48,27.45
VARROC,70.94,34.7
HDFCAMC,34.31,34.31
SIGIND,12.89,12.89
AAVAS,23.67,23.67
CHALET,151.6,151.6
PENINLAND,51.1,50.13
WHEELS,14.29,14.29
PREMIERPOL,20.94,20.94
SMLISUZU,13.68,13.68
FACT,,562.61
EXIDEIND,38.77,38.77
ELECON,28.76,28.76
PEL,43.36,
MASTEK,19.53,20.09
LUMAXIND,38.52,38.52
KECL,63.92,271.78
CUMMINSIND,42.7,42.7
JAYBARMARU,32.81,32.81
JBCHEPHARM,40.7,40.7
INDIAGLYCO,21.22,21.22
IGPL,13.68,13.68
GNFC,15.96,15.96
BPCL,8.55,8.37
BASF,31.37,31.9
ATUL,39.54,39.54
ACC,13.51,14.86
SCI,8.03,8.03
MRPL,24.93,24.72
HINDPETRO,10.88,10.88
RELINFRA,40.12,
BAJAJHLDNG,86.25,86.25
VOLTAS,50.49,50.49
TITAN,88.06,88.06
TATASTEEL,71.31,59.1
SPIC,19.49,13.15
SBIN,8.03,8.03
NOCIL,26.23,26.23
DRREDDY,17.92,17.92
CHAMBLFERT,14.3,14.3
HINDOILEXP,16.15,19.9
DICIND,111.82,52.36
RAMCOCEM,54.56,112.7
ADORWELD,26.79,24.25
TORNTPHARM,56.72,56.72
VLSFINANCE,4.98,4.98
SUPREMEIND,52.78,52.78
BALRAMCHIN,23.81,23.81
UNICHEMLAB,,50.32
PRECOT,13.68,17
TATAELXSI,46.3,46.3
SANDESH,5.61,5.63
APOLLOHOSP,70.07,70.07
BALKRISIND,29.17,29.17
INDBANK,16.36,16.36
RAJSREESUG,12.82,12.82
TIL,7.5,157.55
BANARISUG,48.09,48.09
IGARASHI,68.36,68.36
BSL,16.45,16.45
JAYNECOIND,249.32,104.04
SOTL,24.97,24.97
RCF,27.08,28.79
DECCANCE,371.86,65.19
ADVANIHOTR,20.83,20.83
SUNFLAG,24.97,24.97
SPMLINFRA,39.27,41.3
BHARATRAS,26.84,26.84
UNIVCABLES,37.67,37.67
SOMANYCERA,24.4,24.83
M&M,28.19,28.19
KABRAEXTRU,34.5,34.5
LOKESHMACH,64.14,64.14
SWELECTES,25.19,170.38
KAMDHENU,15.14,15.14
PIONEEREMB,25.52,25.52
JKLAKSHMI,29.95,29.95
MUNJALAU,10.82,13.35
TECHM,43.74,43.85
SELAN,11.97,11.97
ANANTRAJ,47.22,47.22
HOVS,18.98,18.98
TALBROAUTO,14.48,20.28
AARVEEDEN,19.05,19.05
TORNTPOWER,26.12,26.12
MANALIPETC,54.25,47.93
SOBHA,211.43,211.46
HIRECT,52.22,52.22
PLASTIBLEN,15.18,15.18
PARACABLES,19.05,19.05
LUMAXTECH,18.27,18.27
AUTOIND,16.28,14.66
TIIL,23.67,23.04
REDINGTON,15.81,15.81
PFC,4.27,4.27
AMDIND,83.87,83.87
JKTYRE,13.41,12.56
THEMISMED,48.35,48.35
BANSWRAS,20.53,20.53
FORTIS,55.98,54.29
WEBELSOLAR,99.67,90.59
INSECTICID,12.42,12.44
NAGREEKEXP,16.78,16.78
V2RETAIL,72.68,72.68
ALPA,9.07,9.07
MOTILALOFS,11.13,11.13
MAGNUM,12.17,18.65
CCCL,.37,
ENERGYDEV,,123.28
RELIGARE,35.36,243.91
EDELWEISS,15.9,15.9
KOLTEPATIL,127.93,127.93
COLPAL,45.78,45.78
MADHAV,425.6,425.6
KALYANIFRG,28.92,28.92
ECLERX,28.6,28.6
BRIGADE,38.97,38.97
MANAKSIA,7.5,5.77
AMBIKCO,12.09,12.09
BIRLAMONEY,10.57,10.57
RPOWER,6.33,
CORDSCABLE,17.32,17.32
HERCULES,22.57,22.57
IRB,4.23,29.78
NMDC,8.82,8.79
GSS,21.85,21.85
RECLTD,6.66,6.66
NESCO,16.51,16.51
BAJAJ-AUTO,29.49,29.49
GOKUL,43.64,43.64
ALMONDZ,46.54,46.54
RBL,12.42,12.15
LOTUSEYE,242.65,254.01
VINYLINDIA,19.17,19.17
UBL,125.76,121.83
20MICRONS,10.48,10.36
MAWANASUG,3.57,8.73
MHRIL,46.82,46.82
EXCEL,41.64,41.64
GLOBUSSPR,144.18,144.18
RTNPOWER,.49,41.72
SUNTECK,29.37,29.37
REFEX,34.87,34.92
DLINKINDIA,14.4,14.4
HINDCOPPER,52.38,52.38
BEARDSELL,14.33,14.33
UNITEDTEA,11.34,11.34
THANGAMAYL,46.27,46.27
EMMBI,21.74,21.74
PERSISTENT,69.67,69.67
ISFT,14.9,14.9
MANAPPURAM,8.71,8.71
HMVL,14.1,14.1
AHLEAST,8.6,8.6
PRAKASHSTL,3.38,92.15
WELINV,65.5,65.5
DEEPAKNTR,34.85,37.92
CAREERP,10.11,10.11
GREENPOWER,61.06,59.51
WABAG,31.24,30.83
PRESTIGE,66.12,66.12
RESPONIND,29.52,29.52
GRAVITA,44.45,44.45
PENIND,19.8,19.8
A2ZINFRA,27.21,
KIRLOSENG,17.77,18.67
SUMMITSEC,19.84,17.86
HINDMOTORS,15.67,15.67
HFCL,35.15,35.15
VADILALIND,19,19
SYMPHONY,42.01,32.09
VSTTILLERS,24.95,25.03
ASHIANA,191.12,144.9
RUSHIL,16.79,16.79
BROOKS,160.04,160.04
VASWANI,14.25,14.25
PGEL,105.71,105.71
TRITURBINE,52.67,52.67
ESSARSHPNG,.91,59.73
DSSL,20.45,20.45
RUPA,21.33,20.6
APLAPOLLO,60.4,60.4
KANANIIND,45.35,45.35
DBSTOCKBRO,20.31,20.31
SCHNEIDER,69.37,73.99
NBCC,42.25,37.37
TBZ,17.5,17.5
VSSL,15.57,15.57
SPECIALITY,27.74,27.74
MAYURUNIQ,15.1,15.1
DUCON,15.48,15.48
ZUARI,4.92,4.92
CARERATING,29.13,29.13
REPCOHOME,4.87,4.87
ORIENTCEM,57.43,57.43
JPOLYINVST,20,20
SREEL,24.66,24.66
SDBL,22.1,22.1
WONDERLA,32.7,32.7
CAPLIPOINT,29.76,29.76
GULFOILLUB,16.14,16.14
SUPERHOUSE,18.23,38.07
INTELLECT,36.98,37
LAMBODHARA,15.33,15.33
MOLDTKPAC,27.85,27.85
GANECOS,35.05,35.05
MENONBE,22.85,22.85
MANAKCOAT,43.36,45.92
BYKE,57.92,57.92
VIPULLTD,.98,.96
TPLPLASTEH,28.76,28.76
NILAINFRA,18.05,18.05
SKIPPER,37.77,37.77
ORICONENT,109.62,103.68
AYMSYNTEX,42.14,67.4
MUTHOOTCAP,8.66,8.66
SHARDAMOTR,14.27,14.27
INGERRAND,39.92,39.92
AKZOINDIA,34.9,34.9
HINDUNILVR,49.12,50.98
FINPIPE,15,26.19
DCW,65.24,65.17
DCM,19.14,19.14
BHEL,148.85,148.85
PVP,821.06,865.19
GREENPLY,29.68,30.6
AUTOAXLES,16.55,16.55
NATCOPHARM,7.81,7.81
KHAITANLTD,7.75,7.75
MRF,26.5,26.5
ANDHRSUGAR,32.02,28.93
STARPAPER,4.96,4.96
SKFINDIA,34.71,34.71
JAYAGROGN,13.2,13.2
MARICO,50.37,50.37
BIOFILCHEM,132.68,132.68
SUNDRMBRAK,77.67,77.67
SOMATEX,1.48,
STERTOOLS,21.72,21.72
CREST,11.73,11.73
WENDT,55.94,55.94
MIRZAINT,217.62,217.62
GUJAPOLLO,36.03,36.03
MMFL,14.23,14.29
JCHAC,86.51,83.67
KOTHARIPET,14.01,13.94
BANKBARODA,5.36,5.36
GAIL,9.96,12.07
SKMEGGPROD,12.64,12.64
CONCOR,33.32,32.64
KCPSUGIND,8.32,11.09
NSIL,35.61,35.61
MUKANDLTD,15.33,15.33
DATAMATICS,16.99,19.42
APARINDS,31.65,31.65
TCS,27.94,27.94
NTPC,14.71,14.71
CONSOFINVT,5.75,5.75
SAKSOFT,22.54,22.54
WELCORP,22.79,22.55
PRIMESECU,17.91,19.35
GENUSPOWER,39.78,39.78
GEECEE,13.71,13.71
DCBBANK,5.76,5.76
GESHIP,4.46,4.46
RUCHIRA,6.16,6.16
NFL,26.43,26.43
WANBURY,15.25,36.49
IZMO,8.7,8.36
PGIL,31.12,31.2
TFL,162.99,162.99
PAGEIND,68.8,68.8
ASTRAL,70.55,70.55
NCLIND,20.18,17.62
PHOENIXLTD,41.35,41.78
SRHHYPOLTD,10.98,10.51
KMSUGAR,8.42,8.42
NELCAST,31.93,36.38
MEGASOFT,84.11,84.11
INDOWIND,34.94,34.94
POWERGRID,15.72,15.72
LGBBROSLTD,13.75,14.29
KSL,19.02,19.02
TI,26.61,25.49
IMFA,8.85,8.85
ADFFOODS,33.88,33.88
SASTASUNDR,,8.5
ASHOKA,3.71,3.9
CGCL,38.98,38.98
JINDWORLD,82.44,82.44
ZEELEARN,1.4,6.37
SURANASOL,281.33,281.33
STEL,38.59,38.59
DHUNINV,10.32,10.36
PIIND,28.69,28.69
MAITHANALL,3.12,3.12
ELGIRUBCO,31.31,
FILATEX,15.04,15.04
NATHBIOGEN,7.46,7.61
BUTTERFLY,291.13,201.87
GOCLCORP,11.4,10.47
CIGNITITEC,24.87,24.43
FCL,25.02,25.02
CCHHL,176.47,176.47
VISHNU,25.83,25.83
MANAKALUCO,25.54,25.54
LFIC,7,7
ARROWGREEN,13.88,13.88
RAMASTEEL,71.19,71.19
POWERMECH,20.43,20.4
IDFCFIRSTB,22.8,22.8
TTKHLTCARE,20.58,25.16
LALPATHLAB,51.69,51.69
TEAMLEASE,33.71,33.71
VIDHIING,52.69,52.69
GOKULAGRO,17.12,17.12
INFIBEAM,25.38,25.38
COCHINSHIP,42.77,42.77
IEX,38.13,38.13
HDFCLIFE,76.75,76.75
NILASPACES,37.38,37.38
RANEHOLDIN,8.82,83.22
SHREYANIND,5.36,5.36
ASHIMASYN,4.8,4.8
NEULANDLAB,47.68,59.77
BERGEPAINT,52.56,52.56
POLYPLEX,9.39,9.39
EIHAHOTELS,25.14,24.16
ABB,57.92,57.92
BRITANNIA,53.81,53.36
ZEEL,18.63,15.58
LYKALABS,108.38,107.54
KANSAINER,16.6,30.26
GABRIEL,29.15,29.15
PRAKASH,7.89,7.89
SUDARSCHEM,59.61,86.91
HINDALCO,10.13,9.69
AMBUJACEM,21.9,22.27
CGPOWER,95.78,95.13
BEL,37.41,37.41
DALMIASUG,10.03,10.03
GARFIBRES,30.16,30.16
AARTIDRUGS,22.92,22.92
TVSSRICHAK,61.32,50.14
ELECTHERM,2.57,2.67
ALKYLAMINE,47.52,47.52
RAMCOIND,23.93,23.93
BANKINDIA,5.52,5.52
