SERIES,SYMBOL,SECURITY,RECORD_DT,BC_STRT_DT,BC_END_DT,EX_DT,ND_STRT_DT,ND_END_DT,PURPOSE
BE,MSUMI,Motherson Sumi Wrng Ind L,28/03/2025, , ,28/03/2025, , ,INTDIV - RS 0.50 PER SH  
BE,MIDHANI,Mishra Dhatu Nigam Ltd,25/03/2025, , ,25/03/2025, , ,INTDIV - RE 0.75 PER SH  
BE,MOTHERSON,Motherson Sumi Sys Ltd.,28/03/2025, , ,28/03/2025, , ,INTDIV - RS 0.50 PER SH  
BE,KBCGLOBAL,KBC Global Limited,28/03/2025, , ,28/03/2025, , ,BONUS 1:1                
BE,BBTC,Bombay Burmah Trading ,27/03/2025, , ,27/03/2025, , ,INTDIV - RS 4 PER SH     
BE,AFIL,Akme Fintrade (India) Ltd,18/04/2025, , ,17/04/2025, , ,FVSPLT FRM RS 10 TO RE 1 
BE,RECLTD,Rural Electrification Cor,26/03/2025, , ,26/03/2025, , ,INTDIV - RS 3.60 PER SH  
BE,AIIL,Authum Invest & Infra Ltd,27/03/2025, , ,27/03/2025, , ,INTDIV - RE 1 PER SH     
BE,KSOLVES,Ksolves India Limited,25/03/2025, , ,25/03/2025, , ,INTDIV - RS 7.50 PER SH  
BE,TVSMOTOR,TVS Motor Com - Roll Sett,26/03/2025, , ,26/03/2025, , ,INTDIV - RS 10 PER SH    
EQ,MOTHERSON,Motherson Sumi Sys Ltd.,28/03/2025, , ,28/03/2025, , ,INTDIV - RS 0.50 PER SH  
EQ,TVSMOTOR,TVS Motor Company Limited,26/03/2025, , ,26/03/2025, , ,INTDIV - RS 10 PER SH    
EQ,RECLTD,Rural Electrification Cor,26/03/2025, , ,26/03/2025, , ,INTDIV - RS 3.60 PER SH  
EQ,BBTC,Bombay Burmah Trading ,27/03/2025, , ,27/03/2025, , ,INTDIV - RS 4 PER SH     
EQ,KSOLVES,Ksolves India Limited,25/03/2025, , ,25/03/2025, , ,INTDIV - RS 7.50 PER SH  
EQ,MIDHANI,Mishra Dhatu Nigam Ltd,25/03/2025, , ,25/03/2025, , ,INTDIV - RE 0.75 PER SH  
EQ,AFIL,Akme Fintrade (India) Ltd,18/04/2025, , ,17/04/2025, , ,FVSPLT FRM RS 10 TO RE 1 
EQ,AIIL,Authum Invest & Infra Ltd,27/03/2025, , ,27/03/2025, , ,INTDIV - RE 1 PER SH     
EQ,MSUMI,Motherson Sumi Wrng Ind L,28/03/2025, , ,28/03/2025, , ,INTDIV - RS 0.50 PER SH  
EQ,KBCGLOBAL,KBC Global Limited,28/03/2025, , ,28/03/2025, , ,BONUS 1:1                
GS,92GS2030,GOI LOAN 9.20% 2030,28/03/2025, , ,28/03/2025, , ,INTEREST PAYMENT         
N3,CREDITACC,Sec Re NCD 9.60% Sr. III,27/03/2025, , ,27/03/2025, , ,INTEREST PAYMENT         
N5,CREDITACC,Sec Re NCD 10% Sr. V,27/03/2025, , ,27/03/2025, , ,INTEREST PAYMENT         
N7,TATACAPHSG,Sec Red NCD 8.01% Sr.IV,28/03/2025, , ,28/03/2025, , ,INTEREST PAYMENT         
N8,TATACAPHSG,Sec Red NCD 8.10% Sr.IV,28/03/2025, , ,28/03/2025, , ,INTEREST PAYMENT         
N9,NAVIFIN,Sec Re NCD 10.00% Sr. I,29/03/2025, , ,28/03/2025, , ,INTEREST PAYMENT         
NA,NAVIFIN,Sec Re NCD 10.40% Sr.II,29/03/2025, , ,28/03/2025, , ,INTEREST PAYMENT         
NC,NAVIFIN,Sec Re NCD 10.65% Sr.IV,29/03/2025, , ,28/03/2025, , ,INTEREST PAYMENT         
NG,IBULHSG,Sec Re NCD 8.88% Sr II,25/03/2025, , ,25/03/2025, , ,INTEREST PAYMENT         
NH,IBULHSG,Sec Re NCD 9.25% Sr II,25/03/2025, , ,25/03/2025, , ,INTEREST PAYMENT         
NM,IBULHSG,Sec Re NCD 9.02% Sr V,25/03/2025, , ,25/03/2025, , ,INTEREST PAYMENT         
NN,IBULHSG,Sec Re NCD 9.48% Sr V,25/03/2025, , ,25/03/2025, , ,INTEREST PAYMENT         
NS,IBULHSG,Sec Re NCD 9.25% Sr VIII,25/03/2025, , ,25/03/2025, , ,INTEREST PAYMENT         
NT,IBULHSG,Sec Re NCD 9.71% Sr VIII,25/03/2025, , ,25/03/2025, , ,INTEREST PAYMENT         
NV,IBULHSG,Sec Re NCD 10.03% Sr X,25/03/2025, , ,25/03/2025, , ,INTEREST PAYMENT         
NY,IBULHSG,Sec Re NCD 9.8% Sr XII,25/03/2025, , ,25/03/2025, , ,INTEREST PAYMENT         
NZ,IBULHSG,Sec Re NCD 10.25% Sr XII,25/03/2025, , ,25/03/2025, , ,INTEREST PAYMENT         
SG,588GJ25,SDL GJ 5.88% 2025,27/03/2025, , , , , ,REDEMPTION               
SG,695PN25,SDL PN 6.95% 2025,27/03/2025, , , , , ,REDEMPTION               
SG,688TS25,SDL TS 6.88% 2025,27/03/2025, , , , , ,REDEMPTION               
SM,BETA,Beta Drugs Limited,26/03/2025, , ,26/03/2025, , ,BONUS 1:20               
SQ,BETA,Beta Drugs Limited,26/03/2025, , ,26/03/2025, , ,BONUS 1:20               
ST,BETA,Beta Drugs Limited,26/03/2025, , ,26/03/2025, , ,BONUS 1:20               
U3,CREDITACC,Sec Re NCD 9.60% Sr. III,27/03/2025, , ,27/03/2025, , ,INTEREST PAYMENT         
U5,CREDITACC,Sec Re NCD 10% Sr. V,27/03/2025, , ,27/03/2025, , ,INTEREST PAYMENT         
U7,TATACAPHSG,Sec Red NCD 8.01% Sr.IV,28/03/2025, , ,28/03/2025, , ,INTEREST PAYMENT         
U8,TATACAPHSG,Sec Red NCD 8.10% Sr.IV,28/03/2025, , ,28/03/2025, , ,INTEREST PAYMENT         
U9,NAVIFIN,Sec Re NCD 10.00% Sr. I,29/03/2025, , ,28/03/2025, , ,INTEREST PAYMENT         
UA,NAVIFIN,Sec Re NCD 10.40% Sr.II,29/03/2025, , ,28/03/2025, , ,INTEREST PAYMENT         
UC,NAVIFIN,Sec Re NCD 10.65% Sr.IV,29/03/2025, , ,28/03/2025, , ,INTEREST PAYMENT         
UG,IBULHSG,Sec Re NCD 8.88% Sr II,25/03/2025, , ,25/03/2025, , ,INTEREST PAYMENT         
UH,IBULHSG,Sec Re NCD 9.25% Sr II,25/03/2025, , ,25/03/2025, , ,INTEREST PAYMENT         
UM,IBULHSG,Sec Re NCD 9.02% Sr V,25/03/2025, , ,25/03/2025, , ,INTEREST PAYMENT         
UN,IBULHSG,Sec Re NCD 9.48% Sr V,25/03/2025, , ,25/03/2025, , ,INTEREST PAYMENT         
US,IBULHSG,Sec Re NCD 9.25% Sr VIII,25/03/2025, , ,25/03/2025, , ,INTEREST PAYMENT         
UT,IBULHSG,Sec Re NCD 9.71% Sr VIII,25/03/2025, , ,25/03/2025, , ,INTEREST PAYMENT         
UV,IBULHSG,Sec Re NCD 10.03% Sr X,25/03/2025, , ,25/03/2025, , ,INTEREST PAYMENT         
UY,IBULHSG,Sec Re NCD 9.8% Sr XII,25/03/2025, , ,25/03/2025, , ,INTEREST PAYMENT         
UZ,IBULHSG,Sec Re NCD 10.25% Sr XII,25/03/2025, , ,25/03/2025, , ,INTEREST PAYMENT         

