SYMBOL,SERIES,SECURITY,HIGH/LOW,INDEX FLAG
21STCENMGM,BE,21ST CENTURY MGMT SERVICE,H
AGARWALFT,ST,AGARWAL FLOAT GLASS I LTD,H
AKI,BE,AKI INDIA LIMITED,H
ALMONDZ,EQ,ALMONDZ GLOBAL SEC LTD,H
ANSALAPI,BZ,ANSAL PROP & INFRA LTD,H
ARENTERP,EQ,RAJDARSHAN INDUSTRIES LTD,H
ARTNIRMAN,EQ,ART NIRMAN LIMITED,H
ARVINDPORT,ST,ARVIND PORT AND INFRA LTD,H
ASLIND,SM,ASL INDUSTRIES LIMITED,H
ATLASCYCLE,BE,ATLAS CYCLE (HARYANA) LTD,H
AUSL,ST,ADITYA ULTRA STEEL LTD,H
BLUECHIP,BE,BLUE CHIP INDIA LIMITED,H
BLUEPEBBLE,ST,BLUE PEBBLE LIMITED,H
BTML,EQ,BODHI TREE MULTIMEDIA LTD,H
CALSOFT,BE,CALIFORNIA SOFTWARE CO LT,H
CEREBRAINT,BZ,CEREBRA INT TECH LTD,H
COMPINFO,BZ,COMPUAGE INFOCOM LTD,H
CRAYONS,ST,CRAYONS ADVERTISING LTD,H
CURAA,BE,CURA TECHNOLOGIES LIMITED,H
DCG,ST,DCG CABLES & WIRES LTD,H
DHANBANK,EQ,DHANLAXMI BANK LIMITED,H
DHRUV,BE,DHRUV CONSULTANCY SER LTD,H
DHTL,ST,DOCMODE HEALTH TECH LTD,H
DIACABS,EQ,DIAMOND POWER INFRA LTD,H
DIVYADHAN,ST,DIVYADHAN RECYCLING IND L,H
DUCOL,SM,DUCOL ORGS AND COLOURS LT,H
DYNAMIC,ST,DYNAMIC SRVCS & SEC LTD,H
E2E,EQ,E2E NETWORKS LIMITED,H
ELGIRUBCO,BE,ELGI RUBBER CO. LTD,H
EMAMIREAL,EQ,EMAMI REALTY LIMITED,H
EMKAY,BE,EMKAY GLOBAL FIN SERV LTD,H
EXICOM,EQ,EXICOM TELE SYSTEMS LTD,H
FEL,BZ,FUTURE ENTERPRISES LTD,H
FELIX,SM,FELIX INDUSTRIES LTD.,H
FILATFASH,BE,FILATEX FASHIONS LIMITED,H
FMNL,BE,FUTURE MKT NETWORKS LTD,H
FOCUS,EQ,FOCUS LIGHTG & FIXTRS LTD,H
GKWLIMITED,BE,GKW LIMITED,H
GLFL,BE,GUJARAT LEASE FINANCING L,H
HIGREEN,SM,HI GREEN CARBON LIMITED,H
HMT,BZ,HMT LTD -,H
HOACFOODS,SM,HOAC FOODS INDIA LIMITED,H
HUBTOWN,EQ,HUBTOWN LIMITED,H
ICDSLTD,EQ,ICDS LTD,H
IDEALTECHO,ST,IDEAL TECHNOPLAST IND LTD,H
IEML,ST,INDIAN EMULSIFIERS LTD,H
IGIL,EQ,INTERNATIO GEMM INS (I) L,H
IL&FSENGG,BZ,IL&FS ENG AND CONS CO LTD,H
ISHAN,SM,ISHAN INTERNATIONAL LTD,H
ITTL,ST,INNOVATIVE TYRE & TUBE LT,H
JETFREIGHT,EQ,JET FREIGHT LOGISTICS LTD,H
JIWANRAM,ST,JIWANRAM SHEODUTTRA IND L,H
K2INFRA,ST,K2 INFRAGEN LIMITED,H
KAVVERITEL,BE,KAVVERI TEL. LTD.,H
KEEPLEARN,EQ,DSJ KEEP LEARNING LTD,H
KERNEX,EQ,KERNEX MICROSYS(I) LTD,H
KEYFINSERV,EQ,KEYNOTE FIN SERV LTD.,H
KITEX,EQ,KITEX GARMENTS LTD,H
KODYTECH,ST,KODY TECHNOLAB LIMITED,H
KREBSBIO,EQ,KREBS BIOCHEMICALS & IND,H
KRIDHANINF,EQ,KRIDHAN INFRA LIMITED,H
KRISHCA,ST,KRISHCA STRAPPING SLTN L,H
KTL,ST,KALAHRIDHAAN TRENDZ LTD,H
LOKESHMACH,BE,LOKESH MACHINES LTD,H
MACPOWER,BE,MACPOWER CNC MACHINES LTD,H
MAFANG,EQ,MIRAEAMC - MAFANG,H
MAZDA,BE,MAZDA LIMITED,H
MKPL,EQ,M K PROTEINS LIMITED,H
MONQ50,EQ,MOTILALAMC - MONQ50,H
MTEDUCARE,BE,MT EDUCARE LTD,H
NAGREEKCAP,EQ,NAGREEKA CAP & INFR.LTD,H
NAVKARURB,BE,NAVKAR URBANSTRUCTURE LTD,H
NIBE,EQ,NIBE LIMITED,H
NIRMAN,ST,NIRMAN AGRI GENTICS LTD,H
NKIND,EQ,NK INDUSTRIES LTD,H
OMFURN,SM,OMFURN INDIA LIMITED,H
ORIANA,SM,ORIANA POWER LIMITED,H
ORIENTTECH,EQ,ORIENT TECHNOLOGIES LTD,H
OWAIS,ST,OWAIS METAL & MINERAL,H
PANACHE,BE,PANACHE DIGILIFE LIMITED,H
PIGL,BE,POWER INSTRUMENT (G) LTD,H
PRAMARA,SM,PRAMARA PROMOTIONS LTD,H
PREMIER,BE,PREMIER LIMITED,H
QUADPRO,SM,QUADPRO ITES LIMITED,H
RADAAN,BE,RADAAN MEDIAWORKS (I) LTD,H
RAMANEWS,BE,SHREE RAMA NEWSPRINT LTD,H
RBMINFRA,ST,RBM INFRACON LIMITED,H
RHFL,EQ,RELIANCE HOME FINANCE LTD,H
ROCKINGDCE,ST,ROCKINGDEALS CIRCU ECO L,H
ROLTA,BZ,ROLTA INDIA LTD,H
ROSSELLIND,BE,ROSSELL INDIA LIMITED,H
RSSOFTWARE,BE,R. S. SOFTWARE (INDIA) LI,H
RULKA,ST,RULKA ELECTRICALS LIMITED,H
S&SPOWER,EQ,S&S POWER SWITCHGEARS LTD,H
SAHANA,SM,SAHANA SYSTEM LIMITED,H
SANCO,BZ,SANCO INDUSTRIES LIMITED,H
SANWARIA,BZ,SANWARIA CONSUMER LIMITED,H
SATECH,ST,S A TECH SOFTWARE INDIA L,H
SEL,ST,SUNGARNER ENERGIES LTD,H
SETCO,BE,SETCO AUTOMOTIVE LTD,H
SETUINFRA,BZ,SETUBANDHAN INFRA LTD,H
SHAILY,EQ,SHAILY ENG PLASTICS LTD,H
SILKFLEX,SM,SILKFLEX POLYMERS INDIA L,H
SITINET,BZ,SITI NETWORKS LIMITED,H
SLONE,ST,SLONE INFOSYSTEMS LIMITED,H
SPCENET,BE,SPACENET ENTERS IND LTD,H
SPCL,ST,SHIVALIC POWER CONTROL L,H
SPECTSTM,SM,SPECTRUM TALENT MGMT LTD,H
SUPREMEINF,BZ,SUPREME INFRA. LTD,H
SUPREMEPWR,ST,SUPREME POWER EQUIPMENT L,H
TAC,SM,TAC INFOSEC LIMITED,H
TARAPUR,BE,TARAPUR TRANSFORMERS LTD,H
TARC,EQ,TARC LIMITED,H
TEMBO,BE,TEMBO GLOBAL IND LTD,H
THOMASCOTT,BE,THOMAS SCOTT (INDIA) LTD,H
TIJARIA,BE,TIJARIA POLYPIPES LTD,H
TIL,EQ,TIL LTD,H
UNITEDPOLY,EQ,UNITED POLYFAB GUJ. LTD.,H
URBAN,SM,URBAN ENVIRO WASTE MGMT L,H
V2RETAIL,BE,V2 RETAIL LIMITED,H
VINYLINDIA,EQ,VINYL CHEMICALS (I) LTD.,H
VIVIANA,ST,VIVIANA POWER TECH LTD,H
VLEGOV,BE,VL E GOV AND IT SOL LTD,H
WEBELSOLAR,EQ,WEBSOL ENERGY SYSTEM LTD,H
WINDMACHIN,EQ,WINDSOR MACHINES LIMITED,H
WINSOME,BZ,WINSOME YARNS LIMITED,H
YAARI,EQ,YAARI DIGI INT SER LTD,H
YUDIZ,SM,YUDIZ SOLUTIONS LIMITED,H
ZENTEC,EQ,ZEN TECHNOLOGIES LIMITED,H
773KA35,SG,SDL KA 7.73% 2035,L
775TS37,SG,SDL TS 7.75% 2037,L
AARTISURF,EQ,AARTI SURFACTANTS LIMITED,L
ABMINTLLTD,EQ,ABM INTERNATIONAL LTD,L
AGNI,ST,AGNI GREEN POWER LTD,L
AGSTRA,BE,AGS TRANSACT TECH LTD,L
AISL,SM,ANI INTEGRATED SERV LTD.,L
AKANKSHA,SM,AKANKSHA POWER N INFRA L,L
ALPSINDUS,BE,ALPS INDUSTRIES LTD.,L
AMJUMBO,SM,A AND M JUMBO BAGS LTD,L
ANSALAPI,BZ,ANSAL PROP & INFRA LTD,L
APEXECO,ST,APEX ECOTECH LIMITED,L
ASIANHOTNR,BE,ASIAN HOTELS (NORTH) LTD,L
ATMASTCO,SM,ATMASTCO LIMITED,L
AUSL,ST,ADITYA ULTRA STEEL LTD,L
AVALON,EQ,AVALON TECHNOLOGIES LTD,L
AVONMORE,BE,AVONMORE CAP&MGT SERV LTD,L
AVPINFRA,ST,AVP INFRACON LIMITED,L
BAGFILMS,EQ,B.A.G FILMS AND MEDIA LTD,L
BEWLTD,SM,BEW ENGINEERING LIMITED,L
BLUECHIP,BE,BLUE CHIP INDIA LIMITED,L
BORORENEW,EQ,BOROSIL RENEWABLES LTD,L
BSL,BE,BSL LTD,L
BTML,EQ,BODHI TREE MULTIMEDIA LTD,L
BYKE,EQ,THE BYKE HOSPITALITY LTD,L
CMMIPL,SZ,CMM INFRAPROJECTS LIMITED,L
COMPINFO,BZ,COMPUAGE INFOCOM LTD,L
CROWN,EQ,CROWN LIFTERS LIMITED,L
CYBERMEDIA,BE,CYBER MEDIA (INDIA) LTD.,L
DELTAMAGNT,BE,DELTA MANUFACTURING LTD,L
DHANLAXMI,ST,DHANLAXMI CROP SCIENCE L,L
DIVINEHIRA,ST,DIVINE HIRA JEWELLERS LTD,L
EFFWA,SM,EFFWA INFRA & RESEARCH L,L
ESCONET,ST,ESCONET TECHNOLOGIES LTD,L
ESFL,SM,ESSEN SPECIALITY FILMS L,L
EXCEL,BE,EXCEL REALTY N INFRA LTD,L
FELDVR,BE,FUTURE ENTERPRISES LTD,L
FILATFASH,BE,FILATEX FASHIONS LIMITED,L
FOCE,SM,FOCE INDIA LIMITED,L
FRESHARA,ST,FRESHARA AGRO EXPORTS LTD,L
GAYAPROJ,BZ,GAYATRI PROJECTS LTD,L
GENSOL,BE,GENSOL ENGINEERING LTD,L
GGBL,ST,GANESH GREEN BHARAT LTD,L
GLOBALE,BE,GLOBALE TESSILE LIMITED,L
GLOBALVECT,EQ,GLOBAL VEC HELICORP LTD,L
GLOBE,BE,GLOBE TEXTILES (I) LTD.,L
GODAVARIB,BE,GODAVARI BIOREFINERIES L,L
GOLDTECH,EQ,AION-TECH SOLUTIONS LTD,L
GRAPHISAD,SM,GRAPHISADS LIMITED,L
GRETEX,ST,GRETEX INDUSTRIES LTD.,L
GSTL,ST,GLOBESECURE TECHNO LTD,L
GUJAPOLLO,EQ,GUJ. APOLLO IND. LTD.,L
GVKPIL,BE,GVK POW. & INFRA LTD.,L
HEADSUP,BE,HEADS UP VENTURES LIMITED,L
HITECHGEAR,BE,THE HI-TECH GEARS LIMITED,L
HRHNEXT,ST,HRH NEXT SERVICES LIMITED,L
IDEALTECHO,ST,IDEAL TECHNOPLAST IND LTD,L
IITL,EQ,INDUSTRIAL INV TRUST LTD,L
IL&FSTRANS,BZ,IL&FS TRANS NET LTD,L
INDOTECH,EQ,INDO TECH TRANSFORM LTD.,L
INDOUS,BE,INDO US BIOTECH LTD,L
INDSWFTLTD,BE,IND-SWIFT LIMITED,L
JAICORPLTD,EQ,JAI CORP LIMITED,L
JALAN,ST,JALAN TRANSOLU. INDIA LTD,L
JITFINFRA,BE,JITF INFRALOGISTICS LTD,L
JIWANRAM,ST,JIWANRAM SHEODUTTRA IND L,L
JNKINDIA,EQ,JNK INDIA LIMITED,L
JPASSOCIAT,BE,JAIPRAKASH ASSOCIATES LTD,L
JSWHL,EQ,JSW HOLDINGS LIMITED,L
K2INFRA,ST,K2 INFRAGEN LIMITED,L
KARNIKA,ST,KARNIKA INDUSTRIES LTD,L
KCK,ST,KCK INDUSTRIES LTD,L
KESORAMIND,EQ,KESORAM INDUSTRIES LTD,L
KONTOR,SM,KONTOR SPACE LIMITED,L
KOTYARK,ST,KOTYARK INDUSTRIES LTD,L
KRITI,EQ,KRITI INDUSTRIES IND LTD,L
KSHITIJPOL,BE,KSHITIJ POLYLINE LIMITED,L
LAKPRE,BZ,LAKSHMI PRE SCRE LTD,L
LGHL,EQ,LAXMI GOLDORNA HOUSE LTD,L
LRRPL,ST,LEAD REC AND RUB PROD LTD,L
MAHEPC,EQ,MAHINDRA EPC IRRIG LTD,L
MANAV,SM,MANAV INFRA PROJECTS LTD,L
MANORG,EQ,MANGALAM ORGANICS LIMITED,L
MARINE,EQ,MARINE ELECTRICAL (I) LTD,L
MARSHALL,BE,MARSHALL MACHINES LTD,L
MCLEODRUSS,EQ,MCLEOD RUSSEL INDIA LTD.,L
MCON,SM,MCON RASAYAN INDIA LTD,L
MEDIORG,SM,MEDICAMEN ORGANICS LTD,L
MEP,BZ,MEP INFRA. DEVELOPERS LTD,L
MFML,BE,MAHALAXMI FABRIC MILLS LT,L
MICEL,EQ,MIC ELECTRONICS LTD,L
MKPL,EQ,M K PROTEINS LIMITED,L
MORARJEE,BZ,MORARJEE TEXTILES LIMITED,L
MPTODAY,SM,M P TODAY MEDIA LIMITED,L
MTEDUCARE,BE,MT EDUCARE LTD,L
NAMAN,ST,NAMAN IN-STORE (INDIA) L,L
NITIRAJ,BE,NITIRAJ ENGINEERS LTD,L
NKIND,EQ,NK INDUSTRIES LTD,L
NMSTEEL,ST,NEWMALAYALAM STEEL LTD,L
NOIDATOLL,BE,NOIDA TOLL BRIDGE CO LTD,L
NORBTEAEXP,BE,NORBEN TEA &EXPORTS LTD,L
OMKARCHEM,BZ,OMKAR SPL CHEM LTD,L
OPTIEMUS,EQ,OPTIEMUS INFRACOM LTD,L
ORCHPHARMA,EQ,ORCHID PHARMA LIMITED,L
ORIENTLTD,BE,ORIENT PRESS LIMITED,L
ORTINGLOBE,EQ,ORTIN GLOBAL LIMITED,L
PALREDTEC,BE,PALRED TECHNOLOGIES LTD,L
PARASPETRO,EQ,PARAS PETROFILS LTD.,L
PASUPTAC,BE,PASUPATI ACRYLON LIMITED,L
PERFECT,ST,PERFECT INFRAENGINEER LTD,L
PHOGLOBAL,ST,PHOENIX OVERSEAS LIMITED,L
PIONEEREMB,EQ,PIONEER EMBROIDERIES LTD,L
PNC,BE,PRITISH NANDY COMMUNICATI,L
PRABHA,BE,PRABHA ENERGY LIMITED,L
PRATHAM,ST,PRATHAM EPC PROJECTS LTD,L
PRAXIS,EQ,PRAXIS HOME RETAIL LTD,L
PREMIER,BE,PREMIER LIMITED,L
PRIZOR,SM,PRIZOR VIZTECH LIMITED,L
PROZONER,BE,PROZONE REALTY LIMITED,L
QUESTLAB,ST,QUEST LABORATORIES LTD,L
QUICKTOUCH,ST,QUICKTOUCH TECHNOLOGIES L,L
RAJRILTD,BE,RAJ RAYON INDUSTRIES LTD,L
RAPPID,SM,RAPPID VALVES (INDIA) LTD,L
REFEX,EQ,REFEX INDUSTRIES LIMITED,L
REFRACTORY,ST,REFRACTORY SHAPES LIMITED,L
REPL,BE,RUDRABHISHEK ENTERP LTD,L
RHFL,EQ,RELIANCE HOME FINANCE LTD,L
RNFI,ST,RNFI SERVICES LIMITED,L
ROXHITECH,ST,ROX HI TECH LIMITED,L
RVHL,EQ,RAVINDER HEIGHTS LIMITED,L
SAHANA,SM,SAHANA SYSTEM LIMITED,L
SAIFL,ST,SAMEERA AGRO AND INFRA L,L
SANCO,BZ,SANCO INDUSTRIES LIMITED,L
SANWARIA,BZ,SANWARIA CONSUMER LIMITED,L
SATIPOLY,ST,SATI POLY PLAST LIMITED,L
SDREAMS,ST,S D RETAIL LIMITED,L
SEJALLTD,EQ,SEJAL GLASS LIMITED,L
SENCO,EQ,SENCO GOLD LIMITED,L
SEYAIND,BE,SEYA INDUSTRIES LIMITED,L
SHAKTIPUMP,BE,SHAKTI PUMPS (I) LTD,L
SHIGAN,ST,SHIGAN QUANTUM TECH LTD,L
SITINET,BZ,SITI NETWORKS LIMITED,L
SIYSIL,EQ,SIYARAM SILK MILLS LTD,L
SLONE,ST,SLONE INFOSYSTEMS LIMITED,L
SMVD,SM,SMVD POLY PACK LIMITED,L
SOLARA,EQ,SOLARA ACTIVE PHA SCI LTD,L
SOLARAPP,E1,SOLAR ACT RS.3.50 PPD UP,L
SOLEX,ST,SOLEX ENERGY LIMITED,L
SOMICONVEY,EQ,SOMI CONVEYOR BELT. LTD.,L
SPCL,ST,SHIVALIC POWER CONTROL L,L
SRPL,BZ,SHREE RAM PROTEINS LTD.,L
STEL,BE,STEL HOLDINGS LIMITED,L
SUNFLAG,EQ,SUNFLAG IRON AND STEEL CO,L
SUPREMEPWR,ST,SUPREME POWER EQUIPMENT L,L
SURANI,ST,SURANI STEEL TUBES LTD.,L
SUULD,BZ,SUUMAYA INDUSTRIES LTD,L
SUYOG,BE,SUYOG TELEMATICS LIMITED,L
TARACHAND,BE,TARA CHAND INFRA SOLN LTD,L
TECHERA,ST,TECHERA ENGINEER (IND) L,L
TECHLABS,SM,TRIDENT TECHLABS LIMITED,L
TICL,EQ,TWAMEV CONS AND INFRA LTD,L
TIMESCAN,SM,TIMESCAN LOGISTICS IND L,L
TIPSFILMS,EQ,TIPS FILMS LIMITED,L
TOUCHWOOD,BE,TOUCHWOOD ENTERTAIN LTD.,L
TRANSTEEL,SM,TRANSTEEL SEATING TECH L,L
TRU,BE,TRUCAP FINANCE LIMITED,L
UNIVASTU,BE,UNIVASTU INDIA LIMITED,L
VAKRANGEE,EQ,VAKRANGEE LIMITED,L
VARDMNPOLY,EQ,VARDHMAN POLYTEX LTD.,L
VERTEXPLUS,ST,VERTEXPLUS TECHNOLOGIES L,L
VISASTEEL,BE,VISA STEEL LIMITED,L
VLEGOV,BE,VL E GOV AND IT SOL LTD,L
VMARCIND,ST,V MARC INDIA LIMITED,L
WALCHANNAG,EQ,WALCHANDNAGAR INDUSTRIES,L
WINSOME,BZ,WINSOME YARNS LIMITED,L
WIPL,EQ,THE WESTERN INDIA PLY LTD,L
WOMANCART,ST,WOMANCART LIMITED,L
WSI,BE,W.S.INDUSTRIES (I) LTD.,L
WTICAB,SM,WISE TRAVEL INDIA LIMITED,L
YAARI,EQ,YAARI DIGI INT SER LTD,L
ZAGGLE,EQ,ZAGGLE PREPA OCEAN SER L,L
