GAIN_LOSS,SECURITY,CLOSE_PRIC,PREV_CL_PR,PERCENT_CG
 ,Nifty 50 Sec., , , 
 , , , , 
G,ULTRATECH CEMENT LIMITED,     11421.20,     11051.20,3.35
G,BAJAJ FINSERV LTD.,      1945.05,      1894.15,2.69
G,TRENT LTD,      5185.05,      5054.70,2.58
G,INFOSYS LIMITED,      1628.45,      1592.75,2.24
G,GRASIM INDUSTRIES LTD,      2569.45,      2513.20,2.24
G,AXIS BANK LIMITED,      1118.55,      1097.85,1.89
G,HCL TECHNOLOGIES LTD,      1624.90,      1604.15,1.29
G,HDFC BANK LTD,      1821.45,      1800.00,1.19
G,BRITANNIA INDUSTRIES LTD,      4845.20,      4796.85,1.01
G,TATA CONSULTANCY SERV LT,      3657.75,      3628.95,.79
G,BHARTI AIRTEL LIMITED,      1730.50,      1718.80,.68
G,HINDUSTAN UNILEVER LTD.,      2271.30,      2256.20,.67
G,WIPRO LTD,       271.00,       269.40,.59
G,APOLLO HOSPITALS ENTER. L,      6644.70,      6615.80,.44
G,ASIAN PAINTS LIMITED,      2330.75,      2322.50,.36
G,EICHER MOTORS LTD,      5431.25,      5424.20,.13
G,HERO MOTOCORP LIMITED,      3627.95,      3626.35,.04
G,JSW STEEL LIMITED,      1061.70,      1061.35,.03
G,TATA CONSUMER PRODUCT LTD,       970.70,       970.45,.03
G,NTPC LTD,       366.95,       366.95,0
 , , , , 
L,INDUSIND BANK LIMITED,       637.05,       669.45,-4.84
L,DR. REDDY S LABORATORIES,      1177.90,      1210.30,-2.68
L,ADANI ENTERPRISES LIMITED,      2320.35,      2368.70,-2.04
L,COAL INDIA LTD,       398.30,       406.00,-1.9
L,ADANI PORT & SEZ LTD,      1182.45,      1200.80,-1.53
L,BAJAJ AUTO LIMITED,      8006.00,      8125.55,-1.47
L,MAHINDRA & MAHINDRA LTD,      2736.00,      2774.70,-1.39
L,RELIANCE INDUSTRIES LTD,      1285.45,      1302.10,-1.28
L,HINDALCO  INDUSTRIES  LTD,       693.45,       701.50,-1.15
L,SUN PHARMACEUTICAL IND L,      1764.75,      1784.80,-1.12
L,TATA STEEL LIMITED,       156.73,       158.42,-1.07
L,ICICI BANK LTD.,      1343.70,      1358.15,-1.06
L,STATE BANK OF INDIA,       772.85,       780.80,-1.02
L,HDFC LIFE INS CO LTD,       673.10,       679.90,-1
L,CIPLA LTD,      1511.20,      1524.05,-0.84
L,TITAN COMPANY LIMITED,      3053.70,      3079.10,-0.82
L,SBI LIFE INSURANCE CO LTD,      1557.20,      1569.80,-0.8
L,BHARAT ELECTRONICS LTD,       300.03,       302.10,-0.69
L,OIL AND NATURAL GAS CORP.,       242.25,       243.83,-0.65
L,SHRIRAM FINANCE LIMITED,       678.35,       682.00,-0.54
L,BHARAT PETROLEUM CORP  LT,       279.11,       280.44,-0.47
L,TATA MOTORS LIMITED,       710.30,       713.50,-0.45
L,MARUTI SUZUKI INDIA LTD.,     11868.90,     11922.25,-0.45
L,NESTLE INDIA LIMITED,      2254.85,      2263.55,-0.38
L,LARSEN & TOUBRO LTD.,      3469.60,      3481.85,-0.35
L,POWER GRID CORP. LTD.,       291.00,       291.85,-0.29
L,KOTAK MAHINDRA BANK LTD,      2170.00,      2176.15,-0.28
L,ITC LTD,       409.80,       410.90,-0.27
L,BAJAJ FINANCE LIMITED,      9067.25,      9090.05,-0.25
L,TECH MAHINDRA LIMITED,      1455.50,      1458.65,-0.22
 , , , , 
 ,Nifty Next 50 Sec., , , 
 , , , , 
G,AVENUE SUPERMARTS LIMITED,      3998.80,      3905.10,2.4
G,GODREJ CONSUMER PRODUCTS,      1129.85,      1106.30,2.13
G,INTERGLOBE AVIATION LTD,      5006.70,      4970.35,0.73
G,BAJAJ HOLDINGS & INVS LTD,     12521.50,     12435.50,0.69
G,INFO EDGE (I) LTD,      7145.70,      7100.85,0.63
G,DABUR INDIA LTD,       509.25,       507.20,0.4
G,SHREE CEMENT LIMITED,     29544.05,     29442.65,0.34
G,AMBUJA CEMENTS LTD,       520.55,       519.30,0.24
G,PIDILITE INDUSTRIES LTD,      2823.05,      2822.00,0.04
 , , , , 
L,ZOMATO LIMITED,       209.81,       222.80,-5.83
L,JSW ENERGY LIMITED,       555.35,       575.25,-3.46
L,UNION BANK OF INDIA,       123.36,       127.46,-3.22
L,CANARA BANK,        88.46,        91.32,-3.13
L,ADANI POWER LTD,       507.70,       523.95,-3.1
L,ADANI GREEN ENERGY LTD,       923.40,       952.90,-3.1
L,BOSCH LIMITED,     27448.10,     28276.80,-2.93
L,HINDUSTAN AERONAUTICS LTD,      4012.45,      4129.80,-2.84
L,ADANI TOTAL GAS LIMITED,       607.75,       625.10,-2.78
L,NHPC LTD,        81.31,        83.62,-2.76
L,VARUN BEVERAGES LIMITED,       517.15,       531.10,-2.63
L,INDIAN RAILWAY FIN CORP L,       129.41,       132.80,-2.55
L,JIO FIN SERVICES LTD,       227.53,       232.68,-2.21
L,VEDANTA LIMITED,       461.80,       472.25,-2.21
L,PUNJAB NATIONAL BANK,        93.81,        95.93,-2.21
L,ABB INDIA LIMITED,      5414.15,      5532.20,-2.13
L,SIEMENS LTD,      5119.10,      5223.20,-1.99
L,INDIAN OIL CORP LTD,       131.03,       133.67,-1.98
L,GAIL (INDIA) LTD,       177.70,       181.28,-1.97
L,UNITED SPIRITS LIMITED,      1365.55,      1392.50,-1.94
L,SAMVRDHNA MTHRSN INTL LTD,       131.46,       134.00,-1.9
L,BHEL,       213.60,       217.54,-1.81
L,ZYDUS LIFESCIENCES LTD,       907.35,       923.70,-1.77
L,TATA POWER CO LTD,       377.10,       383.30,-1.62
L,DLF LIMITED,       695.20,       706.00,-1.53
L,JINDAL STEEL & POWER LTD,       908.80,       922.75,-1.51
L,POWER FIN CORP LTD.,       419.25,       425.50,-1.47
L,LIFE INSURA CORP OF INDIA,       789.40,       800.55,-1.39
L,INDIAN RAIL TOUR CORP LTD,       717.15,       726.95,-1.35
L,DIVI S LABORATORIES LTD,      5840.65,      5910.70,-1.19
 , , , , 
 ,OTHER SECURITIES, , , 
 , , , , 
G,VINYL CHEMICALS (I) LTD.,       303.21,       252.68,20
G,KEYNOTE FIN SERV LTD.,       299.37,       249.48,20
G,TFB 7.37% 2035 SR. 3A,      1377.99,      1160.00,18.79
G,SEC RE NCD 9.65% SR I,      1099.00,       941.00,16.79
G,SEC RE NCD SR IV,      1141.74,      1010.00,13.04
G,BALAJI PHOSPHATES LIMITED,        91.10,        81.15,12.26
G,HEG LTD,       483.00,       431.75,11.87
G,URAVI DEFENCE &TECH LTD,       370.75,       335.20,10.61
G,MAGELLANIC CLOUD LIMITED,        60.31,        54.78,10.09
G,NANDANI CREATION LIMITED,        50.91,        46.25,10.08
G,RAMCO SYSTEMS LTD.,       340.50,       310.85,9.54
G,FRANTEMAMC - FICRF3GP,        10.49,         9.60,9.27
G,SANGANI HOSPITALS LIMITED,        59.00,        54.00,9.26
G,SALASAR TECHNO ENGG. LTD.,        10.56,         9.67,9.2
G,KAPSTON SERVICES LIMITED,       239.90,       219.84,9.12
G,GOA CARBON LIMITED,       498.20,       456.70,9.09
G,SEC RE NCD 0% SR.IV,      1188.00,      1089.10,9.08
G,PROLIFE INDUSTRIES LTD,       224.90,       206.75,8.78
G,BLUE DART EXPRESS LTD,      6516.25,      6005.85,8.5
G,UPSURGE SEEDS OF AGRI LTD,       150.05,       138.30,8.5
G,SEC RE NCD SR.V,      1189.00,      1100.30,8.06
G,PURPLE UNITED SALES LTD,       143.40,       132.95,7.86
G,DIVINE POWER ENERGY LTD,       135.00,       125.25,7.78
G,GRAPHITE INDIA LTD,       495.90,       460.10,7.78
G,PARAMATRIX TECHNOLOGIES L,        73.60,        68.65,7.21
G,UNSERENCD8.85%SRIVCIII&IV,      1079.40,      1010.00,6.87
G,DUCOL ORGS AND COLOURS LT,       118.00,       110.55,6.74
G,TRIDHYA TECH LIMITED,        25.40,        23.80,6.72
G,TEXMO PIPE & PRODUCTS LTD,        54.21,        51.00,6.29
G,MARATHON NXTGEN REALT LTD,       524.30,       496.30,5.64
 , , , , 
L,NAGREEKA EXPORTS LTD.,        27.01,        30.99,-12.84
L,SEC RE NCD 9.55% SR.VII,       847.00,       965.70,-12.29
L,SEC RE NCD 9.25% SR II,       850.00,       956.82,-11.16
L,USHANTI COLOUR CHEM LTD,        53.00,        59.40,-10.77
L,ENVIROTECH SYSTEMS LTD,       102.20,       113.70,-10.11
L,KESORAM INDUSTRIES LTD,         5.47,         6.08,-10.03
L,AION-TECH SOLUTIONS LTD,        62.17,        69.08,-10
L,MASON INFRATECH LIMITED,        88.65,        98.20,-9.73
L,KIRLOSKAR PNEUMATIC COM L,      1241.40,      1374.80,-9.7
L,ORTIN GLOBAL LIMITED,        11.47,        12.70,-9.69
L,MADHAV MARBLE & GRANITE,        42.33,        46.85,-9.65
L,SEC RE NCD 10.30% SR.VII,       600.00,       664.00,-9.64
L,VILIN BIO MED LIMITED,        17.45,        19.30,-9.59
L,SEC RE NCD 9.9% SR IV,       954.00,      1055.00,-9.57
L,SARDA ENERGY & MIN LTD,       484.15,       534.90,-9.49
L,NDL VENTURES LIMITED,        71.62,        79.09,-9.44
L,MBL INFRASTRUCTURE LTD,        36.30,        39.96,-9.16
L,SHREM INVIT,       104.05,       114.50,-9.13
L,WISE TRAVEL INDIA LIMITED,       152.55,       167.35,-8.84
L,KARMA ENERGY LIMITED,        53.36,        58.53,-8.83
L,GUJ. APOLLO IND. LTD.,       298.30,       327.15,-8.82
L,SANGINITA CHEMICALS LTD,        11.26,        12.31,-8.53
L,HINDUJA GLOBAL SOLS. LTD.,       478.50,       522.65,-8.45
L,AMD INDUSTRIES LIMITED,        51.19,        55.88,-8.39
L,INSPIRE FILMS LIMITED,        21.55,        23.50,-8.3
L,MAMATA MACHINERY LIMITED,       363.65,       396.40,-8.26
L,NEELAM LINENS & GAR (I) L,        21.35,        23.25,-8.17
L,PRECISION METALIKS LTD,        22.35,        24.30,-8.02
L,SWARAJ SUITING LIMITED,       165.95,       180.40,-8.01
L,SOLVE PLASTIC PRODUCTS L,        29.00,        31.50,-7.94
