SECURITY,NEW,PREVIOUS,NEW_STATUS
PASHUPATI COTSPIN LIMITED,621.5,621,H
E2E NETWORKS LIMITED,2414.05,2340,H
ICICIPRAMC - ICICI10GS,250.45,250.25,H
SEC RE NCD 0% SR.IV,1234,1120,H
SEC RE NCD SR IV,1088,1060,H
INDEF MANUFACTURING LTD,289.95,276.59,H
360ONEAMC - GOLD360,90.2,89.9,H
SEC RE NCD 9.55% SR.VII,1139,993.62,H
BALAJI PHOSPHATES LIMITED,94,83.05,H
CURA TECHNOLOGIES LIMITED,25.84,24.61,H
TCPL PACKAGING LIMITED,4840,4776.9,H
MIRAEAMC - MAFSETF,26.08,26,H
GOI TBILL 91D-24/04/25,99.4,99.32,H
GOI TBILL 91D-28/03/25,99.85,99.75,H
INNOVATIVE TYRE & TUBE LT,36.15,35.45,H
SEC RE NCD SR IV,1141.74,1085,H
EDELAMC - EBBETF0430,1512.1,1500.65,H
SHRIRAM - LIQUIDSHRI,1044.76,1044.59,H
GOI TBILL 364D-12/06/25,98.5,98.32,H
KABRA JEWELS LIMITED,134.05,131.45,H
SEC RED NCD SR. VII,1983,1975,H
BHARAT SEATS LIMITED,86.7,86,H
2.50%GOLDBONDS2027SR-V,8850,8799,H
SEC RE NCD 9.35% SR VI,1085,1079,H
CHAMAN METALLICS LIMITED,151.4,146.95,H
SURATWWALA BUS GROUP LTD,35.52,34.83,H
ICICIPRAMC - CASHIETF,1002.48,1002.32,H
ANIK INDUSTRIES LTD,119.25,114.87,H
AONEAMC - AONETOTAL,11.57,11,H
KOTAKMAMC - MSCIINDIA,28.03,28,H
INTERIORS & MORE LIMITED,457.8,420,H
DIVINE POWER ENERGY LTD,139,132.5,H
THE P K TEA PROD CO LTD,770.25,750,H
C P S SHAPERS LIMITED,546,495,H
2.5%GOLDBONDS2029SR-VII,8794.96,8779.99,H
ZERODHAAMC - LIQUIDCASE,110.9,110.8,H
BAHETI RECYCLING IND LTD,550,547.5,H
POLYSIL IRRIGATION SYST L,22.45,22.05,H
PANACHE DIGILIFE LIMITED,301.95,287.6,H
JSW HOLDINGS LIMITED,24149.95,24102.35,H
2.50% GOLDBONDS2025SR-V,8997,8699.99,H
GOI TBILL 364D-31/07/25,97.5,97.39,H
GOI TBILL 364D-23/10/25,96.24,96.15,H
SEC RE NCD SR 2,1134,1130,H
TAC INFOSEC LIMITED,1349.1,900,H
FRANTEMAMC - FICRF3GP,10.49,9.61,H
KOTAKMAMC - NIFTY100EW,31.32,30.8,H
ONESOURCE SPECL PHARMA L,1735.4,1722.75,H
SEC RE NCD SR VI,1096.4,1094.8,H
KODY TECHNOLAB LIMITED,1000.2,952.6,H
OMFURN INDIA LIMITED,103.3,100.5,H
SEC RE NCD 9.65% SR I,1099,999.95,H
MAHAMAYA STEEL INDS LTD,269.5,257.25,H
GOI TBILL 91D-01/05/25,99.29,99.21,H
JUPITER LIFE LINE HOSP L,1770,1706.25,H
GAYATRI HIGHWAYS LIMITED,1.24,0.9,H
OWAIS METAL & MINERAL,583,555.25,H
SAJ HOTELS LIMITED,77.25,76.3,H
HINDCON CHEMICALS LIMITED,31.4,32.5,L
SEYA INDUSTRIES LIMITED,14.91,15.6,L
EXXARO TILES LIMITED,5.7,6.15,L
SANCO INDUSTRIES LIMITED,2.38,2.44,L
SADBHAV ENGINEERING LTD,11.21,11.4,L
360ONEAMC - GOLD360,86.45,86.5,L
SEC RE NCD 9.25% SR II,850,909,L
QUICKTOUCH TECHNOLOGIES L,42.1,42.6,L
CMM INFRAPROJECTS LIMITED,1.7,1.75,L
AMBEY LABORATORIES LTD,40.95,42,L
PENINSULA LAND LIMITED,24.2,24.7,L
CADSYS (INDIA) LIMITED,73.5,75,L
SDL KA 7.73% 2035,95,100,L
WINNY IMMIGRA & EDU SER L,250.4,255.5,L
SDL MP 7.76% 2037,93,94,L
KESORAM INDUSTRIES LTD,5.47,10.55,L
AGS TRANSACT TECH LTD,9.65,10.16,L
SEMAC CONSULTANTS LIMITED,299.9,301.1,L
GENSOL ENGINEERING LTD,215.15,224.9,L
MANDEEP AUTO INDUSTRIES L,19.25,19.9,L
ON DOOR CONCEPTS LIMITED,159.5,162.75,L
ROCKINGDEALS CIRCU ECO L,234,267,L
QVC EXPORTS LIMITED,25.5,26,L
SHRADHA INFRAPROJECTS LTD,64.42,65.74,L
BARFLEX POLYFILMS LIMITED,43.5,44.1,L
NET AVENUE TECHNOLOGIES L,6.5,6.6,L
SHREE KARNI FABCOM LTD,663.65,666,L
PRABHA ENERGY LIMITED,171.8,180.85,L
SUYOG TELEMATICS LIMITED,862.8,870.1,L
SWELECT ENERGY SYS LTD,576,583.1,L
IRIS CLOTHINGS LIMITED,43.11,43.15,L
UNIINFO TELECOM SERVI LTD,16.21,16.26,L
SITI NETWORKS LIMITED,0.51,0.53,L
MARSHALL MACHINES LTD,12.54,13.19,L
MEDICAMEN ORGANICS LTD,21.5,22.1,L
DECCAN TRANSCON LEASING L,48.6,49,L
NAMAN IN-STORE (INDIA) L,64.4,67.75,L
SAKUMA EXPORTS LIMITED,2.51,2.57,L
RAPPID VALVES (INDIA) LTD,234.65,245.6,L
GIRIRAJ CIVIL DEVP LTD,282,287.5,L
CALSOFT RS.2.50 PPD UP,3.69,3.8,L
DIVINE HIRA JEWELLERS LTD,81.25,85.5,L
NEWJAISA TECHNOLOGIES LTD,50,50.35,L
YUDIZ SOLUTIONS LIMITED,30.75,31.25,L
MEP INFRA. DEVELOPERS LTD,1.41,1.44,L
AARTECH SOLONICS LIMITED,52.5,54.23,L
M.V.K. AGRO FOOD PROD LTD,46.8,52.35,L
NEPHRO CARE INDIA LIMITED,123.75,126.2,L
BEST AGROLIFE LIMITED,249.1,254.15,L
BIKEWO GREEN TECH LIMITED,16.65,16.85,L
BULKCORP INTERNATIONAL L,61.1,63,L
IDENTICAL BRAINS STUDIO L,44.85,45.75,L
VAKRANGEE LIMITED,10.93,11.39,L
SECUREKLOUD TECH LIMITED,18.84,19.35,L
STAR HEALTH & AL INS CO L,345.3,350.15,L
ACCENT MICROCELL LIMITED,194.05,195,L
VINNY OVERSEAS LIMITED,1.27,1.29,L
DIAMINES & CHEMICALS LTD,339,339.2,L
FLEXITUFF VENTURES INT L,30.85,31.48,L
SHANKAR LAL RAMPAL LTD,56.82,57.5,L
PURV FLEXIPACK LIMITED,100.4,101.7,L
SHUBHSHREE BIOFUELS ENE L,302.45,303.8,L
VADIVARHE SPCLTY CHEM LTD,26.4,26.8,L
GAJANAND INTERNATIONAL L,13.5,13.75,L
SDL TN 7.68% 2030,90,93,L
GREENLAM INDUSTRIES LTD.,246.05,262.5,L
NURECA LIMITED,216.78,240,L
QMS MEDICAL ALLIED S LTD,83.25,85.75,L
RAJGOR CASTOR DERIVATI L,18.15,18.35,L
VIRINCHI LIMITED,21.86,22.5,L
COMPUAGE INFOCOM LTD,1.48,1.54,L
WISE TRAVEL INDIA LIMITED,150.65,155.35,L
BAWEJA STUDIOS LIMITED,48.5,51.1,L
ELECTRO FORCE (INDIA) LTD,36,36.8,L
G-TEC JAINX EDUCATION LTD,31.89,32.12,L
BASILIC FLY STUDIO LTD,254.8,256.2,L
SPP POLYMER LIMITED,16.8,18.1,L
BRACE PORT LOGISTICS LTD,71.05,71.25,L
SHANTHALA FMCG PRODUCTS L,24.85,32.2,L
DIGIKORE STUDIOS LIMITED,184.5,188.25,L
JIWANRAM SHEODUTTRA IND L,6,6.3,L
VERTOZ LIMITED,8.33,8.5,L
ASPIRE & INNOVATIVE ADV L,28.9,29.45,L
BODHI TREE MULTIMEDIA LTD,8.57,9.4,L
KONTOR SPACE LIMITED,58.4,59.65,L
ALLCARGO TERMINALS LTD,24.5,24.75,L
PARAMOUNT SPECIALI FORG L,42.95,43.85,L
LORENZINI APPARELS LTD,12.28,12.54,L
PRANIK LOGISTICS LIMITED,67,67.6,L
KAMDHENU VENTURES LIMITED,9.68,9.88,L
REVATHI EQUIPMENT INDIA L,970.15,971.1,L
AURANGABAD DISTILLERY LTD,156.9,156.95,L
MY MUDRA FINCORP LIMITED,52.95,53.9,L
NATURAL CAPSULES LIMITED,166.82,175,L
NEWMALAYALAM STEEL LTD,27,27.5,L
COMMERCIAL SYN BAGS LTD,73.01,74.5,L
TEERTH GOPICON LIMITED,335.15,462.95,L
SDL GA 7.73% 2033,93,94,L
SDL HR 7.75% 2035,90,94,L
PRAXIS HOME RETAIL LTD,10.24,10.51,L
PRECISION METALIKS LTD,21.6,23.3,L
LANDMARK CARS LIMITED,387.8,393.4,L
NDL VENTURES LIMITED,70.31,74.35,L
MICROPRO SOFTWARE SOL L,23.1,23.75,L
PARAMATRIX TECHNOLOGIES L,63.6,68.25,L
ADITYA ULTRA STEEL LTD,25.7,26.75,L
PETRO CARBON AND CHEMI L,162,162.55,L
PHOENIX OVERSEAS LIMITED,18.5,19.25,L
ROX HI TECH LIMITED,40.9,43.05,L
VIPUL LIMITED,10.86,10.87,L
INDO FARM EQUIPMENT LTD,155.15,157.2,L
C2C ADVANCED SYSTEMS LTD,335.65,342.5,L
ISHAN DYES N CHEMICALS L,38.1,41.63,L

