SERIES,SYMBOL,SECURITY,RECORD_DT,BC_STRT_DT,BC_END_DT,EX_DT,ND_STRT_DT,ND_END_DT,PURPOSE
BE,FSL,Firstsource Solutions Lim,21/02/2025, , ,21/02/2025, , ,INTDIV - RS 4 PER SH     
BE,BBTC,Bombay Burmah Trading ,21/02/2025, , ,21/02/2025, , ,INTDIV - RS 13 PER SH    
BE,SANDESH,Sandesh Ltd,21/02/2025, , ,21/02/2025, , ,INTDIV - RS 2.5 PER SH   
BE,STEELCITY,Steel City Securities Lim,27/02/2025, , ,27/02/2025, , ,INTDIV - RE 1 PER SH     
BE,COASTCORP,Coastal Corporation Ltd,04/03/2025, , ,04/03/2025, , ,FV SPLT FRM RS10 TO RS 2 
BE,KIRLOSENG,Kirloskar Oil Eng Ltd,21/02/2025, , ,21/02/2025, , ,INTDIV - RS 2.5 PER SH   
BE,SJVN,SJVN Ltd,21/02/2025, , ,21/02/2025, , ,INTDIV - RS 1.15 PER SH  
BE,PGHL,PROCTER & GAMBLE HEALTH L,21/02/2025, , ,21/02/2025, , ,INTDIV - RS 80 PER SH    
BE,MODISONLTD,Modison Metals Limited,21/02/2025, , ,21/02/2025, , ,INTDIV - RS 1.50 PER SH  
BE,CAREERP,Career Point Limited,21/02/2025, , ,21/02/2025, , ,INTDIV - RE 1 PER SH     
BE,UNITEDTEA,United Nilgiri Tea Ltd,21/02/2025, , ,21/02/2025, , ,INTDIV - RE 1 PER SH     
BE,INDNIPPON,India Nippon Elect Ltd,21/02/2025, , ,21/02/2025, , ,INTDIV - RS 12.50 PER SH 
BE,CANTABIL,Cantabil Retail Ltd,21/02/2025, , ,21/02/2025, , ,INTDIV - RE 0.50 PER SH  
BE,MANAPPURAM,Manappuram Finance Ltd,21/02/2025, , ,21/02/2025, , ,INTDIV - RE 1 PER SH     
BE,PFC,Power Finance Corporation,28/02/2025, , ,28/02/2025, , ,INTDIV - RS 3.50 PER SH  
BE,NAVA,Nava Bharat Ventures Ltd.,28/02/2025, , ,28/02/2025, , ,BUY BACK                 
BE,JINDWORLD,Jindal Worldwide Ltd,28/02/2025, , ,28/02/2025, , ,BONUS 4:1                
BE,MBECL,Mcnally Bharat Engineerin,21/02/2025, , , , , ,CAPITAL REDUCTION        
BE,SBICARD,SBI Cards & Pay Ser Ltd,25/02/2025, , ,25/02/2025, , ,INTDIV - RS 2.50 PER SH  
BE,MGEL,Mangalam Global Ent Ltd,04/03/2025, , ,04/03/2025, , ,FV SPLT FRM RS 2 TO RE 1 
BZ,MBECL,Mcnally Bharat Engineerin,21/02/2025, , , , , ,CAPITAL REDUCTION        
EQ,FSL,Firstsource Solutions Lim,21/02/2025, , ,21/02/2025, , ,INTDIV - RS 4 PER SH     
EQ,MGEL,Mangalam Global Ent Ltd,04/03/2025, , ,04/03/2025, , ,FV SPLT FRM RS 2 TO RE 1 
EQ,SANDESH,Sandesh Ltd,21/02/2025, , ,21/02/2025, , ,INTDIV - RS 2.5 PER SH   
EQ,HDFCLIQUID,HDFCAMC - HDFCLIQUID,28/02/2025, , ,28/02/2025, , ,CHANGE IN ATTRIBUTE      
EQ,STEELCITY,Steel City Securities Lim,27/02/2025, , ,27/02/2025, , ,INTDIV - RE 1 PER SH     
EQ,COASTCORP,Coastal Corporation Ltd,04/03/2025, , ,04/03/2025, , ,FV SPLT FRM RS10 TO RS 2 
EQ,KIRLOSENG,Kirloskar Oil Eng Ltd,21/02/2025, , ,21/02/2025, , ,INTDIV - RS 2.5 PER SH   
EQ,SJVN,SJVN Ltd,21/02/2025, , ,21/02/2025, , ,INTDIV - RS 1.15 PER SH  
EQ,PGHL,PROCTER & GAMBLE HEALTH L,21/02/2025, , ,21/02/2025, , ,INTDIV - RS 80 PER SH    
EQ,MODISONLTD,Modison Metals Limited,21/02/2025, , ,21/02/2025, , ,INTDIV - RS 1.50 PER SH  
EQ,CAREERP,Career Point Limited,21/02/2025, , ,21/02/2025, , ,INTDIV - RE 1 PER SH     
EQ,UNITEDTEA,United Nilgiri Tea Ltd,21/02/2025, , ,21/02/2025, , ,INTDIV - RE 1 PER SH     
EQ,INDNIPPON,India Nippon Elect Ltd,21/02/2025, , ,21/02/2025, , ,INTDIV - RS 12.50 PER SH 
EQ,CANTABIL,Cantabil Retail Ltd,21/02/2025, , ,21/02/2025, , ,INTDIV - RE 0.50 PER SH  
EQ,MANAPPURAM,Manappuram Finance Ltd,21/02/2025, , ,21/02/2025, , ,INTDIV - RE 1 PER SH     
EQ,PFC,Power Finance Corporation,28/02/2025, , ,28/02/2025, , ,INTDIV - RS 3.50 PER SH  
EQ,NAVA,Nava Bharat Ventures Ltd.,28/02/2025, , ,28/02/2025, , ,BUY BACK                 
EQ,JINDWORLD,Jindal Worldwide Ltd,28/02/2025, , ,28/02/2025, , ,BONUS 4:1                
EQ,MBECL,Mcnally Bharat Engineerin,21/02/2025, , , , , ,CAPITAL REDUCTION        
EQ,SBICARD,SBI Cards & Pay Ser Ltd,25/02/2025, , ,25/02/2025, , ,INTDIV - RS 2.50 PER SH  
EQ,BBTC,Bombay Burmah Trading ,21/02/2025, , ,21/02/2025, , ,INTDIV - RS 13 PER SH    
GS,795GS2032,GOI LOAN 7.95% 2032,27/02/2025, , ,27/02/2025, , ,INTEREST PAYMENT         
MF,BSLIFQPIDG,BIRLASLAMC - BSLIFQPIDG,21/02/2025, , , , , ,STP                      
MF,BSLIQPIIDP,BSL IIF- QP - SI -IPDP,21/02/2025, , , , , ,STP                      
MF,BSLIQPIRDP,BSL IIF- QP - SI -RPDP,21/02/2025, , , , , ,STP                      
MF,BSLIQPIRG,BSL IIF- QP - SI -RPG,21/02/2025, , , , , ,STP                      
N3,932AEL27,Sec Re NCD 9.32% Sr III,25/02/2025, , ,25/02/2025, , ,INTEREST PAYMENT         
N5,8277SMF27,SICCL 8.277% 2027 Sr 107,25/02/2025, , ,25/02/2025, , ,INTEREST PAYMENT         
N6,IIFLSAMFIN,IIFL Samasta10.48% 2027,21/02/2025, , ,21/02/2025, , ,INTEREST PAYMENT         
N6,956AEL29,Sec Re NCD 9.56% Sr VI,25/02/2025, , ,25/02/2025, , ,INTEREST PAYMENT         
N7,TATACAPHSG,Sec Red NCD 8.01% Sr.IV,25/02/2025, , ,25/02/2025, , ,INTEREST PAYMENT         
N8,TATACAPHSG,Sec Red NCD 8.10% Sr.IV,25/02/2025, , ,25/02/2025, , ,INTEREST PAYMENT         
N9,NAVIFIN,Sec Re NCD 10.00% Sr. I,26/02/2025, , ,25/02/2025, , ,INTEREST PAYMENT         
NA,NAVIFIN,Sec Re NCD 10.40% Sr.II,26/02/2025, , ,25/02/2025, , ,INTEREST PAYMENT         
NB,NAVIFIN,Sec Re NCD 10.90% Sr.III,26/02/2025, , ,25/02/2025, , ,INTEREST PAYMENT         
NC,NAVIFIN,Sec Re NCD 10.65% Sr.IV,26/02/2025, , ,25/02/2025, , ,INTEREST PAYMENT         
ND,NAVIFIN,Sec Re NCD 11.19% Sr.V,26/02/2025, , ,25/02/2025, , ,INTEREST PAYMENT         
NG,IBULHSG,Sec Re NCD 8.88% Sr II,24/02/2025, , ,24/02/2025, , ,INTEREST PAYMENT         
NH,IBULHSG,Sec Re NCD 9.25% Sr II,24/02/2025, , ,24/02/2025, , ,INTEREST PAYMENT         
NM,IBULHSG,Sec Re NCD 9.02% Sr V,24/02/2025, , ,24/02/2025, , ,INTEREST PAYMENT         
NN,IBULHSG,Sec Re NCD 9.48% Sr V,24/02/2025, , ,24/02/2025, , ,INTEREST PAYMENT         
NR,CHOLAFIN,Chola 8.60% 2029 Sr 638,28/02/2025, , ,28/02/2025, , ,INTEREST PAYMENT         
NS,IBULHSG,Sec Re NCD 9.25% Sr VIII,24/02/2025, , ,24/02/2025, , ,INTEREST PAYMENT         
NT,IBULHSG,Sec Re NCD 9.71% Sr VIII,24/02/2025, , ,24/02/2025, , ,INTEREST PAYMENT         
NV,IBULHSG,Sec Re NCD 10.03% Sr X,24/02/2025, , ,24/02/2025, , ,INTEREST PAYMENT         
NY,IBULHSG,Sec Re NCD 9.8% Sr XII,24/02/2025, , ,24/02/2025, , ,INTEREST PAYMENT         
NZ,IBULHSG,Sec Re NCD 10.25% Sr XII,24/02/2025, , ,24/02/2025, , ,INTEREST PAYMENT         
U3,932AEL27,Sec Re NCD 9.32% Sr III,25/02/2025, , ,25/02/2025, , ,INTEREST PAYMENT         
U5,8277SMF27,SICCL 8.277% 2027 Sr 107,25/02/2025, , ,25/02/2025, , ,INTEREST PAYMENT         
U6,IIFLSAMFIN,IIFL Samasta10.48% 2027,21/02/2025, , ,21/02/2025, , ,INTEREST PAYMENT         
U6,956AEL29,Sec Re NCD 9.56% Sr VI,25/02/2025, , ,25/02/2025, , ,INTEREST PAYMENT         
U7,TATACAPHSG,Sec Red NCD 8.01% Sr.IV,25/02/2025, , ,25/02/2025, , ,INTEREST PAYMENT         
U8,TATACAPHSG,Sec Red NCD 8.10% Sr.IV,25/02/2025, , ,25/02/2025, , ,INTEREST PAYMENT         
U9,NAVIFIN,Sec Re NCD 10.00% Sr. I,26/02/2025, , ,25/02/2025, , ,INTEREST PAYMENT         
UA,NAVIFIN,Sec Re NCD 10.40% Sr.II,26/02/2025, , ,25/02/2025, , ,INTEREST PAYMENT         
UB,NAVIFIN,Sec Re NCD 10.90% Sr.III,26/02/2025, , ,25/02/2025, , ,INTEREST PAYMENT         
UC,NAVIFIN,Sec Re NCD 10.65% Sr.IV,26/02/2025, , ,25/02/2025, , ,INTEREST PAYMENT         
UD,NAVIFIN,Sec Re NCD 11.19% Sr.V,26/02/2025, , ,25/02/2025, , ,INTEREST PAYMENT         
UG,IBULHSG,Sec Re NCD 8.88% Sr II,24/02/2025, , ,24/02/2025, , ,INTEREST PAYMENT         
UH,IBULHSG,Sec Re NCD 9.25% Sr II,24/02/2025, , ,24/02/2025, , ,INTEREST PAYMENT         
UM,IBULHSG,Sec Re NCD 9.02% Sr V,24/02/2025, , ,24/02/2025, , ,INTEREST PAYMENT         
UN,IBULHSG,Sec Re NCD 9.48% Sr V,24/02/2025, , ,24/02/2025, , ,INTEREST PAYMENT         
UR,CHOLAFIN,Chola 8.60% 2029 Sr 638,28/02/2025, , ,28/02/2025, , ,INTEREST PAYMENT         
US,IBULHSG,Sec Re NCD 9.25% Sr VIII,24/02/2025, , ,24/02/2025, , ,INTEREST PAYMENT         
UT,IBULHSG,Sec Re NCD 9.71% Sr VIII,24/02/2025, , ,24/02/2025, , ,INTEREST PAYMENT         
UV,IBULHSG,Sec Re NCD 10.03% Sr X,24/02/2025, , ,24/02/2025, , ,INTEREST PAYMENT         
UY,IBULHSG,Sec Re NCD 9.8% Sr XII,24/02/2025, , ,24/02/2025, , ,INTEREST PAYMENT         
UZ,IBULHSG,Sec Re NCD 10.25% Sr XII,24/02/2025, , ,24/02/2025, , ,INTEREST PAYMENT         

