SYMBOL,SERIES,SECURITY,HIGH/LOW,INDEX FLAG
63MOONS,EQ,63 MOONS TECHNOLOGIES LTD,H
A2ZINFRA,BE,A2Z INFRA ENGINEERING LTD,H
AKSHAR,BE,AKSHAR SPINTEX LIMITED,H
AKSHOPTFBR,BE,AKSH OPTIFIBRE  LTD,H
ALMONDZ,EQ,ALMONDZ GLOBAL SEC LTD,H
ALPEXSOLAR,SM,ALPEX SOLAR LIMITED,H
ALPSINDUS,BE,ALPS INDUSTRIES LTD.,H
ANSALAPI,BZ,ANSAL PROP & INFRA LTD,H
ANTGRAPHIC,EQ,ANTARCTICA LTD,H
APRAMEYA,ST,APRAMEYA ENGINEERING LTD,H
ARENTERP,BE,RAJDARSHAN INDUSTRIES LTD,H
ARVEE,EQ,ARVEE LABORATORIES I LTD,H
ASLIND,SM,ASL INDUSTRIES LIMITED,H
ASTRON,EQ,ASTRON PAPER BORD MIL LTD,H
ATLANTAA,BE,ATLANTAA LIMITED,H
AVALON,EQ,AVALON TECHNOLOGIES LTD,H
AVPINFRA,ST,AVP INFRACON LIMITED,H
BAJAJINDEF,BE,INDEF MANUFACTURING LTD,H
BALCO,ST,SOLVE PLASTIC PRODUCTS L,H
BASILIC,ST,BASILIC FLY STUDIO LTD,H
BIRLAMONEY,BE,ADITYA BIRLA MONEY LTD,H
BLUECHIP,BE,BLUE CHIP INDIA LIMITED,H
BRACEPORT,ST,BRACE PORT LOGISTICS LTD,H
BTML,BE,BODHI TREE MULTIMEDIA LTD,H
CALSOFT,BE,CALIFORNIA SOFTWARE CO LT,H
CCCL,BE,CONS. CONST. CONSORT LTD,H
CMRSL,SM,CYBER MEDIA RES & SER LTD,H
COMPINFO,BZ,COMPUAGE INFOCOM LTD,H
CPS,ST,C P S SHAPERS LIMITED,H
CTE,EQ,CAMBRIDGE TECH ENTER LTD,H
DCI,EQ,DC INFOTECH AND COMUN LTD,H
DELTIC,ST,DELTA AUTOCORP LIMITED,H
DGCONTENT,BE,DIGICONTENT LIMITED,H
DIACABS,BE,DIAMOND POWER INFRA LTD,H
DJML,BE,DJ MEDIAPRINT & LOG LTD,H
DPEL,ST,DIVINE POWER ENERGY LTD,H
DRONE,ST,DRONE DESTINATION LIMITED,H
DYNAMIC,ST,DYNAMIC SRVCS & SEC LTD,H
E2E,EQ,E2E NETWORKS LIMITED,H
EFFWA,SM,EFFWA INFRA & RESEARCH L,H
ELECTHERM,BE,ELECTROTHERM (I) LTD.,H
ELGIRUBCO,BE,ELGI RUBBER CO. LTD,H
EMAMIREAL,BE,EMAMI REALTY LIMITED,H
ENERGYDEV,BE,ENERGY DEVE. CO.LTD,H
EPACK,EQ,EPACK DURABLE LIMITED,H
EXCEL,BE,EXCEL REALTY N INFRA LTD,H
FEL,BZ,FUTURE ENTERPRISES LTD,H
FLFL,BZ,FUT LIFESTYLE FASH LTD,H
FOCUS,EQ,FOCUS LIGHTG & FIXTRS LTD,H
GAJANAND,ST,GAJANAND INTERNATIONAL L,H
GANGAFORGE,EQ,GANGA FORGING LIMITED,H
GATECHDVR,BE,GACM TECHNOLOGIES LIMITED,H
GAYAHWS,BE,GAYATRI HIGHWAYS LIMITED,H
GLOBALE,BE,GLOBALE TESSILE LIMITED,H
GLOBALVECT,BE,GLOBAL VEC HELICORP LTD,H
GOENKA,BZ,GOENKA DIAMOND&JEWELS LTD,H
GPECO,ST,GP ECO SOLUTIONS INDIA L,H
GRAPHISAD,SM,GRAPHISADS LIMITED,H
GUJRAFFIA,BE,GUJARAT RAFFIA INDUST LTD,H
HEXATRADEX,EQ,HEXA TRADEX LIMITED,H
HITECHGEAR,BE,THE HI-TECH GEARS LIMITED,H
HPIL,EQ,HINDPRAKASH INDUSTRY LTD,H
IDENTICAL,ST,IDENTICAL BRAINS STUDIO L,H
IEL,BE,INDIABULLS ENT LTD,H
IEML,ST,INDIAN EMULSIFIERS LTD,H
IKIO,EQ,IKIO LIGHTING LIMITED,H
INDOTECH,EQ,INDO TECH TRANSFORM LTD.,H
INDSWFTLTD,BE,IND-SWIFT LIMITED,H
INFOLLION,SM,INFOLLION RESEARCH SER L,H
INFOMEDIA,BE,INFOMEDIA PRESS LIMITED,H
ITI,BE,ITI LTD,H
JAKHARIA,ST,JAKHARIA FABRIC LIMITED,H
JPASSOCIAT,BE,JAIPRAKASH ASSOCIATES LTD,H
JSWINFRA,EQ,JSW INFRASTRUCTURE LTD,H
KALYANIFRG,BE,KALYANI FORGE LIMITED,H
KEN,ST,KEN ENTERPRISES LIMITED,H
KONTOR,SM,KONTOR SPACE LIMITED,H
KOTYARK,ST,KOTYARK INDUSTRIES LTD,H
KREBSBIO,BE,KREBS BIOCHEMICALS & IND,H
KRITIKA,BE,KRITIKA WIRES LIMITED,H
KSHITIJPOL,BE,KSHITIJ POLYLINE LIMITED,H
LAMOSAIC,ST,LAMOSAIC INDIA LIMITED,H
LCCINFOTEC,BE,LCC INFOTECH LTD,H
LPDC,BE,LANDMARK PR.DEV.CO.LTD,H
MADHUCON,EQ,MADHUCON PROJECTS LTD.,H
MAFANG,EQ,MIRAEAMC - MAFANG,H
MAGSON,ST,MAGSON RETAIL AND DIST L,H
MAHKTECH,EQ,MIRAEAMC - MAHKTECH,H
MAKS,SM,MAKS ENERGY SOL INDIA LTD,H
MANORG,EQ,MANGALAM ORGANICS LIMITED,H
MARINE,BE,MARINE ELECTRICAL (I) LTD,H
MASKINVEST,BE,MASK INVESTMENTS LIMITED,H
MASON,ST,MASON INFRATECH LIMITED,H
MASPTOP50,EQ,MIRAEAMC - MASPTOP50,H
MCL,BE,MADHAV COPPER LIMITED,H
MCON,ST,MCON RASAYAN INDIA LTD,H
MEDIORG,SM,MEDICAMEN ORGANICS LTD,H
MICEL,EQ,MIC ELECTRONICS LTD,H
MIEL,ST,MANGLAM INFRA & ENG LTD,H
MONOPHARMA,SM,MONO PHARMACARE LIMITED,H
MONQ50,EQ,MOTILALAMC - MONQ50,H
MORARJEE,BZ,MORARJEE TEXTILES LIMITED,H
NEPHROCARE,SM,NEPHRO CARE INDIA LIMITED,H
NILASPACES,BE,NILA SPACES LIMITED,H
OBSCP,ST,OBSC PERFECTION LIMITED,H
OILCOUNTUB,EQ,OIL COUNTRY TUBULAR LTD,H
ORCHPHARMA,EQ,ORCHID PHARMA LIMITED,H
ORIANA,SM,ORIANA POWER LIMITED,H
OSIAHYPER,BE,OSIA HYPER RETAIL LIMITED,H
PANACHE,BE,PANACHE DIGILIFE LIMITED,H
PANSARI,BE,PANSARI DEVELOPERS LTD,H
PAR,BE,PAR DRUGS AND CHEM LTD,H
PARAGON,ST,PARAGON FINE S.C. LTD.,H
PERFECT,ST,PERFECT INFRAENGINEER LTD,H
PHANTOMFX,ST,PHANTOM DIGITAL EFF LTD,H
PRAXIS,BE,PRAXIS HOME RETAIL LTD,H
PREMIERPOL,BE,PREMIER POLYFILMS LTD,H
PRESSTONIC,ST,PRESSTONIC ENGINEERING L,H
PRIZOR,ST,PRIZOR VIZTECH LIMITED,H
PRUDMOULI,BE,PRUDENTIAL SUGAR CORPORAT,H
PURVA,EQ,PURAVANKARA LIMITED,H
QUICKTOUCH,ST,QUICKTOUCH TECHNOLOGIES L,H
RAJRILTD,BE,RAJ RAYON INDUSTRIES LTD,H
RBMINFRA,ST,RBM INFRACON LIMITED,H
REFEX,EQ,REFEX INDUSTRIES LIMITED,H
REGENCERAM,BE,REGENCYCERAMICS-LTD,H
RELIGARE,EQ,RELIGARE ENTER. LTD.,H
REPL,BE,RUDRABHISHEK ENTERP LTD,H
ROLLT,BE,ROLLATAINERS LIMITED,H
ROXHITECH,ST,ROX HI TECH LIMITED,H
RULKA,ST,RULKA ELECTRICALS LIMITED,H
S&SPOWER,EQ,S&S POWER SWITCHGEARS LTD,H
SABAR,ST,SABAR FLEX INDIA LIMITED,H
SAHANA,ST,SAHANA SYSTEM LIMITED,H
SAKUMA,BE,SAKUMA EXPORTS LIMITED,H
SANWARIA,BZ,SANWARIA CONSUMER LIMITED,H
SATKARTAR,SM,SAT KARTAR SHOPPING LTD,H
SEJALLTD,EQ,SEJAL GLASS LIMITED,H
SEMAC,BE,SEMAC CONSULTANTS LIMITED,H
SETCO,BE,SETCO AUTOMOTIVE LTD,H
SETUINFRA,BZ,SETUBANDHAN INFRA LTD,H
SFML,ST,SUPREME FACILITY MGMT LTD,H
SHAHALLOYS,EQ,SHAH ALLOYS LIMITED,H
SHAKTIPUMP,BE,SHAKTI PUMPS (I) LTD,H
SHANTHALA,ST,SHANTHALA FMCG PRODUCTS L,H
SHANTI,EQ,SHANTI OVERSEAS INDIA LTD,H
SHRADHA,BE,SHRADHA INFRAPROJECTS LTD,H
SHREERAMA,BE,SHREE RAMA MULTI TECH LTD,H
SHUBHSHREE,ST,SHUBHSHREE BIOFUELS ENE L,H
SITINET,BZ,SITI NETWORKS LIMITED,H
SLONE,ST,SLONE INFOSYSTEMS LIMITED,H
SOFTTECH,BE,SOFTTECH ENGINEERS LTD,H
SOLARA,EQ,SOLARA ACTIVE PHA SCI LTD,H
SOLARAPP,E1,SOLAR ACT RS.3.50 PPD UP,H
SPMLINFRA,BE,SPML INFRA LIMITED,H
SSFL,SM,SRIVARI SPICES N FOODS L,H
SUPREMEENG,BE,SUPREME ENGINEERING LTD,H
SUULD,BZ,SUUMAYA INDUSTRIES LTD,H
SVLL,BE,SHREE VASU LOGISTICS LTD,H
TAC,ST,TAC INFOSEC LIMITED,H
TAKE,BZ,TAKE SOLUTIONS LTD,H
TARIL,EQ,TRANS & RECTI. LTD,H
TCIFINANCE,BE,TCIFINANCELTD-ROLL SETT,H
TCL,SM,THAAI CASTING LIMITED,H
TFL,BE,TRANSWARRANTY FIN. LTD.,H
TGL,ST,TEERTH GOPICON LIMITED,H
THESL,ST,THINKING HATS ENTER SOL L,H
TIL,EQ,TIL LTD,H
TIRUPATIFL,BE,TIRUPATI FORGE LIMITED,H
TNTELE,BE,TAMILNADU TELECOMMUNICATI,H
TPHQ,BE,TEAMO PRODUCTIONS HQ LTD,H
TRUST,ST,TRUST FINTECH LIMITED,H
TTL,BE,T T LIMITED,H
TVVISION,BE,TV VISION LIMITED,H
UHTL,ST,UNITED HEAT TRANSFER LTD,H
V2RETAIL,BE,V2 RETAIL LIMITED,H
VARDMNPOLY,BE,VARDHMAN POLYTEX LTD.,H
VELS,ST,VELS FILM INTERNATIONAL L,H
VERTEXPLUS,SM,VERTEXPLUS TECHNOLOGIES L,H
VLEGOV,BE,VL E GOV AND IT SOL LTD,H
VLINFRA,ST,V.L.INFRAPROJECTS LIMITED,H
WEALTH,BE,WEALTH FRST PORT. MG. LTD,H
WIPL,BE,THE WESTERN INDIA PLY LTD,H
YAARI,BE,YAARI DIGI INT SER LTD,H
21STCENMGM,BE,21ST CENTURY MGMT SERVICE,L
A2ZINFRA,BE,A2Z INFRA ENGINEERING LTD,L
AGSTRA,BE,AGS TRANSACT TECH LTD,L
AILIMITED,ST,ABHISHEK INTEGRATIONS LTD,L
AKANKSHA,SM,AKANKSHA POWER N INFRA L,L
ARENTERP,BE,RAJDARSHAN INDUSTRIES LTD,L
ARTNIRMAN,BE,ART NIRMAN LIMITED,L
AVROIND,EQ,AVRO INDIA LIMITED,L
BAGFILMS,BE,B.A.G FILMS AND MEDIA LTD,L
BAJAJINDEF,BE,INDEF MANUFACTURING LTD,L
BALCO,ST,SOLVE PLASTIC PRODUCTS L,L
BBOX,EQ,BLACK BOX LIMITED,L
BGRENERGY,BE,BGR ENERGY SYSTEMS LTD,L
BIL,BE,BHARTIYA INETRNATIONAL LT,L
BLUEJET,EQ,BLUE JET HEALTHCARE LTD,L
C2C,ST,C2C ADVANCED SYSTEMS LTD,L
CADSYS,ST,CADSYS (INDIA) LIMITED,L
CPS,ST,C P S SHAPERS LIMITED,L
DELTAMAGNT,BE,DELTA MANUFACTURING LTD,L
DESTINY,ST,DESTINY LOGISTICS & I LTD,L
DHRUV,BE,DHRUV CONSULTANCY SER LTD,L
ENSER,ST,ENSER COMMUNICATIONS LTD,L
ESSARSHPNG,BE,ESSAR SHIPPING LTD,L
EUROTEXIND,BE,EUROTEX IND & EXPORTS LTD,L
FLEXITUFF,BE,FLEXITUFF VENTURES INT L,L
FRESHARA,ST,FRESHARA AGRO EXPORTS LTD,L
GAYAHWS,BE,GAYATRI HIGHWAYS LIMITED,L
GAYAPROJ,BZ,GAYATRI PROJECTS LTD,L
GRETEX,ST,GRETEX INDUSTRIES LTD.,L
HECPROJECT,EQ,HEC INFRA PROJECTS LTD,L
ICDSLTD,BE,ICDSLTD,L
IL&FSENGG,BZ,IL&FS ENG AND CONS CO LTD,L
IMPEXFERRO,BZ,IMPEX FERRO TECH LIMITED,L
INFOMEDIA,BE,INFOMEDIA PRESS LIMITED,L
ISHAN,SM,ISHAN INTERNATIONAL LTD,L
IZMO,BE,IZMO LIMITED,L
JHS,BE,JHS SVEND. LAB. LTD,L
KCK,ST,KCK INDUSTRIES LTD,L
KEN,ST,KEN ENTERPRISES LIMITED,L
KERNEX,BE,KERNEX MICROSYS(I) LTD,L
KITEX,BE,KITEX GARMENTS LTD,L
KKJEWELS,ST,KABRA JEWELS LIMITED,L
KORE,ST,JAY JALARAM TECHNO LTD,L
KOTHARIPRO,BE,KOTHARI PRODUCTS,L
KTL,ST,KALAHRIDHAAN TRENDZ LTD,L
MACPOWER,BE,MACPOWER CNC MACHINES LTD,L
MAITREYA,ST,MAITREYA MEDICARE LIMITED,L
MCLEODRUSS,BE,MCLEOD RUSSEL INDIA LTD.,L
MEGAFLEX,ST,MEGA FLEX PLASTICS LTD,L
MIEL,ST,MANGLAM INFRA & ENG LTD,L
MITCONPP,E1,MITCON CON RS.2.50 PPD UP,L
ONDOOR,ST,ON DOOR CONCEPTS LIMITED,L
ORIENTTECH,EQ,ORIENT TECHNOLOGIES LTD,L
PAR,BE,PAR DRUGS AND CHEM LTD,L
PARIN,ST,PARIN ENTERPRISES LIMITED,L
PENINLAND,BE,PENINSULA LAND LIMITED,L
PERFECT,ST,PERFECT INFRAENGINEER LTD,L
PRECOT,BE,PRECOT LIMITED,L
PTCIL,EQ,PTC INDUSTRIES LIMITED,L
PULZ,SM,PULZ ELECTRONICS LIMITED,L
READYMIX,ST,READYMIX CONSTRU MACHI L,L
RMDRIP,ST,R M DRIP & SPRINK SYS LTD,L
RSSOFTWARE,BE,R. S. SOFTWARE (INDIA) LI,L
SANCO,BZ,SANCO INDUSTRIES LIMITED,L
SBGLP,EQ,SURATWWALA BUS GROUP LTD,L
SHUBHLAXMI,ST,SHUBHLAXMI JEWEL ART LTD,L
SOLEX,ST,SOLEX ENERGY LIMITED,L
SONUINFRA,ST,SONU INFRATECH LIMITED,L
SPCL,ST,SHIVALIC POWER CONTROL L,L
SUULD,BZ,SUUMAYA INDUSTRIES LTD,L
TAPIFRUIT,SM,TAPI FRUIT PROCESSING LTD,L
TIMESCAN,SM,TIMESCAN LOGISTICS IND L,L
TRU,BE,TRUCAP FINANCE LIMITED,L
TVVISION,BE,TV VISION LIMITED,L
UNIVASTU,BE,UNIVASTU INDIA LIMITED,L
VAKRANGEE,EQ,VAKRANGEE LIMITED,L
VINNY,BE,VINNY OVERSEAS LIMITED,L
VLEGOV,BE,VL E GOV AND IT SOL LTD,L
VMARCIND,ST,V MARC INDIA LIMITED,L
VOLERCAR,ST,VOLER CAR LIMITED,L
WINNY,ST,WINNY IMMIGRA & EDU SER L,L
WINSOME,BZ,WINSOME YARNS LIMITED,L
WOCKPHARMA,EQ,WOCKHARDT LIMITED,L
ZENITHEXPO,BE,ZENITH EXPORTS LTD,L
