GAIN_LOSS,SECURITY,CLOSE_PRIC,PREV_CL_PR,PERCENT_CG
 ,Nifty 50 Sec., , , 
 , , , , 
G,HINDALCO  INDUSTRIES  LTD,       653.55,       638.80,2.31
G,TATA STEEL LIMITED,       140.76,       138.04,1.97
G,SBI LIFE INSURANCE CO LTD,      1495.40,      1469.80,1.74
G,EICHER MOTORS LTD,      4962.45,      4888.40,1.51
G,LARSEN & TOUBRO LTD.,      3315.10,      3275.80,1.2
G,HCL TECHNOLOGIES LTD,      1700.70,      1687.55,.78
G,SHRIRAM FINANCE LIMITED,       585.10,       580.85,.73
G,COAL INDIA LTD,       369.95,       367.95,.54
G,HDFC LIFE INS CO LTD,       622.85,       620.00,.46
G,ASIAN PAINTS LIMITED,      2257.60,      2249.05,.38
G,NESTLE INDIA LIMITED,      2214.95,      2206.75,.37
G,NTPC LTD,       326.25,       325.15,.34
G,HDFC BANK LTD,      1692.50,      1687.10,.32
G,TATA CONSULTANCY SERV LT,      3786.00,      3779.40,.17
G,JSW STEEL LIMITED,       981.90,       981.15,.08
 , , , , 
L,MAHINDRA & MAHINDRA LTD,      2669.35,      2839.45,-5.99
L,BHARAT PETROLEUM CORP  LT,       251.30,       258.60,-2.82
L,ADANI PORT & SEZ LTD,      1083.25,      1111.70,-2.56
L,TATA MOTORS LIMITED,       673.20,       689.80,-2.41
L,WIPRO LTD,       306.35,       313.30,-2.22
L,ADANI ENTERPRISES LIMITED,      2133.10,      2179.00,-2.11
L,DR. REDDY S LABORATORIES,      1151.80,      1170.95,-1.64
L,BHARAT ELECTRONICS LTD,       256.10,       260.25,-1.59
L,SUN PHARMACEUTICAL IND L,      1643.75,      1669.30,-1.53
L,POWER GRID CORP. LTD.,       261.90,       265.75,-1.45
L,HERO MOTOCORP LIMITED,      3852.60,      3909.10,-1.45
L,BAJAJ AUTO LIMITED,      8506.05,      8630.20,-1.44
L,ICICI BANK LTD.,      1232.95,      1249.95,-1.36
L,ULTRATECH CEMENT LIMITED,     11157.25,     11287.60,-1.15
L,APOLLO HOSPITALS ENTER. L,      6317.55,      6390.95,-1.15
L,STATE BANK OF INDIA,       722.00,       729.70,-1.06
L,TRENT LTD,      5048.20,      5099.50,-1.01
L,MARUTI SUZUKI INDIA LTD.,     12323.45,     12440.65,-0.94
L,GRASIM INDUSTRIES LTD,      2431.05,      2453.70,-0.92
L,KOTAK MAHINDRA BANK LTD,      1953.05,      1970.55,-0.89
L,OIL AND NATURAL GAS CORP.,       239.90,       241.90,-0.83
L,AXIS BANK LIMITED,      1008.95,      1017.20,-0.81
L,INFOSYS LIMITED,      1815.00,      1825.15,-0.56
L,TECH MAHINDRA LIMITED,      1649.50,      1657.85,-0.5
L,TATA CONSUMER PRODUCT LTD,      1004.00,      1008.90,-0.49
L,RELIANCE INDUSTRIES LTD,      1228.15,      1233.00,-0.39
L,INDUSIND BANK LIMITED,      1043.75,      1047.65,-0.37
L,TITAN COMPANY LIMITED,      3179.90,      3191.45,-0.36
L,ITC LTD,       400.90,       402.05,-0.29
L,HINDUSTAN UNILEVER LTD.,      2241.65,      2248.05,-0.28
 , , , , 
 ,Nifty Next 50 Sec., , , 
 , , , , 
G,JSW ENERGY LIMITED,       496.60,       468.55,5.99
G,VARUN BEVERAGES LIMITED,       477.65,       468.40,1.97
G,MACROTECH DEVELOPERS LTD,      1215.55,      1192.50,1.93
G,VEDANTA LIMITED,       438.20,       433.50,1.08
G,LIFE INSURA CORP OF INDIA,       780.90,       776.50,0.57
G,ICICI LOMBARD GIC LIMITED,      1733.10,      1727.30,0.34
G,INDIAN RAILWAY FIN CORP L,       125.11,       124.78,0.26
G,INTERGLOBE AVIATION LTD,      4510.75,      4501.45,0.21
G,JINDAL STEEL & POWER LTD,       880.35,       879.30,0.12
G,NHPC LTD,        79.89,        79.80,0.11
 , , , , 
L,TVS MOTOR COMPANY  LTD,      2324.95,      2419.25,-3.9
L,DIVI S LABORATORIES LTD,      5757.05,      5978.30,-3.7
L,UNITED SPIRITS LIMITED,      1306.50,      1344.95,-2.86
L,SAMVRDHNA MTHRSN INTL LTD,       128.78,       131.81,-2.3
L,GODREJ CONSUMER PRODUCTS,      1052.20,      1074.60,-2.08
L,SIEMENS LTD,      4921.35,      5025.90,-2.08
L,BAJAJ HOLDINGS & INVS LTD,     12207.85,     12454.30,-1.98
L,BHEL,       196.41,       200.17,-1.88
L,TORRENT PHARMACEUTICALS L,      3039.35,      3095.95,-1.83
L,ADANI GREEN ENERGY LTD,       849.35,       864.95,-1.8
L,LTIMINDTREE LIMITED,      5298.50,      5395.25,-1.79
L,INFO EDGE (I) LTD,      7537.10,      7673.45,-1.78
L,GAIL (INDIA) LTD,       164.21,       167.14,-1.75
L,ZYDUS LIFESCIENCES LTD,       885.35,       899.65,-1.59
L,BANK OF BARODA,       210.27,       213.57,-1.55
L,ZOMATO LIMITED,       230.36,       233.93,-1.53
L,PUNJAB NATIONAL BANK,        94.25,        95.65,-1.46
L,REC LIMITED,       403.55,       409.45,-1.44
L,DLF LIMITED,       686.25,       694.90,-1.24
L,UNION BANK OF INDIA,       115.68,       117.08,-1.2
L,INDIAN OIL CORP LTD,       121.33,       122.79,-1.19
L,HINDUSTAN AERONAUTICS LTD,      3368.50,      3408.55,-1.17
L,ADANI POWER LTD,       478.65,       484.30,-1.17
L,ADANI ENERGY SOLUTION LTD,       670.95,       678.00,-1.04
L,ADANI TOTAL GAS LIMITED,       581.75,       587.70,-1.01
L,ABB INDIA LIMITED,      5291.40,      5344.65,-1
L,PIDILITE INDUSTRIES LTD,      2795.70,      2821.50,-0.91
L,CANARA BANK,        87.33,        88.06,-0.83
L,CHOLAMANDALAM IN & FIN CO,      1384.15,      1395.25,-0.8
L,AVENUE SUPERMARTS LIMITED,      3596.70,      3623.80,-0.75
 , , , , 
 ,OTHER SECURITIES, , , 
 , , , , 
G,SEC RE NCD 0% SR.V,      1173.65,       985.00,19.15
G,IKIO LIGHTING LIMITED,       213.76,       180.08,18.7
G,RELIGARE ENTER. LTD.,       263.89,       223.01,18.33
G,THAAI CASTING LIMITED,       117.65,       102.45,14.84
G,UNSERENCD8.85%SRIVCIII&IV,      1130.00,      1005.00,12.44
G,DECCAN CEMENTS LIMITED,       862.70,       769.00,12.18
G,GODREJ INDUSTRIES LTD,      1131.50,      1011.75,11.84
G,SHREE RAMA NEWSPRINT LTD,        30.22,        27.13,11.39
G,SUBROS LIMITED,       634.15,       571.60,10.94
G,CENTURY ENKA LTD,       539.05,       488.55,10.34
G,AUTOMOTIVE STAMPINGS & AS,       516.20,       468.95,10.08
G,SEC RE NCD 9.55% SR.IV,       440.00,       400.00,10
G,MANGALAM ORGANICS LIMITED,       477.30,       433.95,9.99
G,KDDL LIMITED,      2976.55,      2707.10,9.95
G,UNIVERSAL CABLES LTD,       546.25,       498.45,9.59
G,JSW INFRASTRUCTURE LTD,       259.30,       238.30,8.81
G,NIRAJ CEMENT STRUC LTD,        55.68,        51.25,8.64
G,HINDWARE HME INOVATON LTD,       210.75,       194.62,8.29
G,PRITIKA AUTO INDUS LTD,        21.31,        19.69,8.23
G,PREMIUM PLAST LIMITED,        39.85,        37.00,7.7
G,N R AGARWAL INDS LTD,       302.50,       281.00,7.65
G,CENTURY EXTRUSIONS LTD,        21.85,        20.32,7.53
G,DIAMINES & CHEMICALS LTD,       402.65,       374.55,7.5
G,ARCHEAN CHEMICAL IND LTD,       483.10,       449.45,7.49
G,VIJAYA DIAGNOSTIC CEN LTD,       994.10,       924.90,7.48
G,SPECTRUM ELECTRIC IND LTD,      1925.10,      1791.45,7.46
G,JUNIPER HOTELS LIMITED,       255.85,       240.00,6.6
G,ISGEC HEAVY ENG LTD,       994.35,       933.05,6.57
G,MIRAEAMC - MAHKTECH,        25.06,        23.55,6.41
G,SHIGAN QUANTUM TECH LTD,        83.95,        79.00,6.27
 , , , , 
L,SCL 10.25% 2034 SR XII,       800.00,       990.00,-19.19
L,MITCON CON RS.2.50 PPD UP,        33.57,        40.94,-18
L,JINDAL DRILLING IND. LTD,       821.20,       934.90,-12.16
L,FCS SOFTWARE SOLN. LTD.,         2.90,         3.28,-11.59
L,SURATWWALA BUS GROUP LTD,        48.69,        54.10,-10
L,MITCON CON & ENG SER LTD,        82.28,        91.39,-9.97
L,D K ENTERPRISES GLOBAL L,        66.55,        73.40,-9.33
L,TRANSWORLD SHIP LINES LTD,       257.25,       278.75,-7.71
L,IVP LTD,       146.20,       157.14,-6.96
L,SEC RE NCD SR.V,      1100.30,      1182.00,-6.91
L,SEC RE NCD 9.85% SR.VIII,       701.09,       750.00,-6.52
L,SHIVALIK BIMETAL CON. LTD,       450.40,       481.65,-6.49
L,STL GLOBAL LIMITED,        13.45,        14.35,-6.27
L,P. E. ANALYTICS LIMITED,       234.50,       250.00,-6.2
L,INTERNATIO GEMM INS (I) L,       418.50,       446.10,-6.19
L,ONECLICK LOGISTICS IND L,       125.35,       133.50,-6.1
L,SRIVASAVI ADHESIVE TAPE L,        70.00,        74.50,-6.04
L,CYIENT LIMITED,      1364.85,      1452.55,-6.04
L,IFB AGRO INDUSTRIES LTD,       515.60,       548.05,-5.92
L,INTERIORS & MORE LIMITED,       320.00,       340.00,-5.88
L,SCL 10.15% 2029 SR VII,       950.00,      1008.00,-5.75
L,SUPRIYA LIFESCIENCE LTD,       639.85,       678.90,-5.75
L,ASAHI INDIA GLASS LIMITED,       673.30,       714.00,-5.7
L,ORIENT PAPER AND INDS LTD,        24.98,        26.48,-5.66
L,SAROJA PHARMA INDUS IND L,        47.35,        50.05,-5.39
L,SRI HAVISHA HOSP & INFR L,         2.11,         2.23,-5.38
L,AIMTRON ELECTRONICS LTD,       448.40,       473.55,-5.31
L,RACE ECO CHAIN LIMITED,       289.00,       305.20,-5.31
L,MPS LIMITED,      2684.80,      2834.40,-5.28
L,MIRC ELECTRONICS LTD,        15.42,        16.27,-5.22
