SECURITY,NEW,PREVIOUS,NEW_STATUS
2.5%GOLDBONDS2028SR-III,8600,8579.99,H
GOI TBILL 364D-24/04/25,98.65,98.49,H
PENINSULA LAND LIMITED,27.3,25,H
SEC RE NCD SR III,1029.31,1022.93,H
DENTA WATER N INFRA SOL L,377.7,375,H
2.50%GOLDBONDS2028SR-VI,8620,8601,H
2.50%GOLDBONDS2029SR-XII,8632.5,8616.99,H
SHREE VASU LOGISTICS LTD,433.5,425,H
SEC RE NCD 9.25% SR.VII,1020.8,1011.7,H
GOI TBILL 364D-22/01/26,94.22,94,H
2.50%GOLDBONDS2027SR-V,8598,8579.98,H
2.50%GOLDBONDS2028SR-IV,8602,8600,H
2.50%GOLDBONDS2029SR-X,8675,8588,H
2.50% GOLDBONDS2025SR-VI,8598,8549,H
GAYATRI RUBB AND CHEM LTD,489.9,484.6,H
SEC RE NCD 11% SR.V,1080.65,1067.31,H
PASHUPATI COTSPIN LIMITED,629,628.1,H
HEXAWARE TECHNOLOGIES LTD,824,806.7,H
REXPRO ENTERPRISES LTD,92.5,91,H
2.5%GOLDBONDS2029SR-I,8649,8575,H
2.50%GOLDBONDS2027SR-VI,8564,8545,H
2.50%GOLDBONDS2028SR-II,8610,8550,H
2.50%GOLDBONDS2028SR-V,8610,8599.99,H
2.50%GOLDBONDS2031SR-II,8795.01,8715,H
2.50%GOLDBONDS2026SR-II,8650,8590,H
NIP IND ETF LONGTERM GILT,28.4,28.06,H
MOTILALAMC - MONQ50,93.32,93.08,H
GOI TBILL 364D-12/06/25,98,97.71,H
2.5%GOLDBONDS2029SR-VI,8614.99,8579,H
2.50%GOLDBONDS2027SR-II,8600,8565,H
2.50%GOLDBONDS2031SR-III,8785,8775,H
SEC RE NCD 9.10% SR III,1065,1054.2,H
SEC RE NCD 9.65% SR IV,1056.78,1050,H
BLUE COAST HOTELS LIMITED,40.64,39.85,H
UNSERENCD8.85%SRIVCIII&IV,1139,1137,H
2.5%GOLDBONDS2029SR-VII,8605,8599.99,H
2.50%GOLDBONDS2029SR-VIII,8650,8598.98,H
SGB2.50%JUL2025SR-II17-18,8585,8569,H
JALAN TRANSOLU. INDIA LTD,13.45,13.25,H
2.50%GOLDBONDS2027SR-I,8599,8595,H
2.50%GOLDBONDS2027SR-III,9089,8996,H
2.50%GOLDBONDS2029SR-IX,8695,8670,H
MIRAEAMC - MAHKTECH,25.34,25.2,H
2.50%GOLDBONDS2027SR-IV,8622,8590,H
NORBEN TEA &EXPORTS LTD,42.72,41.89,H
2.50%GOLDBONDS2025SR-XIII,8598,8500,H
KARNIKA INDUSTRIES LTD,419.95,404.95,H
KANDARP DG SMART BPO LTD,63.2,60.55,H
PRATHAM EPC PROJECTS LTD,207.7,205,H
ANDHRA PAPER LIMITED,76,76.32,L
SANCO INDUSTRIES LIMITED,2.91,3.07,L
SOLVE PLASTIC PRODUCTS L,35.45,36.1,L
PERFECT INFRAENGINEER LTD,13.3,14,L
EDELAMC - ECAPINSURE,17.73,17.87,L
SCL 9.90% 2027 SR IV,950,970,L
TRANSWORLD SHIP LINES LTD,254.1,256,L
CMM INFRAPROJECTS LIMITED,2.5,2.55,L
GLOBESECURE TECHNO LTD,24.65,25.15,L
MOS UTILITY LIMITED,239.4,240.5,L
ARABIAN PETROLEUM LIMITED,70,70.1,L
ASHAPURA LOGISTICS LTD,75.1,80,L
ICICIPRAMC - ICICIALPLV,25.43,25.46,L
8.20 NCD05MAR27 FV 1000,1040,1040.2,L
AKI INDIA LIMITED,9.72,9.92,L
TECHERA ENGINEER (IND) L,153.8,156.9,L
AGS TRANSACT TECH LTD,24.54,25.84,L
NIBE LIMITED,1008,1026.15,L
READYMIX CONSTRU MACHI L,85.95,90.45,L
MONO PHARMACARE LIMITED,22.1,22.6,L
INTERNATIO GEMM INS (I) L,413.55,416.3,L
UNILEX COLOURS AND CHEM L,62.95,63,L
ARVIND PORT AND INFRA LTD,58,58.9,L
GODAVARI BIOREFINERIES L,166.1,166.52,L
ISHAN INTERNATIONAL LTD,1.4,1.45,L
SURATWWALA BUS GROUP LTD,48.69,54.1,L
BIKEWO GREEN TECH LIMITED,18.7,33.1,L
ZENITH DRUGS LIMITED,72.75,74.2,L
IMPEX FERRO TECH LIMITED,2.42,2.55,L
ONE MOBIKWIK SYSTEMS LTD,308.55,309.2,L
SIGNORIA CREATION LIMITED,84.5,85.75,L
REVATHI EQUIPMENT INDIA L,1180.2,1192.05,L
KABRA JEWELS LIMITED,133.8,167.05,L
COOL CAPS INDUSTRIES LTD,882,895.05,L
STAR HEALTH & AL INS CO L,383.25,383.55,L
DREAMFOLKS SERVICES LTD,267.05,268.55,L
FUT LIFESTYLE FASH LTD,1.75,1.78,L
G-TEC JAINX EDUCATION LTD,31.53,32.18,L
PALRED TECHNOLOGIES LTD,58.1,59.29,L
MANGLAM INFRA & ENG LTD,29.35,30.9,L
ENERGY MISSION MACH IND L,219.05,224.4,L
ATLAS CYCLE (HARYANA) LTD,110.81,113.08,L
ODIGMA CONSULTANCY SOL L,41.42,42.27,L
URJA GLOBAL LIMITED,12.21,12.45,L
CHAMUNDA ELECTRICAL LTD,48,50.25,L
INDIAN CARD,261.25,265,L
GOI TBILL 182D-14/08/25,96,97,L
STERLITE TECHNOLOGIES LTD,92.1,92.11,L
SULA VINEYARDS LIMITED,285,287.2,L
KALAHRIDHAAN TRENDZ LTD,14.75,15.5,L
ASPIRE & INNOVATIVE ADV L,27.2,28.2,L
SEC RE NCD SR.V,1100.3,1153.2,L
TRUCAP FINANCE LIMITED,10.45,10.53,L
K2 INFRAGEN LIMITED,116.25,118.6,L
ENSER COMMUNICATIONS LTD,23.85,25.1,L
WISE TRAVEL INDIA LIMITED,143,145.65,L
SCL 10.15% 2029 SR VII,950,1008,L
JIWANRAM SHEODUTTRA IND L,8.95,9.1,L
KORE DIGITAL LIMITED,423.75,432.4,L
CRAYONS ADVERTISING LTD,68.3,70,L
PAR DRUGS AND CHEM LTD,121.63,128.04,L
SHIVALIC POWER CONTROL L,158.3,165.8,L
ESCONET TECHNOLOGIES LTD,232.4,237.15,L
AURANGABAD DISTILLERY LTD,146.5,153.15,L
LORENZINI APPARELS LTD,13.27,13.55,L
GLOBE INTL CARRIERS LTD,103.55,105.65,L
ONESOURCE SPECL PHARMA L,1255.3,1272.55,L
RNFI SERVICES LIMITED,260.4,265.7,L
VENTIVE HOSPITALITY LTD,611.25,612.3,L
SAMEERA AGRO AND INFRA L,62.6,63.15,L
DMCC SPECIALITY CHEMICALS,307.9,314.15,L
SAHASRA ELECTRONIC SOLU L,354,537.7,L
ASTRON PAPER BORD MIL LTD,12.9,13.04,L
GO FASHION INDIA LTD,785.5,797,L
NOIDA TOLL BRIDGE CO LTD,4.42,4.52,L
MOXSH OVERSEAS EDUCON LTD,29.7,30,L
QUALITY FOILS (INDIA) LTD,72.75,74.8,L
DELPHI WORLD MONEY LTD,166.84,169.07,L
DSPAMC - TOP10ADD,90.17,90.56,L
SCL 10.25% 2034 SR XII,800,901,L
ORBIT EXPORTS LIMITED,158,160,L
VOLER CAR LIMITED,85.05,85.5,L
JYOTI STRUCTURES LIMITED,1.08,1.15,L
KEN ENTERPRISES LIMITED,56.5,59.45,L

