SYMBOL,SYMBOL P/E,ADJUSTED P/E
THERMAX,65.07,65.07
RIIL,127.27,127.27
RAYMOND,20.52,20.14
SHREDIGCEM,26.46,26.46
SESHAPAPER,15.01,15.01
SUNDRMFAST,37.46,37.46
CRISIL,49.83,49.83
LMW,128.33,128.33
NELCO,100.71,100.71
MAHSCOOTER,65.87,68.64
TRENT,100.41,140.98
KCP,9.5,8.62
INFY,27.37,27.37
IONEXCHANG,35.1,35.1
IFBIND,36.96,36.96
HIMATSEIDE,18.88,18.88
BHARATFORG,60.21,54.3
FORCEMOT,17.51,17.51
ARVIND,27.66,27.66
TATAMOTORS,7.98,7.96
LINDEINDIA,121.24,121.24
ESCORTS,30.59,30.59
ASHOKLEY,21.84,22.15
ZUARIIND,,543.65
SUNDARMFIN,31.84,30.63
VEDL,9.5,10.56
RELIANCE,20.99,20.99
BATAINDIA,46.64,64.82
CARBORUNIV,47.77,56.49
BALMLAWRIE,14.03,14.03
MOTOGENFIN,46.62,46.62
ABREL,128.26,128.26
CENTENKA,13.27,13.27
ATFL,362.82,324.73
SUPREMEIND,53.16,53.16
BALRAMCHIN,25.45,25.45
AEGISLOG,36.21,36.21
BBOX,40.7,31.44
JTEKTINDIA,39.69,39.94
SAURASHCEM,184.67,184.67
TATAELXSI,46.35,46.35
SANDESH,6.05,6.07
ARE&M,18.89,20.43
IVP,13.28,13.28
INDBANK,16.79,16.79
RAJSREESUG,13.19,13.19
GVT&D,74.77,74.77
TIL,7.88,165.42
BANARISUG,48.07,48.07
KPIL,30.53,30.53
BSL,16.99,16.99
JAYNECOIND,262.25,109.44
RCF,27.64,29.39
ADVANIHOTR,21.67,21.67
SUNFLAG,25.61,25.61
SIEMENS,69.26,69.26
TOKYOPLAST,139.99,139.99
IFCI,50.03,50.54
HLVLTD,37.49,41.18
HEIDELBERG,44.1,44.1
PCBL,33.06,33.03
OSWALAGRO,19.88,19.87
JINDALSAW,8.79,8.79
STYRENIX,19.32,19.32
CANFINHOME,9.68,9.68
ELECTCAST,8.02,8.02
DABUR,51.14,51.14
COSMOFIRST,14.76,14.76
HDFCBANK,18.19,17.93
GMBREW,10.15,10.15
INDIANHUME,16.66,16.66
IOC,18.86,23.48
OSWALGREEN,81.26,81.26
HUHTAMAKI,17.21,25.62
KAMATHOTEL,22.47,23.81
BANCOINDIA,14.95,14.95
APOLLOTYRE,20.59,19.49
SHANTIGEAR,33.85,33.85
ONWARDTEC,29.94,29.94
ICIL,18.21,18.21
ELGIEQUIP,47.54,47.54
EIHOTEL,28.61,28.88
LICHSGFIN,5.83,5.83
MOREPENLAB,22.71,22.71
VENKEYS,17.12,17.12
PRUDMOULI,30.27,27.73
HIL,,60.72
TRANSWORLD,14.96,14.96
KEEPLEARN,125.05,125.05
PGHH,63.42,63.42
BOMDYEING,5.47,40.68
AGI,16.14,16.14
GLAXO,50.65,50.96
TATACONSUM,80.45,70.86
KOTAKBANK,17.59,20.18
JAYSREETEA,9.36,43.98
FOSECOIND,31.31,31.45
ANDHRAPAP,13.21,13.21
SCHAEFFLER,53.53,53.34
AMJLAND,14.06,14.06
KSB,51.17,51.17
GODFRYPHLP,38.18,36.38
INGERRAND,41.41,41.41
HINDZINC,19.03,18.91
GRASIM,21.65,20.48
DCW,65.68,65.61
HEUBACHIND,28.37,28.37
CESC,12.53,12.53
BAJFINANCE,32.45,32.45
NAVA,8.71,8.71
CORALFINAC,7,7
REMSONSIND,29.2,29.49
NATCOPHARM,7.62,7.62
TNPETRO,14.89,16.78
CUBEXTUB,26.42,26.42
BIOFILCHEM,134.69,134.69
KEYFINSERV,6.34,6.34
SANGAMIND,46.6,40.32
STERTOOLS,21.83,21.83
SHRIRAMFIN,11.74,13.3
GUJAPOLLO,35.98,35.98
JAGSNPHARM,27.69,39.67
GUJRAFFIA,43.62,43.62
KOTHARIPET,14.72,14.65
GAIL,10.18,12.33
KCPSUGIND,8.65,11.52
INDSWFTLAB,2.19,126.53
FDC,24.37,24.37
ADROITINFO,12.26,12.26
MAHAPEXLTD,13.71,16.52
TRIGYN,9.64,9.34
ITDCEM,26.25,26.25
CYIENT,24.45,24.45
CYBERTECH,16.7,16.7
STCINDIA,21.03,12.06
RSSOFTWARE,11.88,11.88
IVC,48.83,48.83
ALEMBICLTD,18.58,18.58
ICDSLTD,70.61,70.61
BSOFT,22.88,22.88
ZYDUSLIFE,19.71,19.71
RAJESHEXPO,143.38,143.38
SHREERAMA,25.48,25.48
IOB,28.65,28.65
GEPIL,59.2,59.2
BLBLIMITED,20.15,20.15
BLUESTARCO,70.64,71.87
PNC,79.76,79.76
CHENNPETRO,23.43,23.43
KRBL,14.75,14.75
GODREJCP,,56.9
LUPIN,31.21,31.21
BHARTIARTL,41.47,54.3
PONNIERODE,9.43,9.43
TIMESGTY,73.24,73.24
CANBK,4.64,4.64
MARUTI,27.37,27.37
BAGFILMS,50.16,50.16
WELSPUNLIV,18.46,18.46
UNIENTER,819.76,819.76
PETRONET,12.96,12.96
MAHABANK,7.37,7.37
RKFORGE,33.12,33.06
EXCELINDUS,14.14,14.14
AMBICAAGAR,6.95,6.95
CENTEXT,19.33,19.6
COFORGE,60.74,61.39
GUFICBIO,46.92,46.92
WELENT,18.17,18.17
XCHANGING,23.44,23.44
JINDALPHOT,47.57,47.57
GOKEX,44.98,44.98
ALLDIGI,16.68,20.02
SSWL,4.33,13.43
SURYALAXMI,73.54,28.76
GRANULES,26.67,26.67
MSPL,71.59,71.73
SASKEN,45.74,45.74
SUZLON,65.43,63.93
AIAENG,30.84,30.86
ORIENTCER,43.35,43.35
EKC,15.81,15.5
ENIL,81.11,81.11
JAGRAN,10.23,10.23
M&MFIN,14.38,14.38
KEI,55.86,55.85
SOLARINDS,68.88,68.88
SUNTV,13.18,13.18
BALPHARMA,20.39,20.39
KAMDHENU,15.45,15.45
EMAMILTD,30.39,30.39
VOLTAMP,30.93,30.93
ATLANTAA,1.07,2.83
SELAN,12.31,12.31
HOVS,19.27,19.27
GEECEE,13.91,13.91
DCBBANK,5.8,5.8
INSPIRISYS,15.5,15.5
NAUKRI,118.06,120.65
LTFOODS,23.39,23.39
DONEAR,12.48,12.48
JINDRILL,22.7,22.7
HBLENGINE,48.48,45.64
AVTNPL,21.74,21.74
VEEDOL,20.73,19.93
LUMAXTECH,18.91,18.91
GANDHITUBE,12.35,12.35
UNOMINDA,58.79,60.51
ORIENTBELL,89.02,89.02
FSL,44.8,45.35
AMDIND,88,88
NAHARPOLY,24.55,24.55
BANSWRAS,19.86,19.86
NDLVENTURE,400.46,400.46
ZENITHSTL,12.88,12.88
ALPHAGEO,93.64,21.35
HILTON,92.53,92.53
NAVINFLUOR,75.97,75.97
DLF,70.12,95.97
ADSL,24.03,24.03
CENTRALBK,11.46,11.46
KPRMILL,34.38,34.38
NAGREEKCAP,1.16,1.16
MANGCHEFER,13.05,13.05
DELTACORP,17.24,23.14
BVCL,32.75,32.75
RGL,20.34,20.34
KAUSHALYA,2.87,2.87
JYOTHYLAB,33.95,33.95
HITECHCORP,21.9,22.83
TARIL,74.21,74.21
MANAKSIA,7.57,5.83
BIRLAMONEY,11.09,11.09
CORDSCABLE,17.79,17.79
HERCULES,23.63,23.63
SEPC,109.04,66.22
GSS,22.47,22.47
RECLTD,6.89,6.89
TITAGARH,35.32,35.12
BAJAJ-AUTO,30.01,30.01
DIGISPICE,26.59,49.74
ALMONDZ,48.76,48.76
VINYLINDIA,20.32,20.32
ZFCVINDIA,48.06,48.06
JOCIL,63.71,63.71
TPHQ,23.03,23.03
MAWANASUG,3.61,8.83
MHRIL,47.05,47.05
VINATIORGA,43.08,43.08
GLOBUSSPR,146.21,146.21
EXPLEOSOL,16.61,16.61
SUNTECK,29.4,29.4
DLINKINDIA,14.24,14.24
DBCORP,8.99,8.99
TRF,13.26,13.26
VASCONEQ,8.34,18.75
TEXMOPIPES,31.73,11.52
KSL,19.35,19.35
KIRLOSIND,13.01,12.34
TI,26.89,25.76
BAJAJCON,17.13,17.13
ADFFOODS,33.83,33.83
ORISSAMINE,715.9,715.9
CAREERP,10.05,10.05
CANTABIL,31.09,31.62
BEDMUTHA,16.74,16.74
SHAH,7.36,40.85
COALINDIA,6.67,6.67
PENIND,20.23,20.23
MOIL,18.55,18.55
KIRLOSENG,17.43,18.31
STEL,41.69,41.69
HINDMOTORS,16.82,16.82
VADILALIND,18.78,18.78
OMINFRAL,47.09,47.09
DHANUKA,21.32,21.32
BROOKS,163.78,163.78
CLSEL,14.84,14.84
CARYSIL,25.76,25.76
SHAILY,81.61,81.61
MODISONLTD,21.62,21.93
FIBERWEB,9.48,9.48
BCLIND,11.91,11.91
BHAGCHEM,167.04,167.04
SBCL,35.26,35.26
AADHARHFC,18.91,18.91
SMCGLOBAL,5.75,5.75
QMSMEDI,17.18,17.18
ARIHANTCAP,10.79,11.21
SIDDHIKA,14.23,14.23
NAZARA,105.96,104.81
IPL,25.05,25.05
GENCON,13.89,13.89
LODHA,47.34,47.34
HLEGLAS,38.26,38.26
BESTAGRO,35.14,35.14
SONACOMS,55.13,53.98
UTKARSHBNK,16.2,16.2
DRCSYSTEMS,20.42,20.42
PARAS,72.25,72.25
CRAFTSMAN,47.19,45.52
DODLA,26.26,26.26
JUBLINGREA,52.63,52.6
ROLEXRINGS,29.06,24.16
WALPAR,16.23,16.23
SHYAMMETL,22,22
KIMS,57.07,57.07
MAKS,96.89,41.13
JSFB,6.48,6.48
TATVA,108.84,108.84
CLEAN,53.43,53.43
ALIVUS,29.28,29.28
ABSLAMC,20.53,20.53
DEEPINDS,19.7,19.76
ZOMATO,340.5,340.5
PIXTRANS,17.78,17.78
MEDIASSIST,36.11,36.11
WINDLAS,27.1,27.1
CARTRADE,59.69,59.69
KRSNAA,31.78,31.78
DEVYANI,,1638.83
APTUS,21.27,21.27
SUPRIYA,31.31,31.31
ANMOL,11.38,11.38
BMETRICS,16.09,16.09
ABCOTS,55.62,55.62
VIJAYA,66.57,66.57
AMIORG,75.73,75.58
IWEL,39.45,37.64
SANSERA,36.25,36.25
BAJAJHCARE,,47.79
PRITIKAUTO,14.86,14.86
AAREYDRUGS,21.11,21.11
GRINFRA,8.9,11.23
INTLCONV,5.08,5.08
REXPIPES,16.11,16.06
STEELCAS,25.4,25.4
HPAL,25.03,25.03
UGROCAP,11.23,11.23
STARHEALTH,29.06,29.06
YUKEN,43.28,43.28
SGIL,38.58,38.58
SJS,24.3,24.3
FINOPB,21.21,21.21
NYKAA,735.04,735.04
AWL,29.95,29.95
SAPPHIRE,609.28,356.03
DKEGL,10.45,10.45
PRUDENT,43.21,43.21
MEDPLUS,67.25,67.25
RATEGAIN,30.5,30.5
LATENTVIEW,50.1,50.1
METROBRAND,76.88,76.88
MICEL,27.03,27.03
FOODSIN,31.1,31.1
PARADEEP,17.42,17.42
JAINAM,27.83,27.83
ABMINTLLTD,302.15,302.15
KRITI,185.3,185.3
DESTINY,47.74,47.74
GANESHBE,12.82,12.82
GVPTECH,62.69,62.69
KOTYARK,20.87,20.87
EMIL,30.21,30.21
UMAEXPORTS,18.81,18.48
DATAPATTNS,49.34,49.34
JSLL,52.6,52.6
AHL,9.19,9.19
MALLCOM,20.39,20.39
NRL,32.47,32.47
RADIANTCMS,14.39,14.39
CHOICEIN,66.48,66.48
EUROBOND,28.39,28.39
GRWRHITECH,30,30
DELHIVERY,828.54,460.81
DCMSRIND,12.01,12.01
EMUDHRA,70.99,70.99
FIVESTAR,19.44,19.44
VIRINCHI,38.41,38.41
SBC,34.34,34.34
ELDEHSG,25.4,25.4
SHIGAN,21.23,21.23
MADHAVBAUG,27.83,27.83
SEJALLTD,47.56,47.56
RELCHEMQ,47.98,47.98
SYRMA,50.37,49.8
ZIMLAB,30.51,30.51
JTLIND,31.97,31.97
CAMPUS,68.45,68.45
TBOTEK,74.05,75.2
AETHER,94.72,55.78
ROTO,41.32,41.32
INDOBORAX,11.38,11.38
LANDMARK,73.78,
AVONMORE,22.32,22.32
DREAMFOLKS,21.73,21.73
SONUINFRA,18.94,18.94
LEMERITE,210.94,210.94
DHARMAJ,18.65,18.65
KRISHIVAL,41.61,41.61
OBCL,109.59,109.59
GMRP&UI,4.4,
INDOAMIN,17.39,17.39
PROPEQUITY,19.71,19.71
SWARAJ,14.23,14.23
INOXGREEN,138.28,138.28
FEDFINA,15.8,15.8
BIKAJI,59.6,59.6
SADHNANIQ,230.01,230.01
SURAJEST,16.82,16.82
VEEKAYEM,27.29,27.29
RILINFRA,18.33,18.33
CHEVIOT,10.13,10.13
HMAAGRO,22.18,22.18
MEDICO,58.28,58.28
CMRSL,10.32,8.33
YATHARTH,28.89,28.89
YATRA,44.68,44.68
KAYNES,104.2,104.2
NGLFINE,20.03,20.03
SABAR,4.03,4.03
FIDEL,26.25,26.25
AXITA,47.18,50.32
PLAZACABLE,162.74,162.74
SENCO,42.58,42.58
TRU,14.51,14.51
RADHIKAJWE,19.91,19.91
SPLPETRO,26.01,26.01
RAMRAT,33.27,33.27
VIVIANA,58.85,58.85
CSLFINANCE,8.43,8.43
AGNI,109.32,109.32
GOYALALUM,64.44,64.44
RUSTOMJEE,39.09,39.09
GENSOL,28.44,28.41
DBOL,50.92,42.84
KANDARP,55.31,55.31
SPORTKING,10.3,10.3
AIIL,6.44,6.44
MANORAMA,78.86,78.86
ISHAN,35.4,33.26
ARABIAN,9.63,9.63
INNOVACAP,36.45,36.45
GRMOVER,21.28,21.28
SYNCOMF,41.71,41.71
DJML,52.31,52.31
SULA,34.64,34.64
SIGNATURE,190.73,190.73
ANNAPURNA,35.17,35.17
KRITINUT,12.58,12.58
MEGAFLEX,40.03,40.03
KALAMANDIR,23.85,23.85
RAMAPHO,29.27,29.27
AVALON,99.05,99.05
CONCORDBIO,53.48,53.48
GODIGIT,76.51,76.51
GRCL,120.73,120.73
BAIDFIN,12.44,12.44
QUICKTOUCH,7.6,7.6
AMIABLE,9.85,9.85
KAMOPAINTS,42.92,42.92
DOLLEX,20.44,20.44
BLUEJET,57.56,57.56
MVGJL,11.53,11.53
SCPL,16.38,16.38
SUKHJITS,13.17,13.17
FROG,33.99,33.99
MANKIND,47.25,47.25
SKYGOLD,47.6,47.6
SATINDLTD,14.37,14.35
DIVGIITTS,54.75,54.75
PRITIKA,79.06,79.06
USK,18.8,18.8
ANLON,37.89,37.89
MOTISONS,45.98,46.42
CMNL,33.33,32.73
DIACABS,122.63,129.58
IKIO,32.66,32.66
MANOMAY,16.06,16.06
FAZE3Q,26.01,26.01
UMA,27.55,27.55
LLOYDSME,40.94,40.94
AARTIPHARM,28.6,28.6
RHL,45.11,45.11
SAHYADRI,14.01,14.01
SAHANA,44.5,44.5
NINSYS,35.39,35.39
DUCOL,34.03,34.03
SBFC,28.49,28.49
SBGLP,92.99,92.99
ASMS,175.72,202.17
HYBRIDFIN,9.36,8.76
SHERA,35.6,35.6
VIAZ,29.02,29.02
INDGN,34.74,34.93
ZAGGLE,62.99,62.99
GANDHAR,17.95,17.95
AGARWALFT,25.23,25.23
HONASA,94.45,94.45
RISHABH,50.12,50.12
SAH,270.84,270.84
DENEERS,20.52,20.52
JGCHEM,20.02,20.02
AGUL,13.34,13.34
NIRMAN,18.05,18.05
YCCL,104.69,104.69
RPTECH,9.35,9.78
RATNAVEER,18.82,18.82
PATTECH,31.81,31.81
SECMARK,46.29,46.29
AUROIMPEX,13.74,13.74
CRAYONS,11.01,11.01
INFOLLION,33.87,33.87
URBAN,18.41,18.41
POCL,36.05,36.05
KRISHCA,22.02,22.02
ESFL,130.97,130.97
DOLPHIN,23.84,24.2
REMUS,29.03,29.03
NOVAAGRI,16.25,16.25
ASHOKAMET,4.56,4.56
PENTAGON,17.07,17.07
CELLPOINT,175.3,175.3
TRIDHYA,9.62,9.62
PROV,53.2,53.2
PTCIL,310.58,308.44
PYRAMID,21.58,21.58
MAGSON,35.79,35.79
EMSLIMITED,19.74,19.74
EFACTOR,17.06,17.06
GHCLTEXTIL,14.38,14.38
UDS,19.61,19.61
DENTALKART,60.76,60.76
SYNOPTICS,14.44,14.44
SSFL,26.8,26.8
KIRLPNU,34.52,33.46
BALUFORGE,35.61,35.61
JSWINFRA,37.49,37.49
SANGANI,27.38,27.38
JLHL,50.38,50.82
NUVAMA,22.35,22.35
DRONE,39.4,39.4
GLOBALPET,73.59,73.59
KEL,39.59,39.59
NIITMTS,25.58,24.73
VINSYS,20.36,20.36
ARVINDPORT,16.06,16.06
MARINETRAN,61.52,61.52
UNIHEALTH,20.02,20.02
ASKAUTOLTD,36.59,36.59
CHAVDA,17.17,17.17
ONDOOR,14.92,14.82
TRANSTEEL,17.31,17.24
SANDUMA,14.72,14.72
OLIL,30.13,30.13
RBZJEWEL,26.55,26.55
KARNIKA,31.12,31.12
AKANKSHA,247.33,247.33
SAAKSHI,31.61,31.61
MUFIN,59.06,57.59
HIGREEN,58.81,58.81
MUFTI,13.95,13.95
CELLECOR,52.27,52.27
MUTHOOTMF,7.71,7.71
SRGHFL,17.73,17.73
NEWJAISA,34.98,34.98
GOYALSALT,19.57,19.57
WOMANCART,39.41,39.41
RCDL,31.07,31.07
BLSE,29.66,29.66
SHANTHALA,31.93,31.93
TREL,4.24,27.56
MARCO,26.91,26.91
DIAMINESQ,95.48,95.48
VISHNUINFR,20.38,20.38
KONTOR,34.8,34.8
RKSWAMY,33.25,33.25
MICROPRO,10.88,10.88
EPACK,77.72,77.72
HAPPYFORGE,31.63,31.63
IBLFL,57.45,57.45
INDIASHLTR,21.62,21.62
CELLO,36.38,36.38
CANARYS,16.33,16.33
DIGIDRIVE,19.54,19.54
DOMS,74.76,74.76
MAITREYA,46.07,46.07
DIGIKORE,19.94,19.94
LANCORHOL,26.08,26.08
AMNPLST,31.76,31.76
POLYSIL,12.3,12.3
SARTELE,39.15,39.15
VINYAS,121.44,121.44
SAIFL,8.65,8.65
JNKINDIA,57.26,57.26
PARAGON,13.36,13.36
INOXINDIA,40.39,41.49
GRAPHISAD,12.66,12.27
SHEETAL,33.93,33.93
ROXHITECH,7.26,7.26
JYOTICNC,65.35,63.9
BAJEL,118.15,96.47
DEEM,9.61,9.61
APS,50.56,50.56
ENTERO,58.23,58.23
TECHLABS,95.74,95.74
SIGNPOST,28.23,28.23
ROCKINGDCE,42.27,42.27
BABAFP,15.31,15.31
SHREEOSFM,16.09,16.09
HRHNEXT,35.34,35.49
MEGATHERM,25.64,25.64
OWAIS,37.61,37.61
KLL,15.61,15.61
SJLOGISTIC,22.16,22.16
PURVFLEXI,25.99,25.99
SRM,20.62,20.62
AZAD,104.13,104.13
KONSTELEC,14.19,14.19
JUNIPER,84.64,84.64
KRYSTAL,10.15,10.15
VSTL,24.99,24.99
INM,25.72,25.52
SUPREMEPWR,20.93,20.93
KCEIL,30.35,30.35
MAXESTATES,926.84,926.91
ACCENTMIC,15.23,15.23
COMSYN,23.1,23.1
SADHAV,18.33,18.33
GOPAL,45.01,45.01
DAVANGERE,36.18,36.18
ALPEXSOLAR,36.29,39.79
VHLTD,18.39,18.57
SIGNORIA,13.44,13.44
ENSER,27.16,27.16
RULKA,15.73,15.73
NAMAN,14.84,14.82
SINCLAIR,30.59,30.59
BLUEPEBBLE,21.12,21.12
DCG,35.79,35.79
AWFIS,82.04,143.77
RBS,16.48,16.48
MVKAGRO,6.32,6.32
AVPINFRA,20.23,20.23
VISHWAS,22.69,22.69
TGL,23.57,23.57
EMMIL,21,21.24
YASHOPTICS,21.98,21.98
PRLIND,17.67,17.94
IEML,26.07,26.07
VERITAAS,12.91,12.91
SLONE,20.16,20.16
BOSCHLTD,39.96,39.98
MAHSEAMLES,11.3,11.3
VINDHYATEL,17.38,17.38
PGHL,37.51,36.15
BEML,41.75,41.75
VTL,15.36,15.36
EPL,28.39,27.16
BIRLACABLE,96.75,96.75
RANEHOLDIN,8.7,82.1
SHREYANIND,5.63,5.63
ASHIMASYN,4.62,4.62
NEULANDLAB,48.83,61.21
BERGEPAINT,52.88,52.88
BLUEDART,54.68,54.68
HSCL,43,43
ARENTERP,20.19,20.19
TATAPOWER,32.79,31.63
SIMPLEXINF,11.68,11.68
JUBLPHARMA,25.45,20.82
TATACOMM,38.05,39.69
SANOFI,28.03,26.09
LIBERTSHOE,46.4,34.18
KAJARIACER,37.79,37.79
MODTHREAD,27.88,27.88
MANGLMCEM,42.6,42.6
POLYPLEX,9.43,9.43
3PLAND,38.04,38.04
EIHAHOTELS,26.18,25.16
SAIL,26.57,17.13
ABB,60.42,60.42
IDBI,11.13,11.13
BRITANNIA,53.76,53.31
DHAMPURSUG,15.92,15.92
ZEEL,18.92,15.83
INDHOTEL,59.7,69.62
LYKALABS,111.28,110.43
GILLETTE,57.98,57.98
GOLDENTOBC,9.81,11.13
GABRIEL,29.44,29.44
PRAKASH,7.93,7.93
SUDARSCHEM,56.45,82.3
HINDALCO,10.33,9.88
AMBUJACEM,22.04,22.41
CGPOWER,97.68,97.02
BEL,38.42,38.42
DALMIASUG,10.22,10.22
GARFIBRES,31.64,31.64
MOTHERSON,23.17,23.17
AARTIDRUGS,23.18,23.18
TVSSRICHAK,61.39,50.2
ELECTHERM,2.7,2.8
ALKYLAMINE,48.72,48.72
RAMCOIND,24,24
MADRASFERT,6.18,6.36
BANKINDIA,5.82,5.82
TVSMOTOR,53.18,53.18
HAVELLS,68.45,68.45
TIPSMUSIC,52.85,52.85
HIKAL,58.86,58.86
GOLDTECH,29.37,
UNITDSPR,69.48,66.38
MPSLTD,37.14,37.14
SURANAT&P,27.86,27.98
GENESYS,55.24,55.24
NSIL,36.71,36.71
MUKANDLTD,15.6,15.6
POONAWALLA,132.08,132.08
DATAMATICS,17.04,19.48
APARINDS,31.71,31.71
TCS,27.9,27.9
INDSWFTLTD,1.22,1.22
NTPC,15.19,15.19
JBMA,65.18,65.18
PATELENG,11.08,10.83
CONSOFINVT,5.87,5.87
JPPOWER,7.59,6.11
SAKSOFT,23.27,23.27
MANGALAM,16.09,16.09
WELCORP,24.11,23.86
PRIMESECU,18.65,20.15
JSWHL,98.79,98.79
GENUSPOWER,41,41
NECLIFE,39.48,39.48
ALICON,23.98,23.98
FIEMIND,18.99,18.99
RUCHIRA,6.25,6.25
VENUSREM,11.98,14.97
TANLA,13.04,13.04
SARLAPOLY,10.31,10.31
PITTIENG,28.31,28.31
TTL,19.38,37.35
INDIANB,6.88,6.88
ICRA,34.55,34.55
BFUTILITIE,10.67,10.67
NAGREEKEXP,16.82,16.82
TARMAT,,95.13
CIEINDIA,20.05,20.05
KSCL,17.11,17.11
MAANALU,29.13,29.13
CERA,32.2,32.2
NHPC,25.75,25.75
AMRUTANJAN,35.04,35.04
SHILPAMED,72.46,75.45
JSWENERGY,43.34,43.34
NESTLEIND,64.87,67.83
UNITEDTEA,11.62,11.62
EMMBI,21.99,21.99
MANINFRA,21.7,21.7
KIRLOSBROS,33.79,33.41
MANAPPURAM,8.82,8.82
SASTASUNDR,,8.62
WABAG,32.49,32.07
JWL,34.62,34.62
CGCL,38.09,38.09
VASWANI,14.3,14.3
SHAKTIPUMP,27.73,27.73
ESSARSHPNG,.94,61.11
JISLDVREQS,1.73,1.73
RUPA,21.85,21.1
APLAPOLLO,64.6,64.6
IRFC,24.94,24.94
COMPUSOFT,200.78,200.78
RHIM,,30.62
NDL,10.62,10.62
SWANENERGY,14.6,14.6
RTNINDIA,18.07,18.07
THEJO,39.67,39.67
KITEX,32.35,32.35
DUCON,15.71,15.71
TVSHLTD,7.55,7.55
VETO,11.91,11.91
INDUSTOWER,8.99,8.99
JUSTDIAL,14.03,14.03
ESSENTIA,29.29,29.29
PILITA,64.24,64.24
MITCON,14.08,14.08
JPOLYINVST,20.75,20.75
CASTROLIND,22.82,22.82
IREDA,30.44,30.44
AGARIND,11.6,11.6
GOCLCORP,11.42,10.5
SHARDACROP,20.39,20.39
INTELLECT,37.33,37.36
FCL,25.44,25.44
GULPOLY,45.31,45.31
GENUSPAPER,141.91,141.91
VISHNU,25.75,25.75
LINC,19.11,19.11
MANAKCOAT,43.84,46.43
IMAGICAA,54.41,48.79
BYKE,59.55,59.55
PRIVISCL,40.01,40.01
UFO,21.76,22.35
ARROWGREEN,14.23,14.23
RAMASTEEL,72.19,72.19
SATIN,5.53,5.53
SHARDAMOTR,15.1,15.1
GUJGASLTD,21.78,22.56
INDIGO,28.58,28.58
PERFECT,29.84,29.84
TTKHLTCARE,20.92,25.57
PILANIINVS,26.87,26.87
NH,36.61,36.61
TEAMLEASE,33.06,33.06
NECCLTD,20.51,20.51
GOKULAGRO,17.5,17.5
HECPROJECT,28.15,28.15
BHARATWIRE,14.3,14.3
SAGARDEEP,48.99,48.99
ARMANFIN,15.28,15.28
ASPINWALL,12.59,12.59
PREMEXPLN,62.93,62.93
INCREDIBLE,15.32,15.32
MGL,12.68,12.68
COMPINFO,.59,.59
GPTINFRA,19.26,19.26
SOMICONVEY,25.29,25.29
LLOYDSENGG,73.95,73.95
LTIM,34.95,34.95
GATECH,16.86,16.86
ADVENZYMES,24.17,22.51
NDGL,34.66,33.43
BIGBLOC,83.84,83.84
MBAPL,60.93,60.93
CUPID,19.26,19.26
GNA,13.75,13.75
CROWN,11.2,35.61
HPL,37.14,37.14
JAIPURKURT,13.4,13.4
SAKAR,34.87,34.75
AURDIS,8.85,8.85
PANSARI,83.63,83.63
ARTNIRMAN,83.31,83.31
ENDURANCE,33.01,33.01
PNBHOUSING,11.77,11.77
KINGFA,24.06,24.06
JETFREIGHT,9.98,9.98
TCIEXP,27.81,27.81
LIBAS,5.95,5.95
MAHESHWARI,12.64,12.64
BHANDARI,20.51,20.51
MCL,16.07,16.07
STEELCITY,8.04,8.04
KRISHANA,19.2,19.2
GLOBAL,10.74,10.74
NITIRAJ,27,27
SANGINITA,347.02,347.02
AKASH,28.18,28.18
RADIOCITY,48.08,48.08
INTENTECH,13.85,13.85
AIRAN,13.42,13.42
LAXMICOT,187.15,223.79
EIFFL,163.58,163.58
NRAIL,11.92,11.92
CREATIVE,18.33,18.33
WIPL,81.81,81.81
DEVIT,15.77,15.77
ASLIND,,1835.89
MKPL,23.74,23.74
PANACHE,110.96,47.79
INFOBEAN,22.68,22.68
STARCEMENT,65.19,65.19
GTPL,24.2,24.2
ACEINTEG,46.22,46.22
SALASAR,39.4,39.4
GANGESSECU,27.92,27.92
TOTAL,52.96,52.96
WEWIN,36.54,36.54
VAISHALI,396.36,396.36
GEEKAYWIRE,11.45,11.45
ABCAPITAL,11.97,11.97
PASHUPATI,180.79,180.79
DIXON,100.67,127.28
CAPACITE,15.11,15.11
SBILIFE,61.1,61.1
RMDRIP,107.24,107.24
AARVI,16.93,16.93
TIRUPATI,90.01,90.01
RKEC,7.54,7.54
GATECHDVR,3.89,3.89
BETA,40.53,40.53
TIRUPATIFL,45.72,45.72
OMFURN,29.66,29.66
MASFIN,14.59,14.59
DPABHUSHAN,33.35,33.35
NAM-INDIA,25.56,25.56
NIACL,26.42,26.42
VERTOZ,33.61,33.61
PULZ,13.53,13.53
ZODIAC,43.15,43.15
ICEMAKE,42.27,42.27
SHRADHA,13.36,13.36
SHALBY,75,75
ONEPOINT,40.62,40.62
AJOONI,44.45,44.45
MOKSH,13.06,13.06
SILLYMONKS,41.69,41.69
NEWGEN,44.98,44.98
SOLEX,43.74,43.74
GALAXYSURF,26.91,26.91
SINTERCOM,315.21,315.21
MHHL,10.48,10.48
HGINFRA,13.47,13.47
SARVESHWAR,30.4,30.4
MACPOWER,32.93,32.93
TARACHAND,19.28,19.28
SUNDARMHLD,25.52,25.52
HAL,26.32,26.33
URAVIDEF,277.68,277.68
MITTAL,39.59,48.61
GIRIRAJ,58.58,58.58
ISEC,12.88,12.88
KAPSTON,32.33,32.33
LEMONTREE,48.07,48.07
AVG,10.87,16.2
MMP,22.64,22.64
NARMADA,17.8,17.8
BSHSL,58.3,58.3
AAKASH,17.56,17.56
SOFTTECH,169.84,169.84
ORIENTELEC,71.73,71.73
E2E,117.7,117.7
SIRCA,31.66,31.66
SVLL,391.34,391.34
LATTEYS,71.26,71.24
SONAMLTD,28.79,28.79
PRITI,26.44,26.44
ACCURACY,9.86,9.86
VARROC,73.52,35.96
JAKHARIA,2122.4,730.27
GANGAFORGE,98.71,100.34
REPL,29.07,29.07
AVROIND,59.55,59.55
HDFCAMC,35.1,35.1
AARON,44,44
SUMIT,33.75,33.75
LAGNAM,15.79,15.79
RPPL,16.2,16.2
AKG,60.39,60.39
IRCON,21.31,21.31
AHLADA,10.29,10.29
AAVAS,23.77,23.77
KSHITIJPOL,,15.76
GRSE,39.1,39.1
KRITIKA,18.57,18.57
PARIN,216.07,216.07
SILGO,19.91,19.91
VINNY,14.41,14.41
MARINE,63.68,63.9
IRISDOREME,32.07,32.07
TECHNOE,36.11,36.11
SHRIRAMPPS,19.38,19.38
AWHCL,18.64,18.64
SURANI,71.44,71.44
MSTCLTD,8.66,17.35
ANUP,47.93,47.93
ARVINDFASN,38.06,38.06
KHFM,39.65,39.65
RVNL,65.49,65.49
METROPOLIS,56.32,56.32
KPITTECH,47.62,47.62
NEOGEN,92.52,92.52
PPL,10.86,10.86
DGCONTENT,10.99,10.99
OAL,26.02,26.02
DCMNVL,57.65,168.68
WEL,174.32,174.32
CHEMCON,32.74,32.74
WESTLIFE,1038.69,1038.69
DOLATALGO,6.2,6.2
UJJIVANSFB,6.47,6.47
MAZDOCK,33.25,33.25
SAFARI,71.16,71.16
360ONE,36.86,34.69
HPIL,110.1,110.1
SAMHI,65.77,70.73
GOLDKART,139.01,139.01
FLUOROCHEM,89.08,89.08
GREENPANEL,50.52,50.52
CHEMBOND,18.82,19.38
MGEL,15.61,14.22
SBICARD,39.54,39.54
HOMEFIRST,23.45,23.45
CSBBANK,9.11,9.11
EASEMYTRIP,54.93,29.72
ROSSARI,26.1,26.1
PRINCEPIPE,40.6,40.6
PARKHOTELS,46.24,46.24
ARTEMISMED,51.3,51.3
SUMICHEM,47.88,47.88
LGHL,85.86,85.93
ASALCBR,30.81,30.81
UNIVPHOTO,6.93,6.93
BAFNAPH,40.15,37.07
POWERINDIA,152.61,152.61
STOVEKRAFT,63.79,63.79
KSOLVES,27.86,27.86
RAJRATAN,30.86,30.86
AARTISURF,42.74,83.89
GLAND,35.55,35.55
NDRAUTO,41.11,41.11
MAXHEALTH,99.47,94.6
AAATECH,42.22,42.22
BTML,28.36,28.36
UNIDT,34.24,34.24
SIGACHI,18.78,18.78
ADL,192.07,192.07
NIRAJ,14.52,13.66
CAMS,37.35,37.35
SURYODAY,6.04,6.04
UTIAMC,13.93,13.93
BECTORFOOD,58.22,58.22
ORCHPHARMA,40.28,40.28
INDIGOPNTS,36.94,36.94
LXCHEM,39.81,39.81
MTARTECH,102.72,102.72
ANURAS,51.36,51.36
KANPRPLA,23.35,23.35
STYLAMIND,21.59,21.45
BANKBARODA,5.48,5.48
INDNIPPON,18.98,18.98
CONCOR,33.06,32.39
HUDCO,14.07,14.07
SAREGAMA,48.78,48.78
ENGINERSIN,30.82,30.82
JAICORPLTD,29.55,29.55
GMDCLTD,12.95,12.95
INDUSINDBK,11.25,11.25
ASAHIINDIA,49.8,53.37
J&KBANK,5.16,5.16
CUB,10.55,10.55
SOUTHBANK,5.09,5.09
ASTRAZEN,179.84,79.56
AXISBANK,11.15,11.15
SONATSOFTW,27.66,27.66
KOKUYOCMLN,87.38,87.38
DHANBANK,23.12,23.12
SANGHVIMOV,13.57,13.57
NATIONALUM,8.32,8.99
JINDALSTEL,21.97,21.97
NIPPOBATRY,2.61,2.61
HCLTECH,26.8,26.8
ACCELYA,21.06,21.11
STAR,17.54,16.78
NRBBEARING,18.84,19.69
BIL,47.15,47.15
KTKBANK,4.95,4.95
AJANTPHARM,37.06,37.06
CALSOFT,29.51,29.51
PNBGILTS,7.07,7.15
NLCINDIA,13.41,13.41
GAEL,16.07,16.07
USHAMART,23.23,23.23
MRO-TEK,42.36,42.36
KHANDSE,41.97,41.97
TRIDENT,48.46,48.46
SMARTLINK,13.61,13.61
JISLJALEQS,118.32,118.32
IOLCP,20.6,20.6
JINDWORLD,86.86,86.86
JAMNAAUTO,16.8,16.8
A2ZINFRA,28.56,
PSB,35.74,35.74
SHEKHAWATI,.56,5.92
SUMMITSEC,20.52,18.47
TEXRAIL,28.41,28.41
DHUNINV,10.28,10.31
PFS,13.29,13.29
SYMPHONY,43.19,32.99
RELAXO,63.04,63.04
ASHIANA,186.21,141.19
RUSHIL,18.31,18.31
LTF,13.41,13.41
ASAHISONG,30.04,29.61
TDPOWERSYS,34.58,34.58
KPIGREEN,30.87,30.62
ANANDRATHI,56.46,56.46
POLICYBZR,285.57,333.32
MONARCH,16.96,16.96
EPIGRAL,22.33,22.33
GOCOLORS,50.37,50.37
CMSINFO,20.32,20.32
TARSONS,53.92,53.92
TEGA,50.52,50.52
MANORG,37.5,37.5
PVSL,37.61,37.61
PASUPTAC,11.04,11.04
MAPMYINDIA,67.29,67.29
TMB,5.78,5.78
MANYAVAR,54.36,54.36
MEDICAMEQ,100.11,100.11
SHIVALIK,56.69,56.69
MEDANTA,63.87,63.87
ASIANENE,35.52,33.7
SMLT,37.77,37.77
GPTHEALTH,23.62,23.62
HARIOMPIPE,19.33,19.33
CAPITALSFB,10.52,10.52
DYCL,28.14,28.14
STARTECK,23.93,23.93
DHRUV,32.41,32.41
ELIN,40.43,40.43
MHLXMIRU,15.32,15.32
GATEWAY,5.57,14.45
RAINBOW,55.28,55.28
VENUSPIPES,27.95,27.95
MEGASTAR,79.35,79.35
RACE,87.39,87.39
ETHOSLTD,66.54,66.54
MSUMI,34.78,34.78
HARSHA,28.38,28.38
LICI,11.4,11.4
ACI,33.42,28.44
RITCO,19.9,19.9
HARDWYN,54.8,54.8
MUKKA,16.66,16.66
KFINTECH,46.79,46.79
DCXINDIA,58.68,58.68
IRMENERGY,21.29,21.29
CYIENTDLM,56.22,56.22
LORDSCHLO,97.83,97.83
ATAM,16.87,16.87
AARTECH,42.02,42.02
TATATECH,47.06,47.06
REDTAPE,51.78,51.78
NETWEB,90.64,90.64
AEROFLEX,50.65,50.65
VPRPL,20.47,20.47
ATL,21.66,20.51
RRKABEL,49.96,49.96
SCILAL,54.49,54.49
YASHO,106.93,106.93
SINDHUTRAD,30.27,30.27
VLEGOV,,609.71
PLATIND,26.15,26.15
FLAIR,19.56,19.56
JIOFIN,126.37,126.37
WONDERLA,33.45,33.45
GULFOILLUB,16.06,16.06
PDSL,27.16,27.65
GOODLUCK,13.67,13.67
APOLSINHOT,49.88,49.88
GRPLTD,59.7,54.91
MOLDTKPAC,28.13,28.13
GANECOS,35.23,35.23
HESTERBIO,44.74,44.74
MANAKALUCO,27.44,27.44
ZENTEC,45.09,45.47
LFIC,6.82,6.82
AVANTIFEED,18.99,18.99
TPLPLASTEH,28.73,28.73
PNCINFRA,5.9,5.9
ORICONENT,110.06,104.09
ADANIENSOL,138.2,36.4
ARVSMART,28.34,28.34
LUXIND,24.24,24.24
KRIDHANINF,1.16,141.1
OCCL,9.34,9.34
VIDHIING,53.57,53.57
SIMBHALS,7.12,7.12
WEALTH,19.14,18.74
THYROCARE,35.34,35.29
UNITEDPOLY,26.18,26.18
BLS,33.69,33.69
CONTROLPR,21.78,21.78
TASTYBITE,104.43,104.43
CLEDUCATE,73.62,67.82
FOCUS,23.07,23.07
SIKKO,31.23,31.23
SCHAND,13.73,13.73
GLOBE,11.99,13.06
CDSL,47.34,47.34
DYNPRO,22.92,22.92
OPTIEMUS,74.56,74.56
SERVOTECH,97.74,97.74
BRNL,2.88,2.88
CHOLAHLDNG,6.17,6.17
WORTH,13.45,13.45
DPWIRES,14.34,14.34
AIROLAM,89.37,89.37
JASH,38.14,38.11
GODREJAGRO,40.35,40.35
HDFCLIFE,76.4,76.4
SILVERTUC,44.19,44.19
TOUCHWOOD,20.52,20.52
BCONCEPTS,61.74,61.74
SOUTHWEST,37.8,39.82
ARVEE,69.85,69.85
HINDCON,38.26,38.26
ATGL,98.72,98.72
UNIPARTS,15.86,15.86
NILASPACES,38.63,38.63
RPSGVENT,49.86,9.31
CHALET,153.8,153.8
OSIAHYPER,14.43,14.43
PAR,10.21,10.21
POLYCAB,46.44,46.44
SWSOLAR,208.82,208.82
EMAMIPAP,11.38,11.38
CONFIPET,26.93,27.22
INDIAMART,23.93,23.93
SATIA,6.27,6.27
AFFLE,56.8,56.8
HNDFDS,64.14,64.14
IRCTC,47.42,47.71
DCI,25.15,25.15
IIFLCAPS,9.44,9.44
KUANTUM,8.45,8.45
APOLLOPIPE,48.05,48.05
ROUTE,17.57,17.88
SIGMA,15.93,15.93
EQUITASBNK,22.18,22.18
LIKHITHA,15.56,15.56
PATANJALI,58.57,58.57
ATALREAL,32.05,32.05
MAHEPC,142.45,138.5
SUVENPHAR,110.35,110.35
BHARTIHEXA,54.62,64.87
HAPPSTMNDS,46.3,48.29
BOROLTD,56.5,56.5
PAVNAIND,53.77,53.77
KALYANKJIL,76.71,76.71
SHAREINDIA,11.11,11.11
ANGELONE,16.15,16.15
ROML,49.14,49.14
RAILTEL,38.09,36
HERANBA,23.51,23.51
FAIRCHEMOR,38.69,38.69
ISGEC,26.59,26.59
PAKKA,22.47,22.47
TCI,23.93,23.77
OLECTRA,76.54,79.4
APTECHT,43.52,38.71
OFSS,32.83,32.83
NUCLEUS,15.34,15.34
OMAXAUTO,5.3,
DIVISLAB,76.78,76.78
RADICO,94.37,94.37
VARDHACRLC,24.1,24.1
JSL,21.14,21.13
IGL,20.98,20.98
TVTODAY,12.36,11.87
SIL,142,142
PTC,7.61,7.46
BIOCON,33.74,35.06
XPROINDIA,59.11,56.75
CCL,29.31,29.31
LT,27.21,27.32
ULTRACEMCO,52.2,51.97
GULFPETRO,9.04,9.04
ASTRAMICRO,48.56,48.56
KOTARISUG,18.52,24.1
SUPRAJIT,44.34,44.34
JSWSTEEL,68.99,63.96
EVEREADY,28.31,28.31
IIFL,17.85,7.18
SHOPERSTOP,180.5,161.98
JKPAPER,8.28,8.28
GEOJITFSL,12.27,12.27
YESBANK,26.32,26.32
SPLIL,10.2,10.19
GOLDIAM,38.52,38.52
IMPAL,15.14,15.14
AURIONPRO,41.8,41.8
TRIVENI,38.87,38.87
NAHARINDUS,21.04,19.65
VIMTALABS,36.27,36.27
KERNEX,309.92,309.92
NITINSPIN,10.95,10.95
ROHLTD,22.04,22.04
GSPL,8.05,8.23
GVKPIL,1,12.02
SAKUMA,12.39,12.39
KEC,44.94,44.94
JKCEMENT,49.42,57.74
INDOTECH,29.92,29.92
BLKASHYAP,22.08,24.01
CENTURYPLY,78.61,76.34
VAKRANGEE,282.62,269.07
GALLANTT,20.69,20.69
UTTAMSUGAR,12.33,12.33
KKCL,20.49,20.49
GPIL,14.29,14.29
RSYSTEMS,32.44,32.44
LOKESHMACH,66.07,66.07
SWELECTES,25.93,175.36
RATNAMANI,32.99,32.99
PIONEEREMB,26.53,26.53
JKLAKSHMI,29.84,29.84
ALLCARGO,119.11,70.89
MUNJALAU,11.27,13.91
TECHM,43.01,43.12
GRINDWELL,45.61,45.61
ACE,38.17,38.17
ANANTRAJ,47.46,47.46
BINANIIND,7.26,
TALBROAUTO,14.74,20.65
JMFINANCIL,,11.76
AARVEEDEN,19.95,19.95
TORNTPOWER,26.14,26.14
LAMBODHARA,16.03,16.03
GREENLAM,62.88,62.88
MENONBE,22.9,22.9
JMA,7.43,7.43
MANAKSTEEL,36.56,31.22
INOXWIND,79.15,72.24
VIPULLTD,.93,.92
VRLLOG,32.37,32.37
NILAINFRA,18.45,18.45
SKIPPER,37.73,37.73
ALANKIT,20.42,20.42
SYNGENE,57.36,60.49
AYMSYNTEX,44.24,70.76
MUTHOOTCAP,8.68,8.68
POWERMECH,20.51,20.48
SHREEPUSHK,20.14,20.14
IDFCFIRSTB,23.32,23.32
BALAXI,11.25,11.69
SALZERELEC,25.16,25.16
LINCOLN,12.65,12.65
LALPATHLAB,51.94,51.94
PRECAM,122.95,142.94
HITECH,34.4,34.4
BHAGERIA,25.49,25.49
SEQUENT,171.57,183.55
KDDL,22.95,22.93
HCG,109.52,114.57
INFIBEAM,25.54,25.54
CROMPTON,41.07,41.07
SHRIPISTON,18.66,18.66
ALBERTDAVD,12.77,12.77
NAGAFERT,.19,.19
MOLDTECH,19,19
POKARNA,24.84,24.84
QUESS,23.47,22.97
GROBTEA,7.06,7.06
MINDTECK,22.39,21.25
DBL,11.53,20.34
SPAL,20.36,20.36
RBLBANK,9.79,9.79
LTTS,40.19,40.19
ICICIPRULI,85.3,85.3
MARATHON,14.95,14.95
NIRAJISPAT,13.42,13.42
PARTYCRUS,15.54,15.54
NPST,104.5,104.5
VMARCIND,21.47,21.47
BEWLTD,14.42,14.42
DUGLOBAL,71.92,71.92
DYNAMIC,24.98,25.04
PRECISION,12.8,12.8
NIDAN,,10.21
TIMESCAN,9.08,9.08
SPRL,12.83,12.83
KNAGRI,17.14,17.14
KRISHNADEF,48.85,48.85
AMEYA,20.19,20.19
SKP,354.31,354.31
MWL,14.14,14.14
ARISTO,15.7,15.7
SWASTIK,31.56,31.56
USASEEDS,17.81,17.81
KORE,49.26,49.13
ALLETEC,36.49,36.49
BAHETI,42.99,42.99
RITEZONE,10.14,10.14
PHANTOMFX,10.94,10.94
IPSL,37.61,37.61
ARHAM,29.67,29.67
ARIHANTACA,26.06,26.06
SRIVASAVI,15.76,15.76
RBMINFRA,18.93,18.93
HOMESFY,16.73,16.35
LRRPL,79.51,79.51
MCON,42.53,42.53
QFIL,14.54,14.54
MASTER,32.4,32.4
SYSTANGO,18.3,18.3
SPECTSTM,27,27
SHRITECH,10.23,10.23
INFINIUM,37.67,37.67
SEL,53.63,53.63
GREENCHEF,28.54,28.54
MONOPHARMA,13.84,13.84
CLSL,28.9,28.9
SAHAJ,16.11,16.11
SERVICE,37.49,37.49
PRAMARA,31.27,31.27
ZEAL,11.19,11.19
SAROJA,28.27,28.27
ORIANA,29.81,29.81
BAWEJA,17.07,17.07
PLADAINFO,8.16,8.16
KODYTECH,97.48,97.48
SCML,13.68,13.68
MAL,12.25,12.25
BASILIC,28.59,28.59
MADHUSUDAN,17.52,17.52
KTL,6.35,6.35
FONEBOX,29.95,29.95
ITALIANE,16.9,16.9
CGRAPHICS,31.01,31.01
LAWSIKHO,34.45,34.45
MAXPOSURE,32.55,32.55
SONAMAC,13.16,13.16
TCL,16.69,16.69
DELAPLEX,14.04,14.04
SHREEKARNI,25.36,25.36
RADIOWALLA,1.84,1.65
ENFUSE,90.25,90.25
SILKFLEX,11.71,11.71
TAC,110.72,110.72
TRUST,21.52,21.52
ALUWIND,25.35,25.39
ABSMARINE,39.76,39.76
WINSOL,49.94,49.94
EMKAYTOOLS,4.41,4.41
AVSL,29.19,27.58
PROLIFE,12.73,12.73
VSCL,73.74,73.74
GOLDSTAR,82.14,82.14
AISL,17.76,17.76
FELIX,45.43,45.43
AMJUMBO,445.22,445.22
MDL,41.96,40.8
MAHICKRA,46,46
SPECTRUM,128.61,128.61
SHUBHLAXMI,20.21,20.21
ATMASTCO,41.51,41.51
MAZDA,17.18,17.18
VBL,60.1,60.1
AGROPHOS,987.41,987.41
PODDARMENT,12.32,12.32
NBIFIN,77.55,77.55
MANALIPETC,54.03,47.74
SOBHA,210.32,210.34
HIRECT,52.96,52.96
PLASTIBLEN,16.06,16.06
PARACABLES,19.78,19.78
PTL,16.01,16.01
AUTOIND,16.78,15.1
TIIL,23.31,22.68
REDINGTON,15.9,15.9
PFC,4.35,4.35
SMSPHARMA,27.2,27.2
LAOPALA,24.44,24.44
JKTYRE,13.73,12.87
THEMISMED,48.06,48.06
BALAMINES,24.36,24.36
FORTIS,56.61,54.9
WEBELSOLAR,96.16,87.4
INSECTICID,12.62,12.64
TIMETECHNO,24.34,24.34
V2RETAIL,75.48,75.48
ALPA,9.24,9.24
MOTILALOFS,11.56,11.56
MAGNUM,12.46,19.1
CCCL,.38,
ENERGYDEV,,129.39
RELIGARE,34.62,238.78
EDELWEISS,16.16,16.16
KOLTEPATIL,128.46,128.46
COLPAL,46.18,46.18
MADHAV,428.37,428.37
KALYANIFRG,30.01,30.01
ECLERX,28.67,28.67
BRIGADE,38.71,38.71
DVL,13.89,13.89
PATINTLOG,16.2,16.2
ARIES,10.82,10.82
AMBIKCO,12.07,12.07
CEATLTD,24.63,22.6
RPOWER,6.37,
JKIL,13.31,13.31
KNRCON,4.99,4.94
IRB,4.29,30.24
NMDC,9.12,9.09
NAHARCAP,13.01,13.01
VGUARD,48.19,48.19
NESCO,16.58,16.58
DPSCLTD,84.53,84.53
BAJAJFINSV,17.8,17.8
GOKUL,44.96,44.96
RPGLIFE,48.52,44.17
RBL,12.45,12.18
RANEENGINE,54.02,22.58
LOTUSEYE,253.43,265.29
UBL,125.83,121.89
20MICRONS,10.66,10.54
COUNCODOS,85.15,85.15
AJMERA,24.95,24.95
EXCEL,43.67,43.67
ADANIPOWER,14.49,14.49
RTNPOWER,.5,42.61
DEN,7.77,7.77
SARDAEN,25.91,25.88
REFEX,36.62,36.67
AHLUCONT,14.16,25.55
GODREJPROP,40.75,40.75
BEARDSELL,14.63,14.63
MMTC,85.74,81.39
WHIRLPOOL,38.81,37.22
MBLINFRA,2.62,
THANGAMAYL,46.05,46.05
HATHWAY,33.72,33.25
LGBBROSLTD,14.17,14.73
ISFT,14.98,14.98
SJVN,36.8,40.19
UMESLTD,124.56,124.56
HMVL,14.65,14.65
BLISSGVS,20.67,8.86
AHLEAST,8.76,8.76
PRAKASHSTL,3.45,94
WELINV,63.35,63.35
DEEPAKNTR,35.81,38.96
GREENPOWER,61.68,60.11
ASHOKA,3.66,3.85
OBEROIRLTY,22.87,22.87
RESPONIND,30.14,30.14
GRAVITA,44,44
RPPINFRA,7.77,7.77
ZEELEARN,1.42,6.46
RKDL,40.17,40.17
SURANASOL,283.9,283.9
KICL,23.75,31.49
HFCL,36.08,36.08
MUTHOOTFIN,17.95,17.95
PIIND,28.57,28.57
VSTTILLERS,26.3,26.39
MAITHANALL,3.18,3.18
INVENTURE,15.13,13.93
ELGIRUBCO,30.18,
BODALCHEM,125.82,104.28
FILATEX,15.42,15.42
PFIZER,30.55,30.55
DEEPAKFERT,15.17,15.17
COROMANDEL,30.4,30.4
ASIANPAINT,52.09,50.52
TATACHEM,,41.66
HONAUT,56.13,56.13
SUNPHARMA,34.87,33.81
HCC,18.4,
ADANIENT,64.71,61.52
EICHERMOT,34.73,34.73
ZENSARTECH,28.32,28.32
JYOTISTRUC,57.86,57.86
MUNJALSHOW,17.83,17.83
RANASUG,15.56,15.56
WSI,988.96,215.21
SUBROS,27.66,27.66
WIPRO,26.22,26.22
MURUDCERA,28.88,28.88
ESABINDIA,42.41,42.41
AARTIIND,41.78,42.14
KOPRAN,18.9,18.9
TATAINVEST,129.25,129.25
IPCALAB,52.4,51.79
GSFC,14.04,14.21
EIDPARRY,7.94,7.94
BIRLACORPN,33.53,34.49
ASHAPURMIN,15.43,19.06
TNPL,65.04,65.04
AUTOAXLES,16.79,16.79
SWARAJENG,21.83,21.83
TTKPRESTIG,44.81,44.81
EIMCOELECO,17.95,17.95
SILINV,14.81,14.81
HITECHGEAR,25.31,25.29
PUNJABCHEM,25.18,25.18
GANESHHOUC,19.3,19.3
MPHASIS,30.38,30.38
INDRAMEDCO,24.9,24.9
SKMEGGPROD,12.81,12.81
ICICIBANK,16.96,16.96
TAJGVK,31.54,31.54
AXISCADES,61.1,59.71
MARKSANS,28.53,28.53
ASAL,38.22,38.22
PNB,6.91,6.91
UNIONBANK,5.51,5.51
GODREJIND,22.43,22.43
UCOBANK,20.3,20.3
JAIBALAJI,16.92,16.92
UPL,796.48,30.57
VAIBHAVGBL,29.5,28.88
NIITLTD,36.8,36.8
FCSSOFT,216.47,58.24
GESHIP,4.51,4.51
NFL,26.77,26.77
WANBURY,15.64,37.43
IZMO,8.27,7.95
PGIL,31.15,31.22
TFL,171.08,171.08
PAGEIND,68.58,68.58
ASTRAL,71.99,71.99
NCLIND,20.52,17.93
PHOENIXLTD,42.51,42.95
SRHHYPOLTD,11.32,10.83
KMSUGAR,8.55,8.55
NELCAST,31.75,36.18
MEGASOFT,84.66,84.66
INDOWIND,35.17,35.17
POWERGRID,15.88,15.88
BAJAJELEC,73.05,73.05
ADANIPORTS,23.74,22.59
OIL,9.04,9.04
ZYDUSWELL,32.3,32.9
GILLANDERS,8100.52,
HINDCOPPER,53.9,53.9
JUBLFOOD,120.74,202.37
PERSISTENT,69.89,69.89
IMFA,8.79,8.79
GPPL,19.42,17.82
KILITCH,30.21,30.21
RAMKY,12.32,12.32
PRESTIGE,67.21,67.21
APLLTD,26.57,27.02
PGEL,108.39,108.39
PANAMAPET,10.85,10.85
PAISALO,19.32,19.35
TRITURBINE,54.09,54.09
INDOTHAI,156.28,156.28
DSSL,20.93,20.93
POLYMED,71.52,71.52
VIKASECO,29.29,29.29
KANANIIND,46.1,46.1
MINDACORP,48.28,48.28
DBSTOCKBRO,20.17,20.17
SCHNEIDER,70.73,75.44
NBCC,43.29,38.3
TBZ,17.14,17.14
VSSL,15.92,15.92
SPECIALITY,27.84,27.84
MAYURUNIQ,15.2,15.2
ROSSELLIND,10.38,10.31
ZUARI,4.97,4.97
CARERATING,29.9,29.9
PCJEWELLER,18.18,18.18
REPCOHOME,4.97,4.97
ATULAUTO,77.97,77.97
ORIENTCEM,57.31,57.31
SREEL,24.73,24.73
AGRITECH,177.98,177.98
BUTTERFLY,287.07,199.05
CAPLIPOINT,30.13,30.13
SNOWMAN,210.58,210.58
CIGNITITEC,24.96,24.51
MONTECARLO,18.18,18.18
CCHHL,183.92,183.92
PENINLAND,51.31,50.34
WHEELS,14.07,14.07
PREMIERPOL,21.96,21.96
SMLISUZU,14.02,14.02
FACT,,554.63
EXIDEIND,39.93,39.93
ELECON,29.45,29.45
PEL,44.36,
MASTEK,19.92,20.49
LUMAXIND,39.12,39.12
KECL,63.21,268.76
CUMMINSIND,44.74,44.74
JAYBARMARU,33.66,33.66
JBCHEPHARM,39.63,39.63
INDIAGLYCO,21.41,21.41
IGPL,13.71,13.71
GNFC,16.13,16.13
BPCL,8.65,8.47
BASF,31.4,31.92
ATUL,39.54,39.54
ACC,13.65,15.02
SCI,8.08,8.08
MRPL,25.66,25.44
HINDPETRO,11.11,11.11
RELINFRA,40.45,
BAJAJHLDNG,91.56,91.56
VOLTAS,50.29,50.29
TITAN,87.55,87.55
TATASTEEL,72.51,60.1
SPIC,19.74,13.32
SBIN,8.06,8.06
NOCIL,26.36,26.36
DRREDDY,18,18
CHAMBLFERT,14.95,14.95
HINDOILEXP,16.46,20.28
DICIND,112.68,52.76
RAMCOCEM,54.44,112.44
ADORWELD,26.96,24.4
TORNTPHARM,56.27,56.27
FEDERALBNK,11.14,11.14
VLSFINANCE,5.06,5.06
SRF,72.26,72.26
WEIZMANIND,22.15,22.15
UNICHEMLAB,,50.73
PRECOT,13.07,16.25
APOLLOHOSP,69.73,69.73
BALKRISIND,29.68,29.68
GINNIFILA,,146.09
ONGC,7.53,7.29
TAINWALCHM,57.5,57.5
JINDALPOLY,12.25,20.74
IGARASHI,70.36,70.36
NKIND,923.05,923.05
APCOTEXIND,32.49,32.49
SOTL,24.41,24.41
KARURVYSYA,9.34,9.34
DECCANCE,418.47,73.36
UFLEX,,7.43
THOMASCOOK,25.37,25.04
SPMLINFRA,39.37,41.4
BHARATRAS,27.32,27.32
VSTIND,15.05,20.15
UNIVCABLES,37.69,37.69
SOMANYCERA,24.85,25.29
M&M,29.03,29.03
KABRAEXTRU,36.06,36.06
PIDILITIND,72.58,70.78
HONDAPOWER,36.77,39.26
RUBYMILLS,15.56,15.56
GRAPHITE,19.48,19.48
BBL,24.46,24.46
DCMSHRIRAM,29.62,29.62
CIPLA,23.9,23.9
HEROMOTOCO,17.54,17.54
HARRMALAYA,2628.09,48.73
GIPCL,12.95,12.95
ITC,24.89,24.89
HINDCOMPOS,18.66,18.66
RICOAUTO,32.27,31.71
IFBAGRO,27.19,27.19
MANINDS,14.41,14.41
SIYSIL,15.27,15.27
PRECWIRE,30.95,30.95
NILKAMAL,24.7,24.7
NCC,14.58,14.23
SEAMECLTD,22.86,24.92
AUROPHARMA,18.61,18.26
BBTC,6.66,6.49
GICHSGFIN,5.28,5.28
BEPL,14.77,14.77
BANARBEADS,24.52,24.52
WSTCSTPAPR,6.77,6.77
21STCENMGM,1.78,1.78
GHCL,9.82,9.82
PRAJIND,37.81,41.17
BPL,22.39,22.39
VESUVIUS,29.47,29.47
TFCILTD,14.85,14.85
GTL,1.28,20.21
NAVNETEDUL,3.77,14.13
CHOLAFIN,28.97,28.97
FMGOETZE,12.44,12.44
ORIENTHOT,61.64,61.64
KANSAINER,16.98,30.95
3MINDIA,53.53,53.53
RALLIS,29.98,29.98
MFSL,114.62,114.62
HEG,35.88,35.88
VARDMNPOLY,34.3,34.3
SURYAROSNI,15.77,15.77
TIMKEN,46.84,46.84
SHREECEM,83.96,83.96
SAKHTISUG,2.76,
AKZOINDIA,34.86,34.86
HINDUNILVR,49.07,50.93
FINPIPE,15.21,26.56
FINCABLES,21.14,29.24
DCM,19.18,19.18
BHEL,152.72,152.72
PVP,867.26,913.88
GREENPLY,29.06,29.96
KHAITANLTD,7.52,7.52
MRF,26.59,26.59
ANDHRSUGAR,33.57,30.34
STARPAPER,5.05,5.05
SKFINDIA,34.86,34.86
AUSOMENT,12.6,12.6
JAYAGROGN,13.45,13.45
MARICO,50.89,50.89
SAMBHAAV,53.22,62.02
SUNDRMBRAK,79.56,79.56
SOMATEX,1.48,
CREST,11.68,11.68
WENDT,53.47,53.47
DENORA,100.32,100.32
MIRZAINT,224.8,224.8
DYNAMATECH,52.24,103.08
MMFL,14.05,14.11
JCHAC,87.69,84.8
HERITGFOOD,19.3,18.9
SFL,57.56,98.1
LAURUSLABS,147.78,147.78
ITDC,64.71,64.65
HISARMETAL,26.11,26.11
CAPTRUST,100.33,100.33
BSE,95.56,95.56
PRICOLLTD,30.74,30.74
JITFINFRA,29.02,51.56
DMART,86.7,86.7
ARIHANTSUP,27.48,27.48
PSPPROJECT,36.76,36.76
TEJASNET,21.72,21.72
ERIS,49.29,49.29
STEELXIND,25.11,25.11
AVADHSUGAR,12.05,12.05
THEINVEST,24.26,24.26
SIS,23.52,23.52
SMSLIFE,16.66,16.66
APEX,433.47,433.47
MATRIMONY,23.27,23.27
ICICIGI,68.79,68.79
DIAMONDYD,,171.24
TCPLPACK,28.12,28.12
TIINDIA,45.89,45.7
KHADIM,101.38,101.38
5PAISA,18.18,18.18
SHIVATEX,23.27,23.27
AMBER,78.54,78.54
ASTERDM,68.42,64.84
BDL,66.97,66.97
BANDHANBNK,8.86,8.86
SANDHAR,18.05,18.95
MIDHANI,50.83,50.83
CHEMFAB,156.85,156.85
INDOSTAR,37.24,37.24
ADANIGREEN,89.55,76.93
GAYAHWS,,1.15
FINEORG,27.7,27.68
RITES,25.85,25.91
CREDITACC,15.85,15.85
SIGIND,13.43,13.43
TREJHARA,19.75,762.58
DALBHARAT,57.71,49.12
NATHBIOGEN,7.59,7.74
SDBL,22.82,22.82
HATSUN,74.58,74.58
SUPERHOUSE,17.92,37.43
SHK,361.46,15.29
UMANGDAIRY,28.83,28.83
ALKEM,25.68,25.57
QUICKHEAL,90.05,90.05
KELLTONTEC,14.75,14.75
PDMJEPAPER,9.56,9.56
PARAGMILK,18.66,18.66
SALONA,19.62,19.62
DAMODARIND,20.58,20.58
SHANKARA,19.67,19.67
DOLLAR,22.21,22.36
BHAGYANGR,21.07,21.07
AUBANK,20.19,19.57
MAGADSUGAR,8.85,8.85
COCHINSHIP,42.78,42.78
IEX,38.19,38.19
GICRE,9.04,9.04
IFGLEXPOR,29.45,29.45
DNAMEDIA,.49,
APOLLO,65.52,65.52
GMMPFAUDLR,45.86,45.86
