SYMBOL,SERIES,SECURITY,HIGH/LOW,INDEX FLAG
21STCENMGM,BE,21ST CENTURY MGMT SERVICE,H
3PLAND,BE,3P LAND HOLDINGS LIMITED,H
63MOONS,EQ,63 MOONS TECHNOLOGIES LTD,H
ABAN,BE,ABAN OFFSHORE LTD.,H
ALMONDZ,EQ,ALMONDZ GLOBAL SEC LTD,H
ALPSINDUS,BE,ALPS INDUSTRIES LTD.,H
APOLLOPIPE,EQ,APOLLO PIPES LIMITED,H
ARENTERP,BE,RAJDARSHAN INDUSTRIES LTD,H
ARSSINFRA,BE,ARSS INFRA PROJ. LTD,H
ASIANENE,EQ,ASIAN ENERGY SERVICES LTD,H
ATLANTAA,BE,ATLANTAA LIMITED,H
BASILIC,ST,BASILIC FLY STUDIO LTD,H
BLUECHIP,BE,BLUE CHIP INDIA LIMITED,H
BOHRAIND,BZ,BOHRA INDUSTRIES LIMITED,H
BRACEPORT,ST,BRACE PORT LOGISTICS LTD,H
CCCL,BE,CONS. CONST. CONSORT LTD,H
CEREBRAINT,BZ,CEREBRA INT TECH LTD,H
COMPINFO,BZ,COMPUAGE INFOCOM LTD,H
CREATIVEYE,EQ,CREATIVE EYE LIMITED,H
CTE,EQ,CAMBRIDGE TECH ENTER LTD,H
DGCONTENT,BE,DIGICONTENT LIMITED,H
DHRUV,BE,DHRUV CONSULTANCY SER LTD,H
DIGIKORE,ST,DIGIKORE STUDIOS LIMITED,H
DIL,BE,DEBOCK INDUSTRIES LIMITED,H
DJML,BE,DJ MEDIAPRINT & LOG LTD,H
EDUCOMP,BZ,EDUCOMP SOLUTIONS LTD,H
EMAMIREAL,BE,EMAMI REALTY LIMITED,H
FCONSUMER,BE,FUTURE CONSUMER LIMITED,H
FEL,BZ,FUTURE ENTERPRISES LTD,H
FICRF3GP,MF,FRANTEMAMC - FICRF3GP,H
FLFL,BZ,FUT LIFESTYLE FASH LTD,H
FSC,BZ,FUTURE SUPP CHAIN SOL LTD,H
GANGAFORGE,EQ,GANGA FORGING LIMITED,H
GATECH,BE,GACM TECHNOLOGIES LIMITED,H
GATECHDVR,BE,GACM TECHNOLOGIES LIMITED,H
GAYAPROJ,BZ,GAYATRI PROJECTS LTD,H
GFSTEELS,BE,GRAND FOUNDRY LTD,H
GOENKA,BZ,GOENKA DIAMOND&JEWELS LTD,H
GPECO,ST,GP ECO SOLUTIONS INDIA L,H
GRAPHISAD,SM,GRAPHISADS LIMITED,H
GUJRAFFIA,BE,GUJARAT RAFFIA INDUST LTD,H
HEADSUP,EQ,HEADS UP VENTURES LIMITED,H
HYBRIDFIN,EQ,HYBRID FINANCIAL SERVICE,H
IDENTICAL,ST,IDENTICAL BRAINS STUDIO L,H
IEL,BE,INDIABULLS ENT LTD,H
INDOTECH,EQ,INDO TECH TRANSFORM LTD.,H
INFOMEDIA,BE,INFOMEDIA PRESS LIMITED,H
JAYBEE,ST,JAY BEE LAMINATIONS LTD,H
JSWHL,EQ,JSW HOLDINGS LIMITED,H
KARNIKA,SM,KARNIKA INDUSTRIES LTD,H
KEEPLEARN,BE,DSJ KEEP LEARNING LTD,H
KEN,ST,KEN ENTERPRISES LIMITED,H
KONTOR,SM,KONTOR SPACE LIMITED,H
KRISHCA,ST,KRISHCA STRAPPING SLTN L,H
KSHITIJPOL,BE,KSHITIJ POLYLINE LIMITED,H
LAMOSAIC,ST,LAMOSAIC INDIA LIMITED,H
MADHUCON,EQ,MADHUCON PROJECTS LTD.,H
MAFANG,EQ,MIRAEAMC - MAFANG,H
MAHKTECH,EQ,MIRAEAMC - MAHKTECH,H
MANAV,SM,MANAV INFRA PROJECTS LTD,H
MASPTOP50,EQ,MIRAEAMC - MASPTOP50,H
MEGAFLEX,ST,MEGA FLEX PLASTICS LTD,H
MONOPHARMA,SM,MONO PHARMACARE LIMITED,H
MONQ50,EQ,MOTILALAMC - MONQ50,H
MTEDUCARE,BE,MT EDUCARE LTD,H
MYMUDRA,ST,MY MUDRA FINCORP LIMITED,H
ORCHPHARMA,EQ,ORCHID PHARMA LIMITED,H
ORTEL,BZ,ORTEL COMMUNICATIONS LTD,H
PARAGON,ST,PARAGON FINE S.C. LTD.,H
PATTECH,SM,PATTECH FITWELL TUB COM L,H
PHANTOMFX,SM,PHANTOM DIGITAL EFF LTD,H
PRAXIS,BE,PRAXIS HOME RETAIL LTD,H
PREMIERPOL,EQ,PREMIER POLYFILM LTD,H
RAJRILTD,BE,RAJ RAYON INDUSTRIES LTD,H
RAMANEWS,EQ,SHREE RAMA NEWSPRINT LTD,H
REGENCERAM,BE,REGENCYCERAMICS-LTD,H
S&SPOWER,EQ,S&S POWER SWITCHGEARS LTD,H
SATECH,ST,S A TECH SOFTWARE INDIA L,H
SEMAC,BE,SEMAC CONSULTANTS LIMITED,H
SETUINFRA,BZ,SETUBANDHAN INFRA LTD,H
SFML,ST,SUPREME FACILITY MGMT LTD,H
SHANTHALA,ST,SHANTHALA FMCG PRODUCTS L,H
SHREERAMA,BE,SHREE RAMA MULTI TECH LTD,H
SHUBHSHREE,ST,SHUBHSHREE BIOFUELS ENE L,H
SHYAMTEL,BE,SHYAM TELECOM LIMITED,H
SITINET,BZ,SITI NETWORKS LIMITED,H
SKIL,BZ,SKIL INFRASTRUCTURE LTD.,H
SLONE,ST,SLONE INFOSYSTEMS LIMITED,H
SOFTTECH,BE,SOFTTECH ENGINEERS LTD,H
SUPREMEENG,BE,SUPREME ENGINEERING LTD,H
SUULD,BZ,SUUMAYA INDUSTRIES LTD,H
SWANDEF,BE,SWAN DEFENCE N HEVY IND L,H
TAC,ST,TAC INFOSEC LIMITED,H
TARIL,EQ,TRANS & RECTI. LTD,H
TCIFINANCE,BE,TCIFINANCELTD-ROLL SETT,H
TIJARIA,BE,TIJARIA POLYPIPES LTD,H
TIL,EQ,TIL LTD,H
TRUST,ST,TRUST FINTECH LIMITED,H
UNIVAFOODS,BE,UNIVA FOODS LIMITED,H
V2RETAIL,BE,V2 RETAIL LIMITED,H
VELS,ST,VELS FILM INTERNATIONAL L,H
VERTEXPLUS,SM,VERTEXPLUS TECHNOLOGIES L,H
VIVO,SM,VIVO COLLAB SOLUTIONS LTD,H
VLINFRA,ST,V.L.INFRAPROJECTS LIMITED,H
364D050226,TB,GOI TBILL 364D-05/02/26,L
A2ZINFRA,BE,A2Z INFRA ENGINEERING LTD,L
AARTECH,BE,AARTECH SOLONICS LIMITED,L
ABMINTLLTD,EQ,ABM INTERNATIONAL LTD,L
AGNI,ST,AGNI GREEN POWER LTD,L
AGSTRA,BE,AGS TRANSACT TECH LTD,L
AILIMITED,SM,ABHISHEK INTEGRATIONS LTD,L
AKANKSHA,SM,AKANKSHA POWER N INFRA L,L
ALPHAGEO,BE,ALPHAGEO (INDIA) LIMITED,L
AMEYA,SM,AMEYA PRECISION ENG LTD,L
ANSALAPI,BZ,ANSAL PROP & INFRA LTD,L
ANTGRAPHIC,EQ,ANTARCTICA LTD,L
APRAMEYA,ST,APRAMEYA ENGINEERING LTD,L
ARROWGREEN,BE,ARROW GREENTECH LIMITED,L
ARSHIYA,BZ,ARSHIYA LIMITED,L
ARSSINFRA,BE,ARSS INFRA PROJ. LTD,L
ASHAPURMIN,EQ,ASHAPURA MINECHEM LTD,L
ASPIRE,ST,ASPIRE & INNOVATIVE ADV L,L
ATALREAL,EQ,ATAL REALTECH LIMITED,L
ATMASTCO,ST,ATMASTCO LIMITED,L
AURDIS,ST,AURANGABAD DISTILLERY LTD,L
AVPINFRA,ST,AVP INFRACON LIMITED,L
AVROIND,EQ,AVRO INDIA LIMITED,L
BAJAJINDEF,BE,INDEF MANUFACTURING LTD,L
BBOX,EQ,BLACK BOX LIMITED,L
BGLOBAL,BZ,BHARATIYA GLOBAL INFO LTD,L
BGRENERGY,BE,BGR ENERGY SYSTEMS LTD,L
BIL,BE,BHARTIYA INETRNATIONAL LT,L
BIRLAMONEY,BE,ADITYA BIRLA MONEY LTD,L
BOSS,ST,BOSS PACKAGING SOLU LTD,L
BRIGHT,SZ,BRIGHT SOLAR LIMITED,L
BTML,BE,BODHI TREE MULTIMEDIA LTD,L
C2C,ST,C2C ADVANCED SYSTEMS LTD,L
CEREBRAINT,BZ,CEREBRA INT TECH LTD,L
CMICABLES,BZ,CMI LIMITED,L
COFFEEDAY,BE,COFFEE DAY ENTERPRISE LTD,L
COMPINFO,BZ,COMPUAGE INFOCOM LTD,L
CPS,ST,C P S SHAPERS LIMITED,L
CREATIVEYE,EQ,CREATIVE EYE LIMITED,L
DELTAMAGNT,BE,DELTA MANUFACTURING LTD,L
DESTINY,ST,DESTINY LOGISTICS & I LTD,L
DPEL,ST,DIVINE POWER ENERGY LTD,L
DRONE,ST,DRONE DESTINATION LIMITED,L
DYNAMIC,ST,DYNAMIC SRVCS & SEC LTD,L
E2E,EQ,E2E NETWORKS LIMITED,L
EDUCOMP,BZ,EDUCOMP SOLUTIONS LTD,L
EFFWA,SM,EFFWA INFRA & RESEARCH L,L
ELECTHERM,BE,ELECTROTHERM (I) LTD.,L
ENSER,ST,ENSER COMMUNICATIONS LTD,L
EROSMEDIA,BZ,EROS INTL MEDIA LTD,L
ESCONET,ST,ESCONET TECHNOLOGIES LTD,L
ESFL,SM,ESSEN SPECIALITY FILMS L,L
ESPRIT,ST,ESPRIT STONES LIMITED,L
EXCEL,BE,EXCEL REALTY N INFRA LTD,L
FALCONTECH,ST,FALCON TECHNOPROJ IND LTD,L
FEL,BZ,FUTURE ENTERPRISES LTD,L
FELDVR,BE,FUTURE ENTERPRISES LTD,L
FIDEL,ST,FIDEL SOFTECH LIMITED,L
FLEXITUFF,BE,FLEXITUFF VENTURES INT L,L
FSC,BZ,FUTURE SUPP CHAIN SOL LTD,L
GAYAHWS,BE,GAYATRI HIGHWAYS LIMITED,L
GAYAPROJ,BZ,GAYATRI PROJECTS LTD,L
GLFL,BE,GUJARAT LEASE FINANCING L,L
GLOBALVECT,BE,GLOBAL VEC HELICORP LTD,L
GOENKA,BZ,GOENKA DIAMOND&JEWELS LTD,L
GRCL,SM,GAYATRI RUBB AND CHEM LTD,L
GRETEX,ST,GRETEX INDUSTRIES LTD.,L
GUJRAFFIA,BE,GUJARAT RAFFIA INDUST LTD,L
GVKPIL,BE,GVK POW. & INFRA LTD.,L
HDIL,BZ,HOUSING DEV & INFRA LTD,L
HECPROJECT,EQ,HEC INFRA PROJECTS LTD,L
HEXATRADEX,EQ,HEXA TRADEX LIMITED,L
HIGREEN,ST,HI GREEN CARBON LIMITED,L
HINDNATGLS,BE,HIND NATL GLASS & IND LTD,L
HOACFOODS,ST,HOAC FOODS INDIA LIMITED,L
HRHNEXT,ST,HRH NEXT SERVICES LIMITED,L
IDEALTECHO,ST,IDEAL TECHNOPLAST IND LTD,L
IITL,BE,INDUSTRIAL INV TRUST LTD,L
IMPEXFERRO,BZ,IMPEX FERRO TECH LIMITED,L
INFOMEDIA,BE,INFOMEDIA PRESS LIMITED,L
IRIS,BE,IRIS BUSINESS SERV LTD,L
ISHAN,SM,ISHAN INTERNATIONAL LTD,L
IZMO,BE,IZMO LIMITED,L
JHS,BE,JHS SVEND. LAB. LTD,L
JUBLCPL,BE,JUBILANT AGRI N CON PRO L,L
JYOTI-RE1,BE,JYOTI STRUCTURES LIMITED,L
KAMOPAINTS,BE,KAMDHENU VENTURES LIMITED,L
KBCGLOBAL,BE,KBC GLOBAL LIMITED,L
KCEIL,ST,KAY CEE ENERGY & INFRA L,L
KCK,ST,KCK INDUSTRIES LTD,L
KEN,ST,KEN ENTERPRISES LIMITED,L
KERNEX,BE,KERNEX MICROSYS(I) LTD,L
KITEX,BE,KITEX GARMENTS LTD,L
KKJEWELS,ST,KABRA JEWELS LIMITED,L
KONSTELEC,ST,KONSTELEC ENGINEERS LTD,L
KOTYARK,ST,KOTYARK INDUSTRIES LTD,L
KRITI,EQ,KRITI INDUSTRIES IND LTD,L
KTL,ST,KALAHRIDHAAN TRENDZ LTD,L
LATTEYS,BE,LATTEYS INDUSTRIES LTD,L
MACPOWER,BE,MACPOWER CNC MACHINES LTD,L
MADHUCON,EQ,MADHUCON PROJECTS LTD.,L
MANAKCOAT,BE,MAN COAT METAL & IND LTD,L
MANAV,SM,MANAV INFRA PROJECTS LTD,L
MAXVOLT,ST,MAXVOLT ENERGY INDUS L,L
MCLEODRUSS,BE,MCLEOD RUSSEL INDIA LTD.,L
MEDIORG,SM,MEDICAMEN ORGANICS LTD,L
MFML,BE,MAHALAXMI FABRIC MILLS LT,L
MIEL,ST,MANGLAM INFRA & ENG LTD,L
MTEDUCARE,BE,MT EDUCARE LTD,L
NEXTMEDIA,BE,NEXT MEDIAWORKS LIMITED,L
NILASPACES,BE,NILA SPACES LIMITED,L
OILCOUNTUB,EQ,OIL COUNTRY TUBULAR LTD,L
OMKARCHEM,BZ,OMKAR SPL CHEM LTD,L
ONDOOR,ST,ON DOOR CONCEPTS LIMITED,L
ONELIFECAP,BE,ONELIFE CAP ADVISORS LTD,L
ONYX,ST,ONYX BIOTEC LIMITED,L
ORTEL,BZ,ORTEL COMMUNICATIONS LTD,L
PANACHE,BE,PANACHE DIGILIFE LIMITED,L
PENINLAND,BE,PENINSULA LAND LIMITED,L
PERFECT,ST,PERFECT INFRAENGINEER LTD,L
PIGL,BE,POWER INSTRUMENT (G) LTD,L
PODDARHOUS,BZ,PODDAR HOUSE & DVPT LTD,L
POLYSIL,SM,POLYSIL IRRIGATION SYST L,L
PRECISION,ST,PRECISION METALIKS LTD,L
PRECOT,BE,PRECOT LIMITED,L
PREMIER,BE,PREMIER LIMITED,L
PRITIKA,ST,PRITIKA ENG COMPO LTD,L
PRIZOR,ST,PRIZOR VIZTECH LIMITED,L
PRUDMOULI,BE,PRUDENTIAL SUGAR CORPORAT,L
QUINTEGRA,BE,QUINTEGRA SOLUTIONS LTD.,L
RAJRILTD,BE,RAJ RAYON INDUSTRIES LTD,L
RAJTV,BE,RAJ TV NETWORK LTD,L
RBMINFRA,ST,RBM INFRACON LIMITED,L
RCOM,BE,RELIANCE COMMUNICATIONS L,L
READYMIX,ST,READYMIX CONSTRU MACHI L,L
REGENCERAM,BE,REGENCYCERAMICS-LTD,L
REPL,BE,RUDRABHISHEK ENTERP LTD,L
RKEC,EQ,RKEC PROJECTS LIMITED,L
RMDRIP,ST,R M DRIP & SPRINK SYS LTD,L
ROLTA,BZ,ROLTA INDIA LTD,L
ROXHITECH,ST,ROX HI TECH LIMITED,L
RPPINFRA,BE,R.P.P INFRA PROJECTS LTD.,L
RSSOFTWARE,BE,R. S. SOFTWARE (INDIA) LI,L
SABAR,ST,SABAR FLEX INDIA LIMITED,L
SADBHAV,BE,SADBHAV ENGINEERING LTD,L
SAHASRA,ST,SAHASRA ELECTRONIC SOLU L,L
SAMPANN,BE,SAMPANN UTPADAN INDIA LTD,L
SANCO,BZ,SANCO INDUSTRIES LIMITED,L
SANWARIA,BZ,SANWARIA CONSUMER LIMITED,L
SATECH,ST,S A TECH SOFTWARE INDIA L,L
SBGLP,EQ,SURATWWALA BUS GROUP LTD,L
SECURCRED,BZ,SECUR CREDENTIALS LIMITED,L
SETCO,BE,SETCO AUTOMOTIVE LTD,L
SETUINFRA,BZ,SETUBANDHAN INFRA LTD,L
SEYAIND,BE,SEYA INDUSTRIES LIMITED,L
SHAILY,BE,SHAILY ENG PLASTICS LTD,L
SHAKTIPUMP,EQ,SHAKTI PUMPS (I) LTD,L
SHANTI,EQ,SHANTI OVERSEAS INDIA LTD,L
SHRADHA,BE,SHRADHA INFRAPROJECTS LTD,L
SIGNPOST,BE,SIGNPOST INDIA LIMITED,L
SITINET,BZ,SITI NETWORKS LIMITED,L
SKIL,BZ,SKIL INFRASTRUCTURE LTD.,L
SOLARA,EQ,SOLARA ACTIVE PHA SCI LTD,L
SOLARAPP,E1,SOLAR ACT RS.3.50 PPD UP,L
SONUINFRA,ST,SONU INFRATECH LIMITED,L
SPCL,ST,SHIVALIC POWER CONTROL L,L
SUMIT,EQ,SUMIT WOODS LIMITED,L
TAKE,BZ,TAKE SOLUTIONS LTD,L
TECHIN,BZ,TECHINDIA NIRMAN LIMITED,L
TECHLABS,ST,TRIDENT TECHLABS LIMITED,L
TERASOFT,BE,TERA SOFTWARE LIMITED,L
TGL,ST,TEERTH GOPICON LIMITED,L
TIRUPATIFL,BE,TIRUPATI FORGE LIMITED,L
TOUCHWOOD,BE,TOUCHWOOD ENTERTAIN LTD.,L
TPHQ,BE,TEAMO PRODUCTIONS HQ LTD,L
TRANSTEEL,ST,TRANSTEEL SEATING TECH L,L
TRU,BE,TRUCAP FINANCE LIMITED,L
UEL,BE,UJAAS ENERGY LIMITED,L
VAKRANGEE,EQ,VAKRANGEE LIMITED,L
VARDMNPOLY,BE,VARDHMAN POLYTEX LTD.,L
VEEKAYEM,ST,VEEKAYEM FASH & APP LTD,L
VERITAAS,SM,VERITAAS ADVERTISING LTD,L
VERTOZ,BE,VERTOZ LIMITED,L
VINNY,BE,VINNY OVERSEAS LIMITED,L
VIVIANA,ST,VIVIANA POWER TECH LTD,L
VLEGOV,BE,VL E GOV AND IT SOL LTD,L
VMARCIND,ST,V MARC INDIA LIMITED,L
VOLERCAR,ST,VOLER CAR LIMITED,L
VR,ST,V R INFRASPACE LIMITED,L
VSCL,ST,VADIVARHE SPCLTY CHEM LTD,L
WEALTH,BE,WEALTH FRST PORT. MG. LTD,L
WEBELSOLAR,BE,WEBSOL ENERGY SYSTEM LTD,L
WINNY,ST,WINNY IMMIGRA & EDU SER L,L
WINSOME,BZ,WINSOME YARNS LIMITED,L
WOMANCART,ST,WOMANCART LIMITED,L
WSI,BE,W.S.INDUSTRIES (I) LTD.,L
YAARI,BE,YAARI DIGI INT SER LTD,L
ZENITHDRUG,ST,ZENITH DRUGS LIMITED,L
ZENITHEXPO,BE,ZENITH EXPORTS LTD,L
