GAIN_LOSS,SECURITY,CLOSE_PRIC,PREV_CL_PR,PERCENT_CG
 ,Nifty 50 Sec., , , 
 , , , , 
G,MAHINDRA & MAHINDRA LTD,      2709.20,      2669.35,1.49
G,DR. REDDY S LABORATORIES,      1164.55,      1151.80,1.11
G,EICHER MOTORS LTD,      5010.80,      4962.45,.97
G,HERO MOTOCORP LIMITED,      3884.85,      3852.60,.84
G,KOTAK MAHINDRA BANK LTD,      1966.10,      1953.05,.67
G,TRENT LTD,      5066.00,      5048.20,.35
G,ITC LTD,       401.90,       400.90,.25
G,NESTLE INDIA LIMITED,      2220.40,      2214.95,.25
G,MARUTI SUZUKI INDIA LTD.,     12345.20,     12323.45,.18
G,AXIS BANK LIMITED,      1010.05,      1008.95,.11
G,BHARAT ELECTRONICS LTD,       256.35,       256.10,.1
G,CIPLA LTD,      1476.75,      1475.75,.07
 , , , , 
L,WIPRO LTD,       295.05,       306.35,-3.69
L,HCL TECHNOLOGIES LTD,      1644.05,      1700.70,-3.33
L,TATA CONSULTANCY SERV LT,      3675.60,      3786.00,-2.92
L,INFOSYS LIMITED,      1764.10,      1815.00,-2.8
L,BHARTI AIRTEL LIMITED,      1601.30,      1639.25,-2.32
L,OIL AND NATURAL GAS CORP.,       234.35,       239.90,-2.31
L,TATA STEEL LIMITED,       137.65,       140.76,-2.21
L,TECH MAHINDRA LIMITED,      1613.70,      1649.50,-2.17
L,NTPC LTD,       320.10,       326.25,-1.89
L,HINDALCO  INDUSTRIES  LTD,       641.90,       653.55,-1.78
L,LARSEN & TOUBRO LTD.,      3257.70,      3315.10,-1.73
L,JSW STEEL LIMITED,       966.80,       981.90,-1.54
L,GRASIM INDUSTRIES LTD,      2393.70,      2431.05,-1.54
L,INDUSIND BANK LIMITED,      1029.15,      1043.75,-1.4
L,COAL INDIA LTD,       364.80,       369.95,-1.39
L,SHRIRAM FINANCE LIMITED,       577.20,       585.10,-1.35
L,ADANI PORT & SEZ LTD,      1070.40,      1083.25,-1.19
L,ICICI BANK LTD.,      1218.35,      1232.95,-1.18
L,BAJAJ FINSERV LTD.,      1857.80,      1879.35,-1.15
L,RELIANCE INDUSTRIES LTD,      1214.55,      1228.15,-1.11
L,POWER GRID CORP. LTD.,       259.15,       261.90,-1.05
L,APOLLO HOSPITALS ENTER. L,      6251.40,      6317.55,-1.05
L,ULTRATECH CEMENT LIMITED,     11042.65,     11157.25,-1.03
L,HDFC LIFE INS CO LTD,       617.00,       622.85,-0.94
L,HDFC BANK LTD,      1677.10,      1692.50,-0.91
L,ADANI ENTERPRISES LIMITED,      2115.15,      2133.10,-0.84
L,STATE BANK OF INDIA,       716.40,       722.00,-0.78
L,TATA MOTORS LIMITED,       668.25,       673.20,-0.74
L,BAJAJ AUTO LIMITED,      8446.95,      8506.05,-0.69
L,SBI LIFE INSURANCE CO LTD,      1486.50,      1495.40,-0.6
 , , , , 
 ,Nifty Next 50 Sec., , , 
 , , , , 
G,VARUN BEVERAGES LIMITED,       499.95,       477.65,4.67
G,UNITED SPIRITS LIMITED,      1342.80,      1306.50,2.78
G,ABB INDIA LIMITED,      5389.95,      5291.40,1.86
G,TVS MOTOR COMPANY  LTD,      2362.45,      2324.95,1.61
G,UNION BANK OF INDIA,       117.30,       115.68,1.4
G,ZYDUS LIFESCIENCES LTD,       891.25,       885.35,0.67
G,INTERGLOBE AVIATION LTD,      4536.00,      4510.75,0.56
G,GAIL (INDIA) LTD,       164.58,       164.21,0.23
G,HAVELLS INDIA LIMITED,      1522.85,      1520.30,0.17
 , , , , 
L,INFO EDGE (I) LTD,      7151.80,      7537.10,-5.11
L,LTIMINDTREE LIMITED,      5047.45,      5298.50,-4.74
L,VEDANTA LIMITED,       422.85,       438.20,-3.5
L,JSW ENERGY LIMITED,       479.70,       496.60,-3.4
L,ZOMATO LIMITED,       222.69,       230.36,-3.33
L,NHPC LTD,        77.24,        79.89,-3.32
L,REC LIMITED,       391.70,       403.55,-2.94
L,BHEL,       191.43,       196.41,-2.54
L,AMBUJA CEMENTS LTD,       470.40,       481.95,-2.4
L,JIO FIN SERVICES LTD,       228.45,       233.67,-2.23
L,JINDAL STEEL & POWER LTD,       862.25,       880.35,-2.06
L,DLF LIMITED,       673.70,       686.25,-1.83
L,ADANI POWER LTD,       470.10,       478.65,-1.79
L,SAMVRDHNA MTHRSN INTL LTD,       126.49,       128.78,-1.78
L,POWER FIN CORP LTD.,       382.85,       389.70,-1.76
L,MACROTECH DEVELOPERS LTD,      1195.00,      1215.55,-1.69
L,BAJAJ HOLDINGS & INVS LTD,     12001.85,     12207.85,-1.69
L,ADANI GREEN ENERGY LTD,       836.05,       849.35,-1.57
L,INDIAN RAIL TOUR CORP LTD,       720.35,       731.10,-1.47
L,ICICI PRU LIFE INS CO LTD,       566.40,       574.00,-1.32
L,INDIAN RAILWAY FIN CORP L,       123.47,       125.11,-1.31
L,ICICI LOMBARD GIC LIMITED,      1710.85,      1733.10,-1.28
L,BOSCH LIMITED,     26998.40,     27334.10,-1.23
L,PIDILITE INDUSTRIES LTD,      2761.80,      2795.70,-1.21
L,ADANI TOTAL GAS LIMITED,       575.40,       581.75,-1.09
L,SIEMENS LTD,      4872.90,      4921.35,-0.98
L,DIVI S LABORATORIES LTD,      5702.55,      5757.05,-0.95
L,INDIAN OIL CORP LTD,       120.22,       121.33,-0.91
L,BANK OF BARODA,       208.63,       210.27,-0.78
L,TATA POWER CO LTD,       354.60,       357.20,-0.73
 , , , , 
 ,OTHER SECURITIES, , , 
 , , , , 
G,SHREE RAMA NEWSPRINT LTD,        36.26,        30.22,19.99
G,HEADS UP VENTURES LIMITED,        11.05,         9.21,19.98
G,KARNIKA INDUSTRIES LTD,       502.70,       419.30,19.89
G,ASIAN ENERGY SERVICES LTD,       274.45,       229.80,19.43
G,SCL 10.25% 2034 SR XII,       950.00,       800.00,18.75
G,APOLLO PIPES LIMITED,       380.20,       326.60,16.41
G,INDIAN HUME PIPE CO. LTD.,       373.20,       329.75,13.18
G,BRAND CONCEPTS LIMITED,       409.70,       366.00,11.94
G,PHANTOM DIGITAL EFF LTD,       204.60,       186.00,10
G,DIC INDIA LIMITED,       705.90,       642.70,9.83
G,FRANTEMAMC - FICRF3GP,         1.79,         1.63,9.82
G,PREMIER POLYFILM LTD,        65.41,        59.68,9.6
G,MANGALAM GLOBAL ENT LTD,        31.09,        28.38,9.55
G,IVP LTD,       159.70,       146.20,9.23
G,AMIABLE LOGISTICS (I) LTD,        84.95,        79.00,7.53
G,SEC RE NCD 9.48% SR V,       860.00,       800.00,7.5
G,HAPPIEST MINDS TECHNO LTD,       721.50,       672.50,7.29
G,TEXMACO INFRA & HOLDG LTD,       101.86,        95.02,7.2
G,SEC RE NCD 9.85% SR.VIII,       750.00,       701.09,6.98
G,DEE DEVELOPMENT ENG LTD,       195.65,       182.95,6.94
G,DHARIWALCORP LIMITED,       124.00,       116.00,6.9
G,TOTAL TRANSPORT SYS LTD,        79.62,        74.73,6.54
G,PURPLE UNITED SALES LTD,       142.05,       133.35,6.52
G,BABA FOOD PROCESSING,        52.40,        49.20,6.5
G,VILAS TRANSCORE LIMITED,       372.85,       350.10,6.5
G,CENTURY ENKA LTD,       572.70,       539.05,6.24
G,M.V.K. AGRO FOOD PROD LTD,        35.00,        33.00,6.06
G,DATA PATTERNS INDIA LTD,      1642.90,      1553.60,5.75
G,GLOBAL PET INDUSTRIES LTD,       111.95,       106.20,5.41
G,VESUVIUS INDIA LTD,      4033.75,      3828.35,5.37
 , , , , 
L,POLYSIL IRRIGATION SYST L,        19.60,        24.50,-20
L,SEC RE NCD 10.35% SR III,       700.00,       772.00,-9.33
L,EPL LIMITED,       216.28,       237.56,-8.96
L,UNSEC RED NCD 10.5% SR.VI,       995.00,      1090.00,-8.72
L,STALLION IND FLUOROCHEM L,        67.00,        73.16,-8.42
L,FELIX INDUSTRIES LTD.,       142.00,       154.00,-7.79
L,THAAI CASTING LIMITED,       108.50,       117.65,-7.78
L,OWAIS METAL & MINERAL,       651.65,       705.95,-7.69
L,MACOBS TECHNOLOGIES LTD,       158.00,       171.00,-7.6
L,MAGNUM VENTURES LTD.,        30.34,        32.78,-7.44
L,MASTER TRUST LIMITED,       124.09,       134.02,-7.41
L,PRECISION CAMSHAFTS LTD.,       199.15,       214.80,-7.29
L,WOL 3D INDIA LIMITED,       119.25,       128.50,-7.2
L,VIJAYA DIAGNOSTIC CEN LTD,       923.30,       994.10,-7.12
L,BARAK VALLEY CEM. LTD.,        39.41,        42.39,-7.03
L,SHIGAN QUANTUM TECH LTD,        78.05,        83.95,-7.03
L,LLOYDS ENGG WORK LIMITED,        61.65,        66.27,-6.97
L,KHFM HOS FAC MANA SER LTD,        72.85,        78.30,-6.96
L,MANGALAM ALLOYS LIMITED,        29.55,        31.75,-6.93
L,RATEGAIN TRAVEL TECHN LTD,       499.35,       536.45,-6.92
L,JINDAL DRILLING IND. LTD,       764.60,       821.20,-6.89
L,MOLD-TEK TECHNOLOGIES LTD,       128.27,       137.73,-6.87
L,GOKALDAS EXPORTS LTD.,       880.20,       945.00,-6.86
L,AUTOMOTIVE STAMPINGS & AS,       480.85,       516.20,-6.85
L,NTPC GREEN ENERGY LIMITED,        98.40,       105.55,-6.77
L,NIRAJ CEMENT STRUC LTD,        52.06,        55.68,-6.5
L,RAJGOR CASTOR DERIVATI L,        21.20,        22.65,-6.4
L,MMP INDUSTRIES LIMITED,       253.80,       270.90,-6.31
L,THANGAMAYIL JEWELLERY LTD,      1552.55,      1657.05,-6.31
L,INTERIORS & MORE LIMITED,       300.00,       320.00,-6.25
