SECURITY,NEW,PREVIOUS,NEW_STATUS
SGB2.50%MAY2025SR-I 17-18,8574,8565,H
MIRAEAMC - MAGOLDETF,85.66,85.5,H
2.50%GOLDBONDS2027SR-VI,8599.99,8552.55,H
2.50%GOLDBONDS2029SR-XI,8740,8700,H
GOI TBILL 182D-29/05/25,98.38,98.1,H
SEC RE NCD 9.90% SR VII,1052.5,1052,H
2.5%GOLDBONDS2028SR-VIII,8649.99,8645,H
2.50%GOLDBONDS2028SR-VI,8639.5,8620,H
2.50%GOLDBONDS2029SR-XII,8633.99,8632.5,H
2.50%GOLDBONDS2031SR-I,8844,8800,H
SHREE VASU LOGISTICS LTD,450,433.5,H
PASHUPATI COTSPIN LIMITED,655,629,H
2.50% GOLDBONDS2025SR-VI,8614.9,8598,H
2.50%GOLDBONDS2028SR-IV,8634,8602,H
2.50%GOLDBONDS2027SR-V,8749,8598,H
GAYATRI RUBB AND CHEM LTD,514,489.9,H
SEC RE NCD 11% SR.V,1084.75,1080.65,H
REXPRO ENTERPRISES LTD,95,92.5,H
HEXAWARE TECHNOLOGIES LTD,840.5,824,H
NIP IND ETF LONGTERM GILT,28.45,28.4,H
2.50%GOLDBONDS2027SR-VI,8570.01,8564,H
2.50%GOLDBONDS2028SR-II,8799.95,8610,H
2.50%GOLDBONDS2028SR-V,8695,8610,H
2.50%GOLDBONDS2026SR-II,8690,8650,H
NITIRAJ ENGINEERS LTD,344,335.94,H
2.5%GOLDBONDS2029SR-VI,8680,8614.99,H
2.50%GOLDBONDS2027SR-II,8618.88,8600,H
BLUE COAST HOTELS LIMITED,41.45,40.64,H
SGB2.50%JUL2025SR-II17-18,8597.99,8585,H
UNSEC RED NCD SR. VI,1714.14,1708.95,H
SEC RE NCD SR.V,1267.6,1267.4,H
2.5%GOLDBONDS2029SR-VII,8610,8605,H
2.50%GOLDBONDS2029SR-VIII,8795,8650,H
GOI TBILL 364D-15/05/25,98.14,98.13,H
GOI TBILL 91D-06/03/25,99.81,99.67,H
NORBEN TEA &EXPORTS LTD,43.57,42.72,H
BOHRA INDUSTRIES LIMITED,25.03,23.84,H
KARNIKA INDUSTRIES LTD,503.15,340,H
2.50%GOLDBONDS2027SR-I,8600,8599,H
2.50%GOLDBONDS2027SR-III,9147.83,9089,H
2.50%GOLDBONDS2030SR-X,8740,8725,H
SEC RED NCD 9.57% SR. V,1015,1011,H
SWAN DEFENCE N HEVY IND L,58.39,55.61,H
GOI TBILL 364D-18/12/25,94.95,94.77,H
SEC RED NCD 10.50% SR.III,1199,1020.9,H
2.50%GOLDBONDS2030SR-I,8885,8781.46,H
2.50%GOLDBONDS2025SR-XIII,8649,8598,H
KANDARP DG SMART BPO LTD,64.4,63.2,H
MAHAMAYA STEEL INDS LTD,245.45,241,H
UNIONAMC - UNIONGOLD,86.2,85.6,H
ANDHRA PAPER LIMITED,75.28,76,L
RAJSHREE POLYPACK LTD,26.11,26.36,L
SANCO INDUSTRIES LIMITED,2.82,2.91,L
PERFECT INFRAENGINEER LTD,12.8,13.3,L
POLYSIL IRRIGATION SYST L,19.6,22.6,L
RADIOWALLA NETWORK LTD,88,90,L
UNICOMMERCE ESOLUTIONS L,112.62,113,L
TRANSWORLD SHIP LINES LTD,252.9,254.1,L
QUICKTOUCH TECHNOLOGIES L,52,52.8,L
GLOBESECURE TECHNO LTD,24.15,24.65,L
THANGAMAYIL JEWELLERY LTD,140.55,225,L
GOI TBILL 182D-29/05/25,97.76,98.1,L
AKI INDIA LIMITED,9.52,9.72,L
SHEELA FOAM LIMITED,720.9,730,L
MAXPOSURE LIMITED,61.1,61.5,L
ICICIPRAMC - ICICIALPLV,25.06,25.43,L
AGS TRANSACT TECH LTD,23.31,24.54,L
MAHALAXMI FABRIC MILLS LT,30.26,30.88,L
INDIAN PHOSPHATE LIMITED,56,56.6,L
LAKSHYA POWERTECH LIMITED,193,194,L
NTPC GREEN ENERGY LIMITED,96.2,102.76,L
S D RETAIL LIMITED,106.5,140.45,L
KNOWLEDGE MARINE & EN W L,1625,1636.55,L
READYMIX CONSTRU MACHI L,81.65,85.95,L
GOI TBILL 364D-05/02/26,93.62,98.55,L
NIBE LIMITED,1001.3,1008,L
PODDAR HOUSE & DVPT LTD,48.01,50.54,L
COFFEE DAY ENTERPRISE LTD,21.28,22.4,L
DEEM ROLL TECH LIMITED,65.9,66.2,L
MEDICAMEN ORGANICS LTD,34.8,34.9,L
DECCAN TRANSCON LEASING L,55.8,56.25,L
INTERNATIO GEMM INS (I) L,396.7,413.55,L
ARVIND PORT AND INFRA LTD,55.25,58,L
KATARIA INDUSTRIES LTD,107.05,109.15,L
GODAVARI BIOREFINERIES L,159.4,166.1,L
INDEF MANUFACTURING LTD,253.6,266.95,L
ISHAN INTERNATIONAL LTD,1.35,1.4,L
AARTECH SOLONICS LIMITED,60.06,61.07,L
ORIENTAL CARBN & CHEM LTD,173,175.5,L
RITE ZONE CHEMCON IND LTD,30.3,30.6,L
SURATWWALA BUS GROUP LTD,46.25,48.69,L
RAJNANDINI METAL LIMITED,5.87,6.05,L
ZENITH DRUGS LIMITED,69.15,79.15,L
IMPEX FERRO TECH LIMITED,2.32,2.42,L
BIKEWO GREEN TECH LIMITED,18.65,18.7,L
EROS INTL MEDIA LTD,9.54,10.05,L
ONE MOBIKWIK SYSTEMS LTD,293.45,308.55,L
DAM CAPITAL ADVISORS LTD,233,238.6,L
LAXMI DENTAL LIMITED,343.75,344.3,L
ITC HOTELS LIMITED,158.56,160.35,L
REVATHI EQUIPMENT INDIA L,1150,1180.2,L
KABRA JEWELS LIMITED,128.25,133.8,L
COOL CAPS INDUSTRIES LTD,864.4,882,L
BEST AGROLIFE LIMITED,272.1,280,L
OSIA HYPER RETAIL LIMITED,25.7,28.8,L
DREAMFOLKS SERVICES LTD,262.05,267.05,L
QUADPRO ITES LIMITED,3.4,3.45,L
STAR HEALTH & AL INS CO L,369.45,383.25,L
SWASTIK PIPE LIMITED,43.5,44,L
CIE AUTOMOTIVE INDIA LTD,399.1,405.3,L
TIMESCAN LOGISTICS IND L,49.7,51.5,L
CELLO WORLD LIMITED,580.55,591.75,L
SONA MACHINERY LIMITED,93.65,94,L
G-TEC JAINX EDUCATION LTD,30.89,31.53,L
WINSOL ENGINEERS LIMITED,181,188.5,L
TECHINDIA NIRMAN LIMITED,21.85,23,L
MANGLAM INFRA & ENG LTD,28.1,29.35,L
VADIVARHE SPCLTY CHEM LTD,27.9,29.35,L
PALRED TECHNOLOGIES LTD,56.93,58.1,L
ANKIT MET & POW LTD,2.29,2.34,L
OCCL LIMITED,73.22,74.01,L
AGARWAL TOUGH GLASS IND L,93,94.5,L
APEX ECOTECH LIMITED,111.25,111.95,L
RACL GEARTECH LIMITED,692.1,700,L
REFRACTORY SHAPES LIMITED,83.9,85.6,L
URJA GLOBAL LIMITED,11.96,12.21,L
INDIAN CARD,256.05,261.25,L
ALIVUS LIFE SCIENCES LTD,957,985,L
TWAMEV CONS AND INFRA LTD,40.51,42.1,L
ODIGMA CONSULTANCY SOL L,40.59,41.42,L
ATLAS CYCLE (HARYANA) LTD,108.59,110.81,L
MT EDUCARE LTD,1.96,2.07,L
VERTOZ LIMITED,9.04,9.1,L
SPANDANA SPHOORTY FIN LTD,274,275.55,L
STERLITE TECHNOLOGIES LTD,90.43,92.1,L
SULA VINEYARDS LIMITED,272.65,285,L
TRACXN TECHNOLOGIES LTD,58,58.7,L
VALIANT LABORATORIES LTD,90.35,91.25,L
WELSPUN LIVING LIMITED,113.88,114.5,L
BAWEJA STUDIOS LIMITED,62.1,63,L
KALAHRIDHAAN TRENDZ LTD,14.05,14.75,L
ELECTRO FORCE (INDIA) LTD,39.3,40,L
VERITAAS ADVERTISING LTD,76,80,L
TRUCAP FINANCE LIMITED,10.17,10.45,L
ENSER COMMUNICATIONS LTD,22.65,23.85,L
JIWANRAM SHEODUTTRA IND L,8.8,8.95,L
K2 INFRAGEN LIMITED,113.95,116.25,L
SECUR CREDENTIALS LIMITED,2.22,2.34,L
STALLION IND FLUOROCHEM L,66.59,71.11,L
LORENZINI APPARELS LTD,12.72,14.05,L
CRAYONS ADVERTISING LTD,63.65,68.3,L
PAR DRUGS AND CHEM LTD,119,121.63,L
MUTHOOT MICROFIN LIMITED,131.09,131.16,L
MASON INFRATECH LIMITED,88,121.4,L
JNK INDIA LIMITED,321,330,L
BRIGHT SOLAR LIMITED,2.8,2.95,L
PARAMOUNT DYE TEC LIMITED,64.5,65,L
TBI CORN LIMITED,128,130.05,L
SHIVALIC POWER CONTROL L,152.45,158.3,L
MAHINDRA EPC IRRIG LTD,117.55,119,L
SAHASRA ELECTRONIC SOLU L,340.55,354,L
KORE DIGITAL LIMITED,415.3,423.75,L
GMR AIRPORTS LIMITED,67.81,68.34,L
BOSS PACKAGING SOLU LTD,44.5,44.85,L
USHA FINANCIAL SERVICES L,87.25,90.05,L
AURANGABAD DISTILLERY LTD,145.6,146.5,L
VENTIVE HOSPITALITY LTD,579.15,611.25,L
CONCORD ENVIRO SYSTEMS L,430.75,441.25,L
ONESOURCE SPECL PHARMA L,1246.25,1255.3,L
RNFI SERVICES LIMITED,255.2,260.4,L
MAXVOLT ENERGY INDUS L,166.25,171,L
DMCC SPECIALITY CHEMICALS,301.75,307.9,L
ASTRON PAPER BORD MIL LTD,12.51,12.9,L
GO FASHION INDIA LTD,771,785.5,L
ICICIPRAMC - ICICIFMCG,54.8,54.93,L
NOIDA TOLL BRIDGE CO LTD,4.33,4.42,L
DSPAMC - TOP10ADD,89.36,90.17,L
PHOENIX OVERSEAS LIMITED,22.15,22.55,L
DELPHI WORLD MONEY LTD,163.5,166.84,L
OSEL DEVICES LIMITED,230.5,234.6,L
SCL 10.25% 2034 SR XII,650,800,L
ORBIT EXPORTS LIMITED,154.84,158,L
JYOTI STRUCTURES LIMITED,0.67,1.08,L
VOLER CAR LIMITED,85,85.05,L
PRATHAM EPC PROJECTS LTD,196.9,197.85,L

