SYMBOL,SYMBOL P/E,ADJUSTED P/E
CLSEL,14.41,14.41
CARYSIL,25.28,25.28
SHAILY,80.09,80.09
MODISONLTD,20.98,21.28
FIBERWEB,9.47,9.47
BCLIND,11.75,11.75
BHAGCHEM,165.11,165.11
SBCL,32.97,32.97
AADHARHFC,18.85,18.85
SMCGLOBAL,5.93,5.93
QMSMEDI,16.66,16.66
NPST,101.13,101.13
ARIHANTCAP,10.59,11
NAZARA,105.59,104.45
IPL,25.15,25.15
GENCON,14,14
LODHA,48.26,48.26
HLEGLAS,38.62,38.62
BESTAGRO,34.95,34.95
VMARCIND,21.78,21.78
SONACOMS,54.01,52.88
UTKARSHBNK,16.34,16.34
DRCSYSTEMS,20.24,20.24
PARAS,71.66,71.66
CRAFTSMAN,47.6,45.92
DODLA,25.84,25.84
JUBLINGREA,52.47,52.45
ROLEXRINGS,29.17,24.25
SHYAMMETL,22.38,22.38
KIMS,56.38,56.38
JSFB,6.31,6.31
TATVA,111.54,111.54
CLEAN,53.14,53.14
AILIMITED,40.95,40.95
ALIVUS,28.2,28.2
ABSLAMC,20.99,20.99
DEEPINDS,18.9,18.96
ZOMATO,335.3,335.3
BEWLTD,14.34,14.34
PIXTRANS,17.45,17.45
MEDIASSIST,35.68,35.68
WINDLAS,26.85,26.85
CARTRADE,57.1,57.1
KRSNAA,31.06,31.06
DEVYANI,,1607.42
APTUS,21.29,21.29
SUPRIYA,29.51,29.51
ANMOL,11.44,11.44
ABCOTS,54.68,54.68
VIJAYA,71.55,71.55
AMIORG,74.33,74.18
IWEL,39.23,37.44
SANSERA,36.47,36.47
BAJAJHCARE,,45.56
PRITIKAUTO,16.08,16.08
AAREYDRUGS,20.74,20.74
GRINFRA,8.81,11.11
INTLCONV,5.12,5.12
REXPIPES,16.84,16.78
STEELCAS,25.68,25.68
HPAL,24.89,24.89
UGROCAP,10.96,10.96
STARHEALTH,28.71,28.71
YUKEN,42.54,42.54
SGIL,38.45,38.45
SJS,25.03,25.03
FINOPB,21.39,21.39
NYKAA,729,729
AWL,29.65,29.65
SAPPHIRE,626.36,366.01
DKEGL,9.47,9.47
PRUDENT,42.36,42.36
MEDPLUS,65.31,65.31
RATEGAIN,30.99,30.99
LATENTVIEW,49.61,49.61
METROBRAND,75.16,75.16
MICEL,27.61,27.61
FOODSIN,30.24,30.24
PARADEEP,17.4,17.4
ABMINTLLTD,299.84,299.84
KRITI,184.2,184.2
DYNAMIC,26.01,26.08
GANESHBE,12.59,12.59
GVPTECH,61.93,61.93
EMIL,29.71,29.71
PRECISION,12.8,12.8
UMAEXPORTS,18.43,18.11
DATAPATTNS,48.64,48.64
JSLL,52.76,52.76
AHL,9.15,9.15
MALLCOM,20.22,20.22
ASIANENE,34.31,32.56
SMLT,37.99,37.99
NRL,32.55,32.55
GPTHEALTH,22.94,22.94
CHOICEIN,65.62,65.62
EUROBOND,27.72,27.72
HARIOMPIPE,19.19,19.19
CAPITALSFB,10.22,10.22
DELHIVERY,823.71,458.13
EMUDHRA,75.11,75.11
DYCL,28.91,28.91
STARTECK,23.33,23.33
VIRINCHI,37.57,37.57
DHRUV,30.79,30.79
ELIN,38.8,38.8
TIMESCAN,8.63,8.63
MADHAVBAUG,28.1,28.1
SEJALLTD,48.25,48.25
RELCHEMQ,46.52,46.52
SYRMA,47.94,47.39
ZIMLAB,30.14,30.14
JTLIND,32.1,32.1
RAINBOW,56.27,56.27
TBOTEK,74.6,75.76
AETHER,94.1,55.41
ROTO,40.51,40.51
INDOBORAX,11.73,11.73
RACE,82.75,82.75
AVONMORE,21.89,21.89
DREAMFOLKS,21.1,21.1
SONUINFRA,17.99,17.99
LEMERITE,214.17,214.17
DHARMAJ,18.61,18.61
OBCL,112.41,112.41
GMRP&UI,4.36,
KCK,172.87,172.87
INDOAMIN,17.26,17.26
KRISHNADEF,47.92,47.92
SWARAJ,14.24,14.24
AMEYA,20.19,20.19
INOXGREEN,138.21,138.21
ACI,35.92,30.57
RITCO,20.04,20.04
SADHNANIQ,224.71,224.71
SKP,356.13,356.13
HARDWYN,54.95,54.95
MUKKA,16.56,16.56
HMAAGRO,21.83,21.83
MWL,14.13,14.13
CMRSL,10.83,8.75
KFINTECH,48.48,48.48
DCXINDIA,57.15,57.15
YATRA,45.34,45.34
KAYNES,108.07,108.07
NGLFINE,20.53,20.53
SABAR,4.15,4.15
SWASTIK,31.56,31.56
AXITA,48.19,51.4
PLAZACABLE,164.25,164.25
SENCO,41.18,41.18
USASEEDS,17.81,17.81
TRU,14.13,14.13
RADHIKAJWE,20.04,20.04
SPLPETRO,26.83,26.83
RAMRAT,33.97,33.97
CSLFINANCE,8.2,8.2
AGNI,111.86,111.86
KORE,46.8,46.67
GOYALALUM,65.95,65.95
RUSTOMJEE,40.64,40.64
GENSOL,29.07,29.04
DBOL,51.08,42.98
SPORTKING,10.28,10.28
ALLETEC,37.14,37.14
AIIL,6.47,6.47
MANORAMA,77.52,77.52
ARABIAN,9.95,9.95
INNOVACAP,35.22,35.22
GRMOVER,21.07,21.07
SYNCOMF,40.82,40.82
DJML,54.92,54.92
BAHETI,43.33,43.33
SULA,34.07,34.07
SIGNATURE,188.06,188.06
KRITINUT,12.26,12.26
MEGAFLEX,39.02,39.02
KALAMANDIR,23.8,23.8
RAMAPHO,28.8,28.8
AVALON,99.09,99.09
RITEZONE,10.02,10.02
CONCORDBIO,52.59,52.59
GODIGIT,76.31,76.31
BAIDFIN,12.39,12.39
QUICKTOUCH,7.68,7.68
AMIABLE,10.18,10.18
KAMOPAINTS,44.01,44.01
DOLLEX,20.79,20.79
BLUEJET,55.38,55.38
MVGJL,11.43,11.43
SCPL,16.62,16.62
SUKHJITS,13.15,13.15
ARHAM,29.67,29.67
MANKIND,46.83,46.83
SKYGOLD,46.81,46.81
ARIHANTACA,26.18,26.18
SATINDLTD,14.17,14.15
DIVGIITTS,54.99,54.99
USK,18.57,18.57
ANLON,38.94,38.94
MOTISONS,45.61,46.05
CMNL,32.24,31.66
DIACABS,128.75,136.05
IKIO,38.77,38.77
MANOMAY,16.1,16.1
FAZE3Q,26.37,26.37
UMA,27.73,27.73
RBMINFRA,19.88,19.88
LLOYDSME,40.95,40.95
AARTIPHARM,27.78,27.78
RHL,45.76,45.76
SAHYADRI,13.78,13.78
NINSYS,36.22,36.22
DUCOL,34.03,34.03
HOMESFY,16.73,16.35
SBFC,29.04,29.04
SBGLP,83.69,83.69
ASMS,170.48,196.15
HYBRIDFIN,9.67,9.05
VIAZ,29.41,29.41
INDGN,34.66,34.86
ZAGGLE,61.17,61.17
GANDHAR,17.84,17.84
AGARWALFT,25.76,25.76
HONASA,92.98,92.98
RISHABH,50.38,50.38
SAH,269.12,269.12
DENEERS,20.49,20.49
JGCHEM,19.73,19.73
AGUL,13.34,13.34
NIRMAN,18.59,18.59
YCCL,103.11,103.11
RPTECH,9.45,9.88
RATNAVEER,18.38,18.38
PATTECH,30.24,30.24
SECMARK,45.82,45.82
AUROIMPEX,13.74,13.74
CRAYONS,10.93,10.93
INFOLLION,35.45,35.45
URBAN,17.6,17.6
AARTECH,41.71,41.71
KRISHCA,22.55,22.55
ESFL,129.9,129.9
DOLPHIN,22.83,23.18
TATATECH,46.72,46.72
REMUS,29.78,29.78
REDTAPE,52.16,52.16
ASHOKAMET,4.75,4.75
PENTAGON,17.7,17.7
CELLPOINT,174.9,174.9
TRIDHYA,9.62,9.62
PROV,51.77,51.77
PTCIL,303.14,301.05
PYRAMID,22.23,22.23
MAGSON,36.6,36.6
EMSLIMITED,19.5,19.5
EFACTOR,16.62,16.62
GHCLTEXTIL,13.91,13.91
UDS,19.61,19.61
DENTALKART,59.01,59.01
SYNOPTICS,14.34,14.34
SSFL,27.93,27.93
ATL,21.17,20.05
BALUFORGE,34.45,34.45
JSWINFRA,40.79,40.79
SANGANI,27.38,27.38
JLHL,50.4,50.84
NUVAMA,22.22,22.22
DRONE,41.36,41.36
GLOBALPET,69.78,69.78
KEL,40.51,40.51
NIITMTS,25.72,24.87
VINSYS,20.03,20.03
ARVINDPORT,15.78,15.78
MARINETRAN,61.52,61.52
SINDHUTRAD,30.55,30.54
UNIHEALTH,19.76,19.76
ASKAUTOLTD,36.87,36.87
CHAVDA,17.23,17.23
ONDOOR,14.17,14.08
TRANSTEEL,17.52,17.45
VLEGOV,,597.85
OLIL,28.29,28.29
RBZJEWEL,25.77,25.77
KARNIKA,32.62,32.62
AKANKSHA,234.97,234.97
SAAKSHI,30.12,30.12
HIGREEN,57.6,57.6
PLATIND,26.24,26.24
FLAIR,19.38,19.38
CELLECOR,50.66,50.66
MUTHOOTMF,7.7,7.7
INDIFRA,45.14,45.14
JIOFIN,125.51,125.51
MADHUSUDAN,18.24,18.24
GOYALSALT,18.81,18.81
WOMANCART,40.57,40.57
RCDL,31.49,31.49
BLSE,29.8,29.8
TREL,4.13,26.87
MARCO,26.23,26.23
DIAMINESQ,102.65,102.65
VISHNUINFR,19.92,19.92
KONTOR,36.5,36.5
RKSWAMY,33.86,33.86
MICROPRO,10.88,10.88
EPACK,78.53,78.53
HAPPYFORGE,31.31,31.31
IBLFL,56.91,56.91
INDIASHLTR,21.54,21.54
CELLO,36.23,36.23
CANARYS,16.6,16.6
DIGIDRIVE,19.09,19.09
DOMS,74.09,74.09
MAITREYA,44.31,44.31
DIGIKORE,20.13,20.13
LANCORHOL,25.29,25.29
AMNPLST,31.02,31.02
POLYSIL,12.3,12.3
SARTELE,38.67,38.67
VINYAS,119.14,119.14
SAIFL,8.81,8.81
JNKINDIA,57.36,57.36
PARAGON,14.02,14.02
INOXINDIA,40.63,41.74
GRAPHISAD,13.3,12.88
SHEETAL,34.08,34.08
ROXHITECH,7.62,7.62
JYOTICNC,66.52,65.04
BAJEL,116.02,94.73
DEEM,9.71,9.71
APS,50.48,50.48
ENTERO,58.9,58.9
TECHLABS,96.67,96.67
SIGNPOST,27.33,27.33
ROCKINGDCE,40.55,40.55
BABAFP,15.31,15.31
SHREEOSFM,15.61,15.61
HRHNEXT,36.99,37.16
MEGATHERM,25.28,25.28
OWAIS,38.43,38.43
VR,72.15,71.6
KLL,15.4,15.4
ZENITHDRUG,12.88,13.03
SJLOGISTIC,21.5,21.5
PURVFLEXI,25.31,25.31
KTL,6.04,6.04
SRM,20.78,20.78
AZAD,104.73,104.73
KONSTELEC,14.4,14.4
JUNIPER,90.23,90.23
KRYSTAL,10.26,10.26
VSTL,25.83,25.83
FONEBOX,31.36,31.36
INM,24.2,24.01
ITALIANE,16.42,16.42
SUPREMEPWR,21.32,21.32
KCEIL,31.11,31.11
MAXESTATES,931.96,932.03
CGRAPHICS,30.69,30.69
ACCENTMIC,14.83,14.83
COMSYN,23.45,23.45
LAWSIKHO,35.16,35.16
SADHAV,18.45,18.45
GOPAL,44.48,44.48
DAVANGERE,35.49,35.49
MAXPOSURE,32.77,32.77
UEL,1505.88,
ALPEXSOLAR,37.76,41.4
VHLTD,18.35,18.52
SONAMAC,12.99,12.99
SIGNORIA,13.24,13.24
TCL,19.17,19.17
ENSER,25.81,25.81
DELAPLEX,14.3,14.3
RULKA,16.38,16.38
NAMAN,14.18,14.16
SINCLAIR,30.42,30.42
SHREEKARNI,25.62,25.62
BLUEPEBBLE,22.2,22.2
DCG,35.27,35.27
AWFIS,82.86,145.22
RADIOWALLA,1.81,1.62
RBS,16.48,16.48
ASPIRE,5.84,5.84
ESCONET,60.1,60.1
MVKAGRO,6.3,6.3
ENFUSE,88.72,88.72
AVPINFRA,20.59,20.59
SILKFLEX,12.23,12.23
VISHWAS,21.88,21.88
TGL,24.73,24.73
TAC,116.26,116.26
EMMIL,20.99,21.23
TRUST,22.59,22.59
YASHOPTICS,21.64,21.64
ALUWIND,25.35,25.39
PRLIND,17.5,17.77
IEML,27.33,27.33
ABSMARINE,40.68,40.68
VERITAAS,12.91,12.91
WINSOL,49.39,49.39
HOACFOODS,87.9,87.9
SLONE,21.17,21.17
THERMAX,64.93,64.93
RIIL,125.2,125.2
RAYMOND,20.28,19.9
SHREDIGCEM,27.29,27.29
SMLISUZU,13.67,13.67
SUNDRMFAST,36.94,36.94
LMW,127.62,127.62
NELCO,99.03,99.03
LUMAXIND,39.45,39.45
KECL,63.84,271.41
KCP,9.51,8.63
INFY,27.22,27.22
IONEXCHANG,34.91,34.91
IFBIND,37.17,37.17
GNFC,15.91,15.91
BHARATFORG,58.96,53.18
FORCEMOT,17.85,17.85
ARVIND,26.57,26.57
TATAMOTORS,7.79,7.77
LINDEINDIA,121.07,121.07
ESCORTS,30.15,30.15
ASHOKLEY,21.46,21.76
ZUARIIND,,536.41
SUNDARMFIN,31.34,30.15
VEDL,9.6,10.67
RELIANCE,20.91,20.91
BATAINDIA,47.89,66.56
HINDOILEXP,16.16,19.91
BALMLAWRIE,14.15,14.15
MOTOGENFIN,46.7,46.7
ABREL,130.29,130.29
CENTENKA,14.64,14.64
ATFL,358.19,320.59
SUPREMEIND,52.16,52.16
BALRAMCHIN,25.59,25.59
AEGISLOG,37.23,37.23
BBOX,38.67,29.87
JTEKTINDIA,38.89,39.14
SAURASHCEM,189.57,189.57
TATAELXSI,45.86,45.86
SANDESH,6.4,6.42
ARE&M,18.34,19.84
IVP,12.35,12.35
INDBANK,16.54,16.54
RAJSREESUG,13.05,13.05
GVT&D,74.29,74.29
TIL,8.27,173.68
BANARISUG,48.06,48.06
KPIL,30.31,30.31
BSL,17.37,17.37
JAYNECOIND,254,106
RCF,27.02,28.73
ADVANIHOTR,21.92,21.92
SUNFLAG,26.18,26.18
SIEMENS,67.82,67.82
TOKYOPLAST,137.02,137.02
IFCI,49.49,50
KABRAEXTRU,36.1,36.1
MANGLMCEM,44.11,44.11
POLYPLEX,9.16,9.16
PCBL,33.59,33.56
HONDAPOWER,36.25,38.7
RUBYMILLS,15.87,15.87
IDBI,10.96,10.96
BBL,23.77,23.77
COSMOFIRST,14.55,14.55
CIPLA,23.83,23.83
HDFCBANK,18.24,17.99
GIPCL,12.75,12.75
INDIANHUME,16.96,16.96
OSWALGREEN,79.41,79.41
HUHTAMAKI,16.95,25.23
KAMATHOTEL,22.78,24.13
APOLLOTYRE,20.11,19.04
PRECWIRE,31.31,31.31
NILKAMAL,24.56,24.56
SEAMECLTD,23.44,25.56
AUROPHARMA,18.5,18.16
GICHSGFIN,5.24,5.24
WSTCSTPAPR,6.61,6.61
GHCL,9.67,9.67
PRUDMOULI,31.61,28.95
BPL,22.23,22.23
TRANSWORLD,13.81,13.81
KEEPLEARN,121.94,121.94
TFCILTD,15.1,15.1
GTL,1.27,20.02
AGI,16.08,16.08
TATACONSUM,80.06,70.52
CHOLAFIN,28.74,28.74
ORIENTHOT,61.2,61.2
FOSECOIND,32.56,32.7
ANDHRAPAP,12.7,12.7
RALLIS,31.2,31.2
MFSL,115.28,115.28
HEG,35.51,35.51
SURYAROSNI,15.93,15.93
SUDARSCHEM,59.2,86.3
IPCALAB,50.59,50
HINDZINC,19.2,19.08
GRASIM,21.45,20.29
DCW,66.06,65.99
HEUBACHIND,28.17,28.17
BIRLACORPN,33.53,34.5
BAJFINANCE,32.44,32.44
NAVA,8.49,8.49
CORALFINAC,6.9,6.9
SWARAJENG,22.19,22.19
TNPETRO,14.89,16.78
EIMCOELECO,17.75,17.75
SILINV,14.67,14.67
SUNDRMBRAK,79.66,79.66
MOTHERSON,22.64,22.64
CREST,11.57,11.57
HITECHGEAR,26.57,26.55
SHRIRAMFIN,11.83,13.4
MIRZAINT,226.56,226.56
GUJAPOLLO,35.71,35.71
JCHAC,86.73,83.88
GUJRAFFIA,45.79,45.79
KOTHARIPET,14.11,14.04
BANKBARODA,5.39,5.39
SKMEGGPROD,12.84,12.84
CONCOR,32.9,32.24
KCPSUGIND,8.78,11.7
INDSWFTLAB,2.3,133.17
FDC,23.91,23.91
ADROITINFO,12.66,12.66
MAHAPEXLTD,13.5,16.27
TRIGYN,9.49,9.19
ITDCEM,26.05,26.05
CYIENT,22.98,22.98
CYBERTECH,16.58,16.58
STCINDIA,20.95,12.02
RSSOFTWARE,11.45,11.45
IVC,49.27,49.27
ALEMBICLTD,18.17,18.17
BSOFT,22.95,22.95
STAR,17.95,17.18
ZYDUSLIFE,19.4,19.4
RAJESHEXPO,142.87,142.87
SHREERAMA,26.62,26.62
IOB,28.29,28.29
GEPIL,58,58
BLBLIMITED,19.84,19.84
BLUESTARCO,70.57,71.8
PNC,79.04,79.04
KRBL,14.42,14.42
USHAMART,23.65,23.65
SMARTLINK,13.48,13.48
JISLJALEQS,114.6,114.6
UNITDSPR,67.49,64.48
ASAL,42.07,42.07
PNB,6.81,6.81
UNIONBANK,5.44,5.44
GENESYS,55.8,55.8
DIVISLAB,73.94,73.94
JSL,21.38,21.37
UNIENTER,812.8,812.8
MUKANDLTD,15.9,15.9
MAHABANK,7.29,7.29
RKFORGE,33.5,33.43
EXCELINDUS,13.86,13.86
AMBICAAGAR,6.69,6.69
CENTEXT,20.78,21.08
COFORGE,58.43,59.05
GUFICBIO,47.07,47.07
WELENT,17.88,17.88
KOTARISUG,18.46,24.01
JINDALPHOT,46.72,46.72
SAKSOFT,23.26,23.26
SHOPERSTOP,182.57,163.84
PRIMESECU,19.55,21.12
YESBANK,25.91,25.91
SPLIL,10.32,10.32
GOLDIAM,38.07,38.07
SUZLON,65.77,64.27
AIAENG,30.78,30.79
ORIENTCER,41.79,41.79
EKC,15.25,14.95
ENIL,81.17,81.17
JAGRAN,10.28,10.28
M&MFIN,13.86,13.86
KEI,57.54,57.52
VAKRANGEE,268.33,255.46
RSYSTEMS,32.12,32.12
BALPHARMA,21.11,21.11
KAMDHENU,14.89,14.89
MUNJALAU,11.19,13.81
ATLANTAA,1.11,2.95
SELAN,11.98,11.98
ANANTRAJ,45.15,45.15
ALICON,23.83,23.83
INSPIRISYS,14.93,14.93
GESHIP,4.48,4.48
MANALIPETC,53.68,47.42
DONEAR,12.2,12.2
HIRECT,52.29,52.29
TANLA,12.76,12.76
VEEDOL,20.88,20.08
SARLAPOLY,10.11,10.11
PITTIENG,28.04,28.04
IZMO,8.23,7.91
TIIL,23.33,22.71
REDINGTON,16.03,16.03
JKTYRE,13.6,12.75
THEMISMED,46.33,46.33
NDLVENTURE,404.51,404.51
ZENITHSTL,12.94,12.94
WEBELSOLAR,98.19,89.25
INSECTICID,12.43,12.44
ADSL,23.14,23.14
CENTRALBK,11.32,11.32
NAGREEKCAP,1.19,1.19
CCCL,.4,
MANGCHEFER,13,13
ENERGYDEV,,133.82
BVCL,33.38,33.38
RGL,20.04,20.04
KAUSHALYA,2.84,2.84
MADHAV,423.72,423.72
HITECHCORP,21.85,22.78
TARIL,77.92,77.92
DVL,13.81,13.81
PATINTLOG,15.82,15.82
ARIES,10.75,10.75
CEATLTD,24.62,22.59
JKIL,13.63,13.63
KNRCON,4.9,4.85
SEPC,106.92,64.93
NAHARCAP,12.89,12.89
VGUARD,50.23,50.23
DPSCLTD,84.29,84.29
TITAGARH,34.41,34.22
BAJAJ-AUTO,29.58,29.58
DIGISPICE,26.66,49.87
RPGLIFE,49.54,45.09
RANEENGINE,54.2,22.65
VINYLINDIA,20.07,20.07
ZFCVINDIA,47.21,47.21
JOCIL,63.95,63.95
TPHQ,23.19,23.19
MAWANASUG,3.57,8.74
AJMERA,23.99,23.99
VINATIORGA,42.4,42.4
NHPC,25.78,25.78
EXPLEOSOL,16.44,16.44
AMRUTANJAN,35.08,35.08
DEN,7.64,7.64
DLINKINDIA,13.99,13.99
DBCORP,9,9
TRF,13.61,13.61
MBLINFRA,2.52,
ARSSINFRA,44.13,44.13
PERSISTENT,67.43,67.43
KIRLOSBROS,32.91,32.54
KSL,19.09,19.09
IMFA,8.83,8.83
AHLEAST,8.76,8.76
PRAKASHSTL,3.49,94.93
DEEPAKNTR,35.21,38.31
RAMKY,12.11,12.11
ASHOKA,3.55,3.74
SHAH,7.13,39.56
CGCL,37.35,37.35
GRAVITA,44.93,44.93
RPPINFRA,7.65,7.65
ZEELEARN,1.46,6.64
RKDL,41.81,41.81
HFCL,35.39,35.39
PIIND,28.17,28.17
OMINFRAL,46.31,46.31
DHANUKA,21.54,21.54
INVENTURE,15.05,13.85
LTF,13.23,13.23
BROOKS,163.86,163.86
PGEL,108.27,108.27
TRITURBINE,55.06,55.06
DSSL,20.26,20.26
JISLDVREQS,1.7,1.7
RUPA,21.24,20.51
KANANIIND,45.73,45.73
IRFC,25.01,25.01
RHIM,,31.39
SCHNEIDER,70.79,75.5
NBCC,42.44,37.54
TBZ,16.81,16.81
SWANENERGY,14.17,14.17
RTNINDIA,17.9,17.9
THEJO,40.73,40.73
MAYURUNIQ,15.22,15.22
DUCON,15.88,15.88
TVSHLTD,7.48,7.48
CARERATING,29.71,29.71
INDUSTOWER,8.87,8.87
ESSENTIA,29.08,29.08
PILITA,63.65,63.65
MITCON,12.68,12.68
SREEL,24.46,24.46
IREDA,31.07,31.07
WONDERLA,33.28,33.28
GULFOILLUB,15.78,15.78
SUPERHOUSE,18.12,37.84
PDSL,26.61,27.08
INTELLECT,37.59,37.61
CCHHL,177.37,177.37
GREENLAM,62.88,62.88
LINC,18.97,18.97
HESTERBIO,45.27,45.27
MANAKCOAT,42.57,45.07
INOXWIND,78.45,71.6
VRLLOG,31.64,31.64
UFO,21.49,22.07
PNCINFRA,6.08,6.08
RAMASTEEL,71.99,71.99
ARVSMART,28.77,28.77
SHREEPUSHK,20.09,20.09
IDFCFIRSTB,23.04,23.04
SHK,357.65,15.13
PERFECT,28.67,28.67
UMANGDAIRY,29.28,29.28
LINCOLN,12.71,12.71
NH,36.4,36.4
HITECH,34.24,34.24
KELLTONTEC,14.35,14.35
KDDL,25.24,25.22
WEALTH,20.03,19.6
BHARATWIRE,14.66,14.66
CROMPTON,40.77,40.77
UNITEDPOLY,26.35,26.35
ARMANFIN,15.53,15.53
CONTROLPR,21.21,21.21
INCREDIBLE,15.38,15.38
MGL,12.61,12.61
COMPINFO,.62,.62
QUESS,23.59,23.09
SOMICONVEY,24.76,24.76
LLOYDSENGG,72.42,72.42
LTIM,34.32,34.32
GATECH,16.86,16.86
DBL,11.34,20
NDGL,34.02,32.81
BIGBLOC,81.1,81.1
MBAPL,60.8,60.8
CUPID,19.04,19.04
CROWN,11.11,35.33
ICICIPRULI,85.18,85.18
HPL,36.34,36.34
JAIPURKURT,13.6,13.6
SAKAR,34.91,34.79
PANSARI,83.31,83.31
ARTNIRMAN,80.3,80.3
GICL,82.96,82.96
PNBHOUSING,11.46,11.46
AGROPHOS,977.51,977.51
PODDARMENT,12.25,12.25
JETFREIGHT,10.04,10.04
TCIEXP,27.47,27.47
TERASOFT,31.86,31.76
LIBAS,5.81,5.81
MAHESHWARI,12.8,12.8
BHANDARI,20.4,20.4
MCL,16.71,16.71
PRICOLLTD,30.42,30.42
STEELCITY,8.17,8.17
KRISHANA,19.01,19.01
GLOBAL,10.78,10.78
NITIRAJ,26.98,26.98
SANGINITA,353.5,353.5
AKASH,29.65,29.65
RADIOCITY,47.98,47.98
AIRAN,13.45,13.45
LAXMICOT,187.38,224.07
NRAIL,12.83,12.83
FOCUS,24.22,24.22
SIKKO,30.59,30.59
PANACHE,116.5,50.17
SCHAND,13.82,13.82
PSPPROJECT,36.67,36.67
GLOBE,12.37,13.47
CDSL,47.58,47.58
SALASAR,37.74,37.74
TOTAL,52.08,52.08
SIS,23.86,23.86
VAISHALI,383.31,383.31
GEEKAYWIRE,10.95,10.95
APEX,430.25,430.25
PASHUPATI,186.64,186.64
CAPACITE,14.65,14.65
RMDRIP,111.6,111.6
AARVI,16.57,16.57
DIAMONDYD,,175.95
TIRUPATI,91.13,91.13
RKEC,7.72,7.72
GATECHDVR,3.93,3.93
BETA,38.67,38.67
TIRUPATIFL,47.98,47.98
OMFURN,29.66,29.66
MASFIN,14.5,14.5
DPABHUSHAN,33.59,33.59
NAM-INDIA,25.36,25.36
IFGLEXPOR,29.48,29.48
HDFCLIFE,76.75,76.75
PULZ,12.86,12.86
SILVERTUC,44.53,44.53
ZODIAC,42.12,42.12
ONEPOINT,40.27,40.27
AJOONI,44.76,44.76
MOKSH,13.03,13.03
APOLLO,64.12,64.12
SOLEX,42.14,42.14
SINTERCOM,332.52,332.52
MHHL,10.99,10.99
ARVEE,72.87,72.87
HINDCON,36.95,36.95
SARVESHWAR,30.4,30.4
MACPOWER,31.3,31.3
TARACHAND,19.31,19.31
SUNDARMHLD,25.18,25.18
HAL,26.01,26.02
URAVIDEF,279.04,279.04
MITTAL,38.56,47.34
GIRIRAJ,58.58,58.58
KAPSTON,32.59,32.59
LEMONTREE,47.64,47.64
AVG,10.78,16.06
MMP,22.38,22.38
NARMADA,17.94,17.94
PIGL,31.91,31.91
BSHSL,59.69,59.69
AAKASH,17.4,17.4
SOFTTECH,171.02,171.02
E2E,117.03,117.03
INDOSTAR,37.84,37.84
SIRCA,32.26,32.26
SVLL,410.77,410.77
LATTEYS,71.36,71.35
DIL,8.45,8.69
SONAMLTD,28.53,28.53
PRITI,26.86,26.86
ACCURACY,9.99,9.99
VARROC,72.52,35.47
GANGAFORGE,103.56,105.27
REPL,30.5,30.5
AVROIND,56.57,56.57
HDFCAMC,34.32,34.32
AARON,43.64,43.64
SUMIT,32.63,32.63
LAGNAM,15.96,15.96
RPPL,16.16,16.16
AKG,60.71,60.71
IRCON,21.04,21.04
AHLADA,10.06,10.06
SPECTRUM,138.21,138.21
AAVAS,23.77,23.77
KSHITIJPOL,,16.45
GRSE,38.28,38.28
KRITIKA,19.09,19.09
SILGO,19.11,19.11
VINNY,13.69,13.69
MARINE,66.86,67.1
ATGL,97.72,97.72
SHUBHLAXMI,19.2,19.2
SHRIRAMPPS,19,19
TREJHARA,20.95,808.97
AWHCL,18.48,18.48
MSTCLTD,8.32,16.67
ANUP,49.06,49.06
ARVINDFASN,38.18,38.18
KHFM,41.62,41.62
RVNL,63.8,63.8
METROPOLIS,55.46,55.46
KPITTECH,46.48,46.48
NEOGEN,91.91,91.91
PPL,10.77,10.77
DGCONTENT,11.15,11.15
ATMASTCO,42.38,42.38
OAL,25.5,25.5
SATIA,6.34,6.34
WEL,177.95,177.95
AFFLE,59.3,59.3
DOLATALGO,6.04,6.04
HNDFDS,62.63,62.63
MAZDOCK,32.71,32.71
IRCTC,47.14,47.42
DCI,26.02,26.02
IIFLCAPS,9.44,9.44
HPIL,115.55,115.55
FLUOROCHEM,89.24,89.24
KUANTUM,8.19,8.19
CHEMBOND,18.73,19.28
MGEL,15.75,14.35
SBICARD,38.86,38.86
SIGMA,15.98,15.98
CSBBANK,8.96,8.96
EASEMYTRIP,54.36,29.41
ROSSARI,26.13,26.13
PRINCEPIPE,41.47,41.47
PARKHOTELS,45.88,45.88
PATANJALI,58.53,58.53
SUMICHEM,47.88,47.88
ATALREAL,32.77,32.77
ASALCBR,29.86,29.86
UNIVPHOTO,7.07,7.07
BAFNAPH,40.63,37.51
POWERINDIA,156.25,156.25
STOVEKRAFT,65.77,65.77
KSOLVES,27.61,27.61
HAPPSTMNDS,46,47.97
AARTISURF,43.42,85.24
BOROLTD,55.24,55.24
MAXHEALTH,97.39,92.62
PAVNAIND,53.87,53.87
KALYANKJIL,75.37,75.37
BTML,29.76,29.76
SHAREINDIA,11.19,11.19
SIGACHI,18.35,18.35
ANGELONE,15.9,15.9
NIRAJ,16.98,15.98
CAMS,37.23,37.23
SURYODAY,5.98,5.98
UTIAMC,13.64,13.64
BECTORFOOD,59.28,59.28
ORCHPHARMA,42.29,42.29
INDIGOPNTS,36.9,36.9
LXCHEM,38.82,38.82
MTARTECH,98.9,98.9
ANURAS,51.17,51.17
KANPRPLA,23.42,23.42
STYLAMIND,21.77,21.63
KPIGREEN,30.07,29.83
ANANDRATHI,58.58,58.58
POLICYBZR,295.74,345.19
MONARCH,16.74,16.74
EPIGRAL,21.62,21.62
GOCOLORS,49.8,49.8
CMSINFO,20.55,20.55
TARSONS,54.15,54.15
TEGA,50.49,50.49
MANORG,41.25,41.25
PVSL,37.27,37.27
PASUPTAC,10.83,10.83
MAPMYINDIA,66.06,66.06
TMB,5.78,5.78
MANYAVAR,52.57,52.57
MEDICAMEQ,105.29,105.29
SHIVALIK,57.28,57.28
MEDANTA,65.42,65.42
IRIS,47.48,47.48
RADIANTCMS,14.31,14.31
GRWRHITECH,31.41,31.41
DCMSRIND,11.94,11.94
FIVESTAR,19.94,19.94
SBC,34.14,34.14
ELDEHSG,25.33,25.33
MHLXMIRU,15.9,15.9
GATEWAY,5.49,14.26
CAMPUS,70.52,70.52
VENUSPIPES,28.96,28.96
MEGASTAR,78.33,78.33
LANDMARK,73.28,
ETHOSLTD,66.9,66.9
MSUMI,34.33,34.33
HARSHA,28.2,28.2
LICI,11.47,11.47
FEDFINA,15.79,15.79
BIKAJI,62.46,62.46
SURAJEST,16.69,16.69
CHEVIOT,10.12,10.12
MEDICO,61.62,61.62
YATHARTH,28.49,28.49
IRMENERGY,21.07,21.07
CYIENTDLM,57.12,57.12
LORDSCHLO,93.8,93.8
ATAM,17.02,17.02
LAL,18.02,18.02
POCL,36.2,36.2
NOVAAGRI,16.24,16.24
NETWEB,89.6,89.6
AEROFLEX,49.28,49.28
VPRPL,20.03,20.03
KIRLPNU,35.47,34.38
RRKABEL,50.24,50.24
SCILAL,53.87,53.87
YASHO,107.71,107.71
SANDUMA,14.44,14.44
MUFIN,58.68,57.22
MUFTI,13.67,13.67
SRGHFL,17.72,17.72
PFIZER,30.44,30.44
BOSCHLTD,39.84,39.86
DEEPAKFERT,15.23,15.23
MAHSEAMLES,11.61,11.61
COROMANDEL,29.84,29.84
VINDHYATEL,17.21,17.21
ASIANPAINT,52.29,50.71
PGHL,37.02,35.68
BEML,41.91,41.91
TATACHEM,,41.24
VTL,15.15,15.15
EPL,28.7,27.46
BIRLACABLE,95.2,95.2
HONAUT,56.22,56.22
RANEHOLDIN,8.55,80.67
SHREYANIND,5.59,5.59
ASHIMASYN,4.61,4.61
NEULANDLAB,47.04,58.97
BERGEPAINT,52.8,52.8
JYOTISTRUC,57.83,57.83
MUNJALSHOW,17.48,17.48
HSCL,43.82,43.82
RANASUG,15.65,15.65
ARENTERP,19.22,19.22
WSI,970.52,211.19
TATAPOWER,32.72,31.56
SUBROS,30.69,30.69
SIMPLEXINF,11.61,11.61
WIPRO,25.64,25.64
JUBLPHARMA,24.83,20.32
TATACOMM,37.12,38.72
MURUDCERA,29.41,29.41
HLVLTD,36.1,39.66
LIBERTSHOE,45.18,33.29
KAJARIACER,38.14,38.14
PIDILITIND,71.91,70.14
OSWALAGRO,19.88,19.87
STYRENIX,19.24,19.24
ELECTCAST,8.15,8.15
INDHOTEL,59.43,69.3
GOLDENTOBC,9.65,10.95
GABRIEL,30.04,30.04
PRAKASH,7.79,7.79
AKZOINDIA,34.52,34.52
AMBUJACEM,22,22.37
CGPOWER,96.72,96.07
GREENPLY,29.51,30.43
DALMIASUG,10.07,10.07
MRF,26.43,26.43
STARPAPER,5.14,5.14
JAYAGROGN,13.14,13.14
SAMBHAAV,54.57,63.6
SANGAMIND,47.18,40.82
STERTOOLS,21.09,21.09
PUNJABCHEM,24.53,24.53
GANESHHOUC,18.85,18.85
MPHASIS,29.58,29.58
HERITGFOOD,19.37,18.97
GAIL,10,12.12
NLCINDIA,13.16,13.16
HAVELLS,68.08,68.08
TIPSMUSIC,52.48,52.48
KHANDSE,41.89,41.89
LUPIN,30.07,30.07
BHARTIARTL,41.36,54.16
APTECHT,42.17,37.51
CANBK,4.61,4.61
RADICO,90.22,90.22
BAGFILMS,47.59,47.59
WELSPUNLIV,17.81,17.81
IGL,20.76,20.76
TVTODAY,12.35,11.86
SIL,140.62,140.62
PETRONET,12.74,12.74
BIOCON,32.38,33.65
POONAWALLA,132.19,132.19
DATAMATICS,16.71,19.1
APARINDS,32,32
NIITLTD,36.03,36.03
TCS,27.95,27.95
GULFPETRO,8.96,8.96
ASTRAMICRO,47.95,47.95
NTPC,15.24,15.24
JBMA,64.67,64.67
CONSOFINVT,5.77,5.77
ALLDIGI,16.98,20.39
MANGALAM,15.91,15.91
SURYALAXMI,74.25,29.04
JSWHL,96.86,96.86
NECLIFE,38.04,38.04
FCSSOFT,191.39,51.5
TALBROAUTO,14.4,20.17
FIEMIND,18.9,18.9
TORNTPOWER,26.75,26.75
LTFOODS,23.05,23.05
JINDRILL,19.94,19.94
HBLENGINE,47.35,44.57
LUMAXTECH,18.99,18.99
WANBURY,15.17,36.29
UNOMINDA,57.69,59.38
PFC,4.33,4.33
PAGEIND,68.14,68.14
ASTRAL,71.35,71.35
NCLIND,20.63,18.02
PHOENIXLTD,42.23,42.67
ALPHAGEO,92.13,21.01
KMSUGAR,8.4,8.4
NELCAST,31.95,36.4
MEGASOFT,83.2,83.2
CIEINDIA,19.53,19.53
MAGNUM,12.42,19.03
MAANALU,28.89,28.89
CERA,31.56,31.56
ADANIPOWER,14.32,14.32
RTNPOWER,.49,41.77
AHLUCONT,13.68,24.68
BEARDSELL,14.93,14.93
NESTLEIND,65.11,68.08
VASCONEQ,8.03,18.05
MANINFRA,20.73,20.73
SJVN,36.44,39.79
KIRLOSIND,12.94,12.28
TI,25.75,24.67
BLISSGVS,21.58,9.25
IITL,21.02,21.81
ADFFOODS,33.93,33.93
ORISSAMINE,722.96,722.96
SASTASUNDR,,8.96
GREENPOWER,61.44,59.88
WABAG,33.27,32.84
JWL,34.33,34.33
PRESTIGE,65.38,65.38
RESPONIND,29.47,29.47
IOLCP,20.59,20.59
PENIND,20.82,20.82
JAMNAAUTO,16.52,16.52
PSB,35.02,35.02
SHEKHAWATI,.58,6.12
HINDMOTORS,16.13,16.13
PFS,13.14,13.14
RELAXO,62.86,62.86
ASHIANA,186.91,141.71
ELGIRUBCO,29.69,
TDPOWERSYS,34.57,34.57
AGRITECH,177.34,177.34
HATSUN,74.39,74.39
SHARDACROP,19.62,19.62
MONTECARLO,17.76,17.76
GULPOLY,44.92,44.92
MOLDTKPAC,27.36,27.36
MENONBE,23.41,23.41
MANAKSTEEL,35.44,30.27
IMAGICAA,53.93,48.37
VIPULLTD,.9,.88
PRIVISCL,39.8,39.8
SKIPPER,37.56,37.56
ADANIENSOL,136.77,36.02
SATIN,5.62,5.62
GUJGASLTD,22.03,22.83
BALAXI,11.43,11.88
PILANIINVS,27.09,27.09
OCCL,9.23,9.23
VIDHIING,54.72,54.72
GOKULAGRO,17.16,17.16
HECPROJECT,28.56,28.56
INFIBEAM,24.8,24.8
ALBERTDAVD,12.57,12.57
PREMEXPLN,61.97,61.97
DMART,86.05,86.05
ARIHANTSUP,26.95,26.95
EIFFL,163.12,163.12
CREATIVE,17.96,17.96
DEVIT,16.22,16.22
MKPL,23.45,23.45
INFOBEAN,22.67,22.67
STARCEMENT,63.97,63.97
GTPL,23.64,23.64
ACEINTEG,44.92,44.92
STEELXIND,25.05,25.05
MAGADSUGAR,8.86,8.86
WEWIN,36.04,36.04
COCHINSHIP,43.59,43.59
SERVOTECH,100.3,100.3
BRNL,2.91,2.91
CHOLAHLDNG,6.28,6.28
WORTH,12.86,12.86
DPWIRES,14.21,14.21
AIROLAM,89.52,89.52
JASH,36.7,36.68
GODREJAGRO,40.1,40.1
IEX,38.01,38.01
GICRE,9,9
SECURCRED,2,2
5PAISA,18.02,18.02
VERTOZ,33.33,33.33
ICEMAKE,41.79,41.79
SHRADHA,13.86,13.86
TOUCHWOOD,20.56,20.56
BCONCEPTS,64.63,64.63
NEWGEN,44.27,44.27
GALAXYSURF,26.32,26.32
SOUTHWEST,38.18,40.21
ASTERDM,68.03,64.48
HGINFRA,13.22,13.22
IRISDOREME,32.74,32.74
UNIPARTS,16.29,16.29
RPSGVENT,48.06,8.97
CHALET,155.19,155.19
OSIAHYPER,15.15,15.15
PAR,9.91,9.91
POLYCAB,47.11,47.11
SWSOLAR,203.59,203.59
EMAMIPAP,11.35,11.35
CONFIPET,26.88,27.17
INDIAMART,23.38,23.38
DCMNVL,57.8,169.12
CHEMCON,32.18,32.18
WESTLIFE,1041.76,1041.76
UJJIVANSFB,6.44,6.44
SAFARI,71.75,71.75
360ONE,37.86,35.64
SAMHI,66.29,71.29
GREENPANEL,51.44,51.44
APOLLOPIPE,46.23,46.23
ROUTE,17.76,18.08
HOMEFIRST,23.24,23.24
EQUITASBNK,21.76,21.76
LIKHITHA,15.28,15.28
ARTEMISMED,50.28,50.28
LGHL,86.9,86.97
MAHEPC,140.42,136.52
SUVENPHAR,111.74,111.74
BHARTIHEXA,52.81,62.73
RAJRATAN,31.52,31.52
GLAND,35.71,35.71
NDRAUTO,40.48,40.48
AAATECH,40.59,40.59
UNIDT,35.15,35.15
ADL,202.35,202.35
ROML,48.21,48.21
RAILTEL,37.15,35.12
HERANBA,23.4,23.4
FAIRCHEMOR,37.8,37.8
ISGEC,28.34,28.34
PAKKA,22.12,22.12
PARTYCRUS,16.46,16.46
SIDDHIKA,14.23,14.23
MAKS,101.64,43.15
BMETRICS,15.5,15.5
DUGLOBAL,71.35,71.35
KOTYARK,21.48,21.48
NIDAN,,10.21
SHIGAN,22.56,22.56
SPRL,13.47,13.47
KNAGRI,17.61,17.61
KRISHIVAL,41.55,41.55
PROPEQUITY,18.49,18.49
VEEKAYEM,27.49,27.49
RILINFRA,17.6,17.6
ARISTO,15.7,15.7
FIDEL,25.32,25.32
VIVIANA,60.92,60.92
KANDARP,57.47,57.47
ISHAN,34.18,32.11
ANNAPURNA,35.41,35.41
GRCL,126.65,126.65
PHANTOMFX,11.49,11.49
IPSL,36.35,36.35
FROG,33.97,33.97
PRITIKA,79.56,79.56
SRIVASAVI,14.8,14.8
SAHANA,46.72,46.72
SHERA,35.84,35.84
LRRPL,79.57,79.57
MCON,44.65,44.65
QFIL,14.71,14.71
MASTER,32.4,32.4
SYSTANGO,18.1,18.1
SPECTSTM,27,27
SHRITECH,10.53,10.53
INFINIUM,37.9,37.9
SEL,53.63,53.63
GREENCHEF,28.81,28.81
MONOPHARMA,14.51,14.51
CLSL,28.44,28.44
SAHAJ,16.11,16.11
SERVICE,37.41,37.41
PRAMARA,30.75,30.75
ZEAL,11.28,11.28
SAROJA,26.74,26.74
ORIANA,30.26,30.26
BAWEJA,16.99,16.99
PLADAINFO,8.16,8.16
KODYTECH,98.28,98.28
SCML,14.09,14.09
MAL,12.25,12.25
BASILIC,30.02,30.02
NEWJAISA,35.77,35.77
EMKAYTOOLS,4.43,4.43
VSCL,73.74,73.74
GOLDSTAR,82.14,82.14
AISL,17.76,17.76
FELIX,44.71,44.71
AMJUMBO,445.22,445.22
MDL,40.95,39.82
MAHICKRA,45.37,45.37
PARIN,222.66,222.66
SURANI,70.79,70.79
SECL,156.62,156.62
PENINLAND,48.73,47.81
WHEELS,14.18,14.18
PREMIERPOL,23.06,23.06
SESHAPAPER,14.57,14.57
FACT,,546.89
EXIDEIND,38.9,38.9
ELECON,29.3,29.3
CRISIL,49.71,49.71
PEL,43.48,
MASTEK,19.37,19.92
MAHSCOOTER,67.31,70.14
TRENT,99.4,139.56
CUMMINSIND,45.02,45.02
JAYBARMARU,33.04,33.04
JBCHEPHARM,39.07,39.07
INDIAGLYCO,21.14,21.14
IGPL,13.84,13.84
HIMATSEIDE,18.26,18.26
BPCL,8.41,8.23
BASF,31.08,31.6
ATUL,39.04,39.04
ACC,13.63,15
SCI,8.07,8.07
MRPL,25.28,25.06
HINDPETRO,10.82,10.82
RELINFRA,39.5,
BAJAJHLDNG,89.75,89.75
VOLTAS,49.89,49.89
TITAN,87.23,87.23
TATASTEEL,73.94,61.28
SPIC,19.4,13.09
SBIN,7.97,7.97
NOCIL,26.06,26.06
DRREDDY,17.7,17.7
CHAMBLFERT,14.65,14.65
CARBORUNIV,46.91,55.47
DICIND,30.19,31.11
RAMCOCEM,53.95,111.43
ADORWELD,27.5,24.89
TORNTPHARM,55.24,55.24
FEDERALBNK,10.87,10.87
VLSFINANCE,4.92,4.92
SRF,71.82,71.82
WEIZMANIND,22.14,22.14
UNICHEMLAB,,49.84
PRECOT,13.34,16.58
APOLLOHOSP,68.93,68.93
BALKRISIND,29.53,29.53
GINNIFILA,,145.46
PRAJIND,36.88,40.16
HIL,,61.42
PGHH,62.2,62.2
VESUVIUS,29.7,29.7
BOMDYEING,5.36,39.87
NAVNETEDUL,3.75,14.03
GLAXO,49.46,49.76
FMGOETZE,12.31,12.31
KOTAKBANK,17.43,20
JAYSREETEA,9.49,44.59
KANSAINER,17.42,31.76
3MINDIA,53.33,53.33
SCHAEFFLER,54.87,54.66
AMJLAND,13.64,13.64
KSB,51.41,51.41
GODFRYPHLP,37.03,35.28
VARDMNPOLY,34.04,34.04
TIMKEN,48.1,48.1
SHREECEM,83.7,83.7
INGERRAND,41.46,41.46
HINDALCO,10.57,10.11
GSFC,13.9,14.06
FINPIPE,15.02,26.21
FINCABLES,20.79,28.76
DCM,19.21,19.21
BHEL,149.85,149.85
BEL,37.81,37.81
PVP,849.62,895.29
TNPL,64.25,64.25
REMSONSIND,28.58,28.86
NATCOPHARM,7.67,7.67
GARFIBRES,33.08,33.08
TTKPRESTIG,45.3,45.3
SKFINDIA,35.09,35.09
MARICO,49.56,49.56
BIOFILCHEM,135.09,135.09
AARTIDRUGS,23.21,23.21
DENORA,101.16,101.16
DYNAMATECH,52.18,102.95
MMFL,13.45,13.5
JAGSNPHARM,27.86,39.9
SKIL,9,9
RAMCOIND,23.79,23.79
LAOPALA,25.49,25.49
AMDIND,91.19,91.19
NAHARPOLY,24.92,24.92
BALAMINES,23.97,23.97
BANSWRAS,20.05,20.05
FORTIS,57.49,55.75
SRHHYPOLTD,11.01,10.53
HILTON,92.15,92.15
NAVINFLUOR,75.75,75.75
NAGREEKEXP,16.27,16.27
V2RETAIL,79.26,79.26
DLF,69.24,94.77
KPRMILL,33.63,33.63
INDOWIND,34.88,34.88
KSCL,16.55,16.55
BAJAJELEC,74.54,74.54
RELIGARE,40.96,282.55
EDELWEISS,16.09,16.09
KOLTEPATIL,130.52,130.52
COLPAL,45.75,45.75
JYOTHYLAB,33.88,33.88
KALYANIFRG,31.51,31.51
ECLERX,28.66,28.66
BRIGADE,38.3,38.3
MANAKSIA,7.56,5.82
AMBIKCO,11.94,11.94
BIRLAMONEY,11.64,11.64
RPOWER,6.29,
CORDSCABLE,17.3,17.3
HERCULES,24.16,24.16
IRB,4.26,30.02
NMDC,9.2,9.17
GSS,22.25,22.25
RECLTD,6.79,6.79
NESCO,16.41,16.41
BAJAJFINSV,17.78,17.78
GOKUL,46.71,46.71
ALMONDZ,51.02,51.02
RBL,12.62,12.34
INDRAMEDCO,24.05,24.05
MADRASFERT,6.29,6.48
INDNIPPON,18.3,18.3
BANKINDIA,5.64,5.64
ICICIBANK,16.72,16.72
HUDCO,14.16,14.16
SAREGAMA,48.63,48.63
ENGINERSIN,29.82,29.82
JAICORPLTD,28.32,28.32
GMDCLTD,12.76,12.76
INDUSINDBK,11.21,11.21
ASAHIINDIA,46.96,50.33
J&KBANK,5.2,5.2
CUB,10.26,10.26
SOUTHBANK,5.04,5.04
ASTRAZEN,177.12,78.35
AXISBANK,11.06,11.06
SONATSOFTW,27.01,27.01
KOKUYOCMLN,87.69,87.69
DHANBANK,23.17,23.17
SANGHVIMOV,14.42,14.42
NATIONALUM,8.66,9.36
JINDALSTEL,22,22
NIPPOBATRY,2.71,2.71
HCLTECH,27.01,27.01
ACCELYA,20.85,20.9
NRBBEARING,18.77,19.61
BIL,45.76,45.76
KTKBANK,4.96,4.96
AJANTPHARM,36.26,36.26
CALSOFT,29.38,29.38
TVSMOTOR,51.11,51.11
TAJGVK,30.88,30.88
CHENNPETRO,23.68,23.68
GAEL,16.06,16.06
MRO-TEK,43.29,43.29
HIKAL,59.14,59.14
MARKSANS,27.72,27.72
GOLDTECH,28.88,
TCI,24.15,23.99
MPSLTD,35.18,35.18
OLECTRA,75.36,78.18
SURANAT&P,27.8,27.92
TIMESGTY,72.35,72.35
NUCLEUS,15.16,15.16
GODREJIND,25.08,25.08
MARUTI,27.11,27.11
UCOBANK,19.9,19.9
NSIL,36.19,36.19
JAIBALAJI,16.44,16.44
UPL,795.37,30.52
PTC,7.68,7.53
VAIBHAVGBL,28.93,28.33
XPROINDIA,58.43,56.1
CCL,29.26,29.26
LT,27.53,27.65
ULTRACEMCO,51.59,51.37
INDSWFTLTD,1.28,1.28
SUPRAJIT,43.57,43.57
XCHANGING,23.26,23.26
JSWSTEEL,69.04,64.01
JPPOWER,7.65,6.16
GOKEX,45.03,45.03
IIFL,17.91,7.21
WELCORP,24.4,24.15
JKPAPER,8.14,8.14
GRANULES,25.74,25.74
GEOJITFSL,11.78,11.78
MSPL,71.3,71.44
SASKEN,45.8,45.8
IMPAL,15.26,15.26
AURIONPRO,43.12,43.12
TRIVENI,39.09,39.09
NAHARINDUS,21.46,20.04
VIMTALABS,35.56,35.56
KERNEX,298.92,298.92
NITINSPIN,10.79,10.79
ROHLTD,22.34,22.34
GSPL,8.04,8.22
GVKPIL,1.01,12.1
SAKUMA,12.69,12.69
KEC,44.3,44.3
JKCEMENT,48.44,56.6
INDOTECH,31.42,31.42
BLKASHYAP,22.64,24.62
CENTURYPLY,81.1,78.76
SOLARINDS,68.23,68.23
GALLANTT,21.26,21.26
UTTAMSUGAR,12.42,12.42
KKCL,19.68,19.68
SUNTV,13.1,13.1
GPIL,14.4,14.41
LOKESHMACH,65.38,65.38
SWELECTES,26.34,178.18
RATNAMANI,32.98,32.98
PIONEEREMB,27,27
JKLAKSHMI,29.92,29.92
ALLCARGO,117.12,69.7
EMAMILTD,30.37,30.37
TECHM,42.8,42.9
GRINDWELL,45.05,45.05
VOLTAMP,30.62,30.62
ACE,37.28,37.28
BINANIIND,7.18,
GEECEE,13.51,13.51
JMFINANCIL,,11.74
DCBBANK,5.86,5.86
AARVEEDEN,20.33,20.33
RUCHIRA,6.04,6.04
VENUSREM,11.9,14.88
NFL,26.4,26.4
PARACABLES,19.99,19.99
AVTNPL,21.31,21.31
PTL,15.96,15.96
AUTOIND,17,15.3
PGIL,30.73,30.81
FSL,45.22,45.78
TFL,176.1,176.1
SMSPHARMA,28.65,28.65
ONGC,7.47,7.23
TAINWALCHM,58.04,58.04
JINDALPOLY,11.95,20.24
IGARASHI,72.74,72.74
NKIND,923.05,923.05
APCOTEXIND,32.12,32.12
SOTL,24.4,24.4
KARURVYSYA,9.11,9.11
DECCANCE,469.46,82.3
UFLEX,,7.4
THOMASCOOK,25.17,24.84
SPMLINFRA,39.41,41.44
BHARATRAS,27.94,27.94
VSTIND,14.54,19.46
UNIVCABLES,41.3,41.3
SOMANYCERA,24.57,25
SANOFI,27.52,25.61
M&M,27.29,27.29
HEIDELBERG,44,44
3PLAND,37.09,37.09
EIHAHOTELS,25.6,24.6
SAIL,27.27,17.58
ABB,59.81,59.81
GRAPHITE,19.28,19.28
BRITANNIA,53.75,53.3
DHAMPURSUG,15.7,15.7
DCMSHRIRAM,29.08,29.08
DABUR,50.97,50.97
HEROMOTOCO,17.29,17.29
HARRMALAYA,2637.76,48.91
GMBREW,9.88,9.88
ITC,24.82,24.82
HINDCOMPOS,18.6,18.6
IOC,18.64,23.2
RICOAUTO,31.45,30.91
IFBAGRO,25.58,25.58
BANCOINDIA,15.18,15.18
MANINDS,14.37,14.37
SIYSIL,15.21,15.21
SHANTIGEAR,33.88,33.88
ONWARDTEC,29.66,29.66
NCC,14.13,13.78
ICIL,17.72,17.72
ELGIEQUIP,47.18,47.18
BBTC,6.45,6.29
EIHOTEL,28.17,28.43
LICHSGFIN,5.81,5.81
BEPL,14.49,14.49
BANARBEADS,25.13,25.13
MOREPENLAB,22.43,22.43
21STCENMGM,1.74,1.74
VENKEYS,17.07,17.07
SYMPHONY,43,32.86
MAITHANALL,3.33,3.33
BODALCHEM,122.73,101.72
FILATEX,14.81,14.81
APLLTD,26.21,26.66
VASWANI,13.75,13.75
PANAMAPET,10.41,10.41
PAISALO,19.29,19.32
SHAKTIPUMP,28.32,28.32
INDOTHAI,156.51,156.51
ESSARSHPNG,.93,60.79
POLYMED,72.16,72.16
VIKASECO,29.64,29.64
APLAPOLLO,65.15,65.15
MINDACORP,47.16,47.16
DBSTOCKBRO,20.08,20.08
COMPUSOFT,199.61,199.61
NDL,10.71,10.71
VSSL,16.42,16.42
SPECIALITY,28.1,28.1
KITEX,30.74,30.74
ROSSELLIND,10.49,10.42
ZUARI,4.89,4.89
VETO,11.96,11.96
PCJEWELLER,17.72,17.72
REPCOHOME,4.98,4.98
JUSTDIAL,13.61,13.61
ATULAUTO,75.98,75.98
ORIENTCEM,56.33,56.33
NATHBIOGEN,7.74,7.89
CASTROLIND,22.98,22.98
AGARIND,11.51,11.51
CAPLIPOINT,29.84,29.84
SNOWMAN,213.72,213.72
GOODLUCK,13.83,13.83
FCL,24.97,24.97
APOLSINHOT,48.46,48.46
GRPLTD,60.61,55.75
GENUSPAPER,140.78,140.78
VISHNU,25.22,25.22
JMA,7.52,7.52
MANAKALUCO,26.9,26.9
ZENTEC,44.01,44.38
LFIC,6.86,6.86
AVANTIFEED,19.27,19.27
TPLPLASTEH,29.07,29.07
ARROWGREEN,14.55,14.55
ALANKIT,20.41,20.41
SYNGENE,57.29,60.41
AYMSYNTEX,43.82,70.09
MUTHOOTCAP,8.85,8.85
POWERMECH,20.27,20.24
INDIGO,28.64,28.64
LUXIND,24.2,24.2
SALZERELEC,25,25
KRIDHANINF,1.15,140.07
ALKEM,25.04,24.93
PRECAM,119.93,139.43
QUICKHEAL,86.29,86.29
BHAGERIA,25.42,25.42
SEQUENT,172.44,184.47
SIMBHALS,7.08,7.08
HCG,107.84,112.82
THYROCARE,35.61,35.56
PARAGMILK,18.27,18.27
BLS,32.59,32.59
NAGAFERT,.19,.19
SALONA,19.43,19.43
DAMODARIND,20.48,20.48
MOLDTECH,19.53,19.53
POKARNA,24.72,24.72
GPTINFRA,19.36,19.36
GROBTEA,6.72,6.72
MINDTECK,22.95,21.78
ADVENZYMES,23.65,22.02
SPAL,20.17,20.17
RBLBANK,9.94,9.94
LTTS,41.89,41.89
GNA,13.54,13.54
MARATHON,14.32,14.32
ENDURANCE,32.95,32.95
MAZDA,16.7,16.7
VBL,61.28,61.28
KINGFA,24,24
NBIFIN,78.16,78.16
SFL,56.46,96.22
LAURUSLABS,143.57,143.57
ITDC,62.85,62.79
HISARMETAL,26.16,26.16
CAPTRUST,100.24,100.24
BSE,92.33,92.33
KALYANI,6.19,6.19
JITFINFRA,29.88,53.1
TASTYBITE,104.86,104.86
CLEDUCATE,70.27,64.73
WIPL,84.43,84.43
DOLLAR,23.24,23.39
BHAGYANGR,21.31,21.31
TEJASNET,21.12,21.12
AUBANK,20.28,19.66
DYNPRO,22.64,22.64
AVADHSUGAR,11.87,11.87
GANGESSECU,27.35,27.35
THEINVEST,23.03,23.03
OPTIEMUS,73.6,73.6
SMSLIFE,16.24,16.24
ABCAPITAL,11.91,11.91
DIXON,98.92,125.06
MATRIMONY,23.64,23.64
ICICIGI,69.03,69.03
SBILIFE,62.16,62.16
TCPLPACK,27.19,27.19
TIINDIA,44.61,44.42
NIACL,26.32,26.32
KHADIM,101.88,101.88
DNAMEDIA,.49,
SHALBY,73.08,73.08
SHIVATEX,23.3,23.3
AMBER,80.75,80.75
GMMPFAUDLR,45.64,45.64
BDL,65.43,65.43
BANDHANBNK,9.05,9.05
SANDHAR,17.13,17.99
ISEC,12.7,12.7
MIDHANI,50.64,50.64
CHEMFAB,159.55,159.55
ORIENTELEC,70.66,70.66
ADANIGREEN,87.93,75.54
GAYAHWS,,1.11
FINEORG,27.46,27.43
RITES,25.47,25.53
CREDITACC,15.69,15.69
SIGIND,13.28,13.28
TECHNOE,36.24,36.24
DALBHARAT,56.33,47.95
SUNPHARMA,34.34,33.29
HCC,17.89,
ADANIENT,63.35,60.22
EICHERMOT,35.25,35.25
ZENSARTECH,27.78,27.78
BLUEDART,54.89,54.89
JINDALSAW,8.96,8.96
CANFINHOME,9.58,9.58
ZEEL,18.4,15.4
LYKALABS,112.14,111.27
GILLETTE,56.69,56.69
ESABINDIA,42.18,42.18
AARTIIND,40.76,41.12
KOPRAN,18.79,18.79
TATAINVEST,126.15,126.15
SAKHTISUG,2.68,
HINDUNILVR,48.93,50.78
EIDPARRY,7.86,7.86
CESC,12.42,12.42
ASHAPURMIN,15.17,18.74
AUTOAXLES,16.69,16.69
KHAITANLTD,7.43,7.43
ANDHRSUGAR,33.15,29.96
AUSOMENT,12.45,12.45
CUBEXTUB,26.53,26.53
KEYFINSERV,6.17,6.17
SOMATEX,1.5,
WENDT,52.1,52.1
TVSSRICHAK,62.79,51.35
ELECTHERM,2.83,2.94
ALKYLAMINE,48.57,48.57
PNBGILTS,6.84,6.92
AXISCADES,60.83,59.44
TRIDENT,47.88,47.88
GODREJCP,,55.72
PONNIERODE,9.57,9.57
OFSS,31.79,31.79
OMAXAUTO,5.46,
VARDHACRLC,23.89,23.89
PATELENG,11.09,10.84
EVEREADY,28.57,28.57
SSWL,4.33,13.42
GENUSPOWER,39.85,39.85
HOVS,19.12,19.12
NAUKRI,115.96,118.51
SOBHA,209.25,209.28
PLASTIBLEN,15.32,15.32
GANDHITUBE,12.66,12.66
ORIENTBELL,88.81,88.81
TTL,20.1,38.73
INDIANB,6.75,6.75
ICRA,34.53,34.53
BFUTILITIE,10.54,10.54
TIMETECHNO,24.05,24.05
TARMAT,,93.15
ALPA,9.17,9.17
MOTILALOFS,11.14,11.14
POWERGRID,15.65,15.65
DELTACORP,17.02,22.84
ADANIPORTS,23.13,22.01
OIL,8.74,8.75
ZYDUSWELL,32.53,33.13
REFEX,37.86,37.91
GODREJPROP,39.07,39.07
UNITEDTEA,11.4,11.4
EMMBI,22.29,22.29
LGBBROSLTD,14.46,15.03
A2ZINFRA,27.13,
SUMMITSEC,20.15,18.14
VADILALIND,19.27,19.27
VSTTILLERS,26.19,26.28
RUSHIL,17.8,17.8
ASAHISONG,30.89,30.45
JPOLYINVST,19.98,19.98
SDBL,22.62,22.62
BUTTERFLY,290.73,201.59
GOCLCORP,11.38,10.46
CIGNITITEC,24.13,23.7
LAMBODHARA,15.79,15.79
GANECOS,35.32,35.32
BYKE,60.61,60.61
NILAINFRA,18.01,18.01
ORICONENT,110.28,104.3
PKTEA,28.07,28.07
SHARDAMOTR,14.82,14.82
COFFEEDAY,,11.9
TTKHLTCARE,20.42,24.96
LALPATHLAB,51.43,51.43
TEAMLEASE,33.44,33.44
NECCLTD,20.04,20.04
PDMJEPAPER,9.41,9.41
SAGARDEEP,48.89,48.89
SHRIPISTON,18.37,18.37
ASPINWALL,12.34,12.34
INTENTECH,13.97,13.97
SHANKARA,19.2,19.2
ERIS,49.42,49.42
NILASPACES,39.66,39.66
LOTUSEYE,248.38,260.01
UBL,125.28,121.36
20MICRONS,10.66,10.53
COUNCODOS,86.68,86.68
HINDNATGLS,11.36,1.76
MHRIL,46.56,46.56
EXCEL,44.18,44.18
GLOBUSSPR,144.87,144.87
SUNTECK,29.02,29.02
SHILPAMED,71.84,74.81
SARDAEN,26.03,26
GILLANDERS,7924.63,
JSWENERGY,45.94,45.94
HINDCOPPER,53.44,53.44
MMTC,83.81,79.56
WHIRLPOOL,38.5,36.92
JUBLFOOD,117.18,196.39
THANGAMAYL,44.6,44.6
HATHWAY,33.39,32.92
TEXMOPIPES,32.19,11.68
ISFT,14.57,14.57
MANAPPURAM,8.65,8.65
UMESLTD,121.05,121.05
HMVL,14.83,14.83
BAJAJCON,17.05,17.05
GPPL,19.34,17.75
WELINV,65.28,65.28
KILITCH,29.17,29.17
CAREERP,10.51,10.51
CANTABIL,30.29,30.81
BEDMUTHA,16.19,16.19
OBEROIRLTY,22.38,22.38
COALINDIA,6.71,6.71
JINDWORLD,86.87,86.87
MOIL,18.41,18.41
KIRLOSENG,17.16,18.03
SURANASOL,277.07,277.07
KICL,23.61,31.31
STEL,42.4,42.4
TEXRAIL,27.55,27.55
DHUNINV,10.01,10.04
MUTHOOTFIN,17.45,17.45
